student_id,roll_number,full_name,email,department,semester,created_at
100,23051128,Aarav Verma,23051128@college.edu,EEE,2,2026-04-16 16:13:15
131,23077660,Yash Verma,23077660@college.edu,ECE,2,2026-04-16 16:13:15
142,23078954,Mohit Reddy,23078954@college.edu,ME,7,2026-04-16 16:13:15
155,23074104,Ananya Mehta,23074104@college.edu,IT,7,2026-04-16 16:13:15
158,23069482,Meera Das,23069482@college.edu,CSE,1,2026-04-16 16:13:15
159,23051312,Yash Nair,23051312@college.edu,CSE,3,2026-04-16 16:13:15
165,23076710,Ananya Rao,23076710@college.edu,IT,3,2026-04-16 16:13:15
169,23061562,Siddharth Reddy,23061562@college.edu,IT,1,2026-04-16 16:13:15
172,23078541,Meera Choudhary,23078541@college.edu,CSE,2,2026-04-16 16:13:15
174,23078812,Priya Thakur,23078812@college.edu,IT,4,2026-04-16 16:13:15
187,23069825,Kunal Ghosh,23069825@college.edu,EEE,4,2026-04-16 16:13:15
193,23057299,Rohan Reddy,23057299@college.edu,ECE,4,2026-04-16 16:13:15
209,23061376,Vivaan Sinha,23061376@college.edu,IT,4,2026-04-16 16:13:15
211,23056183,Rohan Agarwal,23056183@college.edu,EEE,3,2026-04-16 16:13:15
226,23073542,Rahul Iyer,23073542@college.edu,ECE,8,2026-04-16 16:13:15
229,23073876,Harsh Nair,23073876@college.edu,CSE,4,2026-04-16 16:13:15
239,23077721,Kavya Agarwal,23077721@college.edu,ECE,3,2026-04-16 16:13:15
247,23075258,Yash Thakur,23075258@college.edu,CSE,4,2026-04-16 16:13:15
252,23079053,Ritika Jain,23079053@college.edu,IT,1,2026-04-16 16:13:15
255,23062034,Kavya Joshi,23062034@college.edu,IT,1,2026-04-16 16:13:15
262,23060296,Diya Sharma,23060296@college.edu,CSE,2,2026-04-16 16:13:15
271,23054422,Yash Choudhary,23054422@college.edu,CSE,5,2026-04-16 16:13:15
281,23070191,Aditi Das,23070191@college.edu,CSE,1,2026-04-16 16:13:15
287,23066457,Neha Verma,23066457@college.edu,CSE,2,2026-04-16 16:13:15
295,23064251,Varun Rao,23064251@college.edu,IT,3,2026-04-16 16:13:15
297,23064515,Priya Choudhary,23064515@college.edu,EEE,4,2026-04-16 16:13:15
298,23071958,Priya Verma,23071958@college.edu,ECE,7,2026-04-16 16:13:15
302,23070451,Ritesh Joshi,23070451@college.edu,IT,4,2026-04-16 16:13:15
311,23051367,Varun Kapoor,23051367@college.edu,EEE,4,2026-04-16 16:13:15
313,23071317,Rohan Reddy,23071317@college.edu,CSE,2,2026-04-16 16:13:15
316,23075107,Siddharth Gupta,23075107@college.edu,IT,5,2026-04-16 16:13:15
319,23069432,Aditya Agarwal,23069432@college.edu,CSE,3,2026-04-16 16:13:15
331,23055686,Ritika Gupta,23055686@college.edu,ME,1,2026-04-16 16:13:15
339,23064329,Rohan Sinha,23064329@college.edu,CSE,6,2026-04-16 16:13:15
341,23050265,Aarav Agarwal,23050265@college.edu,ECE,5,2026-04-16 16:13:15
347,23075422,Kavya Mehta,23075422@college.edu,CSE,3,2026-04-16 16:13:15
348,23079201,Neha Nair,23079201@college.edu,IT,2,2026-04-16 16:13:15
349,23051008,Arjun Das,23051008@college.edu,IT,4,2026-04-16 16:13:15
352,23061106,Aarav Joshi,23061106@college.edu,CSE,1,2026-04-16 16:13:15
361,23069093,Neha Nair,23069093@college.edu,EEE,6,2026-04-16 16:13:15
371,23060178,Om Mehta,23060178@college.edu,CSE,8,2026-04-16 16:13:15
376,23059093,Priya Das,23059093@college.edu,CSE,1,2026-04-16 16:13:15
398,23071436,Aditi Choudhary,23071436@college.edu,EEE,1,2026-04-16 16:13:15
409,23059071,Rahul Bansal,23059071@college.edu,EEE,6,2026-04-16 16:13:15
412,23075406,Dev Thakur,23075406@college.edu,CSE,7,2026-04-16 16:13:15
414,23051361,Tanmay Jain,23051361@college.edu,ME,1,2026-04-16 16:13:15
421,23055734,Harsh Gupta,23055734@college.edu,CSE,7,2026-04-16 16:13:15
426,23059038,Kunal Iyer,23059038@college.edu,CSE,8,2026-04-16 16:13:15
427,23063384,Sai Thakur,23063384@college.edu,IT,2,2026-04-16 16:13:15
431,23076697,Vivaan Sharma,23076697@college.edu,ECE,7,2026-04-16 16:13:15
435,23071887,Harsh Verma,23071887@college.edu,EEE,6,2026-04-16 16:13:15
436,23069478,Ritika Khanna,23069478@college.edu,CSE,6,2026-04-16 16:13:15
442,23060749,Deepak Rao,23060749@college.edu,IT,7,2026-04-16 16:13:15
449,23078244,Om Joshi,23078244@college.edu,ME,7,2026-04-16 16:13:15
450,23071347,Varun Jain,23071347@college.edu,IT,5,2026-04-16 16:13:15
451,23050012,Aman Mehta,23050012@college.edu,EEE,1,2026-04-16 16:13:15
462,23059803,Siddharth Mehta,23059803@college.edu,ECE,5,2026-04-16 16:13:15
465,23070759,Kavya Das,23070759@college.edu,ME,4,2026-04-16 16:13:15
473,23073452,Neha Patel,23073452@college.edu,IT,4,2026-04-16 16:13:15
479,23058349,Ishaan Kapoor,23058349@college.edu,EEE,4,2026-04-16 16:13:15
480,23051470,Ritesh Gupta,23051470@college.edu,ME,6,2026-04-16 16:13:15
483,23050571,Aarav Bansal,23050571@college.edu,CSE,6,2026-04-16 16:13:15
488,23068758,Yash Ghosh,23068758@college.edu,CSE,5,2026-04-16 16:13:15
495,23050853,Deepak Gupta,23050853@college.edu,ECE,5,2026-04-16 16:13:15
516,23060556,Tanmay Agarwal,23060556@college.edu,CSE,2,2026-04-16 16:13:15
528,23078525,Dev Verma,23078525@college.edu,ECE,7,2026-04-16 16:13:15
530,23054426,Ritika Gupta,23054426@college.edu,IT,6,2026-04-16 16:13:15
532,23071758,Arjun Sharma,23071758@college.edu,ECE,1,2026-04-16 16:13:15
538,23072449,Ritesh Dubey,23072449@college.edu,CSE,1,2026-04-16 16:13:15
541,23073807,Varun Nair,23073807@college.edu,ME,6,2026-04-16 16:13:15
555,23079751,Priya Das,23079751@college.edu,CSE,4,2026-04-16 16:13:15
575,23050283,Neha Khanna,23050283@college.edu,IT,1,2026-04-16 16:13:15
576,23073226,Harsh Reddy,23073226@college.edu,CSE,8,2026-04-16 16:13:15
578,23058294,Aarav Thakur,23058294@college.edu,IT,3,2026-04-16 16:13:15
579,23063680,Rohan Pandey,23063680@college.edu,EEE,8,2026-04-16 16:13:15
589,23078676,Yash Jain,23078676@college.edu,EEE,5,2026-04-16 16:13:15
591,23051718,Aditya Dubey,23051718@college.edu,ECE,4,2026-04-16 16:13:15
601,23056592,Mohit Iyer,23056592@college.edu,CSE,5,2026-04-16 16:13:15
610,23055694,Dev Dubey,23055694@college.edu,CSE,3,2026-04-16 16:13:15
612,23072545,Arjun Patel,23072545@college.edu,CSE,5,2026-04-16 16:13:15
622,23075153,Rohan Jain,23075153@college.edu,CSE,7,2026-04-16 16:13:15
629,23077483,Yash Bansal,23077483@college.edu,ME,5,2026-04-16 16:13:15
637,23050154,Harsh Gupta,23050154@college.edu,ECE,6,2026-04-16 16:13:15
641,23053831,Harsh Thakur,23053831@college.edu,ECE,3,2026-04-16 16:13:15
643,23072237,Arjun Jain,23072237@college.edu,ECE,7,2026-04-16 16:13:15
644,23077827,Aditya Khanna,23077827@college.edu,CSE,5,2026-04-16 16:13:15
650,23075028,Aarav Patel,23075028@college.edu,ECE,2,2026-04-16 16:13:15
653,23050828,Om Pandey,23050828@college.edu,CSE,1,2026-04-16 16:13:15
656,23056831,Kavya Dubey,23056831@college.edu,CSE,7,2026-04-16 16:13:15
662,23052362,Dev Patel,23052362@college.edu,EEE,1,2026-04-16 16:13:15
664,23078439,Tanmay Reddy,23078439@college.edu,ME,2,2026-04-16 16:13:15
666,23051886,Yash Pandey,23051886@college.edu,CSE,7,2026-04-16 16:13:15
670,23068787,Ritesh Rao,23068787@college.edu,CSE,6,2026-04-16 16:13:15
671,23051401,Arjun Kapoor,23051401@college.edu,ME,1,2026-04-16 16:13:15
680,23053899,Aman Ghosh,23053899@college.edu,IT,5,2026-04-16 16:13:15
686,23078153,Nikhil Reddy,23078153@college.edu,EEE,2,2026-04-16 16:13:15
688,23055399,Neha Verma,23055399@college.edu,ME,6,2026-04-16 16:13:15
694,23070786,Varun Khanna,23070786@college.edu,ME,1,2026-04-16 16:13:15
699,23066865,Aman Jain,23066865@college.edu,IT,2,2026-04-16 16:13:15
701,23061246,Yash Ghosh,23061246@college.edu,EEE,4,2026-04-16 16:13:15
711,23062206,Rahul Agarwal,23062206@college.edu,ECE,6,2026-04-16 16:13:15
715,23073626,Nikhil Agarwal,23073626@college.edu,IT,7,2026-04-16 16:13:15
726,23052578,Aditya Joshi,23052578@college.edu,CSE,4,2026-04-16 16:13:15
731,23067339,Sai Kapoor,23067339@college.edu,IT,8,2026-04-16 16:13:15
732,23067304,Krishna Bansal,23067304@college.edu,ECE,2,2026-04-16 16:13:15
733,23060028,Sneha Jain,23060028@college.edu,IT,6,2026-04-16 16:13:15
735,23052585,Deepak Dubey,23052585@college.edu,IT,2,2026-04-16 16:13:15
738,23068952,Krishna Agarwal,23068952@college.edu,ME,7,2026-04-16 16:13:15
746,23079316,Krishna Dubey,23079316@college.edu,ME,1,2026-04-16 16:13:15
747,23068081,Sai Iyer,23068081@college.edu,EEE,3,2026-04-16 16:13:15
754,23072125,Sai Mehta,23072125@college.edu,IT,5,2026-04-16 16:13:15
755,23077047,Om Iyer,23077047@college.edu,ME,4,2026-04-16 16:13:15
757,23053347,Harsh Gupta,23053347@college.edu,ECE,6,2026-04-16 16:13:15
764,23071184,Ritesh Menon,23071184@college.edu,ME,4,2026-04-16 16:13:15
765,23052793,Ishaan Kapoor,23052793@college.edu,EEE,8,2026-04-16 16:13:15
772,23071139,Rahul Ghosh,23071139@college.edu,IT,6,2026-04-16 16:13:15
775,23051333,Rohan Gupta,23051333@college.edu,EEE,3,2026-04-16 16:13:15
777,23076971,Rohan Sinha,23076971@college.edu,EEE,6,2026-04-16 16:13:15
779,23065173,Sneha Agarwal,23065173@college.edu,CSE,5,2026-04-16 16:13:15
785,23078345,Priya Menon,23078345@college.edu,ECE,5,2026-04-16 16:13:15
789,23066266,Aditi Jain,23066266@college.edu,EEE,4,2026-04-16 16:13:15
790,23074798,Ritesh Choudhary,23074798@college.edu,ECE,5,2026-04-16 16:13:15
801,23059359,Kunal Khanna,23059359@college.edu,ECE,4,2026-04-16 16:13:15
807,23074510,Kavya Bansal,23074510@college.edu,CSE,4,2026-04-16 16:13:15
809,23053888,Arjun Patel,23053888@college.edu,ECE,2,2026-04-16 16:13:15
814,23070403,Manav Khanna,23070403@college.edu,CSE,1,2026-04-16 16:13:15
817,23078644,Neha Sharma,23078644@college.edu,ME,5,2026-04-16 16:13:15
819,23075042,Aman Sinha,23075042@college.edu,ECE,4,2026-04-16 16:13:15
827,23054730,Deepak Dubey,23054730@college.edu,ME,4,2026-04-16 16:13:15
844,23064830,Dev Gupta,23064830@college.edu,ECE,8,2026-04-16 16:13:15
849,23068335,Ritesh Ghosh,23068335@college.edu,ME,7,2026-04-16 16:13:15
859,23071721,Siddharth Reddy,23071721@college.edu,CSE,8,2026-04-16 16:13:15
862,23058643,Tanmay Khanna,23058643@college.edu,ME,7,2026-04-16 16:13:15
865,23079758,Diya Sharma,23079758@college.edu,IT,1,2026-04-16 16:13:15
872,23067104,Pooja Reddy,23067104@college.edu,ECE,3,2026-04-16 16:13:15
881,23070999,Siddharth Rao,23070999@college.edu,CSE,6,2026-04-16 16:13:15
883,23062372,Siddharth Thakur,23062372@college.edu,EEE,2,2026-04-16 16:13:15
885,23054088,Krishna Reddy,23054088@college.edu,ME,3,2026-04-16 16:13:15
890,23063255,Varun Dubey,23063255@college.edu,ECE,4,2026-04-16 16:13:15
892,23077282,Ishaan Iyer,23077282@college.edu,CSE,4,2026-04-16 16:13:15
897,23075050,Om Kapoor,23075050@college.edu,EEE,1,2026-04-16 16:13:15
898,23068134,Arjun Sharma,23068134@college.edu,EEE,1,2026-04-16 16:13:15
905,23053325,Ritesh Reddy,23053325@college.edu,EEE,3,2026-04-16 16:13:15
919,23059696,Aditya Choudhary,23059696@college.edu,IT,6,2026-04-16 16:13:15
926,23072548,Aditya Patel,23072548@college.edu,ECE,4,2026-04-16 16:13:15
938,23072330,Rohan Thakur,23072330@college.edu,CSE,4,2026-04-16 16:13:15
939,23065568,Siddharth Patel,23065568@college.edu,ECE,1,2026-04-16 16:13:15
948,23074274,Deepak Mehta,23074274@college.edu,ME,8,2026-04-16 16:13:15
949,23055555,Aarav Menon,23055555@college.edu,EEE,3,2026-04-16 16:13:15
952,23075899,Ritesh Patel,23075899@college.edu,CSE,3,2026-04-16 16:13:15
957,23052147,Deepak Ghosh,23052147@college.edu,EEE,8,2026-04-16 16:13:15
958,23050722,Krishna Nair,23050722@college.edu,CSE,1,2026-04-16 16:13:15
962,23070270,Manav Verma,23070270@college.edu,ECE,5,2026-04-16 16:13:15
966,23074201,Tanmay Choudhary,23074201@college.edu,ECE,5,2026-04-16 16:13:15
968,23068305,Harsh Sharma,23068305@college.edu,EEE,8,2026-04-16 16:13:15
979,23066828,Ritesh Thakur,23066828@college.edu,CSE,2,2026-04-16 16:13:15
982,23051866,Harsh Gupta,23051866@college.edu,ECE,2,2026-04-16 16:13:15
991,23074180,Kavya Mehta,23074180@college.edu,IT,7,2026-04-16 16:13:15
993,23059533,Aman Dubey,23059533@college.edu,ECE,7,2026-04-16 16:13:15
998,23061695,Mohit Bansal,23061695@college.edu,CSE,8,2026-04-16 16:13:15
1000,23051579,Om Kapoor,23051579@college.edu,ECE,2,2026-04-16 16:13:15
1006,23064794,Tanmay Jain,23064794@college.edu,ME,3,2026-04-16 16:13:15
1009,23062366,Krishna Thakur,23062366@college.edu,EEE,6,2026-04-16 16:13:15
1020,23062018,Ananya Sinha,23062018@college.edu,ME,2,2026-04-16 16:13:15
1024,23051686,Aditi Nair,23051686@college.edu,ECE,4,2026-04-16 16:13:15
1026,23060498,Sneha Dubey,23060498@college.edu,IT,6,2026-04-16 16:13:15
1032,23068681,Varun Sharma,23068681@college.edu,ECE,1,2026-04-16 16:13:15
1046,23058297,Vivaan Menon,23058297@college.edu,ME,4,2026-04-16 16:13:15
1056,23077449,Pooja Kapoor,23077449@college.edu,ME,2,2026-04-16 16:13:15
1057,23069874,Rahul Pandey,23069874@college.edu,ME,5,2026-04-16 16:13:15
1068,23071488,Varun Sharma,23071488@college.edu,IT,3,2026-04-16 16:13:15
1073,23073327,Dev Das,23073327@college.edu,IT,4,2026-04-16 16:13:15
1076,23054428,Kunal Gupta,23054428@college.edu,EEE,7,2026-04-16 16:13:15
1078,23072039,Dev Choudhary,23072039@college.edu,CSE,4,2026-04-16 16:13:15
1082,23060936,Rahul Sinha,23060936@college.edu,EEE,1,2026-04-16 16:13:15
1094,23078484,Aarav Choudhary,23078484@college.edu,ME,4,2026-04-16 16:13:15
1095,23068231,Aditya Khanna,23068231@college.edu,ME,6,2026-04-16 16:13:15
1097,23071225,Priya Pandey,23071225@college.edu,ME,3,2026-04-16 16:13:15
1099,23075629,Meera Agarwal,23075629@college.edu,CSE,4,2026-04-16 16:13:15
1104,23074814,Ritika Joshi,23074814@college.edu,ME,1,2026-04-16 16:13:15
1121,23054858,Rahul Gupta,23054858@college.edu,EEE,2,2026-04-16 16:13:15
1124,23069305,Dev Dubey,23069305@college.edu,IT,6,2026-04-16 16:13:15
1128,23068099,Ritesh Sharma,23068099@college.edu,IT,3,2026-04-16 16:13:15
1141,23056316,Meera Verma,23056316@college.edu,CSE,2,2026-04-16 16:13:15
1143,23075541,Sai Khanna,23075541@college.edu,EEE,5,2026-04-16 16:13:15
1145,23071074,Arjun Rao,23071074@college.edu,ME,2,2026-04-16 16:13:15
1148,23053669,Krishna Rao,23053669@college.edu,EEE,5,2026-04-16 16:13:15
1154,23057283,Varun Jain,23057283@college.edu,ECE,2,2026-04-16 16:13:15
1155,23065115,Ritika Verma,23065115@college.edu,IT,6,2026-04-16 16:13:15
1159,23070180,Dev Das,23070180@college.edu,ECE,5,2026-04-16 16:13:15
1162,23064511,Diya Bansal,23064511@college.edu,IT,1,2026-04-16 16:13:15
1163,23053723,Kunal Das,23053723@college.edu,CSE,3,2026-04-16 16:13:15
1169,23061620,Tanmay Bansal,23061620@college.edu,CSE,5,2026-04-16 16:13:15
1170,23060219,Nikhil Jain,23060219@college.edu,CSE,3,2026-04-16 16:13:15
1175,23054072,Dev Sharma,23054072@college.edu,ME,2,2026-04-16 16:13:15
1179,23076553,Ritika Kapoor,23076553@college.edu,CSE,8,2026-04-16 16:13:15
1186,23078767,Vivaan Thakur,23078767@college.edu,ME,7,2026-04-16 16:13:15
1187,23050315,Sneha Nair,23050315@college.edu,CSE,7,2026-04-16 16:13:15
1191,23062088,Neha Jain,23062088@college.edu,EEE,2,2026-04-16 16:13:15
1195,23079736,Tanmay Sharma,23079736@college.edu,EEE,8,2026-04-16 16:13:15
1203,23077800,Manav Nair,23077800@college.edu,CSE,4,2026-04-16 16:13:15
1204,23073894,Neha Khanna,23073894@college.edu,ECE,2,2026-04-16 16:13:15
1205,23053458,Diya Mehta,23053458@college.edu,CSE,5,2026-04-16 16:13:15
1210,23059620,Diya Agarwal,23059620@college.edu,ECE,1,2026-04-16 16:13:15
1212,23060717,Nikhil Iyer,23060717@college.edu,IT,6,2026-04-16 16:13:15
1214,23076308,Diya Iyer,23076308@college.edu,IT,4,2026-04-16 16:13:15
1216,23055523,Deepak Reddy,23055523@college.edu,ECE,7,2026-04-16 16:13:15
1217,23071275,Pooja Joshi,23071275@college.edu,IT,4,2026-04-16 16:13:15
1218,23072032,Diya Nair,23072032@college.edu,ME,5,2026-04-16 16:13:15
1220,23071516,Ishaan Rao,23071516@college.edu,EEE,1,2026-04-16 16:13:15
1223,23064102,Arjun Choudhary,23064102@college.edu,ME,1,2026-04-16 16:13:15
1235,23055351,Ritika Gupta,23055351@college.edu,ME,2,2026-04-16 16:13:15
1240,23075130,Ishaan Joshi,23075130@college.edu,ME,3,2026-04-16 16:13:15
1243,23069533,Diya Sinha,23069533@college.edu,ECE,3,2026-04-16 16:13:15
1248,23076185,Priya Das,23076185@college.edu,ECE,5,2026-04-16 16:13:15
1249,23071451,Meera Kapoor,23071451@college.edu,ECE,8,2026-04-16 16:13:15
1264,23057680,Ananya Thakur,23057680@college.edu,CSE,6,2026-04-16 16:13:15
1271,23056631,Kavya Mehta,23056631@college.edu,ME,6,2026-04-16 16:13:15
1282,23077633,Siddharth Sinha,23077633@college.edu,ECE,1,2026-04-16 16:13:15
1289,23070788,Priya Sinha,23070788@college.edu,ME,8,2026-04-16 16:13:15
1299,23059869,Neha Nair,23059869@college.edu,IT,3,2026-04-16 16:13:15
1300,23052388,Aditya Nair,23052388@college.edu,EEE,6,2026-04-16 16:13:15
1302,23050383,Nikhil Patel,23050383@college.edu,CSE,8,2026-04-16 16:13:15
1309,23072127,Nikhil Dubey,23072127@college.edu,CSE,7,2026-04-16 16:13:15
1314,23073782,Ananya Iyer,23073782@college.edu,ECE,1,2026-04-16 16:13:15
1325,23051957,Neha Rao,23051957@college.edu,ME,7,2026-04-16 16:13:15
1329,23076987,Sneha Reddy,23076987@college.edu,IT,1,2026-04-16 16:13:15
1332,23054301,Aditya Ghosh,23054301@college.edu,IT,4,2026-04-16 16:13:15
1336,23051165,Kavya Choudhary,23051165@college.edu,ME,1,2026-04-16 16:13:15
1340,23052615,Varun Menon,23052615@college.edu,CSE,6,2026-04-16 16:13:15
1342,23064169,Diya Ghosh,23064169@college.edu,CSE,5,2026-04-16 16:13:15
1344,23058907,Neha Mehta,23058907@college.edu,ECE,8,2026-04-16 16:13:15
1349,23050598,Priya Rao,23050598@college.edu,IT,2,2026-04-16 16:13:15
1355,23059480,Ananya Joshi,23059480@college.edu,EEE,3,2026-04-16 16:13:15
1359,23063771,Kunal Rao,23063771@college.edu,CSE,2,2026-04-16 16:13:15
1366,23074337,Yash Thakur,23074337@college.edu,ME,1,2026-04-16 16:13:15
1368,23078684,Meera Joshi,23078684@college.edu,CSE,4,2026-04-16 16:13:15
1390,23052178,Ritesh Sinha,23052178@college.edu,ME,5,2026-04-16 16:13:15
1394,23050848,Aman Rao,23050848@college.edu,CSE,6,2026-04-16 16:13:15
1396,23055302,Aditi Gupta,23055302@college.edu,ECE,5,2026-04-16 16:13:15
1405,23063624,Kunal Das,23063624@college.edu,ME,5,2026-04-16 16:13:15
1408,23065672,Neha Thakur,23065672@college.edu,CSE,4,2026-04-16 16:13:15
1409,23071978,Aman Choudhary,23071978@college.edu,ECE,2,2026-04-16 16:13:15
1425,23064923,Priya Kapoor,23064923@college.edu,EEE,6,2026-04-16 16:13:15
1426,23064459,Aditya Khanna,23064459@college.edu,CSE,5,2026-04-16 16:13:15
1434,23072843,Ritesh Kapoor,23072843@college.edu,EEE,4,2026-04-16 16:13:15
1435,23071381,Nikhil Agarwal,23071381@college.edu,EEE,4,2026-04-16 16:13:15
1438,23053160,Ritesh Bansal,23053160@college.edu,IT,8,2026-04-16 16:13:15
1440,23067860,Sneha Patel,23067860@college.edu,EEE,5,2026-04-16 16:13:15
1442,23058740,Dev Nair,23058740@college.edu,EEE,7,2026-04-16 16:13:15
1445,23075559,Yash Bansal,23075559@college.edu,CSE,1,2026-04-16 16:13:15
1447,23066587,Sai Jain,23066587@college.edu,ECE,5,2026-04-16 16:13:15
1457,23051096,Diya Agarwal,23051096@college.edu,IT,8,2026-04-16 16:13:15
1458,23075389,Tanmay Ghosh,23075389@college.edu,ME,7,2026-04-16 16:13:15
1469,23050654,Yash Joshi,23050654@college.edu,CSE,1,2026-04-16 16:13:15
1472,23062093,Krishna Agarwal,23062093@college.edu,ECE,1,2026-04-16 16:13:15
1484,23075771,Sai Pandey,23075771@college.edu,IT,2,2026-04-16 16:13:15
1486,23075521,Sneha Iyer,23075521@college.edu,CSE,6,2026-04-16 16:13:15
1487,23050702,Kunal Choudhary,23050702@college.edu,IT,2,2026-04-16 16:13:15
1490,23057456,Rahul Das,23057456@college.edu,CSE,8,2026-04-16 16:13:15
1495,23061104,Varun Ghosh,23061104@college.edu,IT,5,2026-04-16 16:13:15
1497,23067350,Nikhil Menon,23067350@college.edu,ECE,8,2026-04-16 16:13:15
1502,23050482,Arjun Thakur,23050482@college.edu,EEE,7,2026-04-16 16:13:15
1509,23050863,Harsh Sharma,23050863@college.edu,ECE,4,2026-04-16 16:13:15
1511,23063071,Rohan Agarwal,23063071@college.edu,IT,7,2026-04-16 16:13:15
1515,23051643,Aman Gupta,23051643@college.edu,ECE,7,2026-04-16 16:13:15
1517,23059513,Neha Ghosh,23059513@college.edu,IT,2,2026-04-16 16:13:15
1526,23070378,Aarav Menon,23070378@college.edu,ECE,6,2026-04-16 16:13:15
1527,23078592,Siddharth Gupta,23078592@college.edu,ME,6,2026-04-16 16:13:15
1534,23057524,Nikhil Nair,23057524@college.edu,EEE,1,2026-04-16 16:13:15
1535,23070107,Pooja Choudhary,23070107@college.edu,IT,3,2026-04-16 16:13:15
1536,23052986,Aarav Jain,23052986@college.edu,EEE,3,2026-04-16 16:13:15
1539,23062695,Priya Ghosh,23062695@college.edu,ME,4,2026-04-16 16:13:15
1542,23065859,Aarav Khanna,23065859@college.edu,ECE,1,2026-04-16 16:13:15
1547,23074183,Meera Bansal,23074183@college.edu,CSE,6,2026-04-16 16:13:15
1548,23063415,Vivaan Thakur,23063415@college.edu,IT,2,2026-04-16 16:13:15
1550,23079175,Sai Rao,23079175@college.edu,ME,4,2026-04-16 16:13:15
1556,23071979,Neha Sinha,23071979@college.edu,ME,5,2026-04-16 16:13:15
1557,23064673,Deepak Khanna,23064673@college.edu,ECE,8,2026-04-16 16:13:15
1565,23061101,Harsh Iyer,23061101@college.edu,ME,2,2026-04-16 16:13:15
1582,23052317,Aditya Mehta,23052317@college.edu,ME,1,2026-04-16 16:13:15
1583,23053476,Om Sinha,23053476@college.edu,IT,6,2026-04-16 16:13:15
1601,23060534,Priya Mehta,23060534@college.edu,IT,5,2026-04-16 16:13:15
1608,23051006,Sneha Mehta,23051006@college.edu,CSE,2,2026-04-16 16:13:15
1613,23069751,Rahul Reddy,23069751@college.edu,ME,7,2026-04-16 16:13:15
1619,23055789,Ritesh Pandey,23055789@college.edu,EEE,6,2026-04-16 16:13:15
1624,23069112,Ananya Rao,23069112@college.edu,ME,1,2026-04-16 16:13:15
1632,23050093,Ritesh Sinha,23050093@college.edu,ME,4,2026-04-16 16:13:15
1636,23075342,Meera Thakur,23075342@college.edu,ME,4,2026-04-16 16:13:15
1637,23070480,Meera Ghosh,23070480@college.edu,ME,6,2026-04-16 16:13:15
1639,23067255,Siddharth Mehta,23067255@college.edu,EEE,4,2026-04-16 16:13:15
1644,23062265,Aman Kapoor,23062265@college.edu,ECE,1,2026-04-16 16:13:15
1655,23078728,Ishaan Mehta,23078728@college.edu,IT,6,2026-04-16 16:13:15
1656,23072494,Om Thakur,23072494@college.edu,ME,7,2026-04-16 16:13:15
1663,23073757,Ritika Sharma,23073757@college.edu,CSE,8,2026-04-16 16:13:15
1665,23055388,Om Verma,23055388@college.edu,IT,1,2026-04-16 16:13:15
1673,23068862,Tanmay Khanna,23068862@college.edu,ECE,8,2026-04-16 16:13:15
1677,23073568,Sneha Iyer,23073568@college.edu,ME,2,2026-04-16 16:13:15
1679,23068597,Vivaan Gupta,23068597@college.edu,ME,7,2026-04-16 16:13:15
1683,23071376,Vivaan Dubey,23071376@college.edu,EEE,1,2026-04-16 16:13:15
1685,23052847,Krishna Nair,23052847@college.edu,ECE,5,2026-04-16 16:13:15
1691,23067207,Ritika Mehta,23067207@college.edu,CSE,1,2026-04-16 16:13:15
1692,23051770,Manav Sinha,23051770@college.edu,ECE,4,2026-04-16 16:13:15
1694,23063205,Aditya Kapoor,23063205@college.edu,EEE,7,2026-04-16 16:13:15
1698,23057347,Aman Khanna,23057347@college.edu,EEE,4,2026-04-16 16:13:15
1701,23050250,Aman Jain,23050250@college.edu,EEE,1,2026-04-16 16:13:15
1706,23061877,Yash Dubey,23061877@college.edu,EEE,4,2026-04-16 16:13:15
1707,23076009,Om Choudhary,23076009@college.edu,EEE,2,2026-04-16 16:13:15
1719,23057675,Manav Sharma,23057675@college.edu,CSE,7,2026-04-16 16:13:15
1720,23057768,Aditi Thakur,23057768@college.edu,ME,6,2026-04-16 16:13:15
1728,23050386,Diya Choudhary,23050386@college.edu,EEE,8,2026-04-16 16:13:15
1729,23066034,Meera Reddy,23066034@college.edu,ME,7,2026-04-16 16:13:15
1737,23051600,Diya Das,23051600@college.edu,CSE,5,2026-04-16 16:13:15
1740,23059905,Tanmay Patel,23059905@college.edu,IT,6,2026-04-16 16:13:15
1746,23053296,Rohan Patel,23053296@college.edu,ME,2,2026-04-16 16:13:15
1749,23057255,Diya Joshi,23057255@college.edu,EEE,5,2026-04-16 16:13:15
1751,23068739,Aditya Bansal,23068739@college.edu,CSE,4,2026-04-16 16:13:15
1753,23073745,Dev Bansal,23073745@college.edu,EEE,1,2026-04-16 16:13:15
1754,23050736,Diya Jain,23050736@college.edu,ME,6,2026-04-16 16:13:15
1757,23065817,Aditi Ghosh,23065817@college.edu,ME,4,2026-04-16 16:13:15
1765,23074462,Aditya Khanna,23074462@college.edu,CSE,6,2026-04-16 16:13:15
1778,23066075,Sneha Verma,23066075@college.edu,IT,5,2026-04-16 16:13:15
1779,23065933,Kunal Mehta,23065933@college.edu,EEE,8,2026-04-16 16:13:15
1780,23077720,Tanmay Pandey,23077720@college.edu,IT,1,2026-04-16 16:13:15
1782,23076307,Kavya Thakur,23076307@college.edu,ME,6,2026-04-16 16:13:15
1794,23051109,Deepak Choudhary,23051109@college.edu,CSE,6,2026-04-16 16:13:15
1801,23063200,Aman Bansal,23063200@college.edu,IT,7,2026-04-16 16:13:15
1808,23063017,Meera Patel,23063017@college.edu,ME,2,2026-04-16 16:13:15
1816,23078217,Harsh Nair,23078217@college.edu,ME,2,2026-04-16 16:13:15
1818,23059013,Dev Bansal,23059013@college.edu,IT,2,2026-04-16 16:13:15
1819,23073965,Dev Reddy,23073965@college.edu,EEE,5,2026-04-16 16:13:15
1832,23059344,Ananya Ghosh,23059344@college.edu,IT,2,2026-04-16 16:13:15
1865,23067573,Kavya Verma,23067573@college.edu,CSE,2,2026-04-16 16:13:15
1869,23063814,Siddharth Kapoor,23063814@college.edu,EEE,6,2026-04-16 16:13:15
1870,23063040,Vivaan Menon,23063040@college.edu,ME,7,2026-04-16 16:13:15
1873,23059061,Siddharth Menon,23059061@college.edu,IT,6,2026-04-16 16:13:15
1876,23057133,Kunal Verma,23057133@college.edu,ME,6,2026-04-16 16:13:15
1879,23072831,Kavya Verma,23072831@college.edu,ECE,5,2026-04-16 16:13:15
1884,23052104,Aman Pandey,23052104@college.edu,IT,4,2026-04-16 16:13:15
1886,23069844,Harsh Sharma,23069844@college.edu,ME,8,2026-04-16 16:13:15
1897,23061172,Priya Gupta,23061172@college.edu,CSE,3,2026-04-16 16:13:15
1908,23061858,Aarav Rao,23061858@college.edu,ME,5,2026-04-16 16:13:15
1912,23057730,Arjun Dubey,23057730@college.edu,EEE,2,2026-04-16 16:13:15
1915,23065248,Harsh Khanna,23065248@college.edu,CSE,2,2026-04-16 16:13:15
1922,23074240,Kunal Pandey,23074240@college.edu,ECE,4,2026-04-16 16:13:15
1926,23072484,Meera Agarwal,23072484@college.edu,EEE,7,2026-04-16 16:13:15
1931,23052921,Diya Choudhary,23052921@college.edu,ME,2,2026-04-16 16:13:15
1933,23057023,Varun Bansal,23057023@college.edu,CSE,6,2026-04-16 16:13:15
1935,23063873,Arjun Thakur,23063873@college.edu,ME,2,2026-04-16 16:13:15
1947,23073267,Pooja Pandey,23073267@college.edu,EEE,7,2026-04-16 16:13:15
1955,23059693,Aditi Mehta,23059693@college.edu,ME,6,2026-04-16 16:13:15
1958,23072422,Aditya Kapoor,23072422@college.edu,ECE,4,2026-04-16 16:13:15
1959,23074992,Om Reddy,23074992@college.edu,EEE,1,2026-04-16 16:13:15
1965,23055993,Sai Rao,23055993@college.edu,ME,8,2026-04-16 16:13:15
1966,23072197,Deepak Das,23072197@college.edu,CSE,2,2026-04-16 16:13:15
1969,23078028,Pooja Das,23078028@college.edu,ECE,3,2026-04-16 16:13:15
1973,23070014,Meera Das,23070014@college.edu,IT,3,2026-04-16 16:13:15
1978,23057444,Ishaan Khanna,23057444@college.edu,ME,7,2026-04-16 16:13:15
1996,23052286,Vivaan Pandey,23052286@college.edu,ME,5,2026-04-16 16:13:15
1998,23067503,Tanmay Gupta,23067503@college.edu,EEE,3,2026-04-16 16:13:15
2000,23053203,Rahul Mehta,23053203@college.edu,CSE,5,2026-04-16 16:13:15
2005,23056533,Ananya Reddy,23056533@college.edu,IT,5,2026-04-16 16:13:15
2008,23066659,Varun Mehta,23066659@college.edu,EEE,8,2026-04-16 16:13:15
2013,23069239,Sneha Rao,23069239@college.edu,CSE,5,2026-04-16 16:13:15
2017,23079405,Priya Iyer,23079405@college.edu,EEE,1,2026-04-16 16:13:15
2019,23077889,Nikhil Sharma,23077889@college.edu,CSE,5,2026-04-16 16:13:15
2023,23055895,Varun Verma,23055895@college.edu,ME,4,2026-04-16 16:13:15
2030,23056948,Kavya Reddy,23056948@college.edu,ME,6,2026-04-16 16:13:15
2032,23069218,Aditi Gupta,23069218@college.edu,EEE,1,2026-04-16 16:13:15
2050,23075911,Nikhil Thakur,23075911@college.edu,ECE,7,2026-04-16 16:13:15
2060,23051119,Kunal Patel,23051119@college.edu,IT,1,2026-04-16 16:13:15
2062,23071907,Arjun Pandey,23071907@college.edu,ME,5,2026-04-16 16:13:15
2063,23060871,Kavya Das,23060871@college.edu,CSE,8,2026-04-16 16:13:15
2071,23064800,Ishaan Mehta,23064800@college.edu,EEE,4,2026-04-16 16:13:15
2075,23067412,Ananya Thakur,23067412@college.edu,ME,7,2026-04-16 16:13:15
2078,23074402,Aman Thakur,23074402@college.edu,IT,8,2026-04-16 16:13:15
2081,23078485,Rahul Gupta,23078485@college.edu,ECE,6,2026-04-16 16:13:15
2085,23078998,Pooja Khanna,23078998@college.edu,IT,6,2026-04-16 16:13:15
2094,23064631,Yash Verma,23064631@college.edu,ECE,5,2026-04-16 16:13:15
2095,23059962,Ritesh Menon,23059962@college.edu,ECE,3,2026-04-16 16:13:15
2096,23052968,Tanmay Ghosh,23052968@college.edu,CSE,3,2026-04-16 16:13:15
2098,23076497,Rohan Agarwal,23076497@college.edu,EEE,7,2026-04-16 16:13:15
2105,23051896,Rohan Patel,23051896@college.edu,IT,2,2026-04-16 16:13:15
2107,23053274,Aarav Sharma,23053274@college.edu,CSE,1,2026-04-16 16:13:15
2110,23065236,Diya Thakur,23065236@college.edu,EEE,6,2026-04-16 16:13:15
2112,23055573,Nikhil Menon,23055573@college.edu,ECE,4,2026-04-16 16:13:15
2116,23061264,Yash Menon,23061264@college.edu,ME,5,2026-04-16 16:13:15
2117,23062927,Aditya Verma,23062927@college.edu,CSE,8,2026-04-16 16:13:15
2120,23077264,Vivaan Choudhary,23077264@college.edu,EEE,4,2026-04-16 16:13:15
2124,23072966,Siddharth Dubey,23072966@college.edu,EEE,4,2026-04-16 16:13:15
2126,23058192,Arjun Agarwal,23058192@college.edu,ME,7,2026-04-16 16:13:15
2139,23068539,Kunal Mehta,23068539@college.edu,EEE,7,2026-04-16 16:13:15
2142,23056179,Aman Khanna,23056179@college.edu,IT,8,2026-04-16 16:13:15
2143,23067093,Harsh Verma,23067093@college.edu,ECE,4,2026-04-16 16:13:15
2145,23059631,Rahul Mehta,23059631@college.edu,IT,7,2026-04-16 16:13:15
2149,23056137,Dev Choudhary,23056137@college.edu,EEE,1,2026-04-16 16:13:15
2150,23076096,Aman Iyer,23076096@college.edu,ECE,4,2026-04-16 16:13:15
2152,23077628,Aarav Kapoor,23077628@college.edu,ECE,5,2026-04-16 16:13:15
2153,23063565,Rahul Reddy,23063565@college.edu,CSE,1,2026-04-16 16:13:15
2159,23072190,Ananya Reddy,23072190@college.edu,IT,2,2026-04-16 16:13:15
2164,23060307,Ananya Agarwal,23060307@college.edu,ECE,2,2026-04-16 16:13:15
2167,23060177,Harsh Jain,23060177@college.edu,EEE,4,2026-04-16 16:13:15
2169,23058323,Siddharth Das,23058323@college.edu,EEE,6,2026-04-16 16:13:15
2170,23071425,Mohit Reddy,23071425@college.edu,CSE,4,2026-04-16 16:13:15
2173,23068871,Ritesh Joshi,23068871@college.edu,ME,3,2026-04-16 16:13:15
2174,23053511,Pooja Iyer,23053511@college.edu,IT,1,2026-04-16 16:13:15
2176,23054139,Ritesh Jain,23054139@college.edu,ECE,1,2026-04-16 16:13:15
2178,23068120,Rohan Rao,23068120@college.edu,ME,1,2026-04-16 16:13:15
2189,23066621,Krishna Gupta,23066621@college.edu,ME,1,2026-04-16 16:13:15
2206,23070507,Siddharth Gupta,23070507@college.edu,IT,4,2026-04-16 16:13:15
2208,23056501,Meera Reddy,23056501@college.edu,IT,1,2026-04-16 16:13:15
2210,23052456,Om Ghosh,23052456@college.edu,IT,2,2026-04-16 16:13:15
2217,23055199,Harsh Sharma,23055199@college.edu,EEE,2,2026-04-16 16:13:15
2218,23066224,Nikhil Gupta,23066224@college.edu,ME,4,2026-04-16 16:13:15
2225,23071464,Pooja Rao,23071464@college.edu,IT,6,2026-04-16 16:13:15
2243,23072598,Aman Das,23072598@college.edu,IT,4,2026-04-16 16:13:15
2267,23054929,Aman Kapoor,23054929@college.edu,IT,3,2026-04-16 16:13:15
2272,23051795,Ishaan Patel,23051795@college.edu,ECE,3,2026-04-16 16:13:15
2274,23065351,Om Thakur,23065351@college.edu,IT,3,2026-04-16 16:13:15
2279,23066595,Ritesh Khanna,23066595@college.edu,ECE,3,2026-04-16 16:13:15
2297,23050840,Manav Jain,23050840@college.edu,ME,5,2026-04-16 16:13:15
2302,23052632,Arjun Menon,23052632@college.edu,ME,3,2026-04-16 16:13:15
2304,23077860,Kunal Pandey,23077860@college.edu,EEE,4,2026-04-16 16:13:15
2305,23077608,Rahul Das,23077608@college.edu,IT,4,2026-04-16 16:13:15
2311,23061579,Sai Jain,23061579@college.edu,ME,4,2026-04-16 16:13:15
2320,23062199,Aman Jain,23062199@college.edu,IT,5,2026-04-16 16:13:15
2321,23069414,Om Agarwal,23069414@college.edu,EEE,3,2026-04-16 16:13:15
2322,23077783,Ishaan Khanna,23077783@college.edu,ME,7,2026-04-16 16:13:15
2323,23053068,Aditi Gupta,23053068@college.edu,EEE,6,2026-04-16 16:13:15
2325,23079704,Meera Jain,23079704@college.edu,ME,6,2026-04-16 16:13:15
2335,23058357,Aditi Ghosh,23058357@college.edu,CSE,6,2026-04-16 16:13:15
2337,23070757,Krishna Agarwal,23070757@college.edu,CSE,8,2026-04-16 16:13:15
2341,23072398,Manav Khanna,23072398@college.edu,IT,2,2026-04-16 16:13:15
2346,23051438,Sneha Thakur,23051438@college.edu,ME,5,2026-04-16 16:13:15
2351,23065002,Deepak Iyer,23065002@college.edu,CSE,8,2026-04-16 16:13:15
2352,23051520,Deepak Bansal,23051520@college.edu,ECE,3,2026-04-16 16:13:15
2360,23058389,Manav Khanna,23058389@college.edu,EEE,4,2026-04-16 16:13:15
2363,23069803,Priya Menon,23069803@college.edu,ECE,2,2026-04-16 16:13:15
2366,23063555,Aditya Mehta,23063555@college.edu,ECE,8,2026-04-16 16:13:15
2369,23069318,Krishna Dubey,23069318@college.edu,IT,2,2026-04-16 16:13:15
2370,23050584,Rahul Das,23050584@college.edu,ECE,1,2026-04-16 16:13:15
2371,23066390,Ishaan Nair,23066390@college.edu,ECE,6,2026-04-16 16:13:15
2384,23075938,Vivaan Patel,23075938@college.edu,ECE,8,2026-04-16 16:13:15
2390,23074642,Kunal Agarwal,23074642@college.edu,ME,6,2026-04-16 16:13:15
2392,23063043,Varun Gupta,23063043@college.edu,CSE,8,2026-04-16 16:13:15
2406,23059216,Priya Rao,23059216@college.edu,CSE,5,2026-04-16 16:13:15
2410,23061864,Meera Verma,23061864@college.edu,IT,5,2026-04-16 16:13:15
2411,23058764,Nikhil Kapoor,23058764@college.edu,ME,1,2026-04-16 16:13:15
2412,23066360,Kavya Sinha,23066360@college.edu,ME,5,2026-04-16 16:13:15
2416,23066137,Siddharth Sinha,23066137@college.edu,IT,5,2026-04-16 16:13:15
2421,23065746,Mohit Nair,23065746@college.edu,IT,6,2026-04-16 16:13:15
2424,23070893,Sai Gupta,23070893@college.edu,CSE,4,2026-04-16 16:13:15
2437,23064684,Kavya Thakur,23064684@college.edu,CSE,3,2026-04-16 16:13:15
2438,23060483,Varun Sinha,23060483@college.edu,ECE,8,2026-04-16 16:13:15
2441,23066639,Ishaan Thakur,23066639@college.edu,EEE,4,2026-04-16 16:13:15
2442,23064206,Om Menon,23064206@college.edu,ECE,3,2026-04-16 16:13:15
2444,23055324,Kavya Jain,23055324@college.edu,IT,3,2026-04-16 16:13:15
2457,23060277,Manav Bansal,23060277@college.edu,ME,2,2026-04-16 16:13:15
2458,23060901,Meera Joshi,23060901@college.edu,ME,5,2026-04-16 16:13:15
2465,23056476,Yash Pandey,23056476@college.edu,EEE,3,2026-04-16 16:13:15
2466,23058432,Aditya Reddy,23058432@college.edu,ECE,1,2026-04-16 16:13:15
2478,23059132,Mohit Bansal,23059132@college.edu,ME,2,2026-04-16 16:13:15
2482,23068017,Ritesh Patel,23068017@college.edu,EEE,7,2026-04-16 16:13:15
2495,23060860,Nikhil Thakur,23060860@college.edu,EEE,5,2026-04-16 16:13:15
2497,23061479,Sai Choudhary,23061479@college.edu,ECE,3,2026-04-16 16:13:15
2501,23069430,Kunal Rao,23069430@college.edu,CSE,2,2026-04-16 16:13:15
2512,23057304,Tanmay Gupta,23057304@college.edu,CSE,2,2026-04-16 16:13:15
2520,23056869,Nikhil Ghosh,23056869@college.edu,ECE,5,2026-04-16 16:13:15
2522,23069998,Harsh Joshi,23069998@college.edu,ME,5,2026-04-16 16:13:15
2525,23052876,Om Nair,23052876@college.edu,ME,1,2026-04-16 16:13:15
2526,23071547,Ritesh Iyer,23071547@college.edu,CSE,4,2026-04-16 16:13:15
2530,23069929,Aman Agarwal,23069929@college.edu,EEE,5,2026-04-16 16:13:15
2534,23077725,Rahul Thakur,23077725@college.edu,IT,1,2026-04-16 16:13:15
2535,23070630,Aditya Nair,23070630@college.edu,ME,6,2026-04-16 16:13:15
2539,23074600,Rohan Agarwal,23074600@college.edu,EEE,5,2026-04-16 16:13:15
2540,23060753,Diya Menon,23060753@college.edu,EEE,4,2026-04-16 16:13:15
2541,23056046,Tanmay Iyer,23056046@college.edu,CSE,4,2026-04-16 16:13:15
2546,23069683,Pooja Joshi,23069683@college.edu,ME,5,2026-04-16 16:13:15
2547,23072151,Pooja Patel,23072151@college.edu,CSE,7,2026-04-16 16:13:15
2551,23055703,Ritesh Iyer,23055703@college.edu,ECE,2,2026-04-16 16:13:15
2564,23064937,Aman Mehta,23064937@college.edu,IT,2,2026-04-16 16:13:15
2566,23057040,Arjun Reddy,23057040@college.edu,CSE,4,2026-04-16 16:13:15
2571,23067285,Ritika Jain,23067285@college.edu,IT,3,2026-04-16 16:13:15
2572,23058524,Sneha Verma,23058524@college.edu,CSE,6,2026-04-16 16:13:15
2575,23064580,Krishna Khanna,23064580@college.edu,ME,2,2026-04-16 16:13:15
2580,23056444,Kunal Sharma,23056444@college.edu,EEE,6,2026-04-16 16:13:15
2583,23070440,Ritesh Sinha,23070440@college.edu,EEE,7,2026-04-16 16:13:15
2585,23073241,Tanmay Dubey,23073241@college.edu,IT,5,2026-04-16 16:13:15
2586,23067210,Kunal Bansal,23067210@college.edu,ME,3,2026-04-16 16:13:15
2589,23066205,Ishaan Khanna,23066205@college.edu,ECE,6,2026-04-16 16:13:15
2590,23069986,Yash Reddy,23069986@college.edu,ECE,4,2026-04-16 16:13:15
2603,23056373,Neha Agarwal,23056373@college.edu,CSE,6,2026-04-16 16:13:15
2606,23058087,Ananya Sharma,23058087@college.edu,ME,4,2026-04-16 16:13:15
2612,23063808,Rahul Agarwal,23063808@college.edu,CSE,4,2026-04-16 16:13:15
2618,23053984,Vivaan Choudhary,23053984@college.edu,ME,4,2026-04-16 16:13:15
2628,23073771,Varun Gupta,23073771@college.edu,ECE,1,2026-04-16 16:13:15
2629,23063299,Ritesh Ghosh,23063299@college.edu,EEE,4,2026-04-16 16:13:15
2630,23067786,Arjun Bansal,23067786@college.edu,IT,5,2026-04-16 16:13:15
2637,23057336,Aditi Patel,23057336@college.edu,ECE,2,2026-04-16 16:13:15
2638,23052256,Aditya Kapoor,23052256@college.edu,CSE,6,2026-04-16 16:13:15
2645,23053014,Sai Iyer,23053014@college.edu,IT,4,2026-04-16 16:13:15
2650,23068726,Nikhil Sharma,23068726@college.edu,ECE,4,2026-04-16 16:13:15
2651,23065663,Arjun Thakur,23065663@college.edu,ECE,1,2026-04-16 16:13:15
2657,23079357,Aditya Bansal,23079357@college.edu,EEE,4,2026-04-16 16:13:15
2663,23079127,Dev Mehta,23079127@college.edu,CSE,8,2026-04-16 16:13:15
2670,23059713,Ananya Rao,23059713@college.edu,IT,2,2026-04-16 16:13:15
2685,23068513,Vivaan Iyer,23068513@college.edu,CSE,7,2026-04-16 16:13:15
2686,23067298,Arjun Dubey,23067298@college.edu,ME,7,2026-04-16 16:13:15
2691,23056553,Harsh Mehta,23056553@college.edu,CSE,1,2026-04-16 16:13:15
2692,23061068,Vivaan Das,23061068@college.edu,EEE,8,2026-04-16 16:13:15
2693,23074505,Yash Sharma,23074505@college.edu,IT,2,2026-04-16 16:13:15
2708,23052761,Vivaan Sinha,23052761@college.edu,ECE,5,2026-04-16 16:13:15
2710,23076777,Rahul Reddy,23076777@college.edu,CSE,5,2026-04-16 16:13:15
2713,23065490,Krishna Verma,23065490@college.edu,EEE,1,2026-04-16 16:13:15
2730,23073385,Ritesh Agarwal,23073385@college.edu,ECE,7,2026-04-16 16:13:15
2737,23071409,Rahul Bansal,23071409@college.edu,IT,4,2026-04-16 16:13:15
2741,23066121,Varun Verma,23066121@college.edu,CSE,3,2026-04-16 16:13:15
2744,23055715,Harsh Reddy,23055715@college.edu,EEE,2,2026-04-16 16:13:15
2746,23064529,Sai Joshi,23064529@college.edu,ECE,7,2026-04-16 16:13:15
2753,23069107,Aditi Patel,23069107@college.edu,EEE,5,2026-04-16 16:13:15
2761,23075829,Ritika Das,23075829@college.edu,IT,4,2026-04-16 16:13:15
2762,23051982,Ritesh Nair,23051982@college.edu,CSE,2,2026-04-16 16:13:15
2781,23064622,Siddharth Rao,23064622@college.edu,EEE,6,2026-04-16 16:13:15
2784,23073187,Aarav Patel,23073187@college.edu,EEE,2,2026-04-16 16:13:15
2787,23077137,Neha Verma,23077137@college.edu,ME,5,2026-04-16 16:13:15
2789,23064103,Krishna Iyer,23064103@college.edu,IT,1,2026-04-16 16:13:15
2791,23059055,Nikhil Patel,23059055@college.edu,ECE,8,2026-04-16 16:13:15
2798,23057321,Deepak Das,23057321@college.edu,ME,4,2026-04-16 16:13:15
2812,23073239,Ananya Das,23073239@college.edu,EEE,1,2026-04-16 16:13:15
2814,23057203,Om Bansal,23057203@college.edu,EEE,6,2026-04-16 16:13:15
2815,23070549,Vivaan Das,23070549@college.edu,IT,6,2026-04-16 16:13:15
2821,23069989,Aman Pandey,23069989@college.edu,CSE,8,2026-04-16 16:13:15
2828,23077319,Priya Pandey,23077319@college.edu,IT,1,2026-04-16 16:13:15
2837,23071228,Ritesh Sharma,23071228@college.edu,IT,8,2026-04-16 16:13:15
2838,23077180,Ishaan Menon,23077180@college.edu,ME,5,2026-04-16 16:13:15
2840,23068941,Sneha Choudhary,23068941@college.edu,IT,2,2026-04-16 16:13:15
2847,23059126,Dev Patel,23059126@college.edu,IT,4,2026-04-16 16:13:15
2851,23054599,Meera Ghosh,23054599@college.edu,ECE,2,2026-04-16 16:13:15
2852,23054026,Arjun Das,23054026@college.edu,ECE,4,2026-04-16 16:13:15
2857,23053906,Harsh Reddy,23053906@college.edu,EEE,1,2026-04-16 16:13:15
2863,23067463,Dev Kapoor,23067463@college.edu,ECE,1,2026-04-16 16:13:15
2864,23050844,Meera Sinha,23050844@college.edu,ME,3,2026-04-16 16:13:15
2867,23056750,Arjun Pandey,23056750@college.edu,ECE,4,2026-04-16 16:13:15
2868,23066467,Aarav Gupta,23066467@college.edu,ME,4,2026-04-16 16:13:15
2873,23078340,Nikhil Reddy,23078340@college.edu,IT,3,2026-04-16 16:13:15
2876,23054167,Diya Iyer,23054167@college.edu,ECE,7,2026-04-16 16:13:15
2877,23050503,Siddharth Jain,23050503@college.edu,ME,1,2026-04-16 16:13:15
2880,23063980,Om Mehta,23063980@college.edu,ME,3,2026-04-16 16:13:15
2886,23076443,Ananya Patel,23076443@college.edu,ECE,7,2026-04-16 16:13:15
2887,23061689,Priya Ghosh,23061689@college.edu,ECE,5,2026-04-16 16:13:15
2892,23079046,Ananya Choudhary,23079046@college.edu,ECE,3,2026-04-16 16:13:15
2893,23059220,Nikhil Mehta,23059220@college.edu,ECE,8,2026-04-16 16:13:15
2894,23050435,Sai Nair,23050435@college.edu,EEE,5,2026-04-16 16:13:15
2902,23067027,Manav Sinha,23067027@college.edu,CSE,1,2026-04-16 16:13:15
2917,23056100,Kunal Bansal,23056100@college.edu,ECE,1,2026-04-16 16:13:15
2920,23076260,Mohit Iyer,23076260@college.edu,CSE,5,2026-04-16 16:13:15
2926,23071812,Priya Mehta,23071812@college.edu,ME,1,2026-04-16 16:13:15
2927,23050542,Ritika Dubey,23050542@college.edu,ME,1,2026-04-16 16:13:15
2932,23078792,Harsh Verma,23078792@college.edu,IT,3,2026-04-16 16:13:15
2933,23071671,Manav Patel,23071671@college.edu,CSE,2,2026-04-16 16:13:15
2934,23063827,Aman Thakur,23063827@college.edu,EEE,2,2026-04-16 16:13:15
2935,23065740,Sai Joshi,23065740@college.edu,ME,4,2026-04-16 16:13:15
2938,23052261,Om Verma,23052261@college.edu,EEE,6,2026-04-16 16:13:15
2941,23057897,Manav Pandey,23057897@college.edu,ME,1,2026-04-16 16:13:15
2953,23060945,Aman Verma,23060945@college.edu,EEE,6,2026-04-16 16:13:15
2959,23079501,Sneha Rao,23079501@college.edu,IT,7,2026-04-16 16:13:15
2963,23051891,Arjun Joshi,23051891@college.edu,EEE,2,2026-04-16 16:13:15
2965,23071905,Vivaan Gupta,23071905@college.edu,CSE,5,2026-04-16 16:13:15
2970,23057194,Manav Sharma,23057194@college.edu,CSE,1,2026-04-16 16:13:15
2971,23068294,Pooja Pandey,23068294@college.edu,EEE,3,2026-04-16 16:13:15
2982,23077267,Rohan Jain,23077267@college.edu,ME,7,2026-04-16 16:13:15
2992,23059048,Sneha Nair,23059048@college.edu,CSE,7,2026-04-16 16:13:15
3000,23057777,Varun Verma,23057777@college.edu,CSE,5,2026-04-16 16:13:15
3010,23059190,Sai Mehta,23059190@college.edu,EEE,1,2026-04-16 16:13:15
3012,23064878,Neha Agarwal,23064878@college.edu,EEE,1,2026-04-16 16:13:15
3018,23066727,Ananya Gupta,23066727@college.edu,ME,6,2026-04-16 16:13:15
3019,23062704,Ritesh Patel,23062704@college.edu,ECE,7,2026-04-16 16:13:15
3020,23068039,Ishaan Verma,23068039@college.edu,CSE,6,2026-04-16 16:13:15
3033,23077797,Neha Sinha,23077797@college.edu,IT,1,2026-04-16 16:13:15
3034,23055804,Diya Jain,23055804@college.edu,ME,5,2026-04-16 16:13:15
3037,23069522,Varun Thakur,23069522@college.edu,CSE,4,2026-04-16 16:13:15
3041,23054813,Rahul Ghosh,23054813@college.edu,EEE,3,2026-04-16 16:13:15
3046,23062394,Harsh Sinha,23062394@college.edu,ECE,3,2026-04-16 16:13:15
3047,23065316,Kunal Ghosh,23065316@college.edu,IT,4,2026-04-16 16:13:15
3051,23062737,Harsh Sharma,23062737@college.edu,EEE,2,2026-04-16 16:13:15
3060,23063966,Pooja Pandey,23063966@college.edu,ME,7,2026-04-16 16:13:15
3071,23076841,Pooja Khanna,23076841@college.edu,ECE,8,2026-04-16 16:13:15
3074,23069089,Arjun Mehta,23069089@college.edu,ECE,3,2026-04-16 16:13:15
3082,23065245,Vivaan Mehta,23065245@college.edu,EEE,6,2026-04-16 16:13:15
3085,23052430,Yash Pandey,23052430@college.edu,ECE,2,2026-04-16 16:13:15
3096,23074081,Aditya Thakur,23074081@college.edu,ECE,3,2026-04-16 16:13:15
3109,23058805,Aman Menon,23058805@college.edu,IT,3,2026-04-16 16:13:15
3112,23051271,Arjun Sinha,23051271@college.edu,EEE,2,2026-04-16 16:13:15
3113,23065510,Deepak Khanna,23065510@college.edu,ME,7,2026-04-16 16:13:15
3126,23065286,Dev Nair,23065286@college.edu,IT,2,2026-04-16 16:13:15
3128,23074842,Yash Das,23074842@college.edu,ME,8,2026-04-16 16:13:15
3132,23060671,Kavya Jain,23060671@college.edu,EEE,4,2026-04-16 16:13:15
3135,23055698,Kavya Bansal,23055698@college.edu,CSE,1,2026-04-16 16:13:15
3136,23072617,Aman Verma,23072617@college.edu,IT,1,2026-04-16 16:13:15
3137,23065836,Ritesh Menon,23065836@college.edu,ME,2,2026-04-16 16:13:15
3138,23073314,Varun Thakur,23073314@college.edu,ECE,5,2026-04-16 16:13:15
3140,23077962,Kavya Bansal,23077962@college.edu,ME,2,2026-04-16 16:13:15
3151,23076540,Rohan Iyer,23076540@college.edu,IT,6,2026-04-16 16:13:15
3165,23073619,Aditi Dubey,23073619@college.edu,EEE,6,2026-04-16 16:13:15
3170,23057957,Rohan Reddy,23057957@college.edu,CSE,5,2026-04-16 16:13:15
3184,23077457,Aditi Kapoor,23077457@college.edu,EEE,3,2026-04-16 16:13:15
3185,23073890,Vivaan Sinha,23073890@college.edu,IT,4,2026-04-16 16:13:15
3196,23071807,Ritesh Khanna,23071807@college.edu,IT,1,2026-04-16 16:13:15
3199,23055220,Ananya Thakur,23055220@college.edu,CSE,2,2026-04-16 16:13:15
3200,23074436,Aman Nair,23074436@college.edu,CSE,3,2026-04-16 16:13:15
3203,23077172,Priya Dubey,23077172@college.edu,CSE,5,2026-04-16 16:13:15
3204,23074703,Kavya Mehta,23074703@college.edu,EEE,4,2026-04-16 16:13:15
3206,23074292,Harsh Verma,23074292@college.edu,EEE,3,2026-04-16 16:13:15
3228,23053745,Aarav Gupta,23053745@college.edu,EEE,8,2026-04-16 16:13:15
3229,23066094,Ishaan Verma,23066094@college.edu,CSE,8,2026-04-16 16:13:15
3231,23050196,Kunal Gupta,23050196@college.edu,EEE,1,2026-04-16 16:13:15
3232,23056654,Sneha Choudhary,23056654@college.edu,ME,8,2026-04-16 16:13:15
3233,23073975,Nikhil Sinha,23073975@college.edu,EEE,5,2026-04-16 16:13:15
3234,23073055,Manav Rao,23073055@college.edu,EEE,4,2026-04-16 16:13:15
3239,23069205,Deepak Choudhary,23069205@college.edu,ECE,6,2026-04-16 16:13:15
3242,23056205,Krishna Sharma,23056205@college.edu,IT,5,2026-04-16 16:13:15
3243,23069654,Vivaan Pandey,23069654@college.edu,IT,6,2026-04-16 16:13:15
3251,23072138,Aman Dubey,23072138@college.edu,EEE,6,2026-04-16 16:13:15
3270,23064833,Aditya Rao,23064833@college.edu,EEE,4,2026-04-16 16:13:15
3273,23062070,Priya Jain,23062070@college.edu,ECE,7,2026-04-16 16:13:15
3274,23069560,Tanmay Agarwal,23069560@college.edu,ECE,2,2026-04-16 16:13:15
3288,23053864,Aditya Khanna,23053864@college.edu,CSE,6,2026-04-16 16:13:15
3293,23058124,Sneha Kapoor,23058124@college.edu,EEE,2,2026-04-16 16:13:15
3294,23058444,Harsh Sinha,23058444@college.edu,ME,6,2026-04-16 16:13:15
3300,23070618,Ritika Thakur,23070618@college.edu,ECE,5,2026-04-16 16:13:15
3301,23065010,Deepak Nair,23065010@college.edu,ME,7,2026-04-16 16:13:15
3310,23052416,Ishaan Menon,23052416@college.edu,CSE,3,2026-04-16 16:13:15
3318,23055760,Aarav Agarwal,23055760@college.edu,EEE,6,2026-04-16 16:13:15
3322,23061475,Ananya Jain,23061475@college.edu,CSE,8,2026-04-16 16:13:15
3323,23058588,Rahul Khanna,23058588@college.edu,IT,5,2026-04-16 16:13:15
3326,23073833,Aarav Mehta,23073833@college.edu,IT,3,2026-04-16 16:13:15
3340,23076436,Yash Khanna,23076436@college.edu,IT,4,2026-04-16 16:13:15
3341,23057466,Kavya Thakur,23057466@college.edu,ME,6,2026-04-16 16:13:15
3342,23069619,Manav Rao,23069619@college.edu,ECE,3,2026-04-16 16:13:15
3345,23064404,Tanmay Sinha,23064404@college.edu,ECE,4,2026-04-16 16:13:15
3348,23050917,Diya Agarwal,23050917@college.edu,ECE,8,2026-04-16 16:13:15
3351,23051547,Varun Joshi,23051547@college.edu,EEE,1,2026-04-16 16:13:15
3356,23068461,Harsh Kapoor,23068461@college.edu,CSE,8,2026-04-16 16:13:15
3357,23057406,Manav Menon,23057406@college.edu,EEE,3,2026-04-16 16:13:15
3365,23072904,Dev Nair,23072904@college.edu,ME,1,2026-04-16 16:13:15
3370,23060101,Rohan Ghosh,23060101@college.edu,IT,5,2026-04-16 16:13:15
3371,23060731,Ritika Rao,23060731@college.edu,ECE,1,2026-04-16 16:13:15
3374,23075394,Manav Sharma,23075394@college.edu,CSE,5,2026-04-16 16:13:15
3375,23054798,Harsh Thakur,23054798@college.edu,ME,2,2026-04-16 16:13:15
3379,23063079,Krishna Dubey,23063079@college.edu,ME,6,2026-04-16 16:13:15
3388,23059382,Vivaan Ghosh,23059382@college.edu,CSE,8,2026-04-16 16:13:15
3390,23076570,Krishna Patel,23076570@college.edu,ME,8,2026-04-16 16:13:15
3398,23063637,Priya Jain,23063637@college.edu,IT,2,2026-04-16 16:13:15
3401,23056827,Varun Jain,23056827@college.edu,CSE,5,2026-04-16 16:13:15
3402,23060942,Harsh Khanna,23060942@college.edu,IT,8,2026-04-16 16:13:15
3410,23069099,Arjun Pandey,23069099@college.edu,IT,4,2026-04-16 16:13:15
3411,23074714,Neha Jain,23074714@college.edu,IT,7,2026-04-16 16:13:15
3415,23051578,Meera Menon,23051578@college.edu,CSE,7,2026-04-16 16:13:15
3417,23070469,Aarav Ghosh,23070469@college.edu,ECE,1,2026-04-16 16:13:15
3418,23052340,Manav Sinha,23052340@college.edu,IT,4,2026-04-16 16:13:15
3420,23068567,Sai Das,23068567@college.edu,ME,2,2026-04-16 16:13:15
3423,23067807,Nikhil Jain,23067807@college.edu,ME,6,2026-04-16 16:13:15
3447,23072004,Arjun Jain,23072004@college.edu,ME,1,2026-04-16 16:13:15
3448,23053552,Pooja Verma,23053552@college.edu,EEE,4,2026-04-16 16:13:15
3450,23060965,Yash Rao,23060965@college.edu,ECE,6,2026-04-16 16:13:15
3456,23050710,Kunal Choudhary,23050710@college.edu,EEE,8,2026-04-16 16:13:15
3464,23065782,Sai Thakur,23065782@college.edu,CSE,1,2026-04-16 16:13:15
3469,23060287,Ritika Sharma,23060287@college.edu,EEE,5,2026-04-16 16:13:15
3495,23075463,Kunal Nair,23075463@college.edu,ME,3,2026-04-16 16:13:15
3503,23050563,Pooja Patel,23050563@college.edu,ME,2,2026-04-16 16:13:15
3505,23052196,Kavya Sharma,23052196@college.edu,ME,4,2026-04-16 16:13:15
3506,23069913,Kunal Nair,23069913@college.edu,CSE,4,2026-04-16 16:13:15
3509,23053152,Pooja Gupta,23053152@college.edu,ME,3,2026-04-16 16:13:15
3514,23076489,Aditya Bansal,23076489@college.edu,ME,2,2026-04-16 16:13:15
3517,23074820,Siddharth Nair,23074820@college.edu,CSE,7,2026-04-16 16:13:15
3518,23057239,Kunal Gupta,23057239@college.edu,CSE,2,2026-04-16 16:13:15
3524,23062653,Meera Dubey,23062653@college.edu,CSE,7,2026-04-16 16:13:15
3527,23064177,Pooja Sharma,23064177@college.edu,ME,6,2026-04-16 16:13:15
3530,23074542,Yash Sharma,23074542@college.edu,IT,8,2026-04-16 16:13:15
3533,23061724,Rohan Khanna,23061724@college.edu,EEE,4,2026-04-16 16:13:15
3535,23079393,Meera Kapoor,23079393@college.edu,EEE,3,2026-04-16 16:13:15
3540,23078212,Ritika Verma,23078212@college.edu,IT,6,2026-04-16 16:13:15
3547,23061818,Diya Reddy,23061818@college.edu,IT,8,2026-04-16 16:13:15
3550,23061147,Rohan Patel,23061147@college.edu,EEE,3,2026-04-16 16:13:15
3555,23069895,Meera Nair,23069895@college.edu,EEE,4,2026-04-16 16:13:15
3561,23073558,Siddharth Mehta,23073558@college.edu,CSE,7,2026-04-16 16:13:15
3569,23053037,Aditi Kapoor,23053037@college.edu,ECE,4,2026-04-16 16:13:15
3570,23075035,Aditya Khanna,23075035@college.edu,EEE,8,2026-04-16 16:13:15
3573,23066174,Aman Sharma,23066174@college.edu,CSE,6,2026-04-16 16:13:15
3584,23072318,Aditya Thakur,23072318@college.edu,IT,6,2026-04-16 16:13:15
3585,23076101,Sai Reddy,23076101@college.edu,IT,8,2026-04-16 16:13:15
3587,23057858,Kavya Khanna,23057858@college.edu,IT,4,2026-04-16 16:13:15
3589,23067580,Diya Das,23067580@college.edu,EEE,7,2026-04-16 16:13:15
3594,23069409,Tanmay Nair,23069409@college.edu,CSE,6,2026-04-16 16:13:15
3600,23061176,Krishna Choudhary,23061176@college.edu,ME,1,2026-04-16 16:13:15
3609,23059991,Arjun Sinha,23059991@college.edu,ECE,4,2026-04-16 16:13:15
3610,23065550,Deepak Pandey,23065550@college.edu,CSE,3,2026-04-16 16:13:15
3618,23071640,Aditi Iyer,23071640@college.edu,EEE,1,2026-04-16 16:13:15
3624,23052071,Sneha Reddy,23052071@college.edu,ME,3,2026-04-16 16:13:15
3635,23066776,Ritika Thakur,23066776@college.edu,ECE,2,2026-04-16 16:13:15
3636,23065253,Arjun Jain,23065253@college.edu,EEE,5,2026-04-16 16:13:15
3648,23053356,Sai Patel,23053356@college.edu,IT,8,2026-04-16 16:13:15
3660,23054655,Ishaan Khanna,23054655@college.edu,ME,4,2026-04-16 16:13:15
3663,23073349,Ananya Menon,23073349@college.edu,ECE,2,2026-04-16 16:13:15
3664,23071481,Ishaan Sharma,23071481@college.edu,ECE,1,2026-04-16 16:13:15
3666,23066322,Tanmay Gupta,23066322@college.edu,ME,5,2026-04-16 16:13:15
3670,23068618,Vivaan Kapoor,23068618@college.edu,CSE,5,2026-04-16 16:13:15
3671,23078466,Ritika Gupta,23078466@college.edu,ME,5,2026-04-16 16:13:15
3678,23063868,Kavya Reddy,23063868@college.edu,ECE,5,2026-04-16 16:13:15
3679,23056935,Deepak Nair,23056935@college.edu,IT,4,2026-04-16 16:13:15
3682,23050339,Aditya Iyer,23050339@college.edu,ECE,6,2026-04-16 16:13:15
3684,23069779,Pooja Sharma,23069779@college.edu,EEE,5,2026-04-16 16:13:15
3703,23057066,Om Kapoor,23057066@college.edu,ME,5,2026-04-16 16:13:15
3706,23056113,Mohit Reddy,23056113@college.edu,IT,5,2026-04-16 16:13:15
3711,23063385,Aman Agarwal,23063385@college.edu,ECE,3,2026-04-16 16:13:15
3712,23050539,Yash Mehta,23050539@college.edu,IT,8,2026-04-16 16:13:15
3723,23053255,Aman Mehta,23053255@college.edu,CSE,6,2026-04-16 16:13:15
3724,23059709,Deepak Rao,23059709@college.edu,ECE,7,2026-04-16 16:13:15
3731,23051615,Arjun Reddy,23051615@college.edu,ME,5,2026-04-16 16:13:15
3732,23066921,Arjun Khanna,23066921@college.edu,ECE,2,2026-04-16 16:13:15
3735,23067923,Dev Iyer,23067923@college.edu,IT,4,2026-04-16 16:13:15
3743,23066969,Rahul Verma,23066969@college.edu,IT,4,2026-04-16 16:13:15
3751,23063178,Ritesh Jain,23063178@college.edu,IT,2,2026-04-16 16:13:15
3758,23056066,Sneha Jain,23056066@college.edu,ECE,4,2026-04-16 16:13:15
3762,23050560,Ishaan Menon,23050560@college.edu,ME,6,2026-04-16 16:13:15
3763,23057259,Varun Patel,23057259@college.edu,IT,4,2026-04-16 16:13:15
3777,23057316,Manav Agarwal,23057316@college.edu,EEE,8,2026-04-16 16:13:15
3779,23051326,Rohan Thakur,23051326@college.edu,ME,6,2026-04-16 16:13:15
3783,23070801,Dev Khanna,23070801@college.edu,IT,5,2026-04-16 16:13:15
3785,23067159,Arjun Jain,23067159@college.edu,ME,7,2026-04-16 16:13:15
3786,23066427,Aman Sharma,23066427@college.edu,ME,5,2026-04-16 16:13:15
3790,23063333,Diya Gupta,23063333@college.edu,EEE,7,2026-04-16 16:13:15
3791,23070614,Aditya Agarwal,23070614@college.edu,IT,8,2026-04-16 16:13:15
3792,23076188,Krishna Agarwal,23076188@college.edu,EEE,8,2026-04-16 16:13:15
3806,23073878,Rohan Sinha,23073878@college.edu,ECE,7,2026-04-16 16:13:15
3809,23074994,Deepak Reddy,23074994@college.edu,EEE,3,2026-04-16 16:13:15
3810,23072012,Nikhil Reddy,23072012@college.edu,IT,7,2026-04-16 16:13:15
3821,23069896,Priya Nair,23069896@college.edu,ECE,3,2026-04-16 16:13:15
3830,23056536,Krishna Jain,23056536@college.edu,ME,7,2026-04-16 16:13:15
3831,23076410,Mohit Patel,23076410@college.edu,ECE,1,2026-04-16 16:13:15
3835,23079371,Rohan Thakur,23079371@college.edu,ME,7,2026-04-16 16:13:15
3836,23074980,Krishna Dubey,23074980@college.edu,ME,1,2026-04-16 16:13:15
3843,23056348,Harsh Thakur,23056348@college.edu,CSE,7,2026-04-16 16:13:15
3846,23058085,Deepak Jain,23058085@college.edu,ME,3,2026-04-16 16:13:15
3849,23053459,Nikhil Sinha,23053459@college.edu,ME,2,2026-04-16 16:13:15
3862,23067336,Aditya Ghosh,23067336@college.edu,ME,3,2026-04-16 16:13:15
3869,23069361,Deepak Sharma,23069361@college.edu,IT,3,2026-04-16 16:13:15
3890,23063263,Nikhil Das,23063263@college.edu,EEE,6,2026-04-16 16:13:15
3891,23078667,Meera Bansal,23078667@college.edu,ME,2,2026-04-16 16:13:15
3895,23061351,Nikhil Mehta,23061351@college.edu,EEE,2,2026-04-16 16:13:15
3898,23058549,Meera Ghosh,23058549@college.edu,EEE,4,2026-04-16 16:13:15
3899,23076666,Siddharth Jain,23076666@college.edu,ME,1,2026-04-16 16:13:15
3904,23062602,Ananya Rao,23062602@college.edu,IT,4,2026-04-16 16:13:15
3906,23073326,Tanmay Nair,23073326@college.edu,ME,3,2026-04-16 16:13:15
3908,23060903,Ritesh Thakur,23060903@college.edu,ME,3,2026-04-16 16:13:15
3911,23051375,Ritika Reddy,23051375@college.edu,CSE,7,2026-04-16 16:13:15
3912,23055691,Pooja Jain,23055691@college.edu,ECE,8,2026-04-16 16:13:15
3927,23067428,Varun Jain,23067428@college.edu,ECE,3,2026-04-16 16:13:15
3934,23069589,Mohit Kapoor,23069589@college.edu,ECE,1,2026-04-16 16:13:15
3939,23067032,Kunal Iyer,23067032@college.edu,EEE,6,2026-04-16 16:13:15
3944,23064052,Om Nair,23064052@college.edu,CSE,2,2026-04-16 16:13:15
3948,23056011,Meera Nair,23056011@college.edu,ME,8,2026-04-16 16:13:15
3950,23060741,Deepak Kapoor,23060741@college.edu,IT,7,2026-04-16 16:13:15
3954,23073860,Pooja Iyer,23073860@college.edu,ME,7,2026-04-16 16:13:15
3956,23074464,Pooja Pandey,23074464@college.edu,EEE,8,2026-04-16 16:13:15
3960,23051460,Siddharth Kapoor,23051460@college.edu,ME,7,2026-04-16 16:13:15
3971,23073179,Varun Ghosh,23073179@college.edu,ECE,5,2026-04-16 16:13:15
3972,23073696,Arjun Pandey,23073696@college.edu,IT,5,2026-04-16 16:13:15
3976,23071025,Mohit Thakur,23071025@college.edu,ECE,4,2026-04-16 16:13:15
3984,23078251,Diya Reddy,23078251@college.edu,ME,3,2026-04-16 16:13:15
3992,23062690,Arjun Menon,23062690@college.edu,CSE,5,2026-04-16 16:13:15
3996,23056521,Tanmay Choudhary,23056521@college.edu,ME,7,2026-04-16 16:13:15
4005,23078433,Dev Kapoor,23078433@college.edu,ME,1,2026-04-16 16:13:15
4006,23079264,Aman Agarwal,23079264@college.edu,IT,1,2026-04-16 16:13:15
4010,23068248,Rahul Khanna,23068248@college.edu,IT,2,2026-04-16 16:13:15
4013,23051573,Neha Bansal,23051573@college.edu,IT,1,2026-04-16 16:13:15
4019,23065394,Dev Menon,23065394@college.edu,CSE,3,2026-04-16 16:13:15
4025,23065224,Ishaan Iyer,23065224@college.edu,CSE,5,2026-04-16 16:13:15
4032,23074559,Aditya Joshi,23074559@college.edu,IT,7,2026-04-16 16:13:15
4035,23054218,Meera Mehta,23054218@college.edu,CSE,4,2026-04-16 16:13:15
4036,23055176,Yash Thakur,23055176@college.edu,CSE,7,2026-04-16 16:13:15
4043,23068903,Kunal Dubey,23068903@college.edu,CSE,6,2026-04-16 16:13:15
4051,23064395,Sai Bansal,23064395@college.edu,ME,3,2026-04-16 16:13:15
4060,23057505,Siddharth Patel,23057505@college.edu,ME,2,2026-04-16 16:13:15
4071,23067826,Arjun Verma,23067826@college.edu,IT,5,2026-04-16 16:13:15
4077,23057577,Aarav Dubey,23057577@college.edu,ME,4,2026-04-16 16:13:15
4078,23079431,Dev Khanna,23079431@college.edu,EEE,3,2026-04-16 16:13:15
4080,23073914,Aditi Jain,23073914@college.edu,IT,7,2026-04-16 16:13:15
4084,23079668,Meera Menon,23079668@college.edu,CSE,4,2026-04-16 16:13:15
4094,23054276,Neha Dubey,23054276@college.edu,IT,6,2026-04-16 16:13:15
4102,23071653,Kavya Patel,23071653@college.edu,IT,1,2026-04-16 16:13:15
4104,23050023,Sai Mehta,23050023@college.edu,IT,7,2026-04-16 16:13:15
4106,23056952,Sai Khanna,23056952@college.edu,ME,3,2026-04-16 16:13:15
4112,23076642,Diya Reddy,23076642@college.edu,ECE,6,2026-04-16 16:13:15
4114,23078074,Aditya Reddy,23078074@college.edu,CSE,8,2026-04-16 16:13:15
4120,23062097,Aditya Khanna,23062097@college.edu,ME,6,2026-04-16 16:13:15
4125,23071112,Ritesh Agarwal,23071112@college.edu,ECE,8,2026-04-16 16:13:15
4126,23072779,Manav Bansal,23072779@college.edu,ME,5,2026-04-16 16:13:15
4128,23070941,Meera Iyer,23070941@college.edu,EEE,4,2026-04-16 16:13:15
4133,23050473,Kunal Jain,23050473@college.edu,EEE,4,2026-04-16 16:13:15
4147,23068528,Yash Reddy,23068528@college.edu,IT,1,2026-04-16 16:13:15
4148,23053793,Aditi Sinha,23053793@college.edu,CSE,2,2026-04-16 16:13:15
4149,23070980,Sneha Rao,23070980@college.edu,ECE,2,2026-04-16 16:13:15
4150,23067446,Kunal Pandey,23067446@college.edu,EEE,5,2026-04-16 16:13:15
4152,23074472,Deepak Thakur,23074472@college.edu,EEE,7,2026-04-16 16:13:15
4159,23058862,Sneha Gupta,23058862@college.edu,EEE,4,2026-04-16 16:13:15
4171,23053280,Deepak Menon,23053280@college.edu,ECE,2,2026-04-16 16:13:15
4187,23078379,Ritika Pandey,23078379@college.edu,ECE,6,2026-04-16 16:13:15
4192,23060032,Yash Pandey,23060032@college.edu,ECE,7,2026-04-16 16:13:15
4193,23051486,Harsh Pandey,23051486@college.edu,ECE,1,2026-04-16 16:13:15
4198,23052655,Krishna Das,23052655@college.edu,EEE,1,2026-04-16 16:13:15
4203,23067327,Rohan Agarwal,23067327@college.edu,CSE,8,2026-04-16 16:13:15
4209,23066262,Yash Sharma,23066262@college.edu,IT,2,2026-04-16 16:13:15
4216,23077774,Krishna Kapoor,23077774@college.edu,IT,7,2026-04-16 16:13:15
4217,23070571,Neha Rao,23070571@college.edu,ECE,7,2026-04-16 16:13:15
4224,23068608,Aarav Kapoor,23068608@college.edu,ME,5,2026-04-16 16:13:15
4238,23060754,Siddharth Nair,23060754@college.edu,ME,8,2026-04-16 16:13:15
4243,23077638,Manav Menon,23077638@college.edu,ECE,7,2026-04-16 16:13:15
4251,23052501,Aditya Iyer,23052501@college.edu,ME,6,2026-04-16 16:13:15
4272,23061915,Tanmay Kapoor,23061915@college.edu,IT,5,2026-04-16 16:13:15
4273,23067010,Ishaan Rao,23067010@college.edu,IT,7,2026-04-16 16:13:15
4287,23078103,Harsh Bansal,23078103@college.edu,ME,7,2026-04-16 16:13:15
4291,23062461,Om Menon,23062461@college.edu,IT,2,2026-04-16 16:13:15
4292,23071062,Ishaan Verma,23071062@college.edu,ECE,5,2026-04-16 16:13:15
4308,23079633,Rahul Agarwal,23079633@college.edu,EEE,5,2026-04-16 16:13:15
4312,23057752,Arjun Patel,23057752@college.edu,ECE,5,2026-04-16 16:13:15
4315,23072694,Om Ghosh,23072694@college.edu,EEE,8,2026-04-16 16:13:15
4322,23053748,Nikhil Iyer,23053748@college.edu,ECE,6,2026-04-16 16:13:15
4323,23050705,Siddharth Jain,23050705@college.edu,ME,5,2026-04-16 16:13:15
4327,23051331,Ananya Patel,23051331@college.edu,ECE,4,2026-04-16 16:13:15
4340,23076022,Rohan Patel,23076022@college.edu,CSE,7,2026-04-16 16:13:15
4357,23067518,Priya Mehta,23067518@college.edu,ME,2,2026-04-16 16:13:15
4359,23075900,Rohan Patel,23075900@college.edu,IT,8,2026-04-16 16:13:15
4361,23068697,Manav Gupta,23068697@college.edu,ECE,2,2026-04-16 16:13:15
4371,23057876,Kunal Rao,23057876@college.edu,CSE,8,2026-04-16 16:13:15
4376,23051828,Rahul Gupta,23051828@college.edu,ME,5,2026-04-16 16:13:15
4384,23064658,Sai Agarwal,23064658@college.edu,ME,4,2026-04-16 16:13:15
4385,23074555,Siddharth Menon,23074555@college.edu,IT,5,2026-04-16 16:13:15
4390,23061030,Rahul Kapoor,23061030@college.edu,ME,4,2026-04-16 16:13:15
4403,23052436,Siddharth Thakur,23052436@college.edu,ECE,6,2026-04-16 16:13:15
4414,23057442,Varun Menon,23057442@college.edu,CSE,8,2026-04-16 16:13:15
4415,23058938,Ishaan Jain,23058938@college.edu,ECE,7,2026-04-16 16:13:15
4418,23069700,Pooja Verma,23069700@college.edu,IT,3,2026-04-16 16:13:15
4422,23069873,Aditi Thakur,23069873@college.edu,EEE,2,2026-04-16 16:13:15
4423,23077697,Arjun Thakur,23077697@college.edu,ME,4,2026-04-16 16:13:15
4425,23065222,Kavya Agarwal,23065222@college.edu,ECE,6,2026-04-16 16:13:15
4428,23058496,Sai Bansal,23058496@college.edu,ECE,5,2026-04-16 16:13:15
4429,23062511,Neha Pandey,23062511@college.edu,EEE,8,2026-04-16 16:13:15
4431,23078444,Kunal Bansal,23078444@college.edu,ME,2,2026-04-16 16:13:15
4448,23077479,Mohit Iyer,23077479@college.edu,EEE,5,2026-04-16 16:13:15
4451,23064992,Manav Thakur,23064992@college.edu,ME,1,2026-04-16 16:13:15
4456,23054664,Rahul Nair,23054664@college.edu,IT,8,2026-04-16 16:13:15
4458,23076684,Aditya Patel,23076684@college.edu,ECE,2,2026-04-16 16:13:15
4460,23055126,Sneha Nair,23055126@college.edu,ME,7,2026-04-16 16:13:15
4466,23079259,Pooja Verma,23079259@college.edu,ME,2,2026-04-16 16:13:15
4468,23076618,Neha Gupta,23076618@college.edu,ME,7,2026-04-16 16:13:15
4469,23060743,Aditya Rao,23060743@college.edu,EEE,2,2026-04-16 16:13:15
4476,23053110,Meera Gupta,23053110@college.edu,EEE,7,2026-04-16 16:13:15
4481,23055551,Kavya Reddy,23055551@college.edu,ME,5,2026-04-16 16:13:15
4483,23051788,Varun Agarwal,23051788@college.edu,ME,1,2026-04-16 16:13:15
4488,23057590,Krishna Thakur,23057590@college.edu,IT,1,2026-04-16 16:13:15
4503,23066021,Sneha Ghosh,23066021@college.edu,EEE,5,2026-04-16 16:13:15
4508,23051040,Diya Patel,23051040@college.edu,EEE,5,2026-04-16 16:13:15
4511,23071997,Manav Verma,23071997@college.edu,IT,4,2026-04-16 16:13:15
4517,23055793,Arjun Thakur,23055793@college.edu,ECE,6,2026-04-16 16:13:15
4526,23071687,Manav Bansal,23071687@college.edu,IT,5,2026-04-16 16:13:15
4527,23077869,Ritesh Khanna,23077869@college.edu,CSE,1,2026-04-16 16:13:15
4536,23078549,Rohan Sharma,23078549@college.edu,ECE,5,2026-04-16 16:13:15
4559,23053483,Deepak Reddy,23053483@college.edu,ME,3,2026-04-16 16:13:15
4560,23078017,Tanmay Dubey,23078017@college.edu,ME,6,2026-04-16 16:13:15
4567,23055781,Manav Sinha,23055781@college.edu,ME,7,2026-04-16 16:13:15
4571,23066814,Aman Sharma,23066814@college.edu,ME,4,2026-04-16 16:13:15
4575,23061403,Ritika Menon,23061403@college.edu,ME,1,2026-04-16 16:13:15
4578,23061122,Kavya Joshi,23061122@college.edu,CSE,5,2026-04-16 16:13:15
4586,23079659,Manav Ghosh,23079659@college.edu,CSE,8,2026-04-16 16:13:15
4588,23058810,Aman Menon,23058810@college.edu,ECE,6,2026-04-16 16:13:15
4590,23068820,Rohan Nair,23068820@college.edu,ME,2,2026-04-16 16:13:15
4591,23062079,Sneha Das,23062079@college.edu,EEE,1,2026-04-16 16:13:15
4597,23072501,Tanmay Khanna,23072501@college.edu,CSE,1,2026-04-16 16:13:15
4601,23073133,Sai Khanna,23073133@college.edu,CSE,3,2026-04-16 16:13:15
4615,23059615,Aman Iyer,23059615@college.edu,ME,6,2026-04-16 16:13:15
4619,23066287,Kunal Patel,23066287@college.edu,ECE,4,2026-04-16 16:13:15
4635,23072662,Manav Thakur,23072662@college.edu,ECE,1,2026-04-16 16:13:15
4637,23073202,Neha Mehta,23073202@college.edu,ECE,7,2026-04-16 16:13:15
4643,23077739,Aman Sharma,23077739@college.edu,ECE,5,2026-04-16 16:13:15
4647,23063608,Ishaan Iyer,23063608@college.edu,CSE,2,2026-04-16 16:13:15
4652,23061126,Kunal Choudhary,23061126@college.edu,ME,1,2026-04-16 16:13:15
4658,23079517,Om Sharma,23079517@college.edu,CSE,5,2026-04-16 16:13:15
4676,23057055,Kunal Ghosh,23057055@college.edu,IT,7,2026-04-16 16:13:15
4677,23074717,Mohit Rao,23074717@college.edu,ECE,1,2026-04-16 16:13:15
4683,23079892,Arjun Pandey,23079892@college.edu,CSE,1,2026-04-16 16:13:15
4688,23063524,Rahul Choudhary,23063524@college.edu,ME,5,2026-04-16 16:13:15
4699,23056706,Rahul Bansal,23056706@college.edu,ECE,4,2026-04-16 16:13:15
4700,23052718,Ishaan Joshi,23052718@college.edu,CSE,4,2026-04-16 16:13:15
4701,23054911,Ritika Agarwal,23054911@college.edu,ECE,2,2026-04-16 16:13:15
4702,23056001,Vivaan Choudhary,23056001@college.edu,CSE,6,2026-04-16 16:13:15
4706,23072471,Sai Agarwal,23072471@college.edu,EEE,2,2026-04-16 16:13:15
4708,23079305,Pooja Gupta,23079305@college.edu,ECE,2,2026-04-16 16:13:15
4712,23061059,Ananya Dubey,23061059@college.edu,IT,8,2026-04-16 16:13:15
4720,23069452,Yash Agarwal,23069452@college.edu,CSE,4,2026-04-16 16:13:15
4725,23053058,Deepak Dubey,23053058@college.edu,IT,5,2026-04-16 16:13:15
4733,23051113,Om Thakur,23051113@college.edu,IT,2,2026-04-16 16:13:15
4735,23053133,Dev Agarwal,23053133@college.edu,EEE,4,2026-04-16 16:13:15
4736,23059324,Diya Das,23059324@college.edu,ECE,6,2026-04-16 16:13:15
4741,23079043,Krishna Rao,23079043@college.edu,EEE,7,2026-04-16 16:13:15
4743,23072594,Sai Agarwal,23072594@college.edu,ECE,5,2026-04-16 16:13:15
4756,23050629,Varun Pandey,23050629@college.edu,CSE,4,2026-04-16 16:13:15
4757,23068544,Diya Verma,23068544@college.edu,ME,8,2026-04-16 16:13:15
4761,23067791,Aditi Gupta,23067791@college.edu,EEE,2,2026-04-16 16:13:15
4762,23070580,Aarav Thakur,23070580@college.edu,EEE,5,2026-04-16 16:13:15
4769,23070711,Aditi Patel,23070711@college.edu,ECE,6,2026-04-16 16:13:15
4771,23057690,Arjun Dubey,23057690@college.edu,ECE,3,2026-04-16 16:13:15
4772,23067696,Tanmay Agarwal,23067696@college.edu,IT,1,2026-04-16 16:13:15
4778,23054145,Ritesh Jain,23054145@college.edu,CSE,7,2026-04-16 16:13:15
4781,23078841,Manav Khanna,23078841@college.edu,EEE,5,2026-04-16 16:13:15
4797,23079943,Neha Sinha,23079943@college.edu,ECE,2,2026-04-16 16:13:15
4799,23069094,Nikhil Sharma,23069094@college.edu,IT,4,2026-04-16 16:13:15
4802,23078568,Tanmay Khanna,23078568@college.edu,EEE,5,2026-04-16 16:13:15
4804,23066520,Pooja Sharma,23066520@college.edu,ME,6,2026-04-16 16:13:15
4805,23051809,Ritesh Mehta,23051809@college.edu,ME,3,2026-04-16 16:13:15
4806,23055491,Tanmay Reddy,23055491@college.edu,ME,4,2026-04-16 16:13:15
4813,23050994,Ishaan Menon,23050994@college.edu,EEE,6,2026-04-16 16:13:15
4814,23055544,Dev Mehta,23055544@college.edu,CSE,7,2026-04-16 16:13:15
4817,23072625,Nikhil Pandey,23072625@college.edu,ECE,6,2026-04-16 16:13:15
4819,23078662,Ananya Choudhary,23078662@college.edu,ME,8,2026-04-16 16:13:15
4825,23057124,Nikhil Patel,23057124@college.edu,EEE,7,2026-04-16 16:13:15
4830,23070045,Varun Pandey,23070045@college.edu,ECE,8,2026-04-16 16:13:15
4831,23061253,Harsh Rao,23061253@college.edu,IT,2,2026-04-16 16:13:15
4832,23063370,Varun Jain,23063370@college.edu,ECE,1,2026-04-16 16:13:15
4833,23058152,Ritika Kapoor,23058152@college.edu,ECE,8,2026-04-16 16:13:15
4838,23053258,Aman Sinha,23053258@college.edu,CSE,5,2026-04-16 16:13:15
4842,23052218,Yash Nair,23052218@college.edu,ME,3,2026-04-16 16:13:15
4846,23052704,Kunal Agarwal,23052704@college.edu,CSE,2,2026-04-16 16:13:15
4848,23078129,Krishna Iyer,23078129@college.edu,IT,3,2026-04-16 16:13:15
4849,23054662,Priya Pandey,23054662@college.edu,ECE,8,2026-04-16 16:13:15
4857,23073197,Rahul Gupta,23073197@college.edu,ECE,1,2026-04-16 16:13:15
4864,23054383,Ritesh Sharma,23054383@college.edu,ME,7,2026-04-16 16:13:15
4865,23061420,Arjun Rao,23061420@college.edu,IT,7,2026-04-16 16:13:15
4885,23078545,Rahul Kapoor,23078545@college.edu,EEE,4,2026-04-16 16:13:15
4889,23077532,Dev Iyer,23077532@college.edu,ME,7,2026-04-16 16:13:15
4893,23050799,Aditya Choudhary,23050799@college.edu,EEE,8,2026-04-16 16:13:15
4916,23053940,Arjun Bansal,23053940@college.edu,ME,2,2026-04-16 16:13:15
4933,23079832,Ananya Khanna,23079832@college.edu,ECE,1,2026-04-16 16:13:15
4935,23054750,Siddharth Choudhary,23054750@college.edu,ECE,3,2026-04-16 16:13:15
4939,23078428,Ritika Bansal,23078428@college.edu,CSE,2,2026-04-16 16:13:15
4942,23078865,Harsh Ghosh,23078865@college.edu,ME,7,2026-04-16 16:13:15
4944,23074270,Aarav Sharma,23074270@college.edu,ECE,4,2026-04-16 16:13:15
4947,23060874,Nikhil Iyer,23060874@college.edu,ME,7,2026-04-16 16:13:15
4950,23065956,Varun Dubey,23065956@college.edu,ECE,5,2026-04-16 16:13:15
4951,23073843,Nikhil Das,23073843@college.edu,IT,6,2026-04-16 16:13:15
4953,23061212,Kunal Reddy,23061212@college.edu,ME,2,2026-04-16 16:13:15
4954,23072865,Vivaan Sinha,23072865@college.edu,ECE,6,2026-04-16 16:13:15
4959,23075048,Kunal Ghosh,23075048@college.edu,ECE,6,2026-04-16 16:13:15
4967,23058434,Arjun Gupta,23058434@college.edu,IT,8,2026-04-16 16:13:15
4974,23070304,Diya Menon,23070304@college.edu,ECE,2,2026-04-16 16:13:15
4978,23065633,Aditya Nair,23065633@college.edu,ME,8,2026-04-16 16:13:15
4979,23059564,Aman Nair,23059564@college.edu,CSE,3,2026-04-16 16:13:15
4982,23075666,Manav Ghosh,23075666@college.edu,EEE,6,2026-04-16 16:13:15
4985,23079748,Ritesh Das,23079748@college.edu,CSE,7,2026-04-16 16:13:15
4992,23055306,Siddharth Dubey,23055306@college.edu,CSE,1,2026-04-16 16:13:15
4994,23070285,Neha Sinha,23070285@college.edu,IT,8,2026-04-16 16:13:15
4995,23063671,Ritesh Rao,23063671@college.edu,ECE,3,2026-04-16 16:13:15
5007,23073110,Yash Agarwal,23073110@college.edu,CSE,5,2026-04-16 16:13:15
5014,23059782,Sai Ghosh,23059782@college.edu,EEE,4,2026-04-16 16:13:15
5015,23052985,Aman Sinha,23052985@college.edu,ECE,8,2026-04-16 16:13:15
5017,23063431,Ritesh Kapoor,23063431@college.edu,EEE,3,2026-04-16 16:13:15
5022,23054343,Varun Kapoor,23054343@college.edu,CSE,4,2026-04-16 16:13:15
5029,23068684,Mohit Pandey,23068684@college.edu,EEE,5,2026-04-16 16:13:15
5035,23070866,Aditi Pandey,23070866@college.edu,EEE,4,2026-04-16 16:13:15
5042,23068832,Yash Sinha,23068832@college.edu,ME,3,2026-04-16 16:13:15
5049,23059053,Meera Khanna,23059053@college.edu,ECE,8,2026-04-16 16:13:15
5051,23076444,Ritika Reddy,23076444@college.edu,ME,8,2026-04-16 16:13:15
5062,23069140,Yash Dubey,23069140@college.edu,CSE,4,2026-04-16 16:13:15
5069,23050957,Deepak Mehta,23050957@college.edu,ME,8,2026-04-16 16:13:15
5073,23052463,Aarav Agarwal,23052463@college.edu,ECE,2,2026-04-16 16:13:15
5078,23062155,Yash Reddy,23062155@college.edu,ME,5,2026-04-16 16:13:15
5080,23073121,Kavya Khanna,23073121@college.edu,ECE,4,2026-04-16 16:13:15
5094,23064957,Ishaan Verma,23064957@college.edu,IT,1,2026-04-16 16:13:15
5100,23059177,Harsh Khanna,23059177@college.edu,EEE,8,2026-04-16 16:13:15
5107,23059237,Ritesh Verma,23059237@college.edu,EEE,6,2026-04-16 16:13:15
5108,23064068,Mohit Reddy,23064068@college.edu,IT,1,2026-04-16 16:13:15
5129,23052797,Harsh Agarwal,23052797@college.edu,CSE,7,2026-04-16 16:13:15
5131,23057101,Sai Iyer,23057101@college.edu,ME,1,2026-04-16 16:13:15
5135,23059527,Harsh Thakur,23059527@college.edu,CSE,4,2026-04-16 16:13:15
5143,23075641,Pooja Kapoor,23075641@college.edu,CSE,8,2026-04-16 16:13:15
5152,23074579,Vivaan Pandey,23074579@college.edu,IT,7,2026-04-16 16:13:15
5154,23076969,Priya Das,23076969@college.edu,IT,5,2026-04-16 16:13:15
5155,23067584,Ishaan Agarwal,23067584@college.edu,EEE,2,2026-04-16 16:13:15
5157,23069201,Harsh Patel,23069201@college.edu,ME,4,2026-04-16 16:13:15
5158,23076256,Ritika Khanna,23076256@college.edu,EEE,3,2026-04-16 16:13:15
5178,23066171,Yash Rao,23066171@college.edu,IT,8,2026-04-16 16:13:15
5181,23079013,Rahul Patel,23079013@college.edu,IT,3,2026-04-16 16:13:15
5185,23074071,Om Rao,23074071@college.edu,ME,1,2026-04-16 16:13:15
5187,23052118,Krishna Dubey,23052118@college.edu,ECE,7,2026-04-16 16:13:15
5188,23074520,Aditya Ghosh,23074520@college.edu,ME,3,2026-04-16 16:13:15
5190,23068128,Dev Pandey,23068128@college.edu,ECE,5,2026-04-16 16:13:15
5191,23069282,Neha Patel,23069282@college.edu,EEE,3,2026-04-16 16:13:15
5193,23077299,Siddharth Das,23077299@college.edu,ME,2,2026-04-16 16:13:15
5203,23071617,Ritika Agarwal,23071617@college.edu,EEE,8,2026-04-16 16:13:15
5208,23054648,Aman Mehta,23054648@college.edu,CSE,2,2026-04-16 16:13:15
5216,23072101,Kavya Gupta,23072101@college.edu,CSE,1,2026-04-16 16:13:15
5222,23073595,Yash Menon,23073595@college.edu,IT,3,2026-04-16 16:13:15
5231,23051798,Aman Choudhary,23051798@college.edu,EEE,6,2026-04-16 16:13:15
5234,23066233,Aarav Nair,23066233@college.edu,IT,3,2026-04-16 16:13:15
5239,23061206,Aarav Mehta,23061206@college.edu,IT,5,2026-04-16 16:13:15
5240,23075948,Om Choudhary,23075948@college.edu,CSE,5,2026-04-16 16:13:15
5249,23056683,Tanmay Sinha,23056683@college.edu,IT,6,2026-04-16 16:13:15
5253,23056394,Aditya Rao,23056394@college.edu,EEE,2,2026-04-16 16:13:15
5256,23054334,Krishna Gupta,23054334@college.edu,ECE,3,2026-04-16 16:13:15
5258,23077092,Krishna Verma,23077092@college.edu,ME,8,2026-04-16 16:13:15
5262,23060501,Yash Ghosh,23060501@college.edu,ECE,3,2026-04-16 16:13:15
5263,23065088,Varun Nair,23065088@college.edu,CSE,1,2026-04-16 16:13:15
5264,23072984,Ritesh Gupta,23072984@college.edu,ECE,5,2026-04-16 16:13:15
5268,23073142,Tanmay Sinha,23073142@college.edu,ECE,8,2026-04-16 16:13:15
5270,23071465,Arjun Rao,23071465@college.edu,EEE,1,2026-04-16 16:13:15
5279,23073848,Rahul Choudhary,23073848@college.edu,ECE,5,2026-04-16 16:13:15
5280,23055037,Ritesh Sharma,23055037@college.edu,CSE,1,2026-04-16 16:13:15
5284,23057969,Priya Choudhary,23057969@college.edu,IT,5,2026-04-16 16:13:15
5286,23058345,Pooja Mehta,23058345@college.edu,ME,2,2026-04-16 16:13:15
5287,23070674,Aarav Agarwal,23070674@college.edu,IT,1,2026-04-16 16:13:15
5291,23064674,Yash Khanna,23064674@college.edu,EEE,1,2026-04-16 16:13:15
5292,23059914,Deepak Gupta,23059914@college.edu,ME,7,2026-04-16 16:13:15
5301,23075461,Aditya Choudhary,23075461@college.edu,CSE,5,2026-04-16 16:13:15
5302,23069176,Varun Gupta,23069176@college.edu,EEE,6,2026-04-16 16:13:15
5305,23072892,Sneha Kapoor,23072892@college.edu,IT,3,2026-04-16 16:13:15
5307,23062086,Aman Sinha,23062086@college.edu,ECE,4,2026-04-16 16:13:15
5310,23068852,Pooja Kapoor,23068852@college.edu,ECE,5,2026-04-16 16:13:15
5312,23073015,Tanmay Sinha,23073015@college.edu,ECE,6,2026-04-16 16:13:15
5316,23078053,Dev Reddy,23078053@college.edu,ME,2,2026-04-16 16:13:15
5324,23059534,Priya Menon,23059534@college.edu,EEE,5,2026-04-16 16:13:15
5327,23061020,Varun Das,23061020@college.edu,CSE,2,2026-04-16 16:13:15
5328,23070838,Ritesh Das,23070838@college.edu,CSE,7,2026-04-16 16:13:15
5330,23066118,Yash Nair,23066118@college.edu,IT,4,2026-04-16 16:13:15
5332,23067328,Deepak Thakur,23067328@college.edu,IT,8,2026-04-16 16:13:15
5333,23062652,Kavya Ghosh,23062652@college.edu,ME,7,2026-04-16 16:13:15
5339,23052393,Mohit Iyer,23052393@college.edu,CSE,7,2026-04-16 16:13:15
5347,23057374,Krishna Choudhary,23057374@college.edu,ME,4,2026-04-16 16:13:15
5348,23062921,Sai Kapoor,23062921@college.edu,EEE,5,2026-04-16 16:13:15
5351,23056402,Neha Ghosh,23056402@college.edu,ECE,4,2026-04-16 16:13:15
5353,23060059,Ritesh Reddy,23060059@college.edu,EEE,5,2026-04-16 16:13:15
5359,23079921,Nikhil Nair,23079921@college.edu,IT,3,2026-04-16 16:13:15
5360,23068206,Tanmay Pandey,23068206@college.edu,ME,4,2026-04-16 16:13:15
5368,23064387,Pooja Rao,23064387@college.edu,CSE,7,2026-04-16 16:13:15
5372,23069223,Ananya Bansal,23069223@college.edu,ECE,8,2026-04-16 16:13:15
5379,23064602,Manav Mehta,23064602@college.edu,ME,7,2026-04-16 16:13:15
5387,23054387,Ananya Dubey,23054387@college.edu,IT,1,2026-04-16 16:13:15
5389,23050133,Priya Khanna,23050133@college.edu,CSE,1,2026-04-16 16:13:15
5390,23077431,Kavya Patel,23077431@college.edu,IT,5,2026-04-16 16:13:15
5392,23061574,Arjun Reddy,23061574@college.edu,EEE,4,2026-04-16 16:13:15
5395,23077164,Rohan Reddy,23077164@college.edu,ME,2,2026-04-16 16:13:15
5416,23058332,Aman Menon,23058332@college.edu,ME,3,2026-04-16 16:13:15
5418,23063842,Ritesh Reddy,23063842@college.edu,ECE,7,2026-04-16 16:13:15
5429,23051561,Aman Rao,23051561@college.edu,CSE,5,2026-04-16 16:13:15
5434,23066787,Diya Bansal,23066787@college.edu,CSE,7,2026-04-16 16:13:15
5436,23067989,Priya Thakur,23067989@college.edu,ECE,3,2026-04-16 16:13:15
5438,23065922,Ritesh Verma,23065922@college.edu,ECE,1,2026-04-16 16:13:15
5441,23065456,Yash Verma,23065456@college.edu,ECE,7,2026-04-16 16:13:15
5443,23052607,Harsh Gupta,23052607@college.edu,CSE,3,2026-04-16 16:13:15
5447,23078191,Meera Nair,23078191@college.edu,ECE,8,2026-04-16 16:13:15
5449,23071005,Krishna Verma,23071005@college.edu,IT,6,2026-04-16 16:13:15
5450,23071627,Sneha Ghosh,23071627@college.edu,ME,1,2026-04-16 16:13:15
5458,23054478,Siddharth Sinha,23054478@college.edu,ME,2,2026-04-16 16:13:15
5463,23075443,Aman Patel,23075443@college.edu,CSE,7,2026-04-16 16:13:15
5465,23060570,Kunal Agarwal,23060570@college.edu,ME,5,2026-04-16 16:13:15
5472,23056920,Aarav Iyer,23056920@college.edu,ECE,2,2026-04-16 16:13:15
5475,23062100,Rohan Choudhary,23062100@college.edu,ECE,7,2026-04-16 16:13:15
5476,23065872,Deepak Patel,23065872@college.edu,CSE,8,2026-04-16 16:13:15
5479,23063394,Aditya Verma,23063394@college.edu,CSE,8,2026-04-16 16:13:15
5491,23062874,Nikhil Joshi,23062874@college.edu,IT,3,2026-04-16 16:13:15
5496,23058012,Aman Verma,23058012@college.edu,CSE,1,2026-04-16 16:13:15
5498,23072954,Vivaan Reddy,23072954@college.edu,ECE,5,2026-04-16 16:13:15
5504,23062584,Nikhil Menon,23062584@college.edu,ME,3,2026-04-16 16:13:15
5505,23060585,Ritesh Menon,23060585@college.edu,ME,7,2026-04-16 16:13:15
5507,23076961,Manav Choudhary,23076961@college.edu,IT,3,2026-04-16 16:13:15
5520,23050631,Krishna Das,23050631@college.edu,CSE,8,2026-04-16 16:13:15
5523,23066745,Ishaan Menon,23066745@college.edu,ME,4,2026-04-16 16:13:15
5527,23061153,Diya Agarwal,23061153@college.edu,EEE,6,2026-04-16 16:13:15
5543,23050813,Sneha Patel,23050813@college.edu,ECE,7,2026-04-16 16:13:15
5547,23068389,Ananya Patel,23068389@college.edu,ME,5,2026-04-16 16:13:15
5548,23051173,Ishaan Bansal,23051173@college.edu,ME,4,2026-04-16 16:13:15
5551,23053101,Harsh Sharma,23053101@college.edu,ECE,6,2026-04-16 16:13:15
5568,23069135,Manav Sinha,23069135@college.edu,ME,7,2026-04-16 16:13:15
5574,23061369,Arjun Kapoor,23061369@college.edu,ME,8,2026-04-16 16:13:15
5583,23050543,Om Joshi,23050543@college.edu,ME,2,2026-04-16 16:13:15
5587,23065997,Sneha Joshi,23065997@college.edu,EEE,2,2026-04-16 16:13:15
5604,23056842,Aditi Pandey,23056842@college.edu,EEE,7,2026-04-16 16:13:15
5605,23077175,Dev Verma,23077175@college.edu,CSE,8,2026-04-16 16:13:15
5608,23065371,Pooja Joshi,23065371@college.edu,ME,2,2026-04-16 16:13:15
5609,23077235,Mohit Ghosh,23077235@college.edu,ECE,5,2026-04-16 16:13:15
5611,23061773,Priya Patel,23061773@college.edu,ME,5,2026-04-16 16:13:15
5622,23066228,Vivaan Patel,23066228@college.edu,CSE,2,2026-04-16 16:13:15
5625,23057462,Kunal Sharma,23057462@college.edu,EEE,7,2026-04-16 16:13:15
5626,23056966,Harsh Iyer,23056966@college.edu,EEE,4,2026-04-16 16:13:15
5630,23058092,Ritesh Sharma,23058092@college.edu,EEE,8,2026-04-16 16:13:15
5634,23069606,Mohit Rao,23069606@college.edu,ME,8,2026-04-16 16:13:15
5637,23050605,Siddharth Sharma,23050605@college.edu,CSE,6,2026-04-16 16:13:15
5647,23066166,Mohit Sinha,23066166@college.edu,IT,2,2026-04-16 16:13:15
5657,23075986,Yash Jain,23075986@college.edu,EEE,1,2026-04-16 16:13:15
5660,23069749,Aarav Ghosh,23069749@college.edu,ME,6,2026-04-16 16:13:15
5662,23065719,Rohan Mehta,23065719@college.edu,ME,1,2026-04-16 16:13:15
5664,23050518,Kavya Thakur,23050518@college.edu,ME,3,2026-04-16 16:13:15
5665,23072654,Rahul Nair,23072654@college.edu,ECE,7,2026-04-16 16:13:15
5670,23052308,Mohit Agarwal,23052308@college.edu,ECE,2,2026-04-16 16:13:15
5676,23060763,Krishna Verma,23060763@college.edu,ME,6,2026-04-16 16:13:15
5677,23052459,Deepak Thakur,23052459@college.edu,ME,2,2026-04-16 16:13:15
5682,23076298,Siddharth Choudhary,23076298@college.edu,ECE,1,2026-04-16 16:13:15
5683,23069438,Manav Menon,23069438@college.edu,CSE,4,2026-04-16 16:13:15
5684,23065515,Siddharth Ghosh,23065515@college.edu,ECE,6,2026-04-16 16:13:15
5685,23061843,Diya Mehta,23061843@college.edu,EEE,2,2026-04-16 16:13:15
5702,23054738,Priya Menon,23054738@college.edu,ECE,7,2026-04-16 16:13:15
5716,23072656,Dev Agarwal,23072656@college.edu,ECE,6,2026-04-16 16:13:15
5721,23062108,Diya Iyer,23062108@college.edu,ECE,7,2026-04-16 16:13:15
5723,23071739,Neha Reddy,23071739@college.edu,EEE,7,2026-04-16 16:13:15
5731,23072261,Harsh Choudhary,23072261@college.edu,IT,7,2026-04-16 16:13:15
5734,23051990,Kunal Pandey,23051990@college.edu,EEE,8,2026-04-16 16:13:15
5737,23055696,Aarav Agarwal,23055696@college.edu,CSE,8,2026-04-16 16:13:15
5738,23055486,Sneha Jain,23055486@college.edu,CSE,8,2026-04-16 16:13:15
5747,23077958,Om Pandey,23077958@college.edu,EEE,3,2026-04-16 16:13:15
5752,23059281,Ritesh Khanna,23059281@college.edu,ME,2,2026-04-16 16:13:15
5755,23064280,Siddharth Kapoor,23064280@college.edu,ME,1,2026-04-16 16:13:15
5757,23071189,Harsh Thakur,23071189@college.edu,EEE,5,2026-04-16 16:13:15
5758,23062295,Vivaan Kapoor,23062295@college.edu,ECE,5,2026-04-16 16:13:15
5765,23055982,Ritika Kapoor,23055982@college.edu,EEE,5,2026-04-16 16:13:15
5766,23064120,Arjun Khanna,23064120@college.edu,EEE,7,2026-04-16 16:13:15
5770,23070054,Diya Nair,23070054@college.edu,EEE,5,2026-04-16 16:13:15
5772,23059325,Meera Ghosh,23059325@college.edu,ME,8,2026-04-16 16:13:15
5774,23070090,Rahul Reddy,23070090@college.edu,EEE,3,2026-04-16 16:13:15
5782,23073690,Yash Choudhary,23073690@college.edu,CSE,3,2026-04-16 16:13:15
5784,23060568,Aman Das,23060568@college.edu,ECE,7,2026-04-16 16:13:15
5786,23071774,Deepak Mehta,23071774@college.edu,CSE,7,2026-04-16 16:13:15
5797,23064238,Manav Pandey,23064238@college.edu,ECE,5,2026-04-16 16:13:15
5820,23053375,Ritika Reddy,23053375@college.edu,IT,3,2026-04-16 16:13:15
5823,23074144,Aditi Kapoor,23074144@college.edu,ECE,1,2026-04-16 16:13:15
5826,23060573,Sneha Choudhary,23060573@college.edu,CSE,5,2026-04-16 16:13:15
5828,23073064,Diya Patel,23073064@college.edu,EEE,4,2026-04-16 16:13:15
5831,23076891,Tanmay Thakur,23076891@college.edu,ME,1,2026-04-16 16:13:15
5843,23061454,Priya Kapoor,23061454@college.edu,EEE,5,2026-04-16 16:13:15
5845,23056945,Ishaan Das,23056945@college.edu,IT,2,2026-04-16 16:13:15
5846,23069768,Sneha Gupta,23069768@college.edu,ME,2,2026-04-16 16:13:15
5848,23079460,Aarav Mehta,23079460@college.edu,ME,3,2026-04-16 16:13:15
5857,23054289,Kavya Mehta,23054289@college.edu,ECE,5,2026-04-16 16:13:15
5865,23072350,Rahul Thakur,23072350@college.edu,CSE,6,2026-04-16 16:13:15
5885,23062204,Pooja Jain,23062204@college.edu,CSE,4,2026-04-16 16:13:15
5889,23074070,Kunal Nair,23074070@college.edu,ECE,2,2026-04-16 16:13:15
5893,23078823,Neha Reddy,23078823@college.edu,ECE,3,2026-04-16 16:13:15
5906,23075692,Manav Dubey,23075692@college.edu,CSE,3,2026-04-16 16:13:15
5913,23054515,Priya Dubey,23054515@college.edu,EEE,7,2026-04-16 16:13:15
5915,23063560,Aarav Joshi,23063560@college.edu,EEE,2,2026-04-16 16:13:15
5918,23074012,Rohan Verma,23074012@college.edu,IT,4,2026-04-16 16:13:15
5924,23074386,Om Khanna,23074386@college.edu,IT,8,2026-04-16 16:13:15
5925,23078993,Ananya Das,23078993@college.edu,EEE,7,2026-04-16 16:13:15
5926,23069328,Sai Thakur,23069328@college.edu,ME,8,2026-04-16 16:13:15
5929,23056361,Ananya Ghosh,23056361@college.edu,CSE,6,2026-04-16 16:13:15
5930,23050694,Aman Rao,23050694@college.edu,EEE,3,2026-04-16 16:13:15
5948,23069312,Vivaan Mehta,23069312@college.edu,ME,7,2026-04-16 16:13:15
5957,23056503,Vivaan Iyer,23056503@college.edu,CSE,1,2026-04-16 16:13:15
5967,23055052,Ishaan Bansal,23055052@college.edu,IT,1,2026-04-16 16:13:15
5976,23065776,Aditi Thakur,23065776@college.edu,ME,2,2026-04-16 16:13:15
5983,23074308,Tanmay Reddy,23074308@college.edu,ECE,3,2026-04-16 16:13:15
5989,23058256,Aarav Nair,23058256@college.edu,ECE,4,2026-04-16 16:13:15
5996,23077707,Rahul Choudhary,23077707@college.edu,ECE,8,2026-04-16 16:13:15
5997,23073230,Ritesh Khanna,23073230@college.edu,CSE,7,2026-04-16 16:13:15
6002,23065524,Vivaan Joshi,23065524@college.edu,ECE,8,2026-04-16 16:13:15
6003,23070730,Rohan Verma,23070730@college.edu,EEE,8,2026-04-16 16:13:15
6005,23052352,Varun Jain,23052352@college.edu,CSE,8,2026-04-16 16:13:15
6008,23067234,Dev Ghosh,23067234@college.edu,CSE,6,2026-04-16 16:13:15
6015,23057626,Aman Sharma,23057626@college.edu,IT,5,2026-04-16 16:13:15
6017,23052775,Aditya Bansal,23052775@college.edu,ECE,3,2026-04-16 16:13:15
6028,23061735,Aman Menon,23061735@college.edu,EEE,7,2026-04-16 16:13:15
6031,23069713,Om Pandey,23069713@college.edu,IT,5,2026-04-16 16:13:15
6043,23073251,Om Menon,23073251@college.edu,ECE,2,2026-04-16 16:13:15
6047,23054506,Ananya Khanna,23054506@college.edu,IT,6,2026-04-16 16:13:15
6050,23071474,Ritesh Pandey,23071474@college.edu,ECE,6,2026-04-16 16:13:15
6052,23067187,Aditya Patel,23067187@college.edu,IT,1,2026-04-16 16:13:15
6053,23075527,Krishna Das,23075527@college.edu,CSE,5,2026-04-16 16:13:15
6059,23065676,Kunal Gupta,23065676@college.edu,IT,2,2026-04-16 16:13:15
6074,23052993,Rohan Jain,23052993@college.edu,ECE,5,2026-04-16 16:13:15
6077,23051517,Vivaan Sinha,23051517@college.edu,ECE,5,2026-04-16 16:13:15
6079,23057159,Sai Bansal,23057159@college.edu,ECE,2,2026-04-16 16:13:15
6091,23072302,Pooja Menon,23072302@college.edu,CSE,5,2026-04-16 16:13:15
6109,23076983,Yash Mehta,23076983@college.edu,ECE,2,2026-04-16 16:13:15
6123,23074788,Aditya Gupta,23074788@college.edu,ME,6,2026-04-16 16:13:15
6128,23072305,Arjun Joshi,23072305@college.edu,EEE,1,2026-04-16 16:13:15
6129,23078219,Ananya Rao,23078219@college.edu,ECE,3,2026-04-16 16:13:15
6134,23053923,Aditya Reddy,23053923@college.edu,IT,1,2026-04-16 16:13:15
6144,23069657,Manav Mehta,23069657@college.edu,ME,5,2026-04-16 16:13:15
6148,23051505,Kavya Khanna,23051505@college.edu,EEE,4,2026-04-16 16:13:15
6164,23052589,Sneha Thakur,23052589@college.edu,EEE,4,2026-04-16 16:13:15
6165,23074860,Ananya Joshi,23074860@college.edu,ECE,2,2026-04-16 16:13:15
6169,23053189,Vivaan Sharma,23053189@college.edu,EEE,4,2026-04-16 16:13:15
6170,23061815,Siddharth Choudhary,23061815@college.edu,ME,6,2026-04-16 16:13:15
6173,23069789,Ishaan Mehta,23069789@college.edu,EEE,5,2026-04-16 16:13:15
6178,23078958,Harsh Bansal,23078958@college.edu,EEE,8,2026-04-16 16:13:15
6181,23056328,Ananya Sharma,23056328@college.edu,CSE,3,2026-04-16 16:13:15
6189,23076750,Pooja Menon,23076750@college.edu,ME,6,2026-04-16 16:13:15
6191,23060191,Krishna Ghosh,23060191@college.edu,ME,7,2026-04-16 16:13:15
6197,23075580,Sneha Kapoor,23075580@college.edu,IT,2,2026-04-16 16:13:15
6201,23063548,Pooja Kapoor,23063548@college.edu,IT,3,2026-04-16 16:13:15
6202,23055915,Nikhil Sharma,23055915@college.edu,ME,6,2026-04-16 16:13:15
6210,23065144,Varun Joshi,23065144@college.edu,ME,7,2026-04-16 16:13:15
6226,23056161,Mohit Jain,23056161@college.edu,IT,5,2026-04-16 16:13:15
6229,23065607,Aditi Bansal,23065607@college.edu,ME,1,2026-04-16 16:13:15
6231,23058632,Nikhil Patel,23058632@college.edu,IT,3,2026-04-16 16:13:15
6235,23070477,Ishaan Khanna,23070477@college.edu,IT,5,2026-04-16 16:13:15
6237,23060468,Priya Sinha,23060468@college.edu,IT,8,2026-04-16 16:13:15
6240,23054103,Varun Verma,23054103@college.edu,ME,3,2026-04-16 16:13:15
6248,23077885,Neha Agarwal,23077885@college.edu,CSE,2,2026-04-16 16:13:15
6250,23071109,Sneha Mehta,23071109@college.edu,CSE,1,2026-04-16 16:13:15
6257,23079096,Harsh Joshi,23079096@college.edu,EEE,8,2026-04-16 16:13:15
6258,23078098,Aarav Menon,23078098@college.edu,ME,8,2026-04-16 16:13:15
6263,23054745,Varun Patel,23054745@college.edu,EEE,7,2026-04-16 16:13:15
6266,23058249,Krishna Ghosh,23058249@college.edu,ME,5,2026-04-16 16:13:15
6267,23064474,Om Nair,23064474@college.edu,ME,3,2026-04-16 16:13:15
6281,23076802,Siddharth Dubey,23076802@college.edu,ME,3,2026-04-16 16:13:15
6293,23055081,Aditi Choudhary,23055081@college.edu,ECE,6,2026-04-16 16:13:15
6309,23056223,Sneha Nair,23056223@college.edu,EEE,7,2026-04-16 16:13:15
6312,23059284,Harsh Das,23059284@college.edu,IT,6,2026-04-16 16:13:15
6317,23074622,Sai Mehta,23074622@college.edu,ECE,1,2026-04-16 16:13:15
6320,23070945,Siddharth Patel,23070945@college.edu,IT,4,2026-04-16 16:13:15
6321,23055807,Aarav Khanna,23055807@college.edu,EEE,1,2026-04-16 16:13:15
6322,23064190,Aditi Rao,23064190@college.edu,EEE,1,2026-04-16 16:13:15
6324,23062357,Ananya Pandey,23062357@college.edu,ME,8,2026-04-16 16:13:15
6325,23077938,Kunal Gupta,23077938@college.edu,IT,7,2026-04-16 16:13:15
6329,23068413,Deepak Verma,23068413@college.edu,EEE,8,2026-04-16 16:13:15
6335,23065669,Arjun Choudhary,23065669@college.edu,ECE,3,2026-04-16 16:13:15
6341,23072915,Yash Joshi,23072915@college.edu,EEE,5,2026-04-16 16:13:15
6346,23074575,Ishaan Thakur,23074575@college.edu,CSE,2,2026-04-16 16:13:15
6348,23060900,Nikhil Menon,23060900@college.edu,ME,2,2026-04-16 16:13:15
6356,23057950,Harsh Patel,23057950@college.edu,ECE,5,2026-04-16 16:13:15
6364,23051791,Aditya Agarwal,23051791@college.edu,ME,3,2026-04-16 16:13:15
6365,23063207,Aarav Dubey,23063207@college.edu,ECE,5,2026-04-16 16:13:15
6367,23063295,Neha Sinha,23063295@college.edu,IT,5,2026-04-16 16:13:15
6369,23050692,Priya Reddy,23050692@college.edu,ME,7,2026-04-16 16:13:15
6372,23064165,Kunal Verma,23064165@college.edu,ECE,2,2026-04-16 16:13:15
6391,23079827,Neha Iyer,23079827@college.edu,CSE,4,2026-04-16 16:13:15
6397,23050217,Harsh Patel,23050217@college.edu,EEE,1,2026-04-16 16:13:15
6401,23059248,Neha Ghosh,23059248@college.edu,CSE,3,2026-04-16 16:13:15
6402,23060396,Aditi Ghosh,23060396@college.edu,ME,1,2026-04-16 16:13:15
6403,23063767,Nikhil Jain,23063767@college.edu,IT,1,2026-04-16 16:13:15
6409,23066109,Aman Sharma,23066109@college.edu,ECE,3,2026-04-16 16:13:15
6414,23070009,Aditi Ghosh,23070009@college.edu,ECE,5,2026-04-16 16:13:15
6416,23075990,Meera Thakur,23075990@college.edu,IT,2,2026-04-16 16:13:15
6419,23075786,Aditi Mehta,23075786@college.edu,IT,7,2026-04-16 16:13:15
6420,23050225,Diya Patel,23050225@college.edu,CSE,7,2026-04-16 16:13:15
6423,23060661,Nikhil Sharma,23060661@college.edu,IT,2,2026-04-16 16:13:15
6424,23076647,Arjun Agarwal,23076647@college.edu,EEE,6,2026-04-16 16:13:15
6427,23061343,Priya Sinha,23061343@college.edu,IT,6,2026-04-16 16:13:15
6428,23072499,Tanmay Reddy,23072499@college.edu,IT,1,2026-04-16 16:13:15
6429,23067875,Siddharth Rao,23067875@college.edu,CSE,3,2026-04-16 16:13:15
6431,23078627,Nikhil Sinha,23078627@college.edu,CSE,4,2026-04-16 16:13:15
6433,23068332,Siddharth Kapoor,23068332@college.edu,CSE,7,2026-04-16 16:13:15
6434,23078297,Dev Reddy,23078297@college.edu,IT,3,2026-04-16 16:13:15
6436,23053785,Mohit Dubey,23053785@college.edu,ME,8,2026-04-16 16:13:15
6445,23065358,Vivaan Menon,23065358@college.edu,IT,7,2026-04-16 16:13:15
6449,23072413,Ritika Iyer,23072413@college.edu,ME,4,2026-04-16 16:13:15
6451,23054863,Siddharth Iyer,23054863@college.edu,ME,8,2026-04-16 16:13:15
6460,23062113,Ritika Agarwal,23062113@college.edu,ME,3,2026-04-16 16:13:15
6461,23062094,Manav Agarwal,23062094@college.edu,CSE,6,2026-04-16 16:13:15
6467,23067637,Mohit Iyer,23067637@college.edu,IT,5,2026-04-16 16:13:15
6471,23076280,Krishna Gupta,23076280@college.edu,CSE,5,2026-04-16 16:13:15
6472,23068065,Rahul Pandey,23068065@college.edu,EEE,7,2026-04-16 16:13:15
6473,23074632,Rahul Khanna,23074632@college.edu,IT,3,2026-04-16 16:13:15
6499,23051379,Yash Choudhary,23051379@college.edu,ME,8,2026-04-16 16:13:15
6509,23079863,Kavya Agarwal,23079863@college.edu,IT,5,2026-04-16 16:13:15
6510,23069802,Siddharth Bansal,23069802@college.edu,EEE,8,2026-04-16 16:13:15
6512,23063538,Rahul Verma,23063538@college.edu,CSE,4,2026-04-16 16:13:15
6513,23074179,Pooja Mehta,23074179@college.edu,ECE,8,2026-04-16 16:13:15
6514,23071822,Siddharth Jain,23071822@college.edu,IT,7,2026-04-16 16:13:15
6518,23056080,Diya Pandey,23056080@college.edu,EEE,5,2026-04-16 16:13:15
6523,23078047,Kavya Reddy,23078047@college.edu,EEE,5,2026-04-16 16:13:15
6527,23055479,Varun Rao,23055479@college.edu,CSE,8,2026-04-16 16:13:15
6534,23059202,Ananya Choudhary,23059202@college.edu,ME,3,2026-04-16 16:13:15
6541,23069483,Meera Kapoor,23069483@college.edu,CSE,5,2026-04-16 16:13:15
6542,23053457,Ananya Patel,23053457@college.edu,CSE,5,2026-04-16 16:13:15
6548,23067023,Deepak Verma,23067023@college.edu,EEE,8,2026-04-16 16:13:15
6550,23069004,Aditya Menon,23069004@college.edu,ECE,1,2026-04-16 16:13:15
6553,23063429,Mohit Iyer,23063429@college.edu,ECE,3,2026-04-16 16:13:15
6558,23063930,Vivaan Iyer,23063930@college.edu,ME,8,2026-04-16 16:13:15
6563,23055838,Pooja Joshi,23055838@college.edu,IT,2,2026-04-16 16:13:15
6566,23057285,Sneha Choudhary,23057285@college.edu,CSE,5,2026-04-16 16:13:15
6567,23071495,Vivaan Reddy,23071495@college.edu,IT,7,2026-04-16 16:13:15
6585,23076076,Harsh Rao,23076076@college.edu,ECE,8,2026-04-16 16:13:15
6587,23068140,Aditya Patel,23068140@college.edu,CSE,2,2026-04-16 16:13:15
6599,23078249,Vivaan Joshi,23078249@college.edu,IT,6,2026-04-16 16:13:15
6600,23079875,Kunal Choudhary,23079875@college.edu,IT,2,2026-04-16 16:13:15
6606,23067080,Rahul Reddy,23067080@college.edu,IT,4,2026-04-16 16:13:15
6607,23071086,Kunal Jain,23071086@college.edu,CSE,2,2026-04-16 16:13:15
6621,23059289,Harsh Gupta,23059289@college.edu,ME,3,2026-04-16 16:13:15
6623,23060120,Deepak Patel,23060120@college.edu,IT,1,2026-04-16 16:13:15
6627,23050140,Om Dubey,23050140@college.edu,CSE,1,2026-04-16 16:13:15
6635,23072023,Varun Patel,23072023@college.edu,CSE,7,2026-04-16 16:13:15
6638,23050558,Rahul Dubey,23050558@college.edu,ECE,7,2026-04-16 16:13:15
6650,23072828,Ritesh Agarwal,23072828@college.edu,EEE,5,2026-04-16 16:13:15
6673,23069514,Aarav Iyer,23069514@college.edu,IT,8,2026-04-16 16:13:15
6681,23064882,Kavya Bansal,23064882@college.edu,CSE,1,2026-04-16 16:13:15
6687,23057722,Ananya Sinha,23057722@college.edu,ME,1,2026-04-16 16:13:15
6688,23057713,Nikhil Verma,23057713@college.edu,CSE,1,2026-04-16 16:13:15
6689,23055192,Aarav Choudhary,23055192@college.edu,EEE,6,2026-04-16 16:13:15
6702,23066993,Pooja Thakur,23066993@college.edu,EEE,1,2026-04-16 16:13:15
6704,23064856,Priya Reddy,23064856@college.edu,ME,7,2026-04-16 16:13:15
6707,23068831,Aman Choudhary,23068831@college.edu,EEE,7,2026-04-16 16:13:15
6737,23060864,Rahul Choudhary,23060864@college.edu,ME,6,2026-04-16 16:13:15
6746,23056392,Aman Reddy,23056392@college.edu,EEE,8,2026-04-16 16:13:15
6755,23056169,Kunal Choudhary,23056169@college.edu,IT,8,2026-04-16 16:13:15
6757,23052437,Kunal Dubey,23052437@college.edu,IT,7,2026-04-16 16:13:15
6761,23065376,Aditya Reddy,23065376@college.edu,CSE,2,2026-04-16 16:13:15
6764,23066796,Krishna Verma,23066796@college.edu,CSE,4,2026-04-16 16:13:15
6765,23070070,Pooja Dubey,23070070@college.edu,CSE,8,2026-04-16 16:13:15
6766,23053349,Varun Kapoor,23053349@college.edu,CSE,8,2026-04-16 16:13:15
6769,23061753,Arjun Das,23061753@college.edu,ME,4,2026-04-16 16:13:15
6770,23054253,Pooja Verma,23054253@college.edu,ME,3,2026-04-16 16:13:15
6773,23070931,Harsh Pandey,23070931@college.edu,EEE,4,2026-04-16 16:13:15
6776,23054031,Deepak Rao,23054031@college.edu,ME,4,2026-04-16 16:13:15
6792,23054298,Yash Das,23054298@college.edu,CSE,1,2026-04-16 16:13:15
6800,23057539,Aman Agarwal,23057539@college.edu,IT,1,2026-04-16 16:13:15
6804,23072708,Siddharth Choudhary,23072708@college.edu,ME,1,2026-04-16 16:13:15
6806,23071253,Aditya Sinha,23071253@college.edu,ME,2,2026-04-16 16:13:15
6813,23064250,Meera Mehta,23064250@college.edu,IT,3,2026-04-16 16:13:15
6815,23065715,Aman Ghosh,23065715@college.edu,EEE,8,2026-04-16 16:13:15
6816,23066067,Manav Das,23066067@college.edu,ME,1,2026-04-16 16:13:15
6823,23072401,Harsh Jain,23072401@college.edu,CSE,2,2026-04-16 16:13:15
6825,23078455,Aditi Khanna,23078455@college.edu,ECE,7,2026-04-16 16:13:15
6834,23053361,Yash Khanna,23053361@college.edu,ME,4,2026-04-16 16:13:15
6840,23068377,Harsh Reddy,23068377@college.edu,ECE,3,2026-04-16 16:13:15
6842,23079433,Ananya Jain,23079433@college.edu,ME,2,2026-04-16 16:13:15
6847,23079793,Rohan Ghosh,23079793@college.edu,ME,5,2026-04-16 16:13:15
6850,23059959,Mohit Patel,23059959@college.edu,EEE,5,2026-04-16 16:13:15
6851,23067362,Ananya Mehta,23067362@college.edu,EEE,5,2026-04-16 16:13:15
6857,23066489,Ananya Ghosh,23066489@college.edu,CSE,2,2026-04-16 16:13:15
6858,23063507,Aarav Rao,23063507@college.edu,ECE,5,2026-04-16 16:13:15
6859,23056667,Tanmay Agarwal,23056667@college.edu,ME,2,2026-04-16 16:13:15
6863,23079681,Pooja Bansal,23079681@college.edu,ME,5,2026-04-16 16:13:15
6864,23056879,Deepak Iyer,23056879@college.edu,ME,7,2026-04-16 16:13:15
6869,23064153,Dev Gupta,23064153@college.edu,ME,4,2026-04-16 16:13:15
6870,23054806,Nikhil Joshi,23054806@college.edu,IT,8,2026-04-16 16:13:15
6878,23061184,Tanmay Bansal,23061184@college.edu,ECE,6,2026-04-16 16:13:15
6880,23065467,Diya Jain,23065467@college.edu,ECE,1,2026-04-16 16:13:15
6881,23061026,Ananya Dubey,23061026@college.edu,CSE,1,2026-04-16 16:13:15
6886,23065027,Siddharth Thakur,23065027@college.edu,CSE,6,2026-04-16 16:13:15
6887,23052747,Rahul Kapoor,23052747@college.edu,CSE,5,2026-04-16 16:13:15
6890,23059801,Priya Verma,23059801@college.edu,ME,3,2026-04-16 16:13:15
6891,23065438,Ritika Kapoor,23065438@college.edu,ECE,6,2026-04-16 16:13:15
6901,23065748,Arjun Dubey,23065748@college.edu,ECE,5,2026-04-16 16:13:15
6902,23059568,Neha Menon,23059568@college.edu,IT,3,2026-04-16 16:13:15
6905,23077311,Siddharth Thakur,23077311@college.edu,ECE,7,2026-04-16 16:13:15
6907,23053577,Rahul Nair,23053577@college.edu,EEE,1,2026-04-16 16:13:15
6911,23077948,Meera Pandey,23077948@college.edu,ME,3,2026-04-16 16:13:15
6916,23077028,Dev Iyer,23077028@college.edu,IT,7,2026-04-16 16:13:15
6930,23076481,Diya Choudhary,23076481@college.edu,EEE,2,2026-04-16 16:13:15
6937,23069188,Meera Mehta,23069188@college.edu,EEE,3,2026-04-16 16:13:15
6950,23061569,Kunal Patel,23061569@college.edu,CSE,4,2026-04-16 16:13:15
6956,23067919,Arjun Dubey,23067919@college.edu,EEE,2,2026-04-16 16:13:15
6957,23057546,Yash Verma,23057546@college.edu,CSE,1,2026-04-16 16:13:15
6958,23052932,Sai Das,23052932@college.edu,EEE,1,2026-04-16 16:13:15
6970,23055182,Dev Bansal,23055182@college.edu,ME,1,2026-04-16 16:13:15
6972,23074125,Kunal Choudhary,23074125@college.edu,CSE,1,2026-04-16 16:13:15
6973,23078335,Krishna Ghosh,23078335@college.edu,ECE,1,2026-04-16 16:13:15
6979,23056594,Sneha Dubey,23056594@college.edu,ECE,8,2026-04-16 16:13:15
6982,23055802,Aditya Pandey,23055802@college.edu,ME,5,2026-04-16 16:13:15
6986,23058730,Sneha Gupta,23058730@college.edu,ECE,4,2026-04-16 16:13:15
7004,23069911,Deepak Sharma,23069911@college.edu,EEE,5,2026-04-16 16:13:15
7006,23066213,Aditya Das,23066213@college.edu,CSE,7,2026-04-16 16:13:15
7007,23053492,Sneha Joshi,23053492@college.edu,ECE,2,2026-04-16 16:13:15
7009,23050553,Rohan Nair,23050553@college.edu,ME,7,2026-04-16 16:13:15
7013,23076358,Diya Pandey,23076358@college.edu,IT,6,2026-04-16 16:13:15
7014,23055471,Nikhil Reddy,23055471@college.edu,IT,3,2026-04-16 16:13:15
7018,23063896,Kunal Jain,23063896@college.edu,CSE,7,2026-04-16 16:13:15
7021,23065185,Priya Thakur,23065185@college.edu,ECE,8,2026-04-16 16:13:15
7027,23063258,Sai Thakur,23063258@college.edu,IT,3,2026-04-16 16:13:15
7028,23050575,Vivaan Choudhary,23050575@college.edu,IT,6,2026-04-16 16:13:15
7036,23058752,Priya Nair,23058752@college.edu,CSE,7,2026-04-16 16:13:15
7038,23054402,Neha Dubey,23054402@college.edu,IT,3,2026-04-16 16:13:15
7047,23076503,Siddharth Rao,23076503@college.edu,EEE,3,2026-04-16 16:13:15
7049,23074117,Manav Gupta,23074117@college.edu,CSE,3,2026-04-16 16:13:15
7054,23073003,Aman Choudhary,23073003@college.edu,ECE,2,2026-04-16 16:13:15
7057,23068475,Aditi Patel,23068475@college.edu,CSE,5,2026-04-16 16:13:15
7059,23070111,Nikhil Gupta,23070111@college.edu,ECE,3,2026-04-16 16:13:15
7062,23057314,Mohit Agarwal,23057314@college.edu,EEE,8,2026-04-16 16:13:15
7063,23069491,Yash Sharma,23069491@college.edu,IT,3,2026-04-16 16:13:15
7064,23077525,Ishaan Reddy,23077525@college.edu,EEE,2,2026-04-16 16:13:15
7066,23068693,Rahul Menon,23068693@college.edu,CSE,8,2026-04-16 16:13:15
7071,23077007,Aditi Menon,23077007@college.edu,ECE,7,2026-04-16 16:13:15
7073,23067482,Diya Patel,23067482@college.edu,IT,1,2026-04-16 16:13:15
7077,23067084,Harsh Gupta,23067084@college.edu,CSE,6,2026-04-16 16:13:15
7090,23068009,Kunal Patel,23068009@college.edu,ME,4,2026-04-16 16:13:15
7093,23053918,Tanmay Dubey,23053918@college.edu,ME,8,2026-04-16 16:13:15
7106,23052202,Tanmay Rao,23052202@college.edu,CSE,8,2026-04-16 16:13:15
7110,23059772,Om Sharma,23059772@college.edu,ME,5,2026-04-16 16:13:15
7122,23074751,Meera Verma,23074751@college.edu,CSE,3,2026-04-16 16:13:15
7128,23073165,Diya Joshi,23073165@college.edu,ME,8,2026-04-16 16:13:15
7129,23053093,Aditi Thakur,23053093@college.edu,CSE,1,2026-04-16 16:13:15
7131,23069310,Ritesh Agarwal,23069310@college.edu,ME,7,2026-04-16 16:13:15
7137,23051495,Rohan Kapoor,23051495@college.edu,IT,1,2026-04-16 16:13:15
7138,23059029,Rahul Choudhary,23059029@college.edu,EEE,1,2026-04-16 16:13:15
7139,23069339,Aditya Patel,23069339@college.edu,ME,8,2026-04-16 16:13:15
7141,23061008,Sai Kapoor,23061008@college.edu,IT,3,2026-04-16 16:13:15
7148,23052153,Yash Nair,23052153@college.edu,ECE,5,2026-04-16 16:13:15
7153,23078949,Om Verma,23078949@college.edu,ME,7,2026-04-16 16:13:15
7154,23067526,Harsh Iyer,23067526@college.edu,CSE,7,2026-04-16 16:13:15
7158,23052941,Vivaan Jain,23052941@college.edu,CSE,8,2026-04-16 16:13:15
7160,23079317,Pooja Bansal,23079317@college.edu,ME,1,2026-04-16 16:13:15
7174,23067427,Priya Ghosh,23067427@college.edu,ME,8,2026-04-16 16:13:15
7176,23074445,Yash Nair,23074445@college.edu,ECE,5,2026-04-16 16:13:15
7181,23056122,Mohit Ghosh,23056122@college.edu,IT,4,2026-04-16 16:13:15
7182,23069155,Nikhil Nair,23069155@college.edu,CSE,5,2026-04-16 16:13:15
7189,23070338,Manav Das,23070338@college.edu,ME,4,2026-04-16 16:13:15
7194,23054957,Yash Pandey,23054957@college.edu,EEE,6,2026-04-16 16:13:15
7204,23077132,Siddharth Nair,23077132@college.edu,CSE,5,2026-04-16 16:13:15
7209,23075144,Varun Menon,23075144@college.edu,ME,4,2026-04-16 16:13:15
7211,23054724,Manav Nair,23054724@college.edu,ECE,1,2026-04-16 16:13:15
7213,23058809,Varun Iyer,23058809@college.edu,EEE,5,2026-04-16 16:13:15
7214,23051510,Aarav Gupta,23051510@college.edu,ME,5,2026-04-16 16:13:15
7215,23056282,Sneha Rao,23056282@college.edu,EEE,5,2026-04-16 16:13:15
7218,23068910,Pooja Choudhary,23068910@college.edu,ME,5,2026-04-16 16:13:15
7219,23075171,Pooja Khanna,23075171@college.edu,EEE,7,2026-04-16 16:13:15
7222,23066197,Kunal Joshi,23066197@college.edu,ECE,3,2026-04-16 16:13:15
7236,23068211,Siddharth Bansal,23068211@college.edu,IT,3,2026-04-16 16:13:15
7238,23074449,Tanmay Sinha,23074449@college.edu,CSE,4,2026-04-16 16:13:15
7249,23066976,Manav Thakur,23066976@college.edu,CSE,5,2026-04-16 16:13:15
7254,23067356,Tanmay Jain,23067356@college.edu,CSE,1,2026-04-16 16:13:15
7258,23077630,Deepak Ghosh,23077630@college.edu,IT,4,2026-04-16 16:13:15
7259,23071586,Kavya Pandey,23071586@college.edu,ME,6,2026-04-16 16:13:15
7260,23052962,Manav Rao,23052962@college.edu,IT,2,2026-04-16 16:13:15
7266,23074775,Vivaan Menon,23074775@college.edu,EEE,5,2026-04-16 16:13:15
7270,23059086,Dev Patel,23059086@college.edu,CSE,2,2026-04-16 16:13:15
7272,23061660,Kunal Mehta,23061660@college.edu,ECE,7,2026-04-16 16:13:15
7275,23071494,Diya Mehta,23071494@college.edu,IT,1,2026-04-16 16:13:15
7277,23075724,Kunal Iyer,23075724@college.edu,ECE,2,2026-04-16 16:13:15
7279,23059967,Sai Das,23059967@college.edu,ECE,6,2026-04-16 16:13:15
7284,23063501,Krishna Dubey,23063501@college.edu,IT,8,2026-04-16 16:13:15
7286,23059417,Krishna Agarwal,23059417@college.edu,ME,7,2026-04-16 16:13:15
7293,23075897,Deepak Nair,23075897@college.edu,ME,5,2026-04-16 16:13:15
7294,23075008,Ishaan Bansal,23075008@college.edu,CSE,5,2026-04-16 16:13:15
7297,23065383,Pooja Gupta,23065383@college.edu,ECE,6,2026-04-16 16:13:15
7298,23063816,Ananya Verma,23063816@college.edu,ECE,3,2026-04-16 16:13:15
7299,23071173,Rohan Gupta,23071173@college.edu,ECE,1,2026-04-16 16:13:15
7300,23072105,Ritika Iyer,23072105@college.edu,IT,5,2026-04-16 16:13:15
7303,23053902,Dev Verma,23053902@college.edu,EEE,1,2026-04-16 16:13:15
7304,23072931,Kunal Sinha,23072931@college.edu,ECE,5,2026-04-16 16:13:15
7309,23069881,Sai Patel,23069881@college.edu,CSE,3,2026-04-16 16:13:15
7317,23057163,Harsh Choudhary,23057163@college.edu,IT,3,2026-04-16 16:13:15
7323,23059745,Ritika Jain,23059745@college.edu,ECE,1,2026-04-16 16:13:15
7342,23055106,Aman Menon,23055106@college.edu,ME,2,2026-04-16 16:13:15
7344,23066407,Aman Sharma,23066407@college.edu,IT,8,2026-04-16 16:13:15
7345,23055818,Aarav Pandey,23055818@college.edu,ECE,1,2026-04-16 16:13:15
7346,23055323,Rahul Bansal,23055323@college.edu,IT,7,2026-04-16 16:13:15
7349,23056773,Rohan Rao,23056773@college.edu,ECE,8,2026-04-16 16:13:15
7354,23073285,Aditi Verma,23073285@college.edu,ME,4,2026-04-16 16:13:15
7364,23058954,Rahul Gupta,23058954@college.edu,IT,7,2026-04-16 16:13:15
7367,23058290,Nikhil Patel,23058290@college.edu,IT,3,2026-04-16 16:13:15
7368,23058792,Aditya Joshi,23058792@college.edu,IT,1,2026-04-16 16:13:15
7369,23051947,Aman Sharma,23051947@college.edu,IT,1,2026-04-16 16:13:15
7375,23079566,Aditi Joshi,23079566@college.edu,EEE,7,2026-04-16 16:13:15
7389,23076906,Harsh Nair,23076906@college.edu,EEE,8,2026-04-16 16:13:15
7394,23078313,Ananya Nair,23078313@college.edu,CSE,3,2026-04-16 16:13:15
7401,23079741,Pooja Khanna,23079741@college.edu,IT,6,2026-04-16 16:13:15
7408,23077759,Mohit Ghosh,23077759@college.edu,ME,6,2026-04-16 16:13:15
7409,23062780,Tanmay Gupta,23062780@college.edu,EEE,6,2026-04-16 16:13:15
7419,23061350,Sai Bansal,23061350@college.edu,IT,2,2026-04-16 16:13:15
7426,23070364,Om Sinha,23070364@college.edu,IT,1,2026-04-16 16:13:15
7431,23067212,Deepak Choudhary,23067212@college.edu,EEE,4,2026-04-16 16:13:15
7434,23073948,Tanmay Patel,23073948@college.edu,ME,8,2026-04-16 16:13:15
7442,23056497,Harsh Reddy,23056497@college.edu,EEE,1,2026-04-16 16:13:15
7449,23076453,Ananya Verma,23076453@college.edu,ECE,6,2026-04-16 16:13:15
7450,23052611,Meera Ghosh,23052611@college.edu,ECE,5,2026-04-16 16:13:15
7453,23074214,Krishna Das,23074214@college.edu,IT,7,2026-04-16 16:13:15
7454,23075884,Ananya Sharma,23075884@college.edu,EEE,2,2026-04-16 16:13:15
7459,23073941,Tanmay Bansal,23073941@college.edu,IT,4,2026-04-16 16:13:15
7477,23077077,Vivaan Nair,23077077@college.edu,CSE,3,2026-04-16 16:13:15
7480,23053724,Rohan Kapoor,23053724@college.edu,IT,3,2026-04-16 16:13:15
7483,23061341,Aman Mehta,23061341@college.edu,CSE,7,2026-04-16 16:13:15
7494,23059820,Priya Ghosh,23059820@college.edu,EEE,2,2026-04-16 16:13:15
7502,23064003,Aarav Jain,23064003@college.edu,CSE,3,2026-04-16 16:13:15
7506,23051229,Diya Reddy,23051229@college.edu,ME,7,2026-04-16 16:13:15
7507,23071061,Rahul Reddy,23071061@college.edu,IT,3,2026-04-16 16:13:15
7512,23053910,Om Choudhary,23053910@college.edu,ME,7,2026-04-16 16:13:15
7513,23071619,Krishna Agarwal,23071619@college.edu,IT,5,2026-04-16 16:13:15
7514,23073528,Rahul Khanna,23073528@college.edu,EEE,3,2026-04-16 16:13:15
7534,23063167,Mohit Rao,23063167@college.edu,EEE,8,2026-04-16 16:13:15
7536,23067941,Rahul Patel,23067941@college.edu,CSE,5,2026-04-16 16:13:15
7541,23057760,Aarav Iyer,23057760@college.edu,CSE,2,2026-04-16 16:13:15
7546,23050893,Siddharth Mehta,23050893@college.edu,EEE,1,2026-04-16 16:13:15
7553,23050035,Varun Pandey,23050035@college.edu,ECE,8,2026-04-16 16:13:15
7554,23062888,Rahul Rao,23062888@college.edu,ECE,7,2026-04-16 16:13:15
7560,23060608,Aditi Menon,23060608@college.edu,CSE,7,2026-04-16 16:13:15
7565,23066518,Harsh Sharma,23066518@college.edu,CSE,3,2026-04-16 16:13:15
7567,23062022,Sai Dubey,23062022@college.edu,CSE,5,2026-04-16 16:13:15
7572,23055677,Nikhil Agarwal,23055677@college.edu,IT,2,2026-04-16 16:13:15
7577,23051105,Aditya Reddy,23051105@college.edu,IT,3,2026-04-16 16:13:15
7579,23073135,Aarav Khanna,23073135@college.edu,ECE,2,2026-04-16 16:13:15
7580,23054093,Ritesh Khanna,23054093@college.edu,EEE,6,2026-04-16 16:13:15
7595,23056427,Rahul Joshi,23056427@college.edu,EEE,2,2026-04-16 16:13:15
7597,23051349,Siddharth Das,23051349@college.edu,CSE,2,2026-04-16 16:13:15
7598,23069052,Pooja Thakur,23069052@college.edu,EEE,6,2026-04-16 16:13:15
7599,23063948,Kavya Reddy,23063948@college.edu,ME,6,2026-04-16 16:13:15
7606,23054237,Aarav Choudhary,23054237@college.edu,ME,6,2026-04-16 16:13:15
7610,23066573,Ritika Mehta,23066573@college.edu,CSE,7,2026-04-16 16:13:15
7613,23065355,Sai Iyer,23065355@college.edu,CSE,6,2026-04-16 16:13:15
7614,23076171,Varun Reddy,23076171@college.edu,IT,4,2026-04-16 16:13:15
7616,23055959,Pooja Dubey,23055959@college.edu,EEE,2,2026-04-16 16:13:15
7622,23067658,Meera Dubey,23067658@college.edu,IT,5,2026-04-16 16:13:15
7640,23064392,Priya Bansal,23064392@college.edu,ECE,5,2026-04-16 16:13:15
7643,23068108,Aditi Iyer,23068108@college.edu,IT,5,2026-04-16 16:13:15
7646,23055930,Priya Reddy,23055930@college.edu,EEE,6,2026-04-16 16:13:15
7647,23058071,Arjun Bansal,23058071@college.edu,IT,1,2026-04-16 16:13:15
7648,23079523,Yash Sharma,23079523@college.edu,ECE,6,2026-04-16 16:13:15
7649,23059859,Mohit Rao,23059859@college.edu,IT,8,2026-04-16 16:13:15
7650,23063882,Meera Agarwal,23063882@college.edu,CSE,5,2026-04-16 16:13:15
7654,23062219,Harsh Iyer,23062219@college.edu,EEE,3,2026-04-16 16:13:15
7669,23070727,Dev Nair,23070727@college.edu,EEE,6,2026-04-16 16:13:15
7678,23066504,Deepak Thakur,23066504@college.edu,ME,6,2026-04-16 16:13:15
7680,23076226,Nikhil Kapoor,23076226@college.edu,ME,4,2026-04-16 16:13:15
7688,23066971,Deepak Nair,23066971@college.edu,ME,8,2026-04-16 16:13:15
7692,23065651,Neha Sharma,23065651@college.edu,ME,2,2026-04-16 16:13:15
7702,23068713,Manav Dubey,23068713@college.edu,CSE,6,2026-04-16 16:13:15
7704,23065752,Rahul Pandey,23065752@college.edu,CSE,3,2026-04-16 16:13:15
7705,23065067,Diya Dubey,23065067@college.edu,EEE,3,2026-04-16 16:13:15
7706,23075874,Yash Dubey,23075874@college.edu,IT,3,2026-04-16 16:13:15
7709,23062910,Om Verma,23062910@college.edu,IT,6,2026-04-16 16:13:15
7711,23061675,Ishaan Reddy,23061675@college.edu,IT,3,2026-04-16 16:13:15
7712,23075238,Yash Thakur,23075238@college.edu,CSE,7,2026-04-16 16:13:15
7713,23078041,Priya Nair,23078041@college.edu,EEE,4,2026-04-16 16:13:15
7720,23073175,Mohit Agarwal,23073175@college.edu,ME,8,2026-04-16 16:13:15
7722,23077051,Aditya Menon,23077051@college.edu,ME,8,2026-04-16 16:13:15
7729,23052791,Harsh Pandey,23052791@college.edu,CSE,4,2026-04-16 16:13:15
7756,23078826,Neha Thakur,23078826@college.edu,ME,1,2026-04-16 16:13:15
7757,23058731,Aarav Dubey,23058731@college.edu,ECE,5,2026-04-16 16:13:15
7758,23067470,Aarav Gupta,23067470@college.edu,IT,2,2026-04-16 16:13:15
7762,23071434,Kavya Kapoor,23071434@college.edu,ECE,1,2026-04-16 16:13:15
7770,23073321,Siddharth Thakur,23073321@college.edu,CSE,8,2026-04-16 16:13:15
7775,23072681,Yash Menon,23072681@college.edu,EEE,6,2026-04-16 16:13:15
7778,23060895,Ritika Bansal,23060895@college.edu,ECE,6,2026-04-16 16:13:15
7790,23078157,Diya Kapoor,23078157@college.edu,ECE,3,2026-04-16 16:13:15
7793,23051208,Priya Rao,23051208@college.edu,CSE,5,2026-04-16 16:13:15
7794,23071485,Deepak Thakur,23071485@college.edu,CSE,8,2026-04-16 16:13:15
7796,23077734,Dev Gupta,23077734@college.edu,ECE,8,2026-04-16 16:13:15
7804,23068344,Meera Iyer,23068344@college.edu,CSE,7,2026-04-16 16:13:15
7808,23063581,Yash Patel,23063581@college.edu,IT,1,2026-04-16 16:13:15
7810,23065577,Ishaan Iyer,23065577@college.edu,ME,3,2026-04-16 16:13:15
7811,23059000,Deepak Mehta,23059000@college.edu,CSE,2,2026-04-16 16:13:15
7812,23062104,Kavya Kapoor,23062104@college.edu,CSE,1,2026-04-16 16:13:15
7821,23070397,Rahul Jain,23070397@college.edu,CSE,2,2026-04-16 16:13:15
7823,23069568,Ritesh Bansal,23069568@college.edu,CSE,8,2026-04-16 16:13:15
7824,23069277,Ananya Gupta,23069277@college.edu,IT,7,2026-04-16 16:13:15
7826,23050699,Yash Nair,23050699@college.edu,EEE,5,2026-04-16 16:13:15
7841,23073058,Manav Joshi,23073058@college.edu,CSE,5,2026-04-16 16:13:15
7852,23058113,Rohan Menon,23058113@college.edu,EEE,4,2026-04-16 16:13:15
7859,23068675,Ananya Patel,23068675@college.edu,EEE,7,2026-04-16 16:13:15
7862,23061458,Sneha Joshi,23061458@college.edu,EEE,7,2026-04-16 16:13:15
7864,23056306,Deepak Jain,23056306@college.edu,ME,8,2026-04-16 16:13:15
7876,23061007,Arjun Reddy,23061007@college.edu,CSE,7,2026-04-16 16:13:15
7879,23056582,Kunal Thakur,23056582@college.edu,ME,6,2026-04-16 16:13:15
7880,23078938,Kunal Agarwal,23078938@college.edu,ECE,4,2026-04-16 16:13:15
7881,23064380,Deepak Reddy,23064380@college.edu,ECE,4,2026-04-16 16:13:15
7882,23072553,Rohan Dubey,23072553@college.edu,ME,8,2026-04-16 16:13:15
7884,23063138,Aditi Gupta,23063138@college.edu,ME,4,2026-04-16 16:13:15
7886,23052293,Deepak Choudhary,23052293@college.edu,EEE,4,2026-04-16 16:13:15
7893,23074482,Aman Choudhary,23074482@college.edu,IT,7,2026-04-16 16:13:15
7897,23055332,Yash Agarwal,23055332@college.edu,IT,6,2026-04-16 16:13:15
7904,23079693,Nikhil Menon,23079693@college.edu,CSE,6,2026-04-16 16:13:15
7911,23072341,Rahul Kapoor,23072341@college.edu,IT,2,2026-04-16 16:13:15
7923,23063923,Pooja Mehta,23063923@college.edu,ME,1,2026-04-16 16:13:15
7931,23067899,Meera Menon,23067899@college.edu,CSE,7,2026-04-16 16:13:15
7942,23069476,Aarav Jain,23069476@college.edu,CSE,8,2026-04-16 16:13:15
7944,23050651,Dev Patel,23050651@college.edu,CSE,2,2026-04-16 16:13:15
7945,23079094,Siddharth Menon,23079094@college.edu,CSE,4,2026-04-16 16:13:15
7956,23079815,Ritika Nair,23079815@college.edu,IT,8,2026-04-16 16:13:15
7958,23057468,Sneha Khanna,23057468@college.edu,ME,5,2026-04-16 16:13:15
7959,23058817,Kavya Kapoor,23058817@college.edu,EEE,2,2026-04-16 16:13:15
7964,23075484,Pooja Kapoor,23075484@college.edu,ME,7,2026-04-16 16:13:15
7971,23071970,Manav Mehta,23071970@college.edu,EEE,7,2026-04-16 16:13:15
7974,23051086,Deepak Gupta,23051086@college.edu,ME,2,2026-04-16 16:13:15
7975,23077683,Ritesh Menon,23077683@college.edu,ECE,1,2026-04-16 16:13:15
7982,23079282,Aman Sinha,23079282@college.edu,ME,6,2026-04-16 16:13:15
7984,23054292,Dev Khanna,23054292@college.edu,ECE,1,2026-04-16 16:13:15
7990,23057638,Yash Sinha,23057638@college.edu,ME,8,2026-04-16 16:13:15
7997,23054571,Vivaan Kapoor,23054571@college.edu,ECE,1,2026-04-16 16:13:15
7998,23068530,Deepak Ghosh,23068530@college.edu,ECE,1,2026-04-16 16:13:15
8003,23077350,Kavya Gupta,23077350@college.edu,ME,3,2026-04-16 16:13:15
8010,23067811,Rahul Joshi,23067811@college.edu,ECE,8,2026-04-16 16:13:15
8018,23071043,Ishaan Gupta,23071043@college.edu,IT,1,2026-04-16 16:13:15
8024,23075308,Aditi Joshi,23075308@college.edu,EEE,2,2026-04-16 16:13:15
8028,23066676,Kavya Iyer,23066676@college.edu,CSE,1,2026-04-16 16:13:15
8030,23075316,Aman Khanna,23075316@college.edu,ME,7,2026-04-16 16:13:15
8034,23060263,Diya Dubey,23060263@college.edu,EEE,7,2026-04-16 16:13:15
8036,23061110,Deepak Menon,23061110@college.edu,CSE,7,2026-04-16 16:13:15
8038,23078256,Harsh Joshi,23078256@college.edu,IT,8,2026-04-16 16:13:15
8048,23068992,Diya Patel,23068992@college.edu,CSE,6,2026-04-16 16:13:15
8054,23062466,Aarav Thakur,23062466@college.edu,ME,8,2026-04-16 16:13:15
8057,23078566,Pooja Nair,23078566@college.edu,IT,3,2026-04-16 16:13:15
8068,23050367,Sai Verma,23050367@college.edu,EEE,3,2026-04-16 16:13:15
8080,23054295,Arjun Iyer,23054295@college.edu,ME,6,2026-04-16 16:13:15
8082,23073007,Varun Dubey,23073007@college.edu,IT,3,2026-04-16 16:13:15
8085,23067388,Dev Joshi,23067388@college.edu,ECE,8,2026-04-16 16:13:15
8087,23075534,Harsh Dubey,23075534@college.edu,IT,1,2026-04-16 16:13:15
8095,23057262,Aditya Patel,23057262@college.edu,ME,3,2026-04-16 16:13:15
8103,23062616,Vivaan Nair,23062616@college.edu,CSE,5,2026-04-16 16:13:15
8105,23073830,Om Joshi,23073830@college.edu,ME,8,2026-04-16 16:13:15
8108,23078283,Om Patel,23078283@college.edu,CSE,4,2026-04-16 16:13:15
8118,23050446,Rohan Pandey,23050446@college.edu,EEE,7,2026-04-16 16:13:15
8119,23058132,Ishaan Dubey,23058132@college.edu,ECE,5,2026-04-16 16:13:15
8123,23058034,Om Das,23058034@college.edu,IT,4,2026-04-16 16:13:15
8124,23051244,Mohit Das,23051244@college.edu,EEE,2,2026-04-16 16:13:15
8131,23068840,Varun Dubey,23068840@college.edu,IT,4,2026-04-16 16:13:15
8132,23061683,Arjun Agarwal,23061683@college.edu,IT,1,2026-04-16 16:13:15
8137,23075509,Harsh Bansal,23075509@college.edu,CSE,8,2026-04-16 16:13:15
8138,23054769,Rohan Bansal,23054769@college.edu,EEE,6,2026-04-16 16:13:15
8146,23071817,Ritika Kapoor,23071817@college.edu,ECE,7,2026-04-16 16:13:15
8149,23053174,Aarav Thakur,23053174@college.edu,CSE,1,2026-04-16 16:13:15
8170,23078514,Rohan Menon,23078514@college.edu,ECE,8,2026-04-16 16:13:15
8180,23065707,Dev Reddy,23065707@college.edu,CSE,1,2026-04-16 16:13:15
8188,23079106,Sneha Rao,23079106@college.edu,ECE,8,2026-04-16 16:13:15
8189,23052964,Yash Choudhary,23052964@college.edu,ME,4,2026-04-16 16:13:15
8193,23070512,Pooja Jain,23070512@college.edu,ECE,1,2026-04-16 16:13:15
8200,23058635,Diya Bansal,23058635@college.edu,ECE,4,2026-04-16 16:13:15
8204,23074895,Krishna Khanna,23074895@college.edu,ECE,5,2026-04-16 16:13:15
8205,23078739,Yash Rao,23078739@college.edu,ME,2,2026-04-16 16:13:15
8212,23064618,Rohan Mehta,23064618@college.edu,CSE,1,2026-04-16 16:13:15
8234,23051351,Varun Gupta,23051351@college.edu,EEE,1,2026-04-16 16:13:15
8237,23074241,Yash Dubey,23074241@college.edu,ME,8,2026-04-16 16:13:15
8247,23068874,Om Patel,23068874@college.edu,ECE,6,2026-04-16 16:13:15
8259,23060577,Rahul Thakur,23060577@college.edu,IT,1,2026-04-16 16:13:15
8261,23073466,Kunal Rao,23073466@college.edu,IT,7,2026-04-16 16:13:15
8270,23055660,Aditi Ghosh,23055660@college.edu,ME,3,2026-04-16 16:13:15
8278,23067930,Aman Sharma,23067930@college.edu,IT,1,2026-04-16 16:13:15
8280,23054166,Dev Choudhary,23054166@college.edu,ECE,5,2026-04-16 16:13:15
8282,23072581,Krishna Menon,23072581@college.edu,CSE,4,2026-04-16 16:13:15
8289,23060130,Om Pandey,23060130@college.edu,ME,2,2026-04-16 16:13:15
8293,23073906,Vivaan Ghosh,23073906@college.edu,CSE,6,2026-04-16 16:13:15
8294,23056296,Aarav Jain,23056296@college.edu,EEE,1,2026-04-16 16:13:15
8295,23075946,Arjun Patel,23075946@college.edu,CSE,6,2026-04-16 16:13:15
8300,23054052,Meera Reddy,23054052@college.edu,IT,4,2026-04-16 16:13:15
8312,23050174,Ishaan Khanna,23050174@college.edu,ME,6,2026-04-16 16:13:15
8320,23069411,Meera Kapoor,23069411@college.edu,EEE,1,2026-04-16 16:13:15
8327,23073262,Aditi Pandey,23073262@college.edu,EEE,2,2026-04-16 16:13:15
8328,23078072,Kavya Sinha,23078072@college.edu,EEE,4,2026-04-16 16:13:15
8336,23058128,Siddharth Iyer,23058128@college.edu,IT,2,2026-04-16 16:13:15
8337,23057981,Rohan Thakur,23057981@college.edu,EEE,5,2026-04-16 16:13:15
8338,23050119,Siddharth Bansal,23050119@college.edu,EEE,7,2026-04-16 16:13:15
8347,23072611,Neha Patel,23072611@college.edu,EEE,3,2026-04-16 16:13:15
8352,23077816,Manav Pandey,23077816@college.edu,ECE,1,2026-04-16 16:13:15
8358,23063110,Harsh Choudhary,23063110@college.edu,ME,2,2026-04-16 16:13:15
8360,23057363,Mohit Jain,23057363@college.edu,CSE,1,2026-04-16 16:13:15
8370,23067621,Sneha Sinha,23067621@college.edu,ECE,5,2026-04-16 16:13:15
8375,23058598,Dev Das,23058598@college.edu,EEE,8,2026-04-16 16:13:15
8393,23061164,Dev Choudhary,23061164@college.edu,ME,5,2026-04-16 16:13:15
8408,23053729,Diya Agarwal,23053729@college.edu,CSE,8,2026-04-16 16:13:15
8412,23062763,Siddharth Menon,23062763@college.edu,ECE,3,2026-04-16 16:13:15
8413,23052042,Harsh Bansal,23052042@college.edu,IT,2,2026-04-16 16:13:15
8416,23073577,Siddharth Verma,23073577@college.edu,CSE,5,2026-04-16 16:13:15
8417,23053580,Pooja Rao,23053580@college.edu,CSE,1,2026-04-16 16:13:15
8421,23051108,Ananya Joshi,23051108@college.edu,IT,6,2026-04-16 16:13:15
8424,23052528,Harsh Khanna,23052528@college.edu,CSE,3,2026-04-16 16:13:15
8426,23069420,Pooja Das,23069420@college.edu,IT,2,2026-04-16 16:13:15
8427,23055752,Sneha Agarwal,23055752@college.edu,IT,7,2026-04-16 16:13:15
8449,23067979,Aman Patel,23067979@college.edu,IT,6,2026-04-16 16:13:15
8455,23059926,Dev Iyer,23059926@college.edu,IT,3,2026-04-16 16:13:15
8456,23061051,Om Mehta,23061051@college.edu,EEE,5,2026-04-16 16:13:15
8463,23054511,Pooja Verma,23054511@college.edu,ECE,8,2026-04-16 16:13:15
8464,23055858,Aditi Sinha,23055858@college.edu,EEE,5,2026-04-16 16:13:15
8472,23059579,Sai Dubey,23059579@college.edu,ME,4,2026-04-16 16:13:15
8482,23068846,Ananya Choudhary,23068846@college.edu,CSE,6,2026-04-16 16:13:15
8492,23068791,Sai Verma,23068791@college.edu,IT,8,2026-04-16 16:13:15
8501,23074140,Arjun Jain,23074140@college.edu,EEE,6,2026-04-16 16:13:15
8505,23068774,Sneha Dubey,23068774@college.edu,EEE,4,2026-04-16 16:13:15
8510,23062835,Krishna Iyer,23062835@college.edu,ME,4,2026-04-16 16:13:15
8516,23060549,Meera Verma,23060549@college.edu,ME,6,2026-04-16 16:13:15
8517,23050501,Arjun Agarwal,23050501@college.edu,CSE,4,2026-04-16 16:13:15
8520,23060740,Rahul Choudhary,23060740@college.edu,CSE,5,2026-04-16 16:13:15
8521,23074090,Ritesh Joshi,23074090@college.edu,ECE,2,2026-04-16 16:13:15
8535,23055296,Rahul Sinha,23055296@college.edu,EEE,1,2026-04-16 16:13:15
8538,23057358,Aman Ghosh,23057358@college.edu,IT,8,2026-04-16 16:13:15
8542,23057819,Tanmay Bansal,23057819@college.edu,EEE,8,2026-04-16 16:13:15
8543,23058901,Ishaan Sharma,23058901@college.edu,EEE,7,2026-04-16 16:13:15
8545,23078043,Pooja Khanna,23078043@college.edu,EEE,8,2026-04-16 16:13:15
8551,23068543,Meera Verma,23068543@college.edu,ME,8,2026-04-16 16:13:15
8552,23059129,Rohan Joshi,23059129@college.edu,CSE,7,2026-04-16 16:13:15
8554,23074952,Siddharth Kapoor,23074952@college.edu,IT,2,2026-04-16 16:13:15
8555,23066114,Ritika Patel,23066114@college.edu,ME,2,2026-04-16 16:13:15
8556,23068523,Rahul Das,23068523@college.edu,EEE,1,2026-04-16 16:13:15
8573,23050487,Kunal Choudhary,23050487@college.edu,EEE,5,2026-04-16 16:13:15
8576,23074333,Varun Joshi,23074333@college.edu,ECE,6,2026-04-16 16:13:15
8578,23056910,Ritesh Dubey,23056910@college.edu,ME,6,2026-04-16 16:13:15
8587,23076595,Aditi Agarwal,23076595@college.edu,ME,8,2026-04-16 16:13:15
8588,23059122,Diya Joshi,23059122@college.edu,ECE,3,2026-04-16 16:13:15
8593,23065738,Deepak Jain,23065738@college.edu,EEE,6,2026-04-16 16:13:15
8594,23062871,Varun Rao,23062871@college.edu,EEE,6,2026-04-16 16:13:15
8595,23050199,Vivaan Thakur,23050199@college.edu,EEE,7,2026-04-16 16:13:15
8596,23075755,Arjun Menon,23075755@college.edu,ECE,1,2026-04-16 16:13:15
8600,23074033,Kavya Khanna,23074033@college.edu,ME,1,2026-04-16 16:13:15
8603,23073425,Tanmay Mehta,23073425@college.edu,CSE,3,2026-04-16 16:13:15
8604,23059250,Sneha Das,23059250@college.edu,IT,5,2026-04-16 16:13:15
8605,23063267,Manav Choudhary,23063267@college.edu,IT,5,2026-04-16 16:13:15
8609,23057229,Harsh Kapoor,23057229@college.edu,IT,7,2026-04-16 16:13:15
8613,23076265,Kunal Sinha,23076265@college.edu,CSE,8,2026-04-16 16:13:15
8617,23054135,Om Iyer,23054135@college.edu,ME,4,2026-04-16 16:13:15
8619,23076954,Kunal Sinha,23076954@college.edu,EEE,3,2026-04-16 16:13:15
8621,23070609,Vivaan Bansal,23070609@college.edu,IT,3,2026-04-16 16:13:15
8622,23057983,Meera Jain,23057983@college.edu,EEE,7,2026-04-16 16:13:15
8626,23056795,Rahul Bansal,23056795@college.edu,EEE,7,2026-04-16 16:13:15
8629,23050331,Diya Pandey,23050331@college.edu,ME,5,2026-04-16 16:13:15
8633,23053294,Harsh Ghosh,23053294@college.edu,CSE,4,2026-04-16 16:13:15
8634,23067749,Aditya Verma,23067749@college.edu,ECE,3,2026-04-16 16:13:15
8636,23072242,Kavya Agarwal,23072242@college.edu,EEE,4,2026-04-16 16:13:15
8638,23060718,Vivaan Nair,23060718@college.edu,CSE,1,2026-04-16 16:13:15
8639,23061271,Ananya Pandey,23061271@college.edu,IT,4,2026-04-16 16:13:15
8652,23053428,Aarav Nair,23053428@college.edu,ECE,4,2026-04-16 16:13:15
8664,23064436,Ritika Nair,23064436@college.edu,ECE,5,2026-04-16 16:13:15
8667,23068617,Aditi Gupta,23068617@college.edu,ME,4,2026-04-16 16:13:15
8673,23062817,Neha Patel,23062817@college.edu,IT,5,2026-04-16 16:13:15
8674,23077166,Kavya Agarwal,23077166@college.edu,ME,3,2026-04-16 16:13:15
8681,23063723,Aditya Gupta,23063723@college.edu,EEE,4,2026-04-16 16:13:15
8694,23059598,Sneha Thakur,23059598@college.edu,ECE,5,2026-04-16 16:13:15
8711,23076152,Aarav Thakur,23076152@college.edu,ME,8,2026-04-16 16:13:15
8720,23071502,Ritika Pandey,23071502@college.edu,IT,2,2026-04-16 16:13:15
8723,23059708,Varun Bansal,23059708@college.edu,IT,5,2026-04-16 16:13:15
8724,23064173,Om Pandey,23064173@college.edu,EEE,8,2026-04-16 16:13:15
8733,23053327,Ritesh Patel,23053327@college.edu,ECE,2,2026-04-16 16:13:15
8738,23075214,Siddharth Rao,23075214@college.edu,CSE,6,2026-04-16 16:13:15
8740,23074985,Aditi Mehta,23074985@college.edu,ME,2,2026-04-16 16:13:15
8743,23067242,Manav Bansal,23067242@college.edu,CSE,8,2026-04-16 16:13:15
8758,23069631,Sneha Nair,23069631@college.edu,ECE,7,2026-04-16 16:13:15
8769,23079801,Kavya Patel,23079801@college.edu,ME,7,2026-04-16 16:13:15
8783,23065689,Meera Rao,23065689@college.edu,CSE,3,2026-04-16 16:13:15
8786,23065336,Ritesh Bansal,23065336@college.edu,CSE,5,2026-04-16 16:13:15
8793,23068255,Varun Reddy,23068255@college.edu,CSE,3,2026-04-16 16:13:15
8812,23074866,Ananya Bansal,23074866@college.edu,ME,3,2026-04-16 16:13:15
8814,23074954,Varun Mehta,23074954@college.edu,ME,1,2026-04-16 16:13:15
8833,23067166,Aman Pandey,23067166@college.edu,EEE,2,2026-04-16 16:13:15
8837,23072916,Sai Verma,23072916@college.edu,ECE,6,2026-04-16 16:13:15
8841,23065016,Kavya Reddy,23065016@college.edu,ME,3,2026-04-16 16:13:15
8843,23071862,Om Nair,23071862@college.edu,ECE,3,2026-04-16 16:13:15
8852,23066965,Om Das,23066965@college.edu,IT,6,2026-04-16 16:13:15
8854,23061706,Deepak Kapoor,23061706@college.edu,ECE,5,2026-04-16 16:13:15
8855,23074205,Ritesh Das,23074205@college.edu,ME,7,2026-04-16 16:13:15
8857,23053320,Rohan Choudhary,23053320@college.edu,IT,4,2026-04-16 16:13:15
8859,23053643,Arjun Joshi,23053643@college.edu,EEE,1,2026-04-16 16:13:15
8871,23070659,Aarav Kapoor,23070659@college.edu,ECE,8,2026-04-16 16:13:15
8872,23065064,Pooja Sinha,23065064@college.edu,ECE,7,2026-04-16 16:13:15
8874,23079873,Harsh Sinha,23079873@college.edu,ME,1,2026-04-16 16:13:15
8876,23061177,Deepak Iyer,23061177@college.edu,IT,8,2026-04-16 16:13:15
8878,23078182,Kunal Khanna,23078182@college.edu,ECE,7,2026-04-16 16:13:15
8882,23064285,Aman Mehta,23064285@college.edu,IT,4,2026-04-16 16:13:15
8898,23070229,Ananya Gupta,23070229@college.edu,CSE,8,2026-04-16 16:13:15
8900,23054534,Ananya Choudhary,23054534@college.edu,ECE,3,2026-04-16 16:13:15
8903,23074843,Ritika Khanna,23074843@college.edu,EEE,7,2026-04-16 16:13:15
8905,23053051,Ananya Das,23053051@college.edu,ME,1,2026-04-16 16:13:15
8907,23068385,Arjun Jain,23068385@college.edu,CSE,7,2026-04-16 16:13:15
8910,23065378,Diya Nair,23065378@college.edu,EEE,5,2026-04-16 16:13:15
8914,23052269,Sai Mehta,23052269@college.edu,ME,2,2026-04-16 16:13:15
8922,23069678,Tanmay Reddy,23069678@college.edu,CSE,3,2026-04-16 16:13:15
8943,23054223,Ritika Pandey,23054223@college.edu,ECE,1,2026-04-16 16:13:15
8946,23053668,Priya Thakur,23053668@college.edu,CSE,1,2026-04-16 16:13:15
8948,23076321,Aman Reddy,23076321@college.edu,EEE,4,2026-04-16 16:13:15
8951,23061663,Vivaan Bansal,23061663@college.edu,EEE,2,2026-04-16 16:13:15
8958,23063381,Diya Nair,23063381@college.edu,ECE,8,2026-04-16 16:13:15
8963,23063036,Tanmay Dubey,23063036@college.edu,IT,8,2026-04-16 16:13:15
8970,23066913,Harsh Verma,23066913@college.edu,ECE,8,2026-04-16 16:13:15
8972,23074861,Rahul Nair,23074861@college.edu,IT,4,2026-04-16 16:13:15
8976,23061554,Kavya Verma,23061554@college.edu,ECE,3,2026-04-16 16:13:15
8987,23079641,Kavya Rao,23079641@college.edu,IT,7,2026-04-16 16:13:15
8993,23068651,Kavya Pandey,23068651@college.edu,CSE,3,2026-04-16 16:13:15
8994,23073143,Vivaan Jain,23073143@college.edu,CSE,6,2026-04-16 16:13:15
8997,23073088,Sai Khanna,23073088@college.edu,ECE,6,2026-04-16 16:13:15
8999,23062350,Deepak Sharma,23062350@college.edu,IT,6,2026-04-16 16:13:15
9005,23055165,Arjun Joshi,23055165@college.edu,ME,6,2026-04-16 16:13:15
9008,23062969,Priya Reddy,23062969@college.edu,EEE,6,2026-04-16 16:13:15
9012,23054679,Ritika Patel,23054679@college.edu,IT,7,2026-04-16 16:13:15
9016,23063306,Sneha Ghosh,23063306@college.edu,ECE,6,2026-04-16 16:13:15
9020,23071615,Kavya Iyer,23071615@college.edu,ECE,4,2026-04-16 16:13:15
9023,23069507,Sai Nair,23069507@college.edu,ME,8,2026-04-16 16:13:15
9028,23066382,Rohan Ghosh,23066382@college.edu,CSE,6,2026-04-16 16:13:15
9030,23050535,Siddharth Choudhary,23050535@college.edu,IT,3,2026-04-16 16:13:15
9034,23072389,Rohan Ghosh,23072389@college.edu,ECE,5,2026-04-16 16:13:15
9035,23071236,Tanmay Menon,23071236@college.edu,ME,1,2026-04-16 16:13:15
9038,23076143,Neha Gupta,23076143@college.edu,EEE,8,2026-04-16 16:13:15
9049,23066879,Aditi Nair,23066879@college.edu,IT,7,2026-04-16 16:13:15
9051,23059396,Ritesh Jain,23059396@college.edu,IT,4,2026-04-16 16:13:15
9054,23057851,Rahul Khanna,23057851@college.edu,CSE,1,2026-04-16 16:13:15
9057,23075270,Rohan Iyer,23075270@college.edu,EEE,1,2026-04-16 16:13:15
9061,23057138,Aman Pandey,23057138@college.edu,ECE,5,2026-04-16 16:13:15
9062,23072535,Tanmay Thakur,23072535@college.edu,IT,4,2026-04-16 16:13:15
9063,23058795,Tanmay Rao,23058795@college.edu,EEE,7,2026-04-16 16:13:15
9066,23064612,Tanmay Agarwal,23064612@college.edu,EEE,4,2026-04-16 16:13:15
9069,23061035,Dev Gupta,23061035@college.edu,ECE,6,2026-04-16 16:13:15
9070,23068938,Krishna Reddy,23068938@college.edu,CSE,6,2026-04-16 16:13:15
9071,23063599,Om Sharma,23063599@college.edu,IT,4,2026-04-16 16:13:15
9075,23073390,Ananya Agarwal,23073390@college.edu,ECE,6,2026-04-16 16:13:15
9077,23058218,Arjun Rao,23058218@college.edu,ECE,1,2026-04-16 16:13:15
9096,23078921,Aditya Jain,23078921@college.edu,ME,4,2026-04-16 16:13:15
9099,23068350,Om Mehta,23068350@college.edu,IT,2,2026-04-16 16:13:15
9101,23071610,Aditi Agarwal,23071610@college.edu,CSE,7,2026-04-16 16:13:15
9104,23054760,Neha Joshi,23054760@college.edu,CSE,7,2026-04-16 16:13:15
9113,23076114,Ritesh Gupta,23076114@college.edu,EEE,4,2026-04-16 16:13:15
9117,23059258,Tanmay Pandey,23059258@college.edu,EEE,1,2026-04-16 16:13:15
9123,23076623,Krishna Kapoor,23076623@college.edu,CSE,6,2026-04-16 16:13:15
9136,23063876,Tanmay Das,23063876@college.edu,EEE,8,2026-04-16 16:13:15
9138,23075340,Rahul Mehta,23075340@college.edu,ECE,7,2026-04-16 16:13:15
9140,23066771,Varun Verma,23066771@college.edu,CSE,6,2026-04-16 16:13:15
9143,23051593,Priya Verma,23051593@college.edu,EEE,2,2026-04-16 16:13:15
9146,23061985,Tanmay Choudhary,23061985@college.edu,ME,6,2026-04-16 16:13:15
9151,23055778,Rahul Agarwal,23055778@college.edu,IT,2,2026-04-16 16:13:15
9173,23066603,Aarav Dubey,23066603@college.edu,IT,7,2026-04-16 16:13:15
9176,23058522,Ritesh Verma,23058522@college.edu,EEE,4,2026-04-16 16:13:15
9177,23051053,Dev Agarwal,23051053@college.edu,ME,1,2026-04-16 16:13:15
9178,23058441,Sneha Gupta,23058441@college.edu,IT,7,2026-04-16 16:13:15
9180,23062456,Pooja Gupta,23062456@college.edu,CSE,3,2026-04-16 16:13:15
9183,23067600,Siddharth Bansal,23067600@college.edu,ECE,5,2026-04-16 16:13:15
9192,23053447,Pooja Khanna,23053447@college.edu,CSE,6,2026-04-16 16:13:15
9195,23072131,Mohit Nair,23072131@college.edu,CSE,3,2026-04-16 16:13:15
9199,23072247,Yash Ghosh,23072247@college.edu,CSE,8,2026-04-16 16:13:15
9215,23061025,Krishna Dubey,23061025@college.edu,ME,4,2026-04-16 16:13:15
9222,23075560,Ishaan Gupta,23075560@college.edu,EEE,6,2026-04-16 16:13:15
9230,23076207,Aman Khanna,23076207@college.edu,ECE,5,2026-04-16 16:13:15
9231,23071725,Pooja Verma,23071725@college.edu,IT,7,2026-04-16 16:13:15
9238,23051605,Mohit Pandey,23051605@college.edu,CSE,1,2026-04-16 16:13:15
9246,23059798,Dev Jain,23059798@college.edu,ECE,2,2026-04-16 16:13:15
9251,23066823,Yash Menon,23066823@college.edu,ME,3,2026-04-16 16:13:15
9256,23051136,Deepak Menon,23051136@college.edu,IT,7,2026-04-16 16:13:15
9263,23060176,Nikhil Patel,23060176@college.edu,CSE,5,2026-04-16 16:13:15
9264,23064868,Harsh Thakur,23064868@college.edu,EEE,1,2026-04-16 16:13:15
9266,23051405,Ritika Ghosh,23051405@college.edu,ME,7,2026-04-16 16:13:15
9268,23064808,Tanmay Khanna,23064808@college.edu,CSE,4,2026-04-16 16:13:15
9273,23067322,Sneha Jain,23067322@college.edu,EEE,8,2026-04-16 16:13:15
9276,23077511,Siddharth Menon,23077511@college.edu,CSE,4,2026-04-16 16:13:15
9299,23057725,Krishna Reddy,23057725@college.edu,EEE,3,2026-04-16 16:13:15
9301,23051179,Priya Patel,23051179@college.edu,IT,2,2026-04-16 16:13:15
9303,23052637,Priya Iyer,23052637@college.edu,CSE,8,2026-04-16 16:13:15
9308,23072773,Ritika Khanna,23072773@college.edu,ME,7,2026-04-16 16:13:15
9312,23056418,Kavya Das,23056418@college.edu,EEE,8,2026-04-16 16:13:15
9319,23052363,Vivaan Choudhary,23052363@college.edu,CSE,4,2026-04-16 16:13:15
9321,23052870,Aarav Choudhary,23052870@college.edu,CSE,6,2026-04-16 16:13:15
9328,23060234,Priya Rao,23060234@college.edu,CSE,7,2026-04-16 16:13:15
9334,23077192,Ritika Dubey,23077192@college.edu,CSE,7,2026-04-16 16:13:15
9337,23079484,Manav Das,23079484@college.edu,CSE,2,2026-04-16 16:13:15
9349,23051619,Ritesh Iyer,23051619@college.edu,EEE,5,2026-04-16 16:13:15
9354,23058640,Ishaan Verma,23058640@college.edu,EEE,4,2026-04-16 16:13:15
9357,23051021,Sai Dubey,23051021@college.edu,ECE,6,2026-04-16 16:13:15
9358,23071732,Yash Rao,23071732@college.edu,CSE,4,2026-04-16 16:13:15
9361,23077506,Meera Bansal,23077506@college.edu,IT,5,2026-04-16 16:13:15
9368,23052824,Ritika Nair,23052824@college.edu,ECE,5,2026-04-16 16:13:15
9371,23070738,Aman Reddy,23070738@college.edu,CSE,2,2026-04-16 16:13:15
9373,23057716,Mohit Pandey,23057716@college.edu,ME,1,2026-04-16 16:13:15
9374,23066140,Tanmay Mehta,23066140@college.edu,EEE,3,2026-04-16 16:13:15
9377,23052476,Ishaan Verma,23052476@college.edu,ECE,5,2026-04-16 16:13:15
9383,23053120,Deepak Pandey,23053120@college.edu,IT,4,2026-04-16 16:13:15
9390,23056942,Ishaan Bansal,23056942@college.edu,ECE,5,2026-04-16 16:13:15
9396,23059837,Mohit Rao,23059837@college.edu,EEE,6,2026-04-16 16:13:15
9398,23072334,Krishna Khanna,23072334@college.edu,IT,1,2026-04-16 16:13:15
9400,23060006,Tanmay Jain,23060006@college.edu,IT,3,2026-04-16 16:13:15
9404,23068654,Rohan Sharma,23068654@college.edu,IT,3,2026-04-16 16:13:15
9406,23056916,Rahul Bansal,23056916@college.edu,ECE,2,2026-04-16 16:13:15
9409,23053315,Sneha Rao,23053315@college.edu,EEE,8,2026-04-16 16:13:15
9411,23076268,Manav Gupta,23076268@college.edu,ECE,4,2026-04-16 16:13:15
9412,23063090,Aditi Khanna,23063090@college.edu,ME,5,2026-04-16 16:13:15
9418,23052504,Siddharth Mehta,23052504@college.edu,ME,2,2026-04-16 16:13:15
9426,23070689,Kavya Das,23070689@college.edu,CSE,4,2026-04-16 16:13:15
9443,23053914,Kunal Dubey,23053914@college.edu,EEE,6,2026-04-16 16:13:15
9445,23072085,Pooja Khanna,23072085@college.edu,ECE,8,2026-04-16 16:13:15
9447,23052452,Om Menon,23052452@college.edu,ME,6,2026-04-16 16:13:15
9448,23052902,Neha Sinha,23052902@college.edu,EEE,1,2026-04-16 16:13:15
9449,23071967,Ishaan Menon,23071967@college.edu,ECE,4,2026-04-16 16:13:15
9453,23074880,Arjun Menon,23074880@college.edu,IT,2,2026-04-16 16:13:15
9455,23075141,Om Iyer,23075141@college.edu,CSE,6,2026-04-16 16:13:15
9459,23061315,Om Menon,23061315@college.edu,EEE,4,2026-04-16 16:13:15
9462,23063026,Ishaan Verma,23063026@college.edu,ME,1,2026-04-16 16:13:15
9463,23059777,Kunal Ghosh,23059777@college.edu,EEE,7,2026-04-16 16:13:15
9467,23075198,Deepak Gupta,23075198@college.edu,CSE,7,2026-04-16 16:13:15
9468,23069266,Harsh Khanna,23069266@college.edu,EEE,1,2026-04-16 16:13:15
9472,23054566,Dev Choudhary,23054566@college.edu,IT,6,2026-04-16 16:13:15
9474,23057813,Meera Menon,23057813@college.edu,EEE,2,2026-04-16 16:13:15
9481,23077358,Dev Das,23077358@college.edu,EEE,2,2026-04-16 16:13:15
9486,23069446,Nikhil Verma,23069446@college.edu,ECE,2,2026-04-16 16:13:15
9488,23068312,Krishna Jain,23068312@college.edu,ME,2,2026-04-16 16:13:15
9501,23055451,Rahul Iyer,23055451@college.edu,ME,2,2026-04-16 16:13:15
9505,23066499,Kunal Kapoor,23066499@college.edu,CSE,3,2026-04-16 16:13:15
9509,23076817,Harsh Iyer,23076817@college.edu,EEE,3,2026-04-16 16:13:15
9516,23077109,Dev Gupta,23077109@college.edu,IT,8,2026-04-16 16:13:15
9538,23055082,Ritika Das,23055082@college.edu,IT,6,2026-04-16 16:13:15
9544,23070977,Manav Iyer,23070977@college.edu,ECE,5,2026-04-16 16:13:15
9552,23068434,Deepak Ghosh,23068434@college.edu,CSE,5,2026-04-16 16:13:15
9556,23070604,Neha Mehta,23070604@college.edu,EEE,5,2026-04-16 16:13:15
9560,23075794,Priya Mehta,23075794@college.edu,CSE,8,2026-04-16 16:13:15
9569,23074958,Varun Gupta,23074958@college.edu,EEE,3,2026-04-16 16:13:15
9572,23066907,Pooja Gupta,23066907@college.edu,ECE,8,2026-04-16 16:13:15
9583,23057695,Sai Sharma,23057695@college.edu,IT,5,2026-04-16 16:13:15
9585,23056566,Rohan Gupta,23056566@college.edu,ECE,4,2026-04-16 16:13:15
9587,23065071,Neha Agarwal,23065071@college.edu,ECE,2,2026-04-16 16:13:15
9592,23051959,Yash Reddy,23051959@college.edu,CSE,4,2026-04-16 16:13:15
9593,23072565,Ishaan Choudhary,23072565@college.edu,EEE,8,2026-04-16 16:13:15
9604,23078366,Rahul Menon,23078366@college.edu,CSE,7,2026-04-16 16:13:15
9609,23073353,Tanmay Bansal,23073353@college.edu,CSE,1,2026-04-16 16:13:15
9611,23063811,Dev Mehta,23063811@college.edu,IT,4,2026-04-16 16:13:15
9612,23060161,Nikhil Khanna,23060161@college.edu,CSE,5,2026-04-16 16:13:15
9614,23072218,Dev Patel,23072218@college.edu,ME,4,2026-04-16 16:13:15
9622,23050802,Neha Iyer,23050802@college.edu,IT,8,2026-04-16 16:13:15
9624,23063318,Vivaan Joshi,23063318@college.edu,ME,2,2026-04-16 16:13:15
9625,23078934,Siddharth Jain,23078934@college.edu,IT,3,2026-04-16 16:13:15
9626,23068954,Dev Pandey,23068954@college.edu,CSE,4,2026-04-16 16:13:15
9645,23060636,Ritika Khanna,23060636@college.edu,ME,8,2026-04-16 16:13:15
9646,23055057,Diya Choudhary,23055057@college.edu,IT,1,2026-04-16 16:13:15
9656,23062932,Siddharth Pandey,23062932@college.edu,ME,4,2026-04-16 16:13:15
9658,23054061,Ananya Thakur,23054061@college.edu,IT,2,2026-04-16 16:13:15
9659,23052570,Ritika Sinha,23052570@college.edu,CSE,6,2026-04-16 16:13:15
9660,23060268,Rahul Sharma,23060268@college.edu,EEE,3,2026-04-16 16:13:15
9662,23052678,Harsh Khanna,23052678@college.edu,IT,4,2026-04-16 16:13:15
9666,23063907,Pooja Iyer,23063907@college.edu,EEE,4,2026-04-16 16:13:15
9673,23051172,Ishaan Nair,23051172@college.edu,IT,3,2026-04-16 16:13:15
9675,23079544,Ritika Verma,23079544@college.edu,CSE,1,2026-04-16 16:13:15
9685,23079490,Om Dubey,23079490@college.edu,ECE,3,2026-04-16 16:13:15
9714,23058300,Deepak Jain,23058300@college.edu,ME,2,2026-04-16 16:13:15
9719,23067683,Harsh Menon,23067683@college.edu,ECE,8,2026-04-16 16:13:15
9728,23069067,Ritesh Das,23069067@college.edu,EEE,6,2026-04-16 16:13:15
9736,23059109,Varun Thakur,23059109@college.edu,IT,5,2026-04-16 16:13:15
9741,23074661,Diya Thakur,23074661@college.edu,ME,3,2026-04-16 16:13:15
9755,23068900,Harsh Nair,23068900@college.edu,EEE,3,2026-04-16 16:13:15
9759,23064157,Meera Sharma,23064157@college.edu,ECE,3,2026-04-16 16:13:15
9760,23056131,Yash Das,23056131@college.edu,EEE,7,2026-04-16 16:13:15
9776,23069648,Diya Gupta,23069648@college.edu,EEE,5,2026-04-16 16:13:15
9782,23064565,Mohit Jain,23064565@college.edu,IT,8,2026-04-16 16:13:15
9789,23069972,Kunal Sinha,23069972@college.edu,ECE,6,2026-04-16 16:13:15
9790,23055533,Harsh Thakur,23055533@college.edu,EEE,5,2026-04-16 16:13:15
9791,23061130,Manav Iyer,23061130@college.edu,ECE,4,2026-04-16 16:13:15
9802,23075156,Ritika Menon,23075156@college.edu,EEE,1,2026-04-16 16:13:15
9810,23054519,Varun Menon,23054519@college.edu,CSE,6,2026-04-16 16:13:15
9811,23069350,Krishna Agarwal,23069350@college.edu,ECE,4,2026-04-16 16:13:15
9814,23071761,Manav Bansal,23071761@college.edu,ECE,8,2026-04-16 16:13:15
9817,23076090,Arjun Nair,23076090@college.edu,CSE,2,2026-04-16 16:13:15
9827,23051666,Diya Rao,23051666@college.edu,ME,2,2026-04-16 16:13:15
9837,23070966,Ananya Sinha,23070966@college.edu,EEE,3,2026-04-16 16:13:15
9842,23061802,Manav Gupta,23061802@college.edu,ME,2,2026-04-16 16:13:15
9852,23059928,Vivaan Pandey,23059928@college.edu,ECE,1,2026-04-16 16:13:15
9859,23051060,Arjun Iyer,23051060@college.edu,ME,4,2026-04-16 16:13:15
9862,23063612,Rahul Verma,23063612@college.edu,EEE,8,2026-04-16 16:13:15
9864,23060811,Varun Reddy,23060811@college.edu,IT,8,2026-04-16 16:13:15
9867,23064010,Ritesh Iyer,23064010@college.edu,IT,5,2026-04-16 16:13:15
9874,23055344,Dev Choudhary,23055344@college.edu,ECE,4,2026-04-16 16:13:15
9880,23072397,Arjun Dubey,23072397@college.edu,EEE,4,2026-04-16 16:13:15
9883,23056423,Ritika Dubey,23056423@college.edu,EEE,8,2026-04-16 16:13:15
9884,23076205,Tanmay Jain,23076205@college.edu,ME,3,2026-04-16 16:13:15
9885,23073933,Aarav Khanna,23073933@college.edu,ECE,3,2026-04-16 16:13:15
9887,23055006,Sneha Choudhary,23055006@college.edu,ECE,8,2026-04-16 16:13:15
9896,23069695,Vivaan Rao,23069695@college.edu,EEE,1,2026-04-16 16:13:15
9899,23065791,Ritesh Patel,23065791@college.edu,ECE,6,2026-04-16 16:13:15
9906,23055402,Pooja Sharma,23055402@college.edu,IT,3,2026-04-16 16:13:15
9908,23069552,Om Das,23069552@college.edu,ECE,7,2026-04-16 16:13:15
9909,23068558,Aarav Kapoor,23068558@college.edu,ECE,4,2026-04-16 16:13:15
9916,23053823,Manav Iyer,23053823@college.edu,ME,8,2026-04-16 16:13:15
9917,23054394,Yash Ghosh,23054394@college.edu,ECE,6,2026-04-16 16:13:15
9922,23054392,Mohit Sharma,23054392@college.edu,EEE,4,2026-04-16 16:13:15
9925,23079055,Om Thakur,23079055@college.edu,ECE,3,2026-04-16 16:13:15
9928,23061323,Sneha Das,23061323@college.edu,ECE,3,2026-04-16 16:13:15
9933,23051954,Mohit Jain,23051954@college.edu,ME,8,2026-04-16 16:13:15
9934,23078036,Dev Nair,23078036@college.edu,CSE,6,2026-04-16 16:13:15
9945,23076334,Varun Khanna,23076334@college.edu,ECE,8,2026-04-16 16:13:15
9953,23055594,Varun Khanna,23055594@college.edu,ME,3,2026-04-16 16:13:15
9958,23051225,Arjun Bansal,23051225@college.edu,ECE,3,2026-04-16 16:13:15
9960,23076244,Meera Kapoor,23076244@college.edu,ME,2,2026-04-16 16:13:15
9968,23065622,Aditya Rao,23065622@college.edu,ECE,3,2026-04-16 16:13:15
9977,23076033,Aman Menon,23076033@college.edu,ME,3,2026-04-16 16:13:15
9978,23074054,Neha Sharma,23074054@college.edu,IT,1,2026-04-16 16:13:15
9979,23076764,Krishna Iyer,23076764@college.edu,ECE,3,2026-04-16 16:13:15
9983,23076023,Ishaan Gupta,23076023@college.edu,IT,8,2026-04-16 16:13:15
9986,23060841,Ritika Sinha,23060841@college.edu,CSE,3,2026-04-16 16:13:15
9993,23050867,Deepak Jain,23050867@college.edu,ECE,8,2026-04-16 16:13:15
9998,23062001,Kunal Choudhary,23062001@college.edu,ME,1,2026-04-16 16:13:15
10012,23058880,Yash Gupta,23058880@college.edu,EEE,6,2026-04-16 16:13:15
10021,23068679,Mohit Pandey,23068679@college.edu,ECE,5,2026-04-16 16:13:15
10024,23052142,Krishna Verma,23052142@college.edu,CSE,6,2026-04-16 16:13:15
10035,23076665,Rohan Dubey,23076665@college.edu,EEE,4,2026-04-16 16:13:15
10036,23057867,Sai Ghosh,23057867@college.edu,ECE,4,2026-04-16 16:13:15
10037,23073237,Siddharth Joshi,23073237@college.edu,ME,7,2026-04-16 16:13:15
10042,23064503,Ishaan Jain,23064503@college.edu,EEE,5,2026-04-16 16:13:15
10049,23077227,Kunal Joshi,23077227@college.edu,ME,7,2026-04-16 16:13:15
10051,23050074,Varun Dubey,23050074@college.edu,ME,6,2026-04-16 16:13:15
10052,23072881,Manav Nair,23072881@college.edu,CSE,5,2026-04-16 16:13:15
10058,23054203,Ritesh Agarwal,23054203@college.edu,CSE,6,2026-04-16 16:13:15
10065,23054850,Kunal Das,23054850@college.edu,EEE,7,2026-04-16 16:13:15
10066,23073825,Deepak Menon,23073825@college.edu,CSE,1,2026-04-16 16:13:15
10070,23063326,Arjun Ghosh,23063326@college.edu,EEE,1,2026-04-16 16:13:15
10073,23062035,Pooja Bansal,23062035@college.edu,EEE,5,2026-04-16 16:13:15
10082,23074320,Krishna Thakur,23074320@college.edu,ME,4,2026-04-16 16:13:15
10084,23064782,Ishaan Pandey,23064782@college.edu,EEE,5,2026-04-16 16:13:15
10101,23061063,Manav Ghosh,23061063@college.edu,CSE,3,2026-04-16 16:13:15
10104,23069235,Kavya Dubey,23069235@college.edu,IT,3,2026-04-16 16:13:15
10106,23060172,Ritika Khanna,23060172@college.edu,IT,1,2026-04-16 16:13:15
10107,23066568,Yash Agarwal,23066568@college.edu,CSE,4,2026-04-16 16:13:15
10115,23057126,Varun Menon,23057126@college.edu,CSE,3,2026-04-16 16:13:15
10116,23068041,Om Khanna,23068041@college.edu,ME,7,2026-04-16 16:13:15
10123,23074898,Aarav Jain,23074898@college.edu,EEE,6,2026-04-16 16:13:15
10124,23059721,Ritika Jain,23059721@college.edu,ME,1,2026-04-16 16:13:15
10134,23075218,Aman Pandey,23075218@college.edu,IT,2,2026-04-16 16:13:15
10139,23051704,Aarav Choudhary,23051704@college.edu,ECE,1,2026-04-16 16:13:15
10140,23064747,Rahul Jain,23064747@college.edu,IT,4,2026-04-16 16:13:15
10142,23063823,Vivaan Verma,23063823@college.edu,CSE,3,2026-04-16 16:13:15
10147,23055407,Priya Reddy,23055407@college.edu,ME,5,2026-04-16 16:13:15
10152,23069633,Dev Jain,23069633@college.edu,ECE,1,2026-04-16 16:13:15
10156,23055271,Dev Pandey,23055271@college.edu,EEE,8,2026-04-16 16:13:15
10157,23076449,Tanmay Thakur,23076449@college.edu,ME,7,2026-04-16 16:13:15
10163,23078989,Aditya Gupta,23078989@college.edu,ME,6,2026-04-16 16:13:15
10166,23055909,Meera Nair,23055909@college.edu,ME,5,2026-04-16 16:13:15
10169,23068405,Aman Sharma,23068405@college.edu,ME,2,2026-04-16 16:13:15
10186,23074603,Ishaan Thakur,23074603@college.edu,ECE,7,2026-04-16 16:13:15
10188,23073185,Tanmay Joshi,23073185@college.edu,ME,5,2026-04-16 16:13:15
10191,23056244,Pooja Menon,23056244@college.edu,ME,1,2026-04-16 16:13:15
10197,23059499,Kunal Gupta,23059499@college.edu,IT,4,2026-04-16 16:13:15
10201,23074547,Sneha Patel,23074547@college.edu,ECE,3,2026-04-16 16:13:15
10208,23072419,Aman Pandey,23072419@college.edu,ECE,6,2026-04-16 16:13:15
10215,23052680,Sneha Agarwal,23052680@college.edu,EEE,5,2026-04-16 16:13:15
10220,23050831,Ritika Dubey,23050831@college.edu,ECE,3,2026-04-16 16:13:15
10221,23073404,Aman Kapoor,23073404@college.edu,ECE,3,2026-04-16 16:13:15
10223,23058237,Aarav Sinha,23058237@college.edu,IT,2,2026-04-16 16:13:15
10224,23078330,Dev Bansal,23078330@college.edu,ECE,5,2026-04-16 16:13:15
10227,23053084,Siddharth Pandey,23053084@college.edu,ME,7,2026-04-16 16:13:15
10234,23067198,Yash Nair,23067198@college.edu,ME,8,2026-04-16 16:13:15
10236,23075538,Sai Gupta,23075538@college.edu,IT,5,2026-04-16 16:13:15
10240,23071829,Neha Menon,23071829@college.edu,ME,6,2026-04-16 16:13:15
10245,23065084,Om Joshi,23065084@college.edu,EEE,4,2026-04-16 16:13:15
10253,23057501,Rohan Ghosh,23057501@college.edu,ME,1,2026-04-16 16:13:15
10256,23079471,Krishna Sinha,23079471@college.edu,IT,8,2026-04-16 16:13:15
10262,23071775,Siddharth Verma,23071775@college.edu,ME,4,2026-04-16 16:13:15
10264,23063087,Aman Thakur,23063087@college.edu,CSE,4,2026-04-16 16:13:15
10266,23071164,Tanmay Verma,23071164@college.edu,EEE,8,2026-04-16 16:13:15
10268,23059716,Aarav Pandey,23059716@college.edu,CSE,1,2026-04-16 16:13:15
10279,23067036,Sneha Patel,23067036@college.edu,CSE,7,2026-04-16 16:13:15
10287,23072078,Krishna Nair,23072078@college.edu,EEE,4,2026-04-16 16:13:15
10297,23077301,Nikhil Patel,23077301@college.edu,CSE,7,2026-04-16 16:13:15
10304,23055181,Vivaan Menon,23055181@college.edu,ME,3,2026-04-16 16:13:15
10305,23066181,Meera Das,23066181@college.edu,ECE,2,2026-04-16 16:13:15
10307,23074019,Rohan Bansal,23074019@college.edu,EEE,6,2026-04-16 16:13:15
10311,23073726,Rahul Sharma,23073726@college.edu,IT,2,2026-04-16 16:13:15
10314,23066743,Aarav Mehta,23066743@college.edu,EEE,5,2026-04-16 16:13:15
10317,23051279,Mohit Sharma,23051279@college.edu,IT,3,2026-04-16 16:13:15
10328,23075843,Manav Pandey,23075843@college.edu,ME,5,2026-04-16 16:13:15
10330,23062236,Ishaan Thakur,23062236@college.edu,CSE,2,2026-04-16 16:13:15
10335,23076657,Nikhil Jain,23076657@college.edu,EEE,3,2026-04-16 16:13:15
10336,23059146,Priya Sharma,23059146@college.edu,ECE,7,2026-04-16 16:13:15
10339,23064253,Vivaan Kapoor,23064253@college.edu,ECE,7,2026-04-16 16:13:15
10347,23074856,Dev Nair,23074856@college.edu,CSE,3,2026-04-16 16:13:15
10350,23052748,Vivaan Sinha,23052748@college.edu,IT,4,2026-04-16 16:13:15
10357,23075364,Dev Menon,23075364@college.edu,IT,6,2026-04-16 16:13:15
10358,23066529,Tanmay Nair,23066529@college.edu,CSE,7,2026-04-16 16:13:15
10359,23064114,Krishna Reddy,23064114@college.edu,ECE,7,2026-04-16 16:13:15
10360,23070969,Vivaan Pandey,23070969@college.edu,ECE,3,2026-04-16 16:13:15
10369,23054780,Neha Nair,23054780@college.edu,IT,2,2026-04-16 16:13:15
10371,23079538,Aditya Sinha,23079538@college.edu,EEE,4,2026-04-16 16:13:15
10373,23066414,Diya Bansal,23066414@college.edu,EEE,6,2026-04-16 16:13:15
10374,23064550,Aarav Gupta,23064550@college.edu,ME,3,2026-04-16 16:13:15
10378,23053098,Harsh Thakur,23053098@college.edu,ME,2,2026-04-16 16:13:15
10380,23054905,Yash Bansal,23054905@college.edu,IT,8,2026-04-16 16:13:15
10381,23063905,Ritika Menon,23063905@college.edu,EEE,1,2026-04-16 16:13:15
10383,23059473,Vivaan Jain,23059473@college.edu,EEE,8,2026-04-16 16:13:15
10384,23051237,Rohan Das,23051237@college.edu,EEE,7,2026-04-16 16:13:15
10385,23079699,Nikhil Mehta,23079699@college.edu,ECE,4,2026-04-16 16:13:15
10393,23064962,Aarav Sharma,23064962@college.edu,CSE,7,2026-04-16 16:13:15
10395,23055254,Kunal Menon,23055254@college.edu,ECE,7,2026-04-16 16:13:15
10397,23069617,Neha Pandey,23069617@college.edu,CSE,4,2026-04-16 16:13:15
10398,23072847,Aditi Reddy,23072847@college.edu,ECE,6,2026-04-16 16:13:15
10404,23061758,Om Rao,23061758@college.edu,CSE,2,2026-04-16 16:13:15
10411,23062903,Yash Nair,23062903@college.edu,IT,8,2026-04-16 16:13:15
10412,23073394,Yash Khanna,23073394@college.edu,CSE,3,2026-04-16 16:13:15
10413,23051112,Yash Iyer,23051112@college.edu,CSE,6,2026-04-16 16:13:15
10426,23058468,Aarav Agarwal,23058468@college.edu,ECE,6,2026-04-16 16:13:15
10432,23061196,Aman Verma,23061196@college.edu,CSE,4,2026-04-16 16:13:15
10435,23061810,Meera Verma,23061810@college.edu,EEE,4,2026-04-16 16:13:15
10438,23068590,Priya Khanna,23068590@college.edu,EEE,8,2026-04-16 16:13:15
10439,23051177,Ananya Mehta,23051177@college.edu,EEE,4,2026-04-16 16:13:15
10444,23072268,Manav Thakur,23072268@college.edu,ME,1,2026-04-16 16:13:15
10448,23058717,Mohit Nair,23058717@college.edu,ME,8,2026-04-16 16:13:15
10452,23055767,Pooja Gupta,23055767@college.edu,ECE,1,2026-04-16 16:13:15
10459,23055938,Pooja Gupta,23055938@college.edu,EEE,2,2026-04-16 16:13:15
10462,23057366,Aman Mehta,23057366@college.edu,IT,8,2026-04-16 16:13:15
10468,23066491,Aman Mehta,23066491@college.edu,ECE,6,2026-04-16 16:13:15
10470,23058281,Tanmay Ghosh,23058281@college.edu,ME,7,2026-04-16 16:13:15
10474,23064717,Harsh Choudhary,23064717@college.edu,IT,6,2026-04-16 16:13:15
10482,23050789,Ritika Choudhary,23050789@college.edu,ECE,2,2026-04-16 16:13:15
10485,23068603,Mohit Mehta,23068603@college.edu,EEE,4,2026-04-16 16:13:15
10494,23054079,Aditi Rao,23054079@college.edu,IT,5,2026-04-16 16:13:15
10496,23076227,Mohit Gupta,23076227@college.edu,ECE,5,2026-04-16 16:13:15
10497,23052933,Priya Sinha,23052933@college.edu,ME,4,2026-04-16 16:13:15
10502,23058581,Krishna Menon,23058581@college.edu,IT,6,2026-04-16 16:13:15
10515,23057192,Aman Sinha,23057192@college.edu,ME,3,2026-04-16 16:13:15
10521,23065263,Mohit Joshi,23065263@college.edu,ECE,6,2026-04-16 16:13:15
10522,23056289,Rohan Sinha,23056289@college.edu,ME,2,2026-04-16 16:13:15
10527,23060168,Tanmay Iyer,23060168@college.edu,EEE,2,2026-04-16 16:13:15
10531,23066968,Aditya Jain,23066968@college.edu,IT,4,2026-04-16 16:13:15
10536,23062759,Varun Joshi,23062759@college.edu,ME,4,2026-04-16 16:13:15
10539,23050726,Ananya Rao,23050726@college.edu,ME,2,2026-04-16 16:13:15
10546,23060587,Ritesh Ghosh,23060587@college.edu,EEE,2,2026-04-16 16:13:15
10547,23077140,Aditya Bansal,23077140@college.edu,CSE,1,2026-04-16 16:13:15
10553,23055998,Sai Choudhary,23055998@college.edu,EEE,7,2026-04-16 16:13:15
10557,23075748,Sai Mehta,23075748@college.edu,ME,7,2026-04-16 16:13:15
10559,23059581,Vivaan Patel,23059581@college.edu,ECE,8,2026-04-16 16:13:15
10562,23057888,Aarav Sinha,23057888@college.edu,ECE,5,2026-04-16 16:13:15
10563,23053526,Varun Patel,23053526@college.edu,IT,8,2026-04-16 16:13:15
10573,23078640,Sai Ghosh,23078640@college.edu,ECE,1,2026-04-16 16:13:15
10577,23065558,Ishaan Thakur,23065558@college.edu,ME,7,2026-04-16 16:13:15
10579,23073799,Diya Das,23073799@college.edu,ECE,3,2026-04-16 16:13:15
10596,23065477,Krishna Verma,23065477@college.edu,ECE,6,2026-04-16 16:13:15
10601,23079927,Priya Choudhary,23079927@college.edu,IT,6,2026-04-16 16:13:15
10607,23060205,Aditya Kapoor,23060205@college.edu,CSE,5,2026-04-16 16:13:15
10610,23059079,Tanmay Khanna,23059079@college.edu,IT,1,2026-04-16 16:13:15
10622,23053920,Kunal Pandey,23053920@college.edu,CSE,4,2026-04-16 16:13:15
10625,23063169,Aman Khanna,23063169@college.edu,ECE,1,2026-04-16 16:13:15
10631,23069958,Rohan Khanna,23069958@college.edu,ECE,8,2026-04-16 16:13:15
10641,23055878,Rohan Patel,23055878@college.edu,IT,8,2026-04-16 16:13:15
10652,23075661,Vivaan Das,23075661@college.edu,IT,1,2026-04-16 16:13:15
10653,23074580,Nikhil Bansal,23074580@college.edu,EEE,5,2026-04-16 16:13:15
10658,23063575,Aditya Sharma,23063575@college.edu,ECE,7,2026-04-16 16:13:15
10663,23079798,Varun Patel,23079798@college.edu,CSE,7,2026-04-16 16:13:15
10671,23072593,Neha Rao,23072593@college.edu,ECE,2,2026-04-16 16:13:15
10672,23066837,Kunal Sharma,23066837@college.edu,ME,5,2026-04-16 16:13:15
10673,23057003,Aditi Iyer,23057003@college.edu,CSE,8,2026-04-16 16:13:15
10678,23076421,Neha Menon,23076421@college.edu,IT,7,2026-04-16 16:13:15
10683,23076224,Rohan Mehta,23076224@college.edu,IT,2,2026-04-16 16:13:15
10704,23060486,Nikhil Menon,23060486@college.edu,EEE,3,2026-04-16 16:13:15
10707,23051393,Nikhil Iyer,23051393@college.edu,IT,4,2026-04-16 16:13:15
10716,23072304,Kunal Agarwal,23072304@college.edu,EEE,7,2026-04-16 16:13:15
10728,23051447,Varun Ghosh,23051447@college.edu,IT,2,2026-04-16 16:13:15
10734,23070349,Sai Ghosh,23070349@college.edu,ECE,1,2026-04-16 16:13:15
10741,23073376,Siddharth Joshi,23073376@college.edu,ME,3,2026-04-16 16:13:15
10745,23066183,Yash Jain,23066183@college.edu,EEE,7,2026-04-16 16:13:15
10746,23051251,Ritesh Kapoor,23051251@college.edu,EEE,5,2026-04-16 16:13:15
10768,23058061,Pooja Kapoor,23058061@college.edu,ME,4,2026-04-16 16:13:15
10771,23061668,Deepak Joshi,23061668@college.edu,IT,1,2026-04-16 16:13:15
10772,23067539,Vivaan Sinha,23067539@college.edu,IT,1,2026-04-16 16:13:15
10775,23067148,Mohit Ghosh,23067148@college.edu,EEE,5,2026-04-16 16:13:15
10792,23061646,Sneha Patel,23061646@college.edu,IT,7,2026-04-16 16:13:15
10794,23065593,Ananya Khanna,23065593@college.edu,CSE,8,2026-04-16 16:13:15
10800,23060823,Om Joshi,23060823@college.edu,ECE,4,2026-04-16 16:13:15
10804,23050176,Deepak Ghosh,23050176@college.edu,ECE,2,2026-04-16 16:13:15
10807,23055539,Sneha Choudhary,23055539@college.edu,EEE,8,2026-04-16 16:13:15
10809,23059659,Sai Sharma,23059659@college.edu,EEE,8,2026-04-16 16:13:15
10812,23079119,Meera Gupta,23079119@college.edu,CSE,4,2026-04-16 16:13:15
10822,23054739,Mohit Das,23054739@college.edu,ME,8,2026-04-16 16:13:15
10824,23053563,Aditya Kapoor,23053563@college.edu,IT,7,2026-04-16 16:13:15
10826,23064850,Nikhil Das,23064850@college.edu,CSE,4,2026-04-16 16:13:15
10837,23057987,Diya Sinha,23057987@college.edu,ECE,4,2026-04-16 16:13:15
10846,23056905,Siddharth Dubey,23056905@college.edu,ME,1,2026-04-16 16:13:15
10849,23076622,Dev Rao,23076622@college.edu,EEE,2,2026-04-16 16:13:15
10852,23067626,Yash Joshi,23067626@college.edu,EEE,8,2026-04-16 16:13:15
10855,23078599,Arjun Rao,23078599@college.edu,EEE,8,2026-04-16 16:13:15
10858,23075775,Siddharth Sinha,23075775@college.edu,ECE,7,2026-04-16 16:13:15
10859,23063120,Sneha Iyer,23063120@college.edu,EEE,8,2026-04-16 16:13:15
10860,23050985,Mohit Jain,23050985@college.edu,ME,3,2026-04-16 16:13:15
10861,23060696,Dev Bansal,23060696@college.edu,ECE,5,2026-04-16 16:13:15
10866,23071039,Ananya Verma,23071039@college.edu,ECE,8,2026-04-16 16:13:15
10877,23058024,Kavya Choudhary,23058024@college.edu,IT,1,2026-04-16 16:13:15
10878,23073976,Pooja Jain,23073976@college.edu,CSE,5,2026-04-16 16:13:15
10880,23076705,Deepak Rao,23076705@college.edu,IT,1,2026-04-16 16:13:15
10887,23068737,Varun Gupta,23068737@college.edu,EEE,6,2026-04-16 16:13:15
10899,23075402,Pooja Dubey,23075402@college.edu,CSE,7,2026-04-16 16:13:15
10900,23075851,Krishna Agarwal,23075851@college.edu,IT,4,2026-04-16 16:13:15
10908,23074696,Deepak Menon,23074696@college.edu,EEE,4,2026-04-16 16:13:15
10910,23052064,Manav Reddy,23052064@college.edu,IT,1,2026-04-16 16:13:15
10924,23057812,Siddharth Joshi,23057812@college.edu,CSE,3,2026-04-16 16:13:15
10925,23061633,Rahul Sharma,23061633@college.edu,ME,1,2026-04-16 16:13:15
10931,23057916,Aditi Dubey,23057916@college.edu,ECE,2,2026-04-16 16:13:15
10934,23075411,Priya Kapoor,23075411@college.edu,ECE,4,2026-04-16 16:13:15
10939,23051044,Sai Joshi,23051044@college.edu,EEE,5,2026-04-16 16:13:15
10949,23065974,Ritika Jain,23065974@college.edu,ME,3,2026-04-16 16:13:15
10950,23072061,Priya Agarwal,23072061@college.edu,CSE,4,2026-04-16 16:13:15
10953,23076603,Aarav Reddy,23076603@college.edu,ME,1,2026-04-16 16:13:15
10957,23069752,Manav Kapoor,23069752@college.edu,IT,3,2026-04-16 16:13:15
10961,23059154,Diya Verma,23059154@college.edu,IT,1,2026-04-16 16:13:15
10962,23057420,Nikhil Bansal,23057420@college.edu,IT,7,2026-04-16 16:13:15
10971,23060667,Diya Sinha,23060667@college.edu,CSE,3,2026-04-16 16:13:15
10972,23055374,Sneha Das,23055374@college.edu,ME,3,2026-04-16 16:13:15
10979,23059043,Harsh Verma,23059043@college.edu,IT,3,2026-04-16 16:13:15
10983,23060653,Aman Sinha,23060653@college.edu,ME,7,2026-04-16 16:13:15
10985,23051841,Deepak Ghosh,23051841@college.edu,EEE,5,2026-04-16 16:13:15
10986,23075450,Ritika Sharma,23075450@college.edu,IT,8,2026-04-16 16:13:15
10987,23068168,Sai Verma,23068168@college.edu,EEE,4,2026-04-16 16:13:15
10990,23050451,Dev Menon,23050451@college.edu,EEE,3,2026-04-16 16:13:15
10999,23073213,Om Thakur,23073213@college.edu,IT,2,2026-04-16 16:13:15
11001,23076193,Ritesh Khanna,23076193@college.edu,EEE,7,2026-04-16 16:13:15
11003,23078204,Neha Bansal,23078204@college.edu,ME,2,2026-04-16 16:13:15
11004,23056736,Krishna Iyer,23056736@college.edu,EEE,4,2026-04-16 16:13:15
11011,23065762,Neha Ghosh,23065762@college.edu,ME,8,2026-04-16 16:13:15
11015,23064020,Aman Jain,23064020@college.edu,ECE,1,2026-04-16 16:13:15
11016,23052318,Diya Dubey,23052318@college.edu,CSE,4,2026-04-16 16:13:15
11021,23060003,Ishaan Reddy,23060003@college.edu,EEE,8,2026-04-16 16:13:15
11022,23068429,Tanmay Bansal,23068429@college.edu,EEE,1,2026-04-16 16:13:15
11024,23052892,Deepak Nair,23052892@college.edu,ME,8,2026-04-16 16:13:15
11025,23079572,Sneha Dubey,23079572@college.edu,CSE,2,2026-04-16 16:13:15
11029,23056498,Dev Jain,23056498@college.edu,EEE,2,2026-04-16 16:13:15
11032,23057989,Sai Ghosh,23057989@college.edu,ECE,2,2026-04-16 16:13:15
11036,23069815,Varun Iyer,23069815@college.edu,IT,4,2026-04-16 16:13:15
11038,23071988,Varun Iyer,23071988@college.edu,EEE,5,2026-04-16 16:13:15
11043,23069544,Kunal Reddy,23069544@college.edu,ME,3,2026-04-16 16:13:15
11044,23074724,Sai Mehta,23074724@college.edu,IT,6,2026-04-16 16:13:15
11045,23058097,Pooja Sinha,23058097@college.edu,ECE,1,2026-04-16 16:13:15
11047,23061145,Aditya Nair,23061145@college.edu,ME,3,2026-04-16 16:13:15
11056,23074874,Tanmay Verma,23074874@college.edu,ME,4,2026-04-16 16:13:15
11058,23059455,Vivaan Sinha,23059455@college.edu,ECE,1,2026-04-16 16:13:15
11064,23064595,Rohan Gupta,23064595@college.edu,ME,3,2026-04-16 16:13:15
11066,23050054,Aditi Khanna,23050054@college.edu,ECE,7,2026-04-16 16:13:15
11067,23056585,Varun Sharma,23056585@college.edu,CSE,4,2026-04-16 16:13:15
11070,23063355,Ritika Kapoor,23063355@college.edu,IT,7,2026-04-16 16:13:15
11080,23057115,Diya Pandey,23057115@college.edu,EEE,7,2026-04-16 16:13:15
11081,23067377,Nikhil Das,23067377@college.edu,IT,4,2026-04-16 16:13:15
11083,23069692,Aditi Sharma,23069692@college.edu,EEE,4,2026-04-16 16:13:15
11085,23079846,Dev Dubey,23079846@college.edu,ECE,2,2026-04-16 16:13:15
11092,23065250,Dev Bansal,23065250@college.edu,EEE,2,2026-04-16 16:13:15
11094,23058155,Aman Choudhary,23058155@college.edu,CSE,6,2026-04-16 16:13:15
11108,23052109,Ananya Sinha,23052109@college.edu,ECE,3,2026-04-16 16:13:15
11111,23056513,Kunal Menon,23056513@college.edu,IT,2,2026-04-16 16:13:15
11118,23052811,Rohan Rao,23052811@college.edu,IT,8,2026-04-16 16:13:15
11122,23076469,Manav Thakur,23076469@college.edu,CSE,6,2026-04-16 16:13:15
11123,23070560,Aditi Iyer,23070560@college.edu,IT,5,2026-04-16 16:13:15
11127,23070446,Ishaan Sinha,23070446@college.edu,CSE,2,2026-04-16 16:13:15
11129,23070298,Ritika Nair,23070298@college.edu,ECE,7,2026-04-16 16:13:15
11130,23057869,Vivaan Jain,23057869@college.edu,ECE,6,2026-04-16 16:13:15
11133,23070796,Priya Jain,23070796@college.edu,ECE,4,2026-04-16 16:13:15
11139,23064462,Aditya Sinha,23064462@college.edu,ME,2,2026-04-16 16:13:15
11145,23055958,Pooja Gupta,23055958@college.edu,ECE,4,2026-04-16 16:13:15
11146,23060354,Aarav Menon,23060354@college.edu,CSE,3,2026-04-16 16:13:15
11148,23060316,Ishaan Pandey,23060316@college.edu,CSE,2,2026-04-16 16:13:15
11155,23072999,Manav Pandey,23072999@college.edu,ECE,1,2026-04-16 16:13:15
11157,23062774,Vivaan Sinha,23062774@college.edu,EEE,1,2026-04-16 16:13:15
11158,23061160,Arjun Patel,23061160@college.edu,ME,1,2026-04-16 16:13:15
11160,23060920,Vivaan Nair,23060920@college.edu,IT,8,2026-04-16 16:13:15
11167,23055415,Sai Agarwal,23055415@college.edu,EEE,4,2026-04-16 16:13:15
11180,23064278,Vivaan Agarwal,23064278@college.edu,ME,3,2026-04-16 16:13:15
11183,23071669,Priya Mehta,23071669@college.edu,ECE,1,2026-04-16 16:13:15
11189,23053838,Ritesh Jain,23053838@college.edu,EEE,5,2026-04-16 16:13:15
11201,23079804,Aditi Dubey,23079804@college.edu,ECE,4,2026-04-16 16:13:15
11202,23052091,Kunal Dubey,23052091@college.edu,CSE,6,2026-04-16 16:13:15
11203,23053892,Dev Iyer,23053892@college.edu,ME,4,2026-04-16 16:13:15
11214,23053541,Yash Choudhary,23053541@college.edu,ECE,1,2026-04-16 16:13:15
11222,23077703,Aarav Agarwal,23077703@college.edu,ECE,7,2026-04-16 16:13:15
11229,23051750,Pooja Thakur,23051750@college.edu,ME,3,2026-04-16 16:13:15
11232,23071763,Manav Menon,23071763@college.edu,EEE,5,2026-04-16 16:13:15
11238,23070735,Ritika Reddy,23070735@college.edu,CSE,2,2026-04-16 16:13:15
11242,23079335,Aarav Khanna,23079335@college.edu,ECE,3,2026-04-16 16:13:15
11250,23073925,Arjun Joshi,23073925@college.edu,IT,1,2026-04-16 16:13:15
11257,23073700,Yash Ghosh,23073700@college.edu,ECE,2,2026-04-16 16:13:15
11263,23059712,Meera Reddy,23059712@college.edu,IT,4,2026-04-16 16:13:15
11272,23073461,Sai Khanna,23073461@college.edu,IT,3,2026-04-16 16:13:15
11273,23065929,Nikhil Jain,23065929@college.edu,ECE,8,2026-04-16 16:13:15
11276,23073854,Ritesh Dubey,23073854@college.edu,EEE,3,2026-04-16 16:13:15
11282,23057249,Pooja Iyer,23057249@college.edu,EEE,8,2026-04-16 16:13:15
11289,23066229,Arjun Menon,23066229@college.edu,IT,2,2026-04-16 16:13:15
11291,23076488,Meera Patel,23076488@college.edu,ECE,1,2026-04-16 16:13:15
11292,23058421,Ritesh Dubey,23058421@college.edu,IT,4,2026-04-16 16:13:15
11296,23074171,Pooja Rao,23074171@college.edu,IT,7,2026-04-16 16:13:15
11299,23073657,Priya Choudhary,23073657@college.edu,ME,8,2026-04-16 16:13:15
11300,23077689,Sneha Joshi,23077689@college.edu,CSE,8,2026-04-16 16:13:15
11303,23064365,Rahul Reddy,23064365@college.edu,EEE,7,2026-04-16 16:13:15
11308,23057179,Harsh Joshi,23057179@college.edu,EEE,7,2026-04-16 16:13:15
11311,23076821,Neha Agarwal,23076821@college.edu,IT,6,2026-04-16 16:13:15
11314,23052954,Siddharth Sinha,23052954@college.edu,ME,7,2026-04-16 16:13:15
11317,23052981,Sai Sinha,23052981@college.edu,IT,6,2026-04-16 16:13:15
11319,23073436,Manav Khanna,23073436@college.edu,ECE,4,2026-04-16 16:13:15
11324,23064548,Rahul Patel,23064548@college.edu,ECE,3,2026-04-16 16:13:15
11325,23075111,Kunal Mehta,23075111@college.edu,ECE,5,2026-04-16 16:13:15
11328,23073191,Kunal Jain,23073191@college.edu,CSE,5,2026-04-16 16:13:15
11329,23072860,Mohit Nair,23072860@college.edu,EEE,7,2026-04-16 16:13:15
11333,23063867,Sneha Nair,23063867@college.edu,EEE,5,2026-04-16 16:13:15
11334,23061474,Pooja Choudhary,23061474@college.edu,ME,2,2026-04-16 16:13:15
11342,23058429,Mohit Das,23058429@college.edu,EEE,3,2026-04-16 16:13:15
11347,23058514,Sneha Das,23058514@college.edu,IT,6,2026-04-16 16:13:15
11351,23050912,Ananya Khanna,23050912@college.edu,IT,6,2026-04-16 16:13:15
11355,23051881,Aman Ghosh,23051881@college.edu,IT,8,2026-04-16 16:13:15
11366,23054522,Manav Patel,23054522@college.edu,IT,7,2026-04-16 16:13:15
11368,23077544,Kavya Iyer,23077544@college.edu,IT,5,2026-04-16 16:13:15
11373,23075940,Mohit Thakur,23075940@college.edu,ECE,1,2026-04-16 16:13:15
11376,23051940,Rohan Menon,23051940@college.edu,CSE,8,2026-04-16 16:13:15
11383,23063417,Dev Pandey,23063417@college.edu,ECE,5,2026-04-16 16:13:15
11392,23064944,Neha Sinha,23064944@college.edu,ECE,2,2026-04-16 16:13:15
11407,23072911,Mohit Agarwal,23072911@college.edu,ECE,7,2026-04-16 16:13:15
11410,23077570,Ananya Patel,23077570@college.edu,CSE,2,2026-04-16 16:13:15
11411,23068814,Diya Choudhary,23068814@college.edu,IT,4,2026-04-16 16:13:15
11422,23066126,Aditya Agarwal,23066126@college.edu,IT,5,2026-04-16 16:13:15
11423,23057414,Neha Pandey,23057414@college.edu,EEE,6,2026-04-16 16:13:15
11424,23055210,Aarav Thakur,23055210@college.edu,ME,8,2026-04-16 16:13:15
11434,23073335,Rohan Choudhary,23073335@college.edu,EEE,4,2026-04-16 16:13:15
11448,23070682,Om Thakur,23070682@college.edu,EEE,4,2026-04-16 16:13:15
11452,23074026,Mohit Choudhary,23074026@college.edu,ECE,4,2026-04-16 16:13:15
11464,23075668,Vivaan Pandey,23075668@college.edu,CSE,1,2026-04-16 16:13:15
11474,23075134,Aditi Khanna,23075134@college.edu,CSE,4,2026-04-16 16:13:15
11476,23066298,Aditi Kapoor,23066298@college.edu,ME,1,2026-04-16 16:13:15
11486,23050746,Krishna Mehta,23050746@college.edu,IT,7,2026-04-16 16:13:15
11489,23066445,Deepak Mehta,23066445@college.edu,IT,5,2026-04-16 16:13:15
11494,23068804,Ritika Reddy,23068804@college.edu,IT,4,2026-04-16 16:13:15
11495,23064844,Sai Nair,23064844@college.edu,EEE,1,2026-04-16 16:13:15
11502,23076277,Dev Thakur,23076277@college.edu,CSE,3,2026-04-16 16:13:15
11507,23050513,Varun Thakur,23050513@college.edu,EEE,3,2026-04-16 16:13:15
11508,23076464,Aditi Patel,23076464@college.edu,IT,3,2026-04-16 16:13:15
11511,23061364,Mohit Menon,23061364@college.edu,EEE,6,2026-04-16 16:13:15
11512,23074850,Deepak Nair,23074850@college.edu,IT,8,2026-04-16 16:13:15
11517,23079597,Diya Choudhary,23079597@college.edu,ECE,7,2026-04-16 16:13:15
11518,23077154,Om Dubey,23077154@college.edu,IT,8,2026-04-16 16:13:15
11520,23060093,Rahul Pandey,23060093@college.edu,ECE,3,2026-04-16 16:13:15
11522,23063616,Rahul Kapoor,23063616@college.edu,IT,6,2026-04-16 16:13:15
11525,23078901,Neha Gupta,23078901@college.edu,ME,6,2026-04-16 16:13:15
11538,23054783,Sai Gupta,23054783@college.edu,IT,2,2026-04-16 16:13:15
11541,23079390,Aditya Menon,23079390@college.edu,ME,4,2026-04-16 16:13:15
11553,23051818,Yash Pandey,23051818@college.edu,CSE,4,2026-04-16 16:13:15
11562,23054755,Mohit Nair,23054755@college.edu,IT,6,2026-04-16 16:13:15
11563,23057371,Tanmay Kapoor,23057371@college.edu,CSE,7,2026-04-16 16:13:15
11565,23077632,Yash Dubey,23077632@college.edu,CSE,1,2026-04-16 16:13:15
11566,23072368,Pooja Patel,23072368@college.edu,CSE,4,2026-04-16 16:13:15
11577,23065251,Kavya Gupta,23065251@college.edu,ECE,5,2026-04-16 16:13:15
11580,23065831,Varun Sharma,23065831@college.edu,EEE,3,2026-04-16 16:13:15
11582,23052731,Krishna Verma,23052731@college.edu,ME,4,2026-04-16 16:13:15
11583,23052453,Ritesh Ghosh,23052453@college.edu,ME,8,2026-04-16 16:13:15
11590,23056258,Sneha Choudhary,23056258@college.edu,ME,5,2026-04-16 16:13:15
11596,23072959,Siddharth Nair,23072959@college.edu,EEE,6,2026-04-16 16:13:15
11601,23071814,Neha Das,23071814@college.edu,IT,2,2026-04-16 16:13:15
11602,23056630,Harsh Thakur,23056630@college.edu,ME,8,2026-04-16 16:13:15
11604,23071292,Vivaan Joshi,23071292@college.edu,IT,3,2026-04-16 16:13:15
11627,23074001,Manav Dubey,23074001@college.edu,ME,3,2026-04-16 16:13:15
11628,23051515,Diya Iyer,23051515@college.edu,IT,2,2026-04-16 16:13:15
11630,23078959,Sneha Iyer,23078959@college.edu,EEE,1,2026-04-16 16:13:15
11631,23059016,Ritesh Reddy,23059016@college.edu,ECE,4,2026-04-16 16:13:15
11636,23052140,Varun Kapoor,23052140@college.edu,ME,8,2026-04-16 16:13:15
11638,23053791,Aarav Rao,23053791@college.edu,ME,2,2026-04-16 16:13:15
11647,23073130,Sneha Joshi,23073130@college.edu,ME,4,2026-04-16 16:13:15
11648,23064143,Om Ghosh,23064143@college.edu,CSE,8,2026-04-16 16:13:15
11654,23076580,Aman Sharma,23076580@college.edu,IT,2,2026-04-16 16:13:15
11656,23070474,Aarav Patel,23070474@college.edu,EEE,8,2026-04-16 16:13:15
11674,23073685,Krishna Agarwal,23073685@college.edu,ECE,6,2026-04-16 16:13:15
11678,23060201,Nikhil Gupta,23060201@college.edu,IT,1,2026-04-16 16:13:15
11686,23077441,Aditi Agarwal,23077441@college.edu,CSE,8,2026-04-16 16:13:15
11689,23078257,Ritesh Patel,23078257@college.edu,IT,3,2026-04-16 16:13:15
11692,23065495,Nikhil Verma,23065495@college.edu,IT,8,2026-04-16 16:13:15
11693,23055738,Om Menon,23055738@college.edu,EEE,7,2026-04-16 16:13:15
11706,23070525,Siddharth Joshi,23070525@college.edu,EEE,8,2026-04-16 16:13:15
11715,23063820,Ananya Ghosh,23063820@college.edu,CSE,7,2026-04-16 16:13:15
11764,23064948,Om Gupta,23064948@college.edu,EEE,4,2026-04-16 16:13:15
11769,23065507,Siddharth Khanna,23065507@college.edu,EEE,8,2026-04-16 16:13:15
11772,23063996,Pooja Rao,23063996@college.edu,ME,3,2026-04-16 16:13:15
11776,23072354,Ananya Reddy,23072354@college.edu,ECE,7,2026-04-16 16:13:15
11784,23077582,Deepak Agarwal,23077582@college.edu,EEE,1,2026-04-16 16:13:15
11788,23057717,Ritesh Choudhary,23057717@college.edu,ME,7,2026-04-16 16:13:15
11791,23063291,Ananya Sinha,23063291@college.edu,ME,4,2026-04-16 16:13:15
11795,23054678,Yash Sharma,23054678@college.edu,ECE,3,2026-04-16 16:13:15
11796,23053473,Rohan Ghosh,23053473@college.edu,ME,7,2026-04-16 16:13:15
11798,23051780,Aditya Das,23051780@college.edu,ECE,7,2026-04-16 16:13:15
11808,23069571,Rohan Thakur,23069571@college.edu,ECE,2,2026-04-16 16:13:15
11814,23071330,Rahul Bansal,23071330@college.edu,ECE,7,2026-04-16 16:13:15
11821,23077580,Sneha Patel,23077580@college.edu,EEE,6,2026-04-16 16:13:15
11824,23052049,Vivaan Mehta,23052049@college.edu,CSE,4,2026-04-16 16:13:15
11826,23059602,Neha Reddy,23059602@college.edu,EEE,1,2026-04-16 16:13:15
11828,23054692,Deepak Jain,23054692@college.edu,EEE,7,2026-04-16 16:13:15
11830,23064980,Om Jain,23064980@college.edu,ECE,1,2026-04-16 16:13:15
11843,23063426,Arjun Dubey,23063426@college.edu,CSE,6,2026-04-16 16:13:15
11847,23059522,Varun Kapoor,23059522@college.edu,EEE,3,2026-04-16 16:13:15
11854,23079727,Siddharth Jain,23079727@college.edu,EEE,5,2026-04-16 16:13:15
11855,23060094,Diya Sharma,23060094@college.edu,EEE,5,2026-04-16 16:13:15
11856,23070550,Priya Patel,23070550@college.edu,ME,4,2026-04-16 16:13:15
11857,23064779,Priya Agarwal,23064779@college.edu,IT,7,2026-04-16 16:13:15
11861,23066210,Ananya Gupta,23066210@college.edu,EEE,4,2026-04-16 16:13:15
11865,23067884,Meera Sharma,23067884@college.edu,EEE,2,2026-04-16 16:13:15
11869,23071982,Kavya Dubey,23071982@college.edu,ECE,6,2026-04-16 16:13:15
11870,23076402,Dev Menon,23076402@college.edu,CSE,1,2026-04-16 16:13:15
11874,23079760,Siddharth Choudhary,23079760@college.edu,CSE,7,2026-04-16 16:13:15
11875,23065643,Aditi Verma,23065643@college.edu,IT,7,2026-04-16 16:13:15
11876,23065899,Krishna Gupta,23065899@college.edu,ME,3,2026-04-16 16:13:15
11887,23059163,Ishaan Joshi,23059163@college.edu,EEE,6,2026-04-16 16:13:15
11891,23063667,Diya Ghosh,23063667@college.edu,CSE,6,2026-04-16 16:13:15
11893,23076026,Kunal Dubey,23076026@college.edu,ECE,2,2026-04-16 16:13:15
11902,23067723,Arjun Bansal,23067723@college.edu,CSE,1,2026-04-16 16:13:15
11931,23079673,Dev Sharma,23079673@college.edu,EEE,7,2026-04-16 16:13:15
11933,23078985,Harsh Pandey,23078985@college.edu,ME,2,2026-04-16 16:13:15
11940,23054184,Sai Khanna,23054184@college.edu,CSE,2,2026-04-16 16:13:15
11946,23072033,Yash Joshi,23072033@college.edu,CSE,2,2026-04-16 16:13:15
11959,23062269,Arjun Verma,23062269@college.edu,EEE,8,2026-04-16 16:13:15
11969,23067848,Kunal Dubey,23067848@college.edu,ECE,5,2026-04-16 16:13:15
11974,23064016,Krishna Gupta,23064016@college.edu,CSE,5,2026-04-16 16:13:15
11978,23050888,Neha Reddy,23050888@college.edu,ECE,5,2026-04-16 16:13:15
11979,23064025,Diya Ghosh,23064025@college.edu,ECE,6,2026-04-16 16:13:15
11981,23075704,Dev Verma,23075704@college.edu,ME,4,2026-04-16 16:13:15
11984,23069990,Sneha Agarwal,23069990@college.edu,ECE,7,2026-04-16 16:13:15
11998,23073704,Aditya Ghosh,23073704@college.edu,ME,3,2026-04-16 16:13:15
12003,23053703,Diya Bansal,23053703@college.edu,ME,2,2026-04-16 16:13:15
12018,23068743,Rohan Dubey,23068743@college.edu,ME,3,2026-04-16 16:13:15
12021,23056375,Meera Choudhary,23056375@college.edu,ME,1,2026-04-16 16:13:15
12028,23064279,Kunal Kapoor,23064279@college.edu,CSE,2,2026-04-16 16:13:15
12046,23073256,Nikhil Mehta,23073256@college.edu,CSE,1,2026-04-16 16:13:15
12054,23057469,Harsh Sinha,23057469@college.edu,ECE,5,2026-04-16 16:13:15
12057,23061240,Ritika Thakur,23061240@college.edu,ME,7,2026-04-16 16:13:15
12060,23063151,Kavya Gupta,23063151@college.edu,IT,1,2026-04-16 16:13:15
12062,23063103,Aarav Kapoor,23063103@college.edu,CSE,3,2026-04-16 16:13:15
12065,23072926,Dev Menon,23072926@college.edu,IT,1,2026-04-16 16:13:15
12066,23064292,Neha Menon,23064292@college.edu,ECE,8,2026-04-16 16:13:15
12069,23056685,Tanmay Iyer,23056685@college.edu,CSE,7,2026-04-16 16:13:15
12074,23077422,Sneha Pandey,23077422@college.edu,EEE,3,2026-04-16 16:13:15
12075,23079642,Aarav Nair,23079642@college.edu,ME,8,2026-04-16 16:13:15
12077,23074366,Pooja Iyer,23074366@college.edu,IT,2,2026-04-16 16:13:15
12088,23071195,Aarav Thakur,23071195@college.edu,ECE,3,2026-04-16 16:13:15
12090,23076759,Mohit Mehta,23076759@college.edu,CSE,6,2026-04-16 16:13:15
12091,23071508,Rahul Khanna,23071508@college.edu,ME,4,2026-04-16 16:13:15
12097,23062339,Ishaan Gupta,23062339@college.edu,IT,3,2026-04-16 16:13:15
12100,23067097,Aditya Rao,23067097@college.edu,EEE,6,2026-04-16 16:13:15
12104,23053588,Sai Agarwal,23053588@college.edu,ECE,5,2026-04-16 16:13:15
12115,23079451,Varun Das,23079451@college.edu,CSE,4,2026-04-16 16:13:15
12118,23064478,Neha Nair,23064478@college.edu,ME,4,2026-04-16 16:13:15
12122,23053500,Ritesh Choudhary,23053500@college.edu,EEE,7,2026-04-16 16:13:15
12126,23064004,Meera Ghosh,23064004@college.edu,EEE,2,2026-04-16 16:13:15
12138,23064834,Yash Gupta,23064834@college.edu,CSE,7,2026-04-16 16:13:15
12144,23074016,Siddharth Das,23074016@college.edu,EEE,2,2026-04-16 16:13:15
12146,23073764,Yash Verma,23073764@college.edu,IT,4,2026-04-16 16:13:15
12150,23060771,Tanmay Kapoor,23060771@college.edu,IT,5,2026-04-16 16:13:15
12151,23053726,Pooja Thakur,23053726@college.edu,EEE,5,2026-04-16 16:13:15
12166,23068283,Ritika Choudhary,23068283@college.edu,ME,1,2026-04-16 16:13:15
12181,23055839,Sneha Gupta,23055839@college.edu,EEE,2,2026-04-16 16:13:15
12182,23070062,Deepak Menon,23070062@college.edu,CSE,6,2026-04-16 16:13:15
12187,23065191,Rohan Dubey,23065191@college.edu,ECE,5,2026-04-16 16:13:15
12195,23068488,Varun Verma,23068488@college.edu,EEE,6,2026-04-16 16:13:15
12199,23060347,Kunal Mehta,23060347@college.edu,CSE,4,2026-04-16 16:13:15
12210,23061306,Aman Dubey,23061306@college.edu,CSE,7,2026-04-16 16:13:15
12213,23072404,Kavya Ghosh,23072404@college.edu,EEE,3,2026-04-16 16:13:15
12218,23055522,Sneha Mehta,23055522@college.edu,ECE,5,2026-04-16 16:13:15
12223,23062698,Sneha Patel,23062698@college.edu,ECE,1,2026-04-16 16:13:15
12225,23056233,Ritesh Nair,23056233@college.edu,IT,7,2026-04-16 16:13:15
12226,23066104,Ritika Verma,23066104@college.edu,ECE,5,2026-04-16 16:13:15
12228,23058822,Rahul Dubey,23058822@college.edu,CSE,4,2026-04-16 16:13:15
12239,23064865,Manav Khanna,23064865@college.edu,EEE,2,2026-04-16 16:13:15
12244,23071564,Priya Iyer,23071564@college.edu,ME,1,2026-04-16 16:13:15
12246,23053598,Om Verma,23053598@college.edu,IT,8,2026-04-16 16:13:15
12247,23059470,Dev Ghosh,23059470@college.edu,EEE,1,2026-04-16 16:13:15
12263,23079481,Rohan Iyer,23079481@college.edu,ECE,4,2026-04-16 16:13:15
12264,23073303,Meera Verma,23073303@college.edu,IT,6,2026-04-16 16:13:15
12268,23064115,Kunal Choudhary,23064115@college.edu,ME,1,2026-04-16 16:13:15
12280,23072295,Yash Jain,23072295@college.edu,EEE,5,2026-04-16 16:13:15
12281,23057226,Yash Khanna,23057226@college.edu,ME,6,2026-04-16 16:13:15
12285,23063310,Kunal Nair,23063310@college.edu,CSE,6,2026-04-16 16:13:15
12298,23070964,Krishna Kapoor,23070964@college.edu,CSE,7,2026-04-16 16:13:15
12300,23076213,Nikhil Choudhary,23076213@college.edu,ME,6,2026-04-16 16:13:15
12314,23059624,Harsh Joshi,23059624@college.edu,ECE,1,2026-04-16 16:13:15
12321,23069840,Meera Mehta,23069840@college.edu,ME,4,2026-04-16 16:13:15
12326,23050967,Arjun Gupta,23050967@college.edu,IT,2,2026-04-16 16:13:15
12328,23068448,Om Khanna,23068448@college.edu,CSE,3,2026-04-16 16:13:15
12330,23061332,Neha Pandey,23061332@college.edu,ME,3,2026-04-16 16:13:15
12342,23063845,Aditya Choudhary,23063845@college.edu,ME,7,2026-04-16 16:13:15
12343,23068353,Vivaan Menon,23068353@college.edu,EEE,6,2026-04-16 16:13:15
12345,23061964,Rahul Pandey,23061964@college.edu,ECE,6,2026-04-16 16:13:15
12352,23061932,Krishna Dubey,23061932@college.edu,EEE,3,2026-04-16 16:13:15
12356,23067246,Priya Verma,23067246@college.edu,IT,4,2026-04-16 16:13:15
12357,23062437,Sneha Jain,23062437@college.edu,IT,4,2026-04-16 16:13:15
12363,23053664,Vivaan Khanna,23053664@college.edu,EEE,8,2026-04-16 16:13:15
12364,23068218,Om Ghosh,23068218@college.edu,ECE,3,2026-04-16 16:13:15
12377,23066368,Mohit Reddy,23066368@college.edu,EEE,8,2026-04-16 16:13:15
12378,23065881,Aarav Sharma,23065881@college.edu,ECE,2,2026-04-16 16:13:15
12381,23064916,Nikhil Dubey,23064916@college.edu,IT,3,2026-04-16 16:13:15
12382,23056399,Harsh Verma,23056399@college.edu,IT,4,2026-04-16 16:13:15
12383,23052189,Pooja Dubey,23052189@college.edu,ECE,3,2026-04-16 16:13:15
12386,23060831,Deepak Iyer,23060831@college.edu,CSE,1,2026-04-16 16:13:15
12391,23067289,Sneha Nair,23067289@college.edu,ME,1,2026-04-16 16:13:15
12395,23061230,Ritesh Pandey,23061230@college.edu,EEE,7,2026-04-16 16:13:15
12398,23076204,Tanmay Sharma,23076204@college.edu,ME,7,2026-04-16 16:13:15
12400,23067306,Harsh Patel,23067306@college.edu,ME,1,2026-04-16 16:13:15
12402,23069471,Rohan Rao,23069471@college.edu,CSE,1,2026-04-16 16:13:15
12404,23065772,Rohan Iyer,23065772@college.edu,EEE,4,2026-04-16 16:13:15
12405,23076723,Aman Dubey,23076723@college.edu,EEE,6,2026-04-16 16:13:15
12408,23075707,Neha Bansal,23075707@college.edu,IT,7,2026-04-16 16:13:15
12412,23051069,Aditya Nair,23051069@college.edu,EEE,8,2026-04-16 16:13:15
12414,23071262,Nikhil Choudhary,23071262@college.edu,CSE,4,2026-04-16 16:13:15
12420,23079616,Ritesh Pandey,23079616@college.edu,IT,5,2026-04-16 16:13:15
12427,23064621,Aditi Khanna,23064621@college.edu,EEE,5,2026-04-16 16:13:15
12431,23055553,Kunal Dubey,23055553@college.edu,ECE,1,2026-04-16 16:13:15
12439,23066495,Aman Patel,23066495@college.edu,CSE,5,2026-04-16 16:13:15
12444,23077943,Siddharth Sinha,23077943@college.edu,ME,7,2026-04-16 16:13:15
12457,23073018,Arjun Sinha,23073018@college.edu,CSE,2,2026-04-16 16:13:15
12461,23061064,Ritesh Khanna,23061064@college.edu,ME,4,2026-04-16 16:13:15
12465,23076911,Aditya Jain,23076911@college.edu,CSE,2,2026-04-16 16:13:15
12475,23052421,Neha Choudhary,23052421@college.edu,EEE,8,2026-04-16 16:13:15
12476,23075766,Manav Thakur,23075766@college.edu,EEE,3,2026-04-16 16:13:15
12482,23055347,Diya Menon,23055347@college.edu,IT,7,2026-04-16 16:13:15
12484,23068044,Kunal Pandey,23068044@college.edu,ECE,6,2026-04-16 16:13:15
12485,23065848,Meera Bansal,23065848@college.edu,ME,6,2026-04-16 16:13:15
12486,23053126,Ritika Dubey,23053126@college.edu,EEE,1,2026-04-16 16:13:15
12491,23061700,Aditya Das,23061700@college.edu,CSE,4,2026-04-16 16:13:15
12492,23063630,Priya Pandey,23063630@college.edu,CSE,5,2026-04-16 16:13:15
12493,23073247,Harsh Bansal,23073247@college.edu,CSE,2,2026-04-16 16:13:15
12503,23058273,Harsh Menon,23058273@college.edu,CSE,6,2026-04-16 16:13:15
12509,23068745,Ritika Mehta,23068745@college.edu,EEE,8,2026-04-16 16:13:15
12511,23062864,Diya Sinha,23062864@college.edu,ECE,7,2026-04-16 16:13:15
12519,23073080,Aditya Ghosh,23073080@college.edu,CSE,4,2026-04-16 16:13:15
12520,23061444,Pooja Thakur,23061444@college.edu,IT,4,2026-04-16 16:13:15
12526,23067775,Manav Jain,23067775@college.edu,ECE,7,2026-04-16 16:13:15
12538,23079410,Neha Agarwal,23079410@college.edu,IT,6,2026-04-16 16:13:15
12551,23060458,Neha Patel,23060458@college.edu,ECE,7,2026-04-16 16:13:15
12552,23074923,Kunal Reddy,23074923@college.edu,EEE,4,2026-04-16 16:13:15
12556,23059856,Om Gupta,23059856@college.edu,ECE,3,2026-04-16 16:13:15
12558,23068573,Manav Dubey,23068573@college.edu,ECE,4,2026-04-16 16:13:15
12563,23073972,Tanmay Joshi,23073972@college.edu,IT,4,2026-04-16 16:13:15
12564,23062648,Ritesh Pandey,23062648@college.edu,ECE,8,2026-04-16 16:13:15
12568,23062495,Sneha Nair,23062495@college.edu,ECE,4,2026-04-16 16:13:15
12569,23055186,Deepak Bansal,23055186@college.edu,IT,6,2026-04-16 16:13:15
12580,23051204,Ritika Pandey,23051204@college.edu,IT,8,2026-04-16 16:13:15
12582,23076814,Aditya Khanna,23076814@college.edu,IT,5,2026-04-16 16:13:15
12587,23068847,Om Jain,23068847@college.edu,EEE,2,2026-04-16 16:13:15
12596,23066306,Rohan Khanna,23066306@college.edu,CSE,2,2026-04-16 16:13:15
12607,23050156,Mohit Agarwal,23050156@college.edu,ME,1,2026-04-16 16:13:15
12608,23073112,Siddharth Mehta,23073112@college.edu,EEE,7,2026-04-16 16:13:15
12614,23071941,Sai Kapoor,23071941@college.edu,IT,2,2026-04-16 16:13:15
12627,23070463,Dev Joshi,23070463@college.edu,CSE,3,2026-04-16 16:13:15
12628,23070891,Pooja Jain,23070891@college.edu,EEE,8,2026-04-16 16:13:15
12632,23059475,Aarav Joshi,23059475@college.edu,CSE,2,2026-04-16 16:13:15
12648,23065645,Ananya Patel,23065645@college.edu,IT,1,2026-04-16 16:13:15
12668,23077309,Sai Ghosh,23077309@college.edu,EEE,8,2026-04-16 16:13:15
12669,23052372,Krishna Verma,23052372@college.edu,CSE,6,2026-04-16 16:13:15
12671,23062980,Deepak Verma,23062980@college.edu,ECE,4,2026-04-16 16:13:15
12673,23058455,Aarav Verma,23058455@college.edu,ECE,1,2026-04-16 16:13:15
12674,23073815,Deepak Rao,23073815@college.edu,ME,5,2026-04-16 16:13:15
12675,23068397,Om Ghosh,23068397@college.edu,ECE,5,2026-04-16 16:13:15
12697,23072159,Pooja Gupta,23072159@college.edu,EEE,7,2026-04-16 16:13:15
12712,23064063,Arjun Agarwal,23064063@college.edu,EEE,1,2026-04-16 16:13:15
12716,23072217,Tanmay Agarwal,23072217@college.edu,CSE,3,2026-04-16 16:13:15
12719,23063644,Arjun Gupta,23063644@college.edu,ME,7,2026-04-16 16:13:15
12722,23053691,Tanmay Rao,23053691@college.edu,CSE,2,2026-04-16 16:13:15
12729,23068956,Manav Joshi,23068956@college.edu,ECE,7,2026-04-16 16:13:15
12730,23079839,Kunal Das,23079839@college.edu,CSE,6,2026-04-16 16:13:15
12733,23069296,Aditya Reddy,23069296@college.edu,IT,6,2026-04-16 16:13:15
12741,23072854,Sai Khanna,23072854@college.edu,ME,8,2026-04-16 16:13:15
12746,23056436,Priya Patel,23056436@college.edu,ME,5,2026-04-16 16:13:15
12754,23050905,Aditya Agarwal,23050905@college.edu,CSE,4,2026-04-16 16:13:15
12759,23068998,Tanmay Sharma,23068998@college.edu,IT,3,2026-04-16 16:13:15
12761,23060083,Vivaan Menon,23060083@college.edu,CSE,8,2026-04-16 16:13:15
12765,23063928,Ishaan Thakur,23063928@college.edu,ECE,8,2026-04-16 16:13:15
12766,23076850,Krishna Verma,23076850@college.edu,CSE,2,2026-04-16 16:13:15
12767,23054062,Arjun Patel,23054062@college.edu,CSE,8,2026-04-16 16:13:15
12768,23070641,Arjun Bansal,23070641@college.edu,EEE,4,2026-04-16 16:13:15
12777,23078580,Vivaan Mehta,23078580@college.edu,EEE,2,2026-04-16 16:13:15
12781,23070907,Meera Iyer,23070907@college.edu,IT,5,2026-04-16 16:13:15
12783,23071371,Deepak Jain,23071371@college.edu,EEE,2,2026-04-16 16:13:15
12790,23050616,Krishna Khanna,23050616@college.edu,ME,5,2026-04-16 16:13:15
12791,23079019,Ishaan Sharma,23079019@college.edu,EEE,8,2026-04-16 16:13:15
12792,23070976,Aditya Menon,23070976@college.edu,CSE,4,2026-04-16 16:13:15
12799,23064985,Ishaan Sinha,23064985@college.edu,ME,5,2026-04-16 16:13:15
12800,23073307,Kavya Dubey,23073307@college.edu,ME,3,2026-04-16 16:13:15
12806,23072777,Manav Menon,23072777@college.edu,IT,3,2026-04-16 16:13:15
12810,23074352,Rahul Reddy,23074352@college.edu,ECE,6,2026-04-16 16:13:15
12815,23056369,Nikhil Iyer,23056369@college.edu,ECE,1,2026-04-16 16:13:15
12818,23060309,Mohit Jain,23060309@college.edu,ME,8,2026-04-16 16:13:15
12824,23070316,Sai Reddy,23070316@college.edu,EEE,6,2026-04-16 16:13:15
12829,23051691,Manav Kapoor,23051691@college.edu,IT,2,2026-04-16 16:13:15
12831,23050069,Pooja Verma,23050069@college.edu,ME,3,2026-04-16 16:13:15
12834,23053372,Aditya Das,23053372@college.edu,IT,2,2026-04-16 16:13:15
12841,23056163,Rahul Sinha,23056163@college.edu,ME,7,2026-04-16 16:13:15
12845,23078980,Diya Verma,23078980@college.edu,ECE,7,2026-04-16 16:13:15
12846,23077834,Tanmay Thakur,23077834@college.edu,ECE,6,2026-04-16 16:13:15
12855,23072912,Rahul Choudhary,23072912@college.edu,ME,6,2026-04-16 16:13:15
12859,23058008,Tanmay Kapoor,23058008@college.edu,CSE,7,2026-04-16 16:13:15
12867,23050525,Aditya Verma,23050525@college.edu,CSE,4,2026-04-16 16:13:15
12890,23077828,Sai Khanna,23077828@college.edu,CSE,3,2026-04-16 16:13:15
12894,23059167,Varun Patel,23059167@college.edu,EEE,1,2026-04-16 16:13:15
12900,23057834,Vivaan Joshi,23057834@college.edu,ME,6,2026-04-16 16:13:15
12905,23072766,Tanmay Jain,23072766@college.edu,IT,3,2026-04-16 16:13:15
12910,23076810,Nikhil Kapoor,23076810@college.edu,EEE,1,2026-04-16 16:13:15
12914,23053807,Pooja Ghosh,23053807@college.edu,CSE,2,2026-04-16 16:13:15
12917,23063233,Diya Reddy,23063233@college.edu,CSE,1,2026-04-16 16:13:15
12919,23050404,Mohit Kapoor,23050404@college.edu,EEE,3,2026-04-16 16:13:15
12925,23079039,Nikhil Pandey,23079039@college.edu,IT,1,2026-04-16 16:13:15
12942,23053090,Aman Nair,23053090@college.edu,IT,1,2026-04-16 16:13:15
12948,23051116,Diya Thakur,23051116@college.edu,EEE,8,2026-04-16 16:13:15
12955,23051766,Priya Ghosh,23051766@college.edu,ME,8,2026-04-16 16:13:15
12962,23066290,Manav Gupta,23066290@college.edu,IT,8,2026-04-16 16:13:15
12963,23066617,Vivaan Mehta,23066617@college.edu,EEE,4,2026-04-16 16:13:15
12980,23079228,Siddharth Menon,23079228@college.edu,EEE,5,2026-04-16 16:13:15
12981,23072646,Siddharth Pandey,23072646@college.edu,CSE,8,2026-04-16 16:13:15
12983,23074988,Mohit Rao,23074988@college.edu,EEE,3,2026-04-16 16:13:15
13000,23077585,Ishaan Das,23077585@college.edu,CSE,6,2026-04-16 16:13:15
13010,23076610,Varun Joshi,23076610@college.edu,IT,8,2026-04-16 16:13:15
13012,23060214,Pooja Iyer,23060214@college.edu,ECE,7,2026-04-16 16:13:15
13013,23051979,Nikhil Khanna,23051979@college.edu,IT,2,2026-04-16 16:13:15
13018,23052312,Sai Jain,23052312@college.edu,ECE,2,2026-04-16 16:13:15
13037,23070983,Kunal Iyer,23070983@college.edu,ME,7,2026-04-16 16:13:15
13039,23062676,Arjun Das,23062676@college.edu,IT,1,2026-04-16 16:13:15
13044,23069721,Manav Nair,23069721@college.edu,ME,4,2026-04-16 16:13:15
13046,23068000,Mohit Joshi,23068000@college.edu,ME,3,2026-04-16 16:13:15
13051,23075228,Ritika Das,23075228@college.edu,ECE,8,2026-04-16 16:13:15
13053,23057220,Dev Patel,23057220@college.edu,EEE,8,2026-04-16 16:13:15
13055,23077753,Arjun Choudhary,23077753@college.edu,ECE,5,2026-04-16 16:13:15
13057,23060775,Mohit Agarwal,23060775@college.edu,ECE,8,2026-04-16 16:13:15
13059,23069893,Diya Das,23069893@college.edu,CSE,1,2026-04-16 16:13:15
13064,23069931,Harsh Sinha,23069931@college.edu,ECE,2,2026-04-16 16:13:15
13066,23063331,Diya Iyer,23063331@college.edu,CSE,3,2026-04-16 16:13:15
13069,23052829,Ishaan Sharma,23052829@college.edu,IT,1,2026-04-16 16:13:15
13075,23078698,Dev Choudhary,23078698@college.edu,EEE,4,2026-04-16 16:13:15
13079,23059355,Arjun Verma,23059355@college.edu,CSE,2,2026-04-16 16:13:15
13083,23078534,Nikhil Reddy,23078534@college.edu,ECE,8,2026-04-16 16:13:15
13091,23061292,Om Verma,23061292@college.edu,ME,7,2026-04-16 16:13:15
13092,23064037,Aarav Das,23064037@college.edu,CSE,7,2026-04-16 16:13:15
13098,23058986,Ritesh Rao,23058986@college.edu,ME,8,2026-04-16 16:13:15
13101,23072906,Diya Sinha,23072906@college.edu,ME,3,2026-04-16 16:13:15
13102,23071948,Aditi Bansal,23071948@college.edu,EEE,1,2026-04-16 16:13:15
13106,23062099,Ritesh Sinha,23062099@college.edu,CSE,6,2026-04-16 16:13:15
13114,23056504,Tanmay Nair,23056504@college.edu,CSE,8,2026-04-16 16:13:15
13118,23069461,Ananya Reddy,23069461@college.edu,ECE,6,2026-04-16 16:13:15
13130,23062132,Ritika Thakur,23062132@college.edu,ECE,4,2026-04-16 16:13:15
13134,23070288,Dev Kapoor,23070288@college.edu,ECE,2,2026-04-16 16:13:15
13135,23077275,Tanmay Rao,23077275@college.edu,ECE,8,2026-04-16 16:13:15
13140,23069481,Aarav Choudhary,23069481@college.edu,ECE,3,2026-04-16 16:13:15
13141,23078115,Mohit Jain,23078115@college.edu,CSE,7,2026-04-16 16:13:15
13142,23053074,Meera Gupta,23053074@college.edu,IT,7,2026-04-16 16:13:15
13143,23063952,Ishaan Pandey,23063952@college.edu,CSE,7,2026-04-16 16:13:15
13146,23063301,Aditya Choudhary,23063301@college.edu,ME,4,2026-04-16 16:13:15
13149,23066403,Sneha Ghosh,23066403@college.edu,ECE,8,2026-04-16 16:13:15
13159,23063791,Kavya Gupta,23063791@college.edu,ECE,5,2026-04-16 16:13:15
13192,23072803,Arjun Joshi,23072803@college.edu,ME,3,2026-04-16 16:13:15
13195,23066158,Nikhil Thakur,23066158@college.edu,ECE,8,2026-04-16 16:13:15
13197,23064235,Harsh Mehta,23064235@college.edu,ECE,4,2026-04-16 16:13:15
13201,23069162,Meera Ghosh,23069162@college.edu,CSE,5,2026-04-16 16:13:15
13220,23064860,Krishna Gupta,23064860@college.edu,IT,8,2026-04-16 16:13:15
13221,23072133,Varun Bansal,23072133@college.edu,IT,1,2026-04-16 16:13:15
13237,23062590,Ritika Dubey,23062590@college.edu,ME,4,2026-04-16 16:13:15
13239,23067846,Manav Das,23067846@college.edu,IT,6,2026-04-16 16:13:15
13244,23058700,Varun Nair,23058700@college.edu,EEE,1,2026-04-16 16:13:15
13245,23077452,Aarav Patel,23077452@college.edu,ECE,6,2026-04-16 16:13:15
13247,23053614,Yash Agarwal,23053614@college.edu,CSE,6,2026-04-16 16:13:15
13249,23071310,Meera Mehta,23071310@college.edu,ECE,2,2026-04-16 16:13:15
13251,23054267,Ananya Menon,23054267@college.edu,IT,1,2026-04-16 16:13:15
13257,23054041,Priya Rao,23054041@college.edu,ECE,8,2026-04-16 16:13:15
13259,23074833,Ritesh Nair,23074833@college.edu,IT,7,2026-04-16 16:13:15
13264,23060186,Manav Rao,23060186@college.edu,ECE,6,2026-04-16 16:13:15
13270,23072435,Varun Joshi,23072435@college.edu,ME,6,2026-04-16 16:13:15
13274,23062664,Rohan Dubey,23062664@college.edu,CSE,2,2026-04-16 16:13:15
13277,23058975,Aditya Nair,23058975@college.edu,EEE,1,2026-04-16 16:13:15
13283,23062806,Ishaan Nair,23062806@college.edu,EEE,1,2026-04-16 16:13:15
13287,23058965,Kunal Choudhary,23058965@college.edu,ME,3,2026-04-16 16:13:15
13289,23057212,Ritika Sinha,23057212@college.edu,CSE,5,2026-04-16 16:13:15
13291,23074894,Rahul Thakur,23074894@college.edu,EEE,6,2026-04-16 16:13:15
13298,23063528,Aman Reddy,23063528@college.edu,ECE,8,2026-04-16 16:13:15
13301,23067280,Priya Sharma,23067280@college.edu,CSE,4,2026-04-16 16:13:15
13302,23053629,Mohit Thakur,23053629@college.edu,ME,3,2026-04-16 16:13:15
13311,23066580,Meera Mehta,23066580@college.edu,EEE,4,2026-04-16 16:13:15
13312,23079542,Siddharth Khanna,23079542@college.edu,CSE,8,2026-04-16 16:13:15
13314,23055499,Nikhil Nair,23055499@college.edu,EEE,7,2026-04-16 16:13:15
13317,23057043,Mohit Thakur,23057043@college.edu,ECE,8,2026-04-16 16:13:15
13325,23050359,Manav Pandey,23050359@college.edu,ECE,4,2026-04-16 16:13:15
13328,23059778,Yash Thakur,23059778@college.edu,ME,4,2026-04-16 16:13:15
13339,23078773,Pooja Reddy,23078773@college.edu,ME,1,2026-04-16 16:13:15
13354,23056567,Ananya Joshi,23056567@college.edu,ME,7,2026-04-16 16:13:15
13359,23054694,Varun Dubey,23054694@college.edu,ME,3,2026-04-16 16:13:15
13366,23078821,Priya Bansal,23078821@college.edu,ME,8,2026-04-16 16:13:15
13375,23051521,Dev Mehta,23051521@college.edu,CSE,4,2026-04-16 16:13:15
13381,23072735,Varun Khanna,23072735@college.edu,ME,8,2026-04-16 16:13:15
13390,23069360,Meera Agarwal,23069360@college.edu,ECE,7,2026-04-16 16:13:15
13393,23070289,Yash Nair,23070289@college.edu,ECE,4,2026-04-16 16:13:15
13398,23063945,Aditya Joshi,23063945@college.edu,EEE,1,2026-04-16 16:13:15
13399,23071712,Varun Dubey,23071712@college.edu,CSE,7,2026-04-16 16:13:15
13401,23060338,Priya Gupta,23060338@college.edu,EEE,6,2026-04-16 16:13:15
13407,23076845,Krishna Jain,23076845@college.edu,ME,5,2026-04-16 16:13:15
13411,23077401,Priya Kapoor,23077401@college.edu,EEE,2,2026-04-16 16:13:15
13420,23052537,Ishaan Bansal,23052537@college.edu,EEE,3,2026-04-16 16:13:15
13421,23070848,Rahul Nair,23070848@college.edu,ECE,2,2026-04-16 16:13:15
13426,23063058,Sneha Nair,23063058@college.edu,ME,7,2026-04-16 16:13:15
13431,23054477,Rohan Mehta,23054477@college.edu,EEE,2,2026-04-16 16:13:15
13434,23078708,Neha Dubey,23078708@college.edu,CSE,5,2026-04-16 16:13:15
13438,23069031,Kunal Choudhary,23069031@college.edu,EEE,2,2026-04-16 16:13:15
13442,23073760,Dev Choudhary,23073760@college.edu,ME,5,2026-04-16 16:13:15
13461,23055529,Manav Kapoor,23055529@college.edu,ME,3,2026-04-16 16:13:15
13465,23061297,Aditya Agarwal,23061297@college.edu,CSE,1,2026-04-16 16:13:15
13471,23051696,Vivaan Pandey,23051696@college.edu,ME,1,2026-04-16 16:13:15
13494,23073472,Tanmay Sharma,23073472@college.edu,ME,5,2026-04-16 16:13:15
13501,23072204,Ananya Iyer,23072204@college.edu,EEE,7,2026-04-16 16:13:15
13507,23058474,Pooja Sharma,23058474@college.edu,EEE,6,2026-04-16 16:13:15
13509,23063156,Tanmay Verma,23063156@college.edu,ECE,7,2026-04-16 16:13:15
13511,23058650,Sai Patel,23058650@college.edu,EEE,5,2026-04-16 16:13:15
13518,23065337,Yash Bansal,23065337@college.edu,ME,4,2026-04-16 16:13:15
13525,23068540,Ritika Iyer,23068540@college.edu,EEE,8,2026-04-16 16:13:15
13530,23075545,Aarav Das,23075545@college.edu,IT,6,2026-04-16 16:13:15
13535,23067494,Rohan Pandey,23067494@college.edu,ME,2,2026-04-16 16:13:15
13540,23079225,Neha Gupta,23079225@college.edu,ME,2,2026-04-16 16:13:15
13548,23062639,Pooja Agarwal,23062639@college.edu,EEE,4,2026-04-16 16:13:15
13549,23077447,Dev Reddy,23077447@college.edu,ME,6,2026-04-16 16:13:15
13554,23069024,Sai Verma,23069024@college.edu,EEE,4,2026-04-16 16:13:15
13562,23072837,Sai Patel,23072837@college.edu,ECE,2,2026-04-16 16:13:15
13564,23050576,Siddharth Bansal,23050576@college.edu,EEE,4,2026-04-16 16:13:15
13565,23065864,Nikhil Choudhary,23065864@college.edu,EEE,2,2026-04-16 16:13:15
13566,23052182,Tanmay Dubey,23052182@college.edu,ME,3,2026-04-16 16:13:15
13570,23071433,Nikhil Sharma,23071433@college.edu,CSE,7,2026-04-16 16:13:15
13571,23069659,Nikhil Mehta,23069659@college.edu,ECE,2,2026-04-16 16:13:15
13579,23064769,Sai Thakur,23064769@college.edu,EEE,5,2026-04-16 16:13:15
13580,23057738,Arjun Joshi,23057738@college.edu,IT,5,2026-04-16 16:13:15
13582,23055658,Ritika Patel,23055658@college.edu,CSE,7,2026-04-16 16:13:15
13588,23069562,Aarav Menon,23069562@college.edu,CSE,8,2026-04-16 16:13:15
13589,23076363,Pooja Sharma,23076363@college.edu,IT,1,2026-04-16 16:13:15
13590,23067744,Krishna Verma,23067744@college.edu,ECE,3,2026-04-16 16:13:15
13596,23073616,Diya Nair,23073616@college.edu,ECE,1,2026-04-16 16:13:15
13597,23051803,Aarav Das,23051803@college.edu,ME,4,2026-04-16 16:13:15
13598,23077219,Tanmay Dubey,23077219@college.edu,ECE,4,2026-04-16 16:13:15
13601,23068331,Ishaan Choudhary,23068331@college.edu,ME,7,2026-04-16 16:13:15
13605,23064734,Sneha Menon,23064734@college.edu,EEE,1,2026-04-16 16:13:15
13617,23059416,Sai Agarwal,23059416@college.edu,ME,5,2026-04-16 16:13:15
13624,23061826,Neha Pandey,23061826@college.edu,IT,1,2026-04-16 16:13:15
13632,23053386,Sai Patel,23053386@college.edu,ME,7,2026-04-16 16:13:15
13636,23058213,Manav Sharma,23058213@college.edu,IT,4,2026-04-16 16:13:15
13638,23053229,Nikhil Nair,23053229@college.edu,ME,5,2026-04-16 16:13:15
13644,23079600,Tanmay Nair,23079600@college.edu,ME,4,2026-04-16 16:13:15
13648,23066664,Deepak Thakur,23066664@college.edu,IT,5,2026-04-16 16:13:15
13650,23055799,Manav Bansal,23055799@college.edu,ME,3,2026-04-16 16:13:15
13651,23055163,Harsh Jain,23055163@college.edu,EEE,3,2026-04-16 16:13:15
13655,23063974,Harsh Khanna,23063974@college.edu,IT,4,2026-04-16 16:13:15
13678,23064722,Rohan Jain,23064722@college.edu,EEE,7,2026-04-16 16:13:15
13680,23052432,Mohit Gupta,23052432@college.edu,ME,4,2026-04-16 16:13:15
13681,23074568,Diya Pandey,23074568@college.edu,EEE,5,2026-04-16 16:13:15
13683,23050865,Vivaan Ghosh,23050865@college.edu,EEE,6,2026-04-16 16:13:15
13684,23054155,Dev Gupta,23054155@college.edu,IT,6,2026-04-16 16:13:15
13710,23062843,Rahul Bansal,23062843@college.edu,ECE,2,2026-04-16 16:13:15
13714,23077403,Ritesh Bansal,23077403@college.edu,ME,3,2026-04-16 16:13:15
13722,23066080,Aman Iyer,23066080@college.edu,ME,2,2026-04-16 16:13:15
13724,23070146,Vivaan Nair,23070146@college.edu,CSE,5,2026-04-16 16:13:15
13730,23050212,Meera Bansal,23050212@college.edu,EEE,4,2026-04-16 16:13:15
13733,23069088,Arjun Jain,23069088@college.edu,ECE,5,2026-04-16 16:13:15
13743,23053790,Arjun Ghosh,23053790@college.edu,CSE,5,2026-04-16 16:13:15
13751,23066302,Aditya Reddy,23066302@college.edu,ME,8,2026-04-16 16:13:15
13760,23071736,Yash Menon,23071736@college.edu,CSE,5,2026-04-16 16:13:15
13769,23054597,Priya Gupta,23054597@college.edu,ME,4,2026-04-16 16:13:15
13770,23050207,Deepak Nair,23050207@college.edu,ME,8,2026-04-16 16:13:15
13773,23067392,Deepak Reddy,23067392@college.edu,CSE,4,2026-04-16 16:13:15
13786,23051398,Rahul Patel,23051398@college.edu,ECE,4,2026-04-16 16:13:15
13790,23077766,Neha Dubey,23077766@college.edu,IT,7,2026-04-16 16:13:15
13793,23063183,Manav Mehta,23063183@college.edu,EEE,2,2026-04-16 16:13:15
13800,23056971,Sneha Khanna,23056971@college.edu,EEE,1,2026-04-16 16:13:15
13801,23073870,Aditi Bansal,23073870@college.edu,EEE,2,2026-04-16 16:13:15
13802,23064162,Priya Joshi,23064162@college.edu,EEE,8,2026-04-16 16:13:15
13803,23054822,Tanmay Pandey,23054822@college.edu,CSE,3,2026-04-16 16:13:15
13807,23064628,Kavya Reddy,23064628@college.edu,CSE,5,2026-04-16 16:13:15
13811,23057110,Meera Sharma,23057110@college.edu,IT,4,2026-04-16 16:13:15
13816,23059453,Vivaan Choudhary,23059453@college.edu,ECE,2,2026-04-16 16:13:15
13819,23055185,Ishaan Kapoor,23055185@college.edu,EEE,7,2026-04-16 16:13:15
13835,23070246,Meera Joshi,23070246@college.edu,IT,7,2026-04-16 16:13:15
13838,23061116,Krishna Kapoor,23061116@college.edu,ME,4,2026-04-16 16:13:15
13839,23059485,Sneha Joshi,23059485@college.edu,CSE,4,2026-04-16 16:13:15
13843,23055535,Nikhil Dubey,23055535@college.edu,IT,7,2026-04-16 16:13:15
13849,23073604,Meera Iyer,23073604@college.edu,ECE,1,2026-04-16 16:13:15
13856,23068240,Yash Ghosh,23068240@college.edu,ECE,8,2026-04-16 16:13:15
13858,23079776,Kunal Reddy,23079776@college.edu,ME,8,2026-04-16 16:13:15
13860,23071600,Harsh Choudhary,23071600@college.edu,CSE,1,2026-04-16 16:13:15
13873,23068233,Aman Mehta,23068233@college.edu,CSE,7,2026-04-16 16:13:15
13874,23066945,Ananya Nair,23066945@college.edu,ME,1,2026-04-16 16:13:15
13879,23062711,Pooja Rao,23062711@college.edu,ME,4,2026-04-16 16:13:15
13881,23052429,Ritika Rao,23052429@college.edu,IT,7,2026-04-16 16:13:15
13884,23055467,Ananya Thakur,23055467@college.edu,ECE,1,2026-04-16 16:13:15
13887,23064034,Arjun Patel,23064034@college.edu,ECE,7,2026-04-16 16:13:15
13901,23078233,Rahul Verma,23078233@college.edu,ME,1,2026-04-16 16:13:15
13905,23056468,Aditi Reddy,23056468@college.edu,ECE,7,2026-04-16 16:13:15
13912,23071596,Aman Dubey,23071596@college.edu,ECE,4,2026-04-16 16:13:15
13918,23064220,Ishaan Choudhary,23064220@college.edu,EEE,4,2026-04-16 16:13:15
13926,23057892,Vivaan Rao,23057892@college.edu,EEE,7,2026-04-16 16:13:15
13932,23076129,Krishna Menon,23076129@college.edu,ECE,5,2026-04-16 16:13:15
13933,23065359,Diya Das,23065359@college.edu,IT,5,2026-04-16 16:13:15
13934,23072427,Sai Agarwal,23072427@college.edu,ECE,2,2026-04-16 16:13:15
13936,23067835,Manav Gupta,23067835@college.edu,EEE,6,2026-04-16 16:13:15
13938,23067360,Om Rao,23067360@college.edu,ECE,8,2026-04-16 16:13:15
13947,23056096,Ritesh Agarwal,23056096@college.edu,IT,7,2026-04-16 16:13:15
13964,23074610,Dev Reddy,23074610@college.edu,EEE,2,2026-04-16 16:13:15
13973,23079504,Nikhil Kapoor,23079504@college.edu,ME,2,2026-04-16 16:13:15
13974,23064420,Rohan Agarwal,23064420@college.edu,ME,1,2026-04-16 16:13:15
13975,23053071,Aditi Jain,23053071@college.edu,IT,8,2026-04-16 16:13:15
13978,23067900,Aarav Das,23067900@college.edu,IT,7,2026-04-16 16:13:15
13979,23056766,Rohan Jain,23056766@college.edu,ECE,8,2026-04-16 16:13:15
13988,23062573,Ritesh Iyer,23062573@college.edu,ME,4,2026-04-16 16:13:15
13991,23050806,Aditya Reddy,23050806@college.edu,CSE,4,2026-04-16 16:13:15
14000,23076800,Aman Ghosh,23076800@college.edu,ME,7,2026-04-16 16:13:15
14003,23056558,Varun Thakur,23056558@college.edu,ECE,2,2026-04-16 16:13:15
14005,23068622,Pooja Bansal,23068622@college.edu,CSE,6,2026-04-16 16:13:15
14014,23068251,Kunal Kapoor,23068251@college.edu,CSE,5,2026-04-16 16:13:15
14031,23055489,Aman Thakur,23055489@college.edu,IT,5,2026-04-16 16:13:15
14040,23079926,Aditi Choudhary,23079926@college.edu,IT,8,2026-04-16 16:13:15
14041,23065766,Om Verma,23065766@college.edu,ECE,4,2026-04-16 16:13:15
14043,23059955,Diya Das,23059955@college.edu,EEE,3,2026-04-16 16:13:15
14045,23057648,Pooja Verma,23057648@college.edu,EEE,8,2026-04-16 16:13:15
14049,23068779,Neha Bansal,23068779@college.edu,EEE,3,2026-04-16 16:13:15
14053,23074944,Deepak Sharma,23074944@college.edu,ME,5,2026-04-16 16:13:15
14056,23075298,Deepak Nair,23075298@college.edu,ECE,6,2026-04-16 16:13:15
14064,23060836,Deepak Patel,23060836@college.edu,ME,5,2026-04-16 16:13:15
14065,23064119,Ritika Pandey,23064119@college.edu,EEE,6,2026-04-16 16:13:15
14067,23060910,Om Reddy,23060910@college.edu,EEE,1,2026-04-16 16:13:15
14068,23064080,Aman Sinha,23064080@college.edu,CSE,5,2026-04-16 16:13:15
14071,23064465,Aditi Joshi,23064465@college.edu,CSE,2,2026-04-16 16:13:15
14103,23071414,Sai Khanna,23071414@college.edu,ECE,6,2026-04-16 16:13:15
14107,23052689,Ritika Choudhary,23052689@college.edu,IT,1,2026-04-16 16:13:15
14111,23074246,Ritesh Pandey,23074246@college.edu,ME,7,2026-04-16 16:13:15
14120,23050370,Ishaan Pandey,23050370@college.edu,EEE,3,2026-04-16 16:13:15
14127,23053210,Sneha Thakur,23053210@college.edu,ECE,2,2026-04-16 16:13:15
14135,23075250,Priya Dubey,23075250@college.edu,IT,3,2026-04-16 16:13:15
14137,23061472,Deepak Rao,23061472@college.edu,ME,3,2026-04-16 16:13:15
14142,23069537,Yash Choudhary,23069537@college.edu,IT,5,2026-04-16 16:13:15
14144,23073851,Kavya Pandey,23073851@college.edu,EEE,7,2026-04-16 16:13:15
14145,23066775,Vivaan Rao,23066775@college.edu,IT,6,2026-04-16 16:13:15
14147,23076181,Aman Pandey,23076181@college.edu,CSE,6,2026-04-16 16:13:15
14155,23077623,Nikhil Sharma,23077623@college.edu,EEE,3,2026-04-16 16:13:15
14161,23067513,Arjun Jain,23067513@college.edu,ME,1,2026-04-16 16:13:15
14169,23064374,Aditya Bansal,23064374@college.edu,ME,1,2026-04-16 16:13:15
14171,23073288,Aditi Kapoor,23073288@college.edu,IT,5,2026-04-16 16:13:15
14184,23060017,Kunal Agarwal,23060017@college.edu,ME,4,2026-04-16 16:13:15
14185,23072065,Ritesh Verma,23072065@college.edu,ECE,5,2026-04-16 16:13:15
14190,23052882,Siddharth Rao,23052882@college.edu,CSE,5,2026-04-16 16:13:15
14192,23066465,Rohan Agarwal,23066465@college.edu,IT,2,2026-04-16 16:13:15
14207,23052129,Deepak Thakur,23052129@college.edu,CSE,2,2026-04-16 16:13:15
14216,23058799,Rahul Dubey,23058799@college.edu,CSE,6,2026-04-16 16:13:15
14222,23066293,Diya Agarwal,23066293@college.edu,IT,2,2026-04-16 16:13:15
14224,23065360,Siddharth Kapoor,23065360@college.edu,ECE,5,2026-04-16 16:13:15
14226,23079369,Deepak Menon,23079369@college.edu,IT,5,2026-04-16 16:13:15
14231,23077190,Aditya Joshi,23077190@college.edu,CSE,4,2026-04-16 16:13:15
14232,23050067,Ritesh Das,23050067@college.edu,EEE,4,2026-04-16 16:13:15
14235,23056279,Kunal Kapoor,23056279@college.edu,EEE,4,2026-04-16 16:13:15
14238,23050350,Om Gupta,23050350@college.edu,ME,1,2026-04-16 16:13:15
14251,23075069,Ananya Mehta,23075069@college.edu,ECE,1,2026-04-16 16:13:15
14255,23079434,Diya Kapoor,23079434@college.edu,ECE,3,2026-04-16 16:13:15
14259,23064891,Diya Mehta,23064891@college.edu,IT,7,2026-04-16 16:13:15
14261,23066440,Aarav Agarwal,23066440@college.edu,ME,1,2026-04-16 16:13:15
14265,23073702,Kunal Gupta,23073702@college.edu,ECE,4,2026-04-16 16:13:15
14266,23078178,Ananya Iyer,23078178@college.edu,CSE,8,2026-04-16 16:13:15
14267,23079802,Kavya Patel,23079802@college.edu,EEE,6,2026-04-16 16:13:15
14272,23062922,Ritika Reddy,23062922@college.edu,ME,8,2026-04-16 16:13:15
14275,23054510,Harsh Rao,23054510@college.edu,ME,5,2026-04-16 16:13:15
14279,23055681,Ritika Nair,23055681@college.edu,ME,2,2026-04-16 16:13:15
14281,23064270,Mohit Thakur,23064270@college.edu,ME,7,2026-04-16 16:13:15
14284,23061607,Neha Gupta,23061607@college.edu,EEE,7,2026-04-16 16:13:15
14292,23079655,Varun Sinha,23079655@college.edu,CSE,8,2026-04-16 16:13:15
14296,23068373,Arjun Khanna,23068373@college.edu,EEE,6,2026-04-16 16:13:15
14301,23068632,Dev Joshi,23068632@college.edu,ME,3,2026-04-16 16:13:15
14303,23063139,Meera Sharma,23063139@college.edu,EEE,2,2026-04-16 16:13:15
14307,23060208,Ananya Dubey,23060208@college.edu,CSE,6,2026-04-16 16:13:15
14315,23064493,Ananya Reddy,23064493@college.edu,CSE,1,2026-04-16 16:13:15
14326,23071756,Sneha Ghosh,23071756@college.edu,ECE,5,2026-04-16 16:13:15
14330,23074247,Sneha Menon,23074247@college.edu,CSE,6,2026-04-16 16:13:15
14339,23052750,Ritika Pandey,23052750@college.edu,EEE,2,2026-04-16 16:13:15
14342,23076943,Om Jain,23076943@college.edu,CSE,5,2026-04-16 16:13:15
14347,23053393,Ritika Nair,23053393@college.edu,CSE,3,2026-04-16 16:13:15
14348,23063468,Siddharth Mehta,23063468@college.edu,CSE,8,2026-04-16 16:13:15
14350,23051668,Meera Rao,23051668@college.edu,ME,2,2026-04-16 16:13:15
14351,23072859,Harsh Nair,23072859@college.edu,ECE,7,2026-04-16 16:13:15
14355,23058772,Yash Dubey,23058772@college.edu,ECE,5,2026-04-16 16:13:15
14370,23050278,Aditi Choudhary,23050278@college.edu,ME,5,2026-04-16 16:13:15
14377,23074049,Yash Joshi,23074049@college.edu,ME,6,2026-04-16 16:13:15
14380,23053911,Ritesh Menon,23053911@college.edu,CSE,7,2026-04-16 16:13:15
14382,23072895,Meera Dubey,23072895@college.edu,CSE,6,2026-04-16 16:13:15
14384,23074338,Mohit Agarwal,23074338@college.edu,ME,7,2026-04-16 16:13:15
14385,23051877,Vivaan Iyer,23051877@college.edu,IT,2,2026-04-16 16:13:15
14389,23077527,Harsh Bansal,23077527@college.edu,CSE,7,2026-04-16 16:13:15
14393,23069791,Tanmay Dubey,23069791@college.edu,EEE,8,2026-04-16 16:13:15
14397,23075750,Aman Gupta,23075750@college.edu,IT,4,2026-04-16 16:13:15
14398,23051147,Aarav Sharma,23051147@college.edu,EEE,6,2026-04-16 16:13:15
14399,23064273,Kavya Choudhary,23064273@college.edu,CSE,7,2026-04-16 16:13:15
14400,23077302,Sneha Jain,23077302@college.edu,IT,3,2026-04-16 16:13:15
14409,23058233,Aditya Nair,23058233@college.edu,ECE,1,2026-04-16 16:13:15
14413,23067623,Manav Agarwal,23067623@college.edu,CSE,6,2026-04-16 16:13:15
14415,23073491,Ishaan Mehta,23073491@college.edu,ECE,2,2026-04-16 16:13:15
14416,23059257,Sai Kapoor,23059257@college.edu,ME,4,2026-04-16 16:13:15
14420,23071335,Tanmay Choudhary,23071335@college.edu,ECE,4,2026-04-16 16:13:15
14421,23069616,Varun Sinha,23069616@college.edu,EEE,4,2026-04-16 16:13:15
14423,23072950,Yash Sharma,23072950@college.edu,CSE,8,2026-04-16 16:13:15
14433,23057210,Ananya Iyer,23057210@college.edu,ME,8,2026-04-16 16:13:15
14436,23077152,Tanmay Sharma,23077152@college.edu,ECE,1,2026-04-16 16:13:15
14437,23060096,Sneha Reddy,23060096@college.edu,IT,4,2026-04-16 16:13:15
14441,23059942,Meera Choudhary,23059942@college.edu,EEE,6,2026-04-16 16:13:15
14445,23060658,Pooja Agarwal,23060658@college.edu,IT,5,2026-04-16 16:13:15
14446,23061686,Manav Thakur,23061686@college.edu,ECE,8,2026-04-16 16:13:15
14451,23058736,Priya Rao,23058736@college.edu,ME,5,2026-04-16 16:13:15
14452,23057840,Tanmay Das,23057840@college.edu,ECE,8,2026-04-16 16:13:15
14465,23072418,Manav Reddy,23072418@college.edu,EEE,1,2026-04-16 16:13:15
14472,23051241,Deepak Gupta,23051241@college.edu,CSE,7,2026-04-16 16:13:15
14479,23050862,Neha Ghosh,23050862@college.edu,IT,4,2026-04-16 16:13:15
14483,23054169,Ishaan Sinha,23054169@college.edu,ME,3,2026-04-16 16:13:15
14493,23073590,Manav Agarwal,23073590@college.edu,IT,2,2026-04-16 16:13:15
14494,23071785,Nikhil Gupta,23071785@college.edu,CSE,1,2026-04-16 16:13:15
14514,23078756,Rohan Verma,23078756@college.edu,IT,3,2026-04-16 16:13:15
14516,23056050,Rohan Ghosh,23056050@college.edu,ME,2,2026-04-16 16:13:15
14519,23062376,Manav Mehta,23062376@college.edu,ECE,2,2026-04-16 16:13:15
14529,23066577,Priya Verma,23066577@college.edu,ECE,6,2026-04-16 16:13:15
14530,23077091,Ananya Verma,23077091@college.edu,ECE,4,2026-04-16 16:13:15
14532,23068268,Yash Ghosh,23068268@college.edu,EEE,7,2026-04-16 16:13:15
14535,23077149,Diya Jain,23077149@college.edu,ME,3,2026-04-16 16:13:15
14538,23060461,Ananya Pandey,23060461@college.edu,EEE,4,2026-04-16 16:13:15
14540,23063866,Priya Choudhary,23063866@college.edu,ECE,4,2026-04-16 16:13:15
14546,23067035,Om Das,23067035@college.edu,ECE,6,2026-04-16 16:13:15
14549,23072689,Nikhil Gupta,23072689@college.edu,IT,6,2026-04-16 16:13:15
14550,23067792,Dev Khanna,23067792@college.edu,IT,7,2026-04-16 16:13:15
14553,23051124,Yash Rao,23051124@college.edu,CSE,8,2026-04-16 16:13:15
14570,23063419,Nikhil Pandey,23063419@college.edu,CSE,4,2026-04-16 16:13:15
14572,23075003,Rohan Reddy,23075003@college.edu,IT,8,2026-04-16 16:13:15
14573,23061546,Kunal Agarwal,23061546@college.edu,ECE,6,2026-04-16 16:13:15
14575,23072844,Priya Khanna,23072844@college.edu,CSE,7,2026-04-16 16:13:15
14581,23068650,Sai Thakur,23068650@college.edu,IT,5,2026-04-16 16:13:15
14584,23056988,Om Nair,23056988@college.edu,EEE,1,2026-04-16 16:13:15
14586,23073148,Krishna Nair,23073148@college.edu,CSE,7,2026-04-16 16:13:15
14590,23064218,Manav Menon,23064218@college.edu,IT,5,2026-04-16 16:13:15
14601,23069466,Manav Dubey,23069466@college.edu,IT,3,2026-04-16 16:13:15
14602,23064194,Rohan Reddy,23064194@college.edu,ME,6,2026-04-16 16:13:15
14605,23057491,Harsh Gupta,23057491@college.edu,CSE,8,2026-04-16 16:13:15
14621,23076613,Vivaan Choudhary,23076613@college.edu,EEE,4,2026-04-16 16:13:15
14629,23076520,Nikhil Reddy,23076520@college.edu,IT,5,2026-04-16 16:13:15
14639,23051035,Dev Jain,23051035@college.edu,ME,5,2026-04-16 16:13:15
14646,23055515,Mohit Das,23055515@college.edu,EEE,1,2026-04-16 16:13:15
14647,23076284,Aman Ghosh,23076284@college.edu,CSE,1,2026-04-16 16:13:15
14652,23068361,Rohan Bansal,23068361@college.edu,CSE,5,2026-04-16 16:13:15
14655,23053788,Aditya Choudhary,23053788@college.edu,CSE,1,2026-04-16 16:13:15
14657,23061398,Krishna Sharma,23061398@college.edu,CSE,6,2026-04-16 16:13:15
14659,23072438,Ritika Agarwal,23072438@college.edu,EEE,1,2026-04-16 16:13:15
14661,23061602,Aditya Rao,23061602@college.edu,ME,3,2026-04-16 16:13:15
14662,23052541,Varun Sharma,23052541@college.edu,EEE,1,2026-04-16 16:13:15
14671,23060614,Sai Menon,23060614@college.edu,EEE,7,2026-04-16 16:13:15
14675,23079400,Arjun Ghosh,23079400@college.edu,CSE,4,2026-04-16 16:13:15
14678,23063970,Varun Das,23063970@college.edu,IT,3,2026-04-16 16:13:15
14680,23062963,Yash Thakur,23062963@college.edu,EEE,6,2026-04-16 16:13:15
14682,23060544,Ritesh Rao,23060544@college.edu,ECE,4,2026-04-16 16:13:15
14687,23059910,Siddharth Verma,23059910@college.edu,CSE,4,2026-04-16 16:13:15
14698,23071688,Kavya Mehta,23071688@college.edu,IT,8,2026-04-16 16:13:15
14704,23052816,Sneha Nair,23052816@college.edu,ME,2,2026-04-16 16:13:15
14707,23061523,Aman Gupta,23061523@college.edu,EEE,6,2026-04-16 16:13:15
14714,23073413,Meera Mehta,23073413@college.edu,ME,2,2026-04-16 16:13:15
14723,23054425,Aman Khanna,23054425@college.edu,EEE,1,2026-04-16 16:13:15
14734,23067489,Sai Rao,23067489@college.edu,IT,5,2026-04-16 16:13:15
14747,23055116,Ritika Mehta,23055116@college.edu,IT,5,2026-04-16 16:13:15
14752,23069950,Krishna Iyer,23069950@college.edu,ME,8,2026-04-16 16:13:15
14753,23077906,Om Nair,23077906@college.edu,ME,1,2026-04-16 16:13:15
14755,23053453,Yash Jain,23053453@college.edu,ECE,5,2026-04-16 16:13:15
14763,23056711,Deepak Rao,23056711@college.edu,ECE,6,2026-04-16 16:13:15
14770,23068057,Meera Bansal,23068057@college.edu,ME,5,2026-04-16 16:13:15
14772,23072269,Aman Agarwal,23072269@college.edu,CSE,4,2026-04-16 16:13:15
14774,23074044,Ananya Reddy,23074044@college.edu,EEE,5,2026-04-16 16:13:15
14775,23062543,Pooja Pandey,23062543@college.edu,IT,1,2026-04-16 16:13:15
14779,23058743,Ishaan Gupta,23058743@college.edu,ECE,2,2026-04-16 16:13:15
14783,23074148,Mohit Nair,23074148@college.edu,CSE,8,2026-04-16 16:13:15
14784,23059769,Diya Rao,23059769@college.edu,CSE,8,2026-04-16 16:13:15
14791,23058352,Om Joshi,23058352@college.edu,IT,1,2026-04-16 16:13:15
14797,23075269,Yash Bansal,23075269@college.edu,ME,8,2026-04-16 16:13:15
14809,23072486,Priya Nair,23072486@college.edu,ECE,4,2026-04-16 16:13:15
14829,23058133,Rohan Reddy,23058133@college.edu,CSE,5,2026-04-16 16:13:15
14845,23072226,Neha Das,23072226@college.edu,CSE,8,2026-04-16 16:13:15
14847,23069759,Sneha Sharma,23069759@college.edu,EEE,7,2026-04-16 16:13:15
14850,23063476,Tanmay Thakur,23063476@college.edu,ME,2,2026-04-16 16:13:15
14859,23078090,Neha Sinha,23078090@college.edu,ME,1,2026-04-16 16:13:15
14868,23073838,Deepak Reddy,23073838@college.edu,CSE,2,2026-04-16 16:13:15
14870,23064089,Priya Choudhary,23064089@college.edu,IT,1,2026-04-16 16:13:15
14874,23063363,Deepak Dubey,23063363@college.edu,CSE,8,2026-04-16 16:13:15
14880,23072978,Vivaan Bansal,23072978@college.edu,EEE,7,2026-04-16 16:13:15
14883,23072800,Neha Iyer,23072800@college.edu,CSE,6,2026-04-16 16:13:15
14887,23054197,Sai Joshi,23054197@college.edu,ECE,4,2026-04-16 16:13:15
14893,23076313,Neha Iyer,23076313@college.edu,IT,7,2026-04-16 16:13:15
14894,23058157,Aditi Joshi,23058157@college.edu,IT,5,2026-04-16 16:13:15
14898,23079819,Yash Reddy,23079819@college.edu,ECE,2,2026-04-16 16:13:15
14901,23073585,Krishna Rao,23073585@college.edu,EEE,1,2026-04-16 16:13:15
14906,23072934,Neha Choudhary,23072934@college.edu,ME,3,2026-04-16 16:13:15
14910,23056065,Arjun Joshi,23056065@college.edu,ECE,5,2026-04-16 16:13:15
14917,23051383,Tanmay Rao,23051383@college.edu,EEE,8,2026-04-16 16:13:15
14919,23055038,Om Das,23055038@college.edu,CSE,8,2026-04-16 16:13:15
14923,23062432,Kunal Gupta,23062432@college.edu,ME,3,2026-04-16 16:13:15
14927,23068291,Rahul Ghosh,23068291@college.edu,ME,2,2026-04-16 16:13:15
14932,23050669,Aman Choudhary,23050669@college.edu,CSE,7,2026-04-16 16:13:15
14933,23068131,Kunal Khanna,23068131@college.edu,IT,2,2026-04-16 16:13:15
14944,23070577,Meera Nair,23070577@college.edu,IT,7,2026-04-16 16:13:15
14950,23071777,Dev Khanna,23071777@college.edu,ME,4,2026-04-16 16:13:15
14955,23075536,Om Khanna,23075536@college.edu,ECE,7,2026-04-16 16:13:15
14958,23067191,Rahul Dubey,23067191@college.edu,ECE,2,2026-04-16 16:13:15
14959,23067115,Aditi Pandey,23067115@college.edu,EEE,6,2026-04-16 16:13:15
14963,23075927,Ananya Agarwal,23075927@college.edu,ME,6,2026-04-16 16:13:15
14965,23057088,Ishaan Joshi,23057088@college.edu,CSE,8,2026-04-16 16:13:15
14969,23066869,Om Jain,23066869@college.edu,ECE,1,2026-04-16 16:13:15
14992,23073320,Mohit Sharma,23073320@college.edu,CSE,5,2026-04-16 16:13:15
14997,23079711,Diya Mehta,23079711@college.edu,CSE,7,2026-04-16 16:13:15
15005,23060382,Nikhil Mehta,23060382@college.edu,ECE,6,2026-04-16 16:13:15
15007,23074056,Sneha Sinha,23074056@college.edu,EEE,8,2026-04-16 16:13:15
15013,23063852,Aman Kapoor,23063852@college.edu,ME,7,2026-04-16 16:13:15
15015,23061711,Dev Bansal,23061711@college.edu,ME,3,2026-04-16 16:13:15
15016,23072569,Siddharth Nair,23072569@college.edu,IT,8,2026-04-16 16:13:15
15029,23072512,Manav Rao,23072512@college.edu,ECE,1,2026-04-16 16:13:15
15031,23064448,Sneha Dubey,23064448@college.edu,CSE,8,2026-04-16 16:13:15
15039,23054873,Rohan Kapoor,23054873@college.edu,IT,6,2026-04-16 16:13:15
15041,23079427,Yash Nair,23079427@college.edu,EEE,4,2026-04-16 16:13:15
15042,23065709,Pooja Rao,23065709@college.edu,EEE,7,2026-04-16 16:13:15
15047,23051511,Tanmay Joshi,23051511@college.edu,IT,4,2026-04-16 16:13:15
15048,23073795,Dev Das,23073795@college.edu,ECE,1,2026-04-16 16:13:15
15049,23077550,Ananya Menon,23077550@college.edu,CSE,7,2026-04-16 16:13:15
15068,23077495,Neha Agarwal,23077495@college.edu,IT,5,2026-04-16 16:13:15
15071,23078476,Sai Jain,23078476@college.edu,ME,2,2026-04-16 16:13:15
15075,23067559,Meera Thakur,23067559@college.edu,ME,5,2026-04-16 16:13:15
15076,23067137,Ishaan Agarwal,23067137@college.edu,ME,8,2026-04-16 16:13:15
15078,23056866,Tanmay Das,23056866@college.edu,EEE,7,2026-04-16 16:13:15
15079,23075302,Aditya Nair,23075302@college.edu,ECE,2,2026-04-16 16:13:15
15083,23052061,Rohan Khanna,23052061@college.edu,IT,8,2026-04-16 16:13:15
15085,23060239,Rahul Kapoor,23060239@college.edu,IT,6,2026-04-16 16:13:15
15088,23062563,Dev Agarwal,23062563@college.edu,EEE,6,2026-04-16 16:13:15
15089,23071514,Dev Agarwal,23071514@college.edu,IT,5,2026-04-16 16:13:15
15092,23076053,Ishaan Joshi,23076053@college.edu,ECE,3,2026-04-16 16:13:15
15099,23056500,Tanmay Sharma,23056500@college.edu,IT,1,2026-04-16 16:13:15
15100,23062621,Rahul Patel,23062621@college.edu,IT,4,2026-04-16 16:13:15
15108,23056616,Om Reddy,23056616@college.edu,ECE,1,2026-04-16 16:13:15
15116,23064117,Rohan Agarwal,23064117@college.edu,CSE,6,2026-04-16 16:13:15
15119,23076200,Aman Verma,23076200@college.edu,ECE,3,2026-04-16 16:13:15
15124,23074552,Manav Patel,23074552@college.edu,CSE,4,2026-04-16 16:13:15
15127,23055862,Kavya Jain,23055862@college.edu,CSE,6,2026-04-16 16:13:15
15129,23057651,Siddharth Mehta,23057651@college.edu,ME,6,2026-04-16 16:13:15
15145,23074419,Nikhil Nair,23074419@college.edu,ECE,1,2026-04-16 16:13:15
15149,23059980,Aditi Patel,23059980@college.edu,EEE,7,2026-04-16 16:13:15
15152,23063457,Aditya Bansal,23063457@college.edu,CSE,5,2026-04-16 16:13:15
15159,23065700,Arjun Thakur,23065700@college.edu,EEE,5,2026-04-16 16:13:15
15162,23054180,Diya Nair,23054180@college.edu,IT,8,2026-04-16 16:13:15
15163,23069334,Deepak Khanna,23069334@college.edu,ECE,8,2026-04-16 16:13:15
15165,23078292,Rohan Kapoor,23078292@college.edu,IT,1,2026-04-16 16:13:15
15168,23068470,Siddharth Joshi,23068470@college.edu,EEE,5,2026-04-16 16:13:15
15173,23052086,Ananya Ghosh,23052086@college.edu,ME,4,2026-04-16 16:13:15
15197,23055592,Vivaan Thakur,23055592@college.edu,IT,2,2026-04-16 16:13:15
15203,23068236,Vivaan Sinha,23068236@college.edu,ME,4,2026-04-16 16:13:15
15207,23053185,Aarav Mehta,23053185@college.edu,EEE,6,2026-04-16 16:13:15
15218,23077696,Priya Pandey,23077696@college.edu,CSE,8,2026-04-16 16:13:15
15224,23076976,Ananya Das,23076976@college.edu,IT,1,2026-04-16 16:13:15
15226,23061681,Harsh Patel,23061681@college.edu,CSE,6,2026-04-16 16:13:15
15228,23073317,Aman Verma,23073317@college.edu,EEE,7,2026-04-16 16:13:15
15232,23058557,Ritesh Das,23058557@college.edu,CSE,6,2026-04-16 16:13:15
15239,23056089,Ananya Thakur,23056089@college.edu,CSE,4,2026-04-16 16:13:15
15241,23069080,Rahul Pandey,23069080@college.edu,ME,6,2026-04-16 16:13:15
15242,23062009,Kavya Pandey,23062009@college.edu,ECE,7,2026-04-16 16:13:15
15243,23056273,Rahul Bansal,23056273@college.edu,ECE,2,2026-04-16 16:13:15
15245,23074975,Deepak Sinha,23074975@college.edu,EEE,7,2026-04-16 16:13:15
15246,23058525,Pooja Kapoor,23058525@college.edu,ECE,8,2026-04-16 16:13:15
15249,23071101,Harsh Verma,23071101@college.edu,ECE,2,2026-04-16 16:13:15
15254,23064547,Manav Reddy,23064547@college.edu,ECE,4,2026-04-16 16:13:15
15256,23056600,Kunal Reddy,23056600@college.edu,ECE,1,2026-04-16 16:13:15
15272,23054631,Kavya Reddy,23054631@college.edu,EEE,6,2026-04-16 16:13:15
15276,23067633,Ishaan Choudhary,23067633@college.edu,IT,8,2026-04-16 16:13:15
15285,23059808,Yash Agarwal,23059808@college.edu,EEE,2,2026-04-16 16:13:15
15287,23070333,Meera Menon,23070333@college.edu,ME,5,2026-04-16 16:13:15
15295,23056526,Tanmay Rao,23056526@college.edu,EEE,4,2026-04-16 16:13:15
15296,23058978,Siddharth Das,23058978@college.edu,IT,3,2026-04-16 16:13:15
15298,23076722,Rahul Verma,23076722@college.edu,EEE,1,2026-04-16 16:13:15
15300,23062846,Harsh Sharma,23062846@college.edu,EEE,1,2026-04-16 16:13:15
15309,23079207,Tanmay Jain,23079207@college.edu,EEE,5,2026-04-16 16:13:15
15318,23063685,Deepak Sharma,23063685@college.edu,IT,4,2026-04-16 16:13:15
15322,23075950,Vivaan Ghosh,23075950@college.edu,EEE,6,2026-04-16 16:13:15
15323,23052740,Priya Verma,23052740@college.edu,IT,6,2026-04-16 16:13:15
15328,23055411,Ananya Jain,23055411@college.edu,ECE,5,2026-04-16 16:13:15
15329,23078070,Ishaan Iyer,23078070@college.edu,ME,1,2026-04-16 16:13:15
15339,23071350,Neha Verma,23071350@college.edu,IT,6,2026-04-16 16:13:15
15340,23075060,Sai Choudhary,23075060@college.edu,EEE,3,2026-04-16 16:13:15
15349,23067831,Aman Khanna,23067831@college.edu,CSE,8,2026-04-16 16:13:15
15351,23072638,Aman Gupta,23072638@college.edu,CSE,8,2026-04-16 16:13:15
15356,23050204,Dev Reddy,23050204@college.edu,CSE,5,2026-04-16 16:13:15
15358,23067070,Neha Gupta,23067070@college.edu,CSE,2,2026-04-16 16:13:15
15359,23070273,Harsh Choudhary,23070273@college.edu,ECE,4,2026-04-16 16:13:15
15371,23058239,Om Nair,23058239@college.edu,ME,6,2026-04-16 16:13:15
15372,23052551,Vivaan Pandey,23052551@college.edu,CSE,6,2026-04-16 16:13:15
15374,23051153,Arjun Mehta,23051153@college.edu,ECE,6,2026-04-16 16:13:15
15375,23078626,Varun Das,23078626@college.edu,IT,6,2026-04-16 16:13:15
15378,23079636,Nikhil Reddy,23079636@college.edu,ME,5,2026-04-16 16:13:15
15395,23078808,Aarav Kapoor,23078808@college.edu,EEE,6,2026-04-16 16:13:15
15412,23055158,Nikhil Iyer,23055158@college.edu,CSE,5,2026-04-16 16:13:15
15418,23055019,Deepak Patel,23055019@college.edu,ME,3,2026-04-16 16:13:15
15425,23072944,Ritesh Verma,23072944@college.edu,CSE,5,2026-04-16 16:13:15
15428,23077931,Kavya Bansal,23077931@college.edu,IT,2,2026-04-16 16:13:15
15432,23066834,Dev Pandey,23066834@college.edu,ME,2,2026-04-16 16:13:15
15439,23063832,Dev Das,23063832@college.edu,EEE,7,2026-04-16 16:13:15
15441,23068987,Sai Sinha,23068987@college.edu,IT,4,2026-04-16 16:13:15
15442,23050252,Nikhil Pandey,23050252@college.edu,ME,1,2026-04-16 16:13:15
15451,23066849,Sneha Jain,23066849@college.edu,EEE,1,2026-04-16 16:13:15
15452,23066858,Aditya Sinha,23066858@college.edu,ME,1,2026-04-16 16:13:15
15454,23050494,Kavya Mehta,23050494@college.edu,ME,7,2026-04-16 16:13:15
15460,23057007,Aarav Ghosh,23057007@college.edu,ME,5,2026-04-16 16:13:15
15467,23055454,Harsh Sinha,23055454@college.edu,ME,6,2026-04-16 16:13:15
15470,23052950,Aarav Gupta,23052950@college.edu,ECE,3,2026-04-16 16:13:15
15477,23075864,Manav Agarwal,23075864@college.edu,ME,5,2026-04-16 16:13:15
15481,23073556,Priya Ghosh,23073556@college.edu,EEE,1,2026-04-16 16:13:15
15488,23059460,Arjun Thakur,23059460@college.edu,EEE,1,2026-04-16 16:13:15
15490,23060603,Kunal Mehta,23060603@college.edu,IT,3,2026-04-16 16:13:15
15493,23074533,Varun Gupta,23074533@college.edu,CSE,3,2026-04-16 16:13:15
15496,23069060,Meera Gupta,23069060@college.edu,ECE,7,2026-04-16 16:13:15
15499,23063108,Harsh Joshi,23063108@college.edu,EEE,8,2026-04-16 16:13:15
15502,23066419,Tanmay Pandey,23066419@college.edu,CSE,2,2026-04-16 16:13:15
15504,23070593,Kunal Jain,23070593@college.edu,CSE,5,2026-04-16 16:13:15
15513,23062487,Aarav Sinha,23062487@college.edu,CSE,4,2026-04-16 16:13:15
15516,23052677,Neha Menon,23052677@college.edu,CSE,1,2026-04-16 16:13:15
15523,23055227,Ishaan Thakur,23055227@college.edu,EEE,3,2026-04-16 16:13:15
15526,23056850,Kavya Agarwal,23056850@college.edu,IT,8,2026-04-16 16:13:15
15528,23061388,Ishaan Khanna,23061388@college.edu,IT,2,2026-04-16 16:13:15
15529,23069869,Deepak Iyer,23069869@college.edu,IT,3,2026-04-16 16:13:15
15531,23074673,Dev Sinha,23074673@college.edu,CSE,7,2026-04-16 16:13:15
15538,23067574,Krishna Gupta,23067574@college.edu,CSE,1,2026-04-16 16:13:15
15539,23061809,Deepak Ghosh,23061809@college.edu,CSE,4,2026-04-16 16:13:15
15542,23052557,Om Agarwal,23052557@college.edu,ECE,1,2026-04-16 16:13:15
15548,23078207,Nikhil Sharma,23078207@college.edu,CSE,4,2026-04-16 16:13:15
15552,23066103,Harsh Iyer,23066103@college.edu,ME,6,2026-04-16 16:13:15
15556,23067160,Om Sinha,23067160@college.edu,EEE,6,2026-04-16 16:13:15
15557,23068156,Ananya Reddy,23068156@college.edu,ME,7,2026-04-16 16:13:15
15561,23062428,Om Thakur,23062428@college.edu,CSE,4,2026-04-16 16:13:15
15564,23079062,Pooja Iyer,23079062@college.edu,ECE,5,2026-04-16 16:13:15
15571,23067040,Tanmay Mehta,23067040@college.edu,ECE,3,2026-04-16 16:13:15
15573,23050375,Aman Rao,23050375@college.edu,ME,7,2026-04-16 16:13:15
15579,23077245,Tanmay Sharma,23077245@college.edu,IT,6,2026-04-16 16:13:15
15585,23064473,Rohan Iyer,23064473@college.edu,CSE,2,2026-04-16 16:13:15
15588,23064267,Aditya Rao,23064267@college.edu,ME,4,2026-04-16 16:13:15
15592,23074769,Pooja Kapoor,23074769@college.edu,ME,7,2026-04-16 16:13:15
15597,23066243,Arjun Gupta,23066243@college.edu,ECE,8,2026-04-16 16:13:15
15603,23069550,Tanmay Dubey,23069550@college.edu,ME,5,2026-04-16 16:13:15
15604,23062850,Arjun Bansal,23062850@college.edu,ME,3,2026-04-16 16:13:15
15623,23057014,Aditi Sharma,23057014@college.edu,EEE,8,2026-04-16 16:13:15
15630,23055358,Siddharth Pandey,23055358@college.edu,IT,8,2026-04-16 16:13:15
15632,23064559,Vivaan Verma,23064559@college.edu,ME,1,2026-04-16 16:13:15
15639,23057071,Om Gupta,23057071@college.edu,CSE,7,2026-04-16 16:13:15
15649,23057487,Pooja Dubey,23057487@college.edu,ECE,2,2026-04-16 16:13:15
15650,23053281,Tanmay Ghosh,23053281@college.edu,ECE,8,2026-04-16 16:13:15
15654,23069076,Ananya Thakur,23069076@college.edu,EEE,8,2026-04-16 16:13:15
15662,23070049,Aarav Das,23070049@college.edu,ECE,4,2026-04-16 16:13:15
15669,23068645,Siddharth Khanna,23068645@college.edu,EEE,5,2026-04-16 16:13:15
15672,23070715,Deepak Thakur,23070715@college.edu,ECE,2,2026-04-16 16:13:15
15675,23055699,Sneha Reddy,23055699@college.edu,IT,3,2026-04-16 16:13:15
15681,23053930,Deepak Das,23053930@college.edu,IT,5,2026-04-16 16:13:15
15716,23066629,Ishaan Iyer,23066629@college.edu,ECE,2,2026-04-16 16:13:15
15719,23055240,Siddharth Dubey,23055240@college.edu,CSE,1,2026-04-16 16:13:15
15720,23072172,Manav Menon,23072172@college.edu,EEE,3,2026-04-16 16:13:15
15721,23064554,Rohan Nair,23064554@college.edu,ME,4,2026-04-16 16:13:15
15722,23056723,Ritesh Jain,23056723@college.edu,ECE,6,2026-04-16 16:13:15
15727,23063519,Kavya Sinha,23063519@college.edu,EEE,6,2026-04-16 16:13:15
15731,23066253,Harsh Reddy,23066253@college.edu,IT,5,2026-04-16 16:13:15
15732,23055060,Varun Verma,23055060@college.edu,EEE,7,2026-04-16 16:13:15
15736,23058153,Ritesh Sinha,23058153@college.edu,ECE,1,2026-04-16 16:13:15
15739,23078689,Varun Kapoor,23078689@college.edu,EEE,7,2026-04-16 16:13:15
15740,23071159,Neha Dubey,23071159@college.edu,ECE,5,2026-04-16 16:13:15
15741,23072871,Kavya Rao,23072871@college.edu,ME,7,2026-04-16 16:13:15
15745,23057705,Manav Ghosh,23057705@college.edu,EEE,1,2026-04-16 16:13:15
15747,23055969,Diya Sharma,23055969@college.edu,EEE,7,2026-04-16 16:13:15
15750,23059562,Diya Menon,23059562@college.edu,ME,6,2026-04-16 16:13:15
15754,23078310,Ritika Verma,23078310@college.edu,ME,5,2026-04-16 16:13:15
15757,23060933,Aman Menon,23060933@college.edu,ME,5,2026-04-16 16:13:15
15759,23074025,Sai Reddy,23074025@college.edu,CSE,2,2026-04-16 16:13:15
15763,23065541,Pooja Ghosh,23065541@college.edu,EEE,6,2026-04-16 16:13:15
15766,23076075,Arjun Nair,23076075@college.edu,ME,1,2026-04-16 16:13:15
15767,23073673,Kavya Sharma,23073673@college.edu,IT,1,2026-04-16 16:13:15
15771,23051736,Sneha Menon,23051736@college.edu,EEE,8,2026-04-16 16:13:15
15774,23065036,Aditya Choudhary,23065036@college.edu,IT,4,2026-04-16 16:13:15
15783,23056220,Ishaan Nair,23056220@college.edu,CSE,4,2026-04-16 16:13:15
15787,23059726,Arjun Choudhary,23059726@college.edu,ECE,1,2026-04-16 16:13:15
15790,23060746,Pooja Khanna,23060746@college.edu,EEE,4,2026-04-16 16:13:15
15791,23070454,Neha Ghosh,23070454@college.edu,CSE,3,2026-04-16 16:13:15
15809,23065786,Ritesh Patel,23065786@college.edu,ECE,5,2026-04-16 16:13:15
15817,23066689,Rohan Bansal,23066689@college.edu,EEE,7,2026-04-16 16:13:15
15824,23071197,Sai Kapoor,23071197@college.edu,EEE,5,2026-04-16 16:13:15
15845,23062637,Nikhil Rao,23062637@college.edu,EEE,5,2026-04-16 16:13:15
15846,23070502,Aditya Das,23070502@college.edu,IT,1,2026-04-16 16:13:15
15859,23061286,Meera Das,23061286@college.edu,IT,1,2026-04-16 16:13:15
15861,23053630,Om Jain,23053630@college.edu,ECE,7,2026-04-16 16:13:15
15864,23067910,Kavya Menon,23067910@college.edu,EEE,3,2026-04-16 16:13:15
15867,23077552,Ananya Kapoor,23077552@college.edu,EEE,3,2026-04-16 16:13:15
15870,23053286,Aditya Reddy,23053286@college.edu,CSE,6,2026-04-16 16:13:15
15884,23071767,Rahul Khanna,23071767@college.edu,CSE,6,2026-04-16 16:13:15
15887,23073994,Varun Verma,23073994@college.edu,ME,6,2026-04-16 16:13:15
15888,23052621,Kunal Thakur,23052621@college.edu,ME,6,2026-04-16 16:13:15
15896,23067196,Ritika Pandey,23067196@college.edu,ECE,6,2026-04-16 16:13:15
15901,23072079,Neha Nair,23072079@college.edu,EEE,7,2026-04-16 16:13:15
15902,23050927,Aditi Choudhary,23050927@college.edu,CSE,4,2026-04-16 16:13:15
15910,23062057,Siddharth Ghosh,23062057@college.edu,IT,7,2026-04-16 16:13:15
15913,23077600,Aditi Ghosh,23077600@college.edu,CSE,7,2026-04-16 16:13:15
15919,23064888,Krishna Gupta,23064888@college.edu,EEE,1,2026-04-16 16:13:15
15922,23077883,Ritika Kapoor,23077883@college.edu,IT,6,2026-04-16 16:13:15
15926,23053561,Aditya Dubey,23053561@college.edu,EEE,5,2026-04-16 16:13:15
15927,23061409,Ishaan Rao,23061409@college.edu,ME,8,2026-04-16 16:13:15
15930,23074707,Manav Menon,23074707@college.edu,EEE,1,2026-04-16 16:13:15
15931,23061912,Harsh Das,23061912@college.edu,ECE,1,2026-04-16 16:13:15
15932,23054509,Manav Kapoor,23054509@college.edu,EEE,6,2026-04-16 16:13:15
15937,23076731,Harsh Menon,23076731@college.edu,EEE,2,2026-04-16 16:13:15
15939,23051181,Krishna Sharma,23051181@college.edu,IT,1,2026-04-16 16:13:15
15942,23067064,Rohan Reddy,23067064@college.edu,CSE,4,2026-04-16 16:13:15
15943,23055707,Mohit Choudhary,23055707@college.edu,EEE,3,2026-04-16 16:13:15
15945,23076900,Ritesh Joshi,23076900@college.edu,ECE,8,2026-04-16 16:13:15
15952,23060454,Varun Reddy,23060454@college.edu,ME,7,2026-04-16 16:13:15
15955,23071216,Om Verma,23071216@college.edu,EEE,7,2026-04-16 16:13:15
15959,23058450,Mohit Nair,23058450@college.edu,CSE,6,2026-04-16 16:13:15
15962,23059730,Vivaan Menon,23059730@college.edu,ME,4,2026-04-16 16:13:15
15979,23067134,Yash Nair,23067134@college.edu,ECE,5,2026-04-16 16:13:15
15981,23054406,Dev Das,23054406@college.edu,ME,8,2026-04-16 16:13:15
15993,23069070,Tanmay Rao,23069070@college.edu,ME,8,2026-04-16 16:13:15
15994,23068527,Siddharth Choudhary,23068527@college.edu,EEE,7,2026-04-16 16:13:15
16008,23052493,Sneha Sharma,23052493@college.edu,ME,4,2026-04-16 16:13:15
16021,23066099,Om Joshi,23066099@college.edu,IT,3,2026-04-16 16:13:15
16025,23078201,Ananya Iyer,23078201@college.edu,ME,5,2026-04-16 16:13:15
16036,23067564,Ritika Gupta,23067564@college.edu,ME,1,2026-04-16 16:13:15
16041,23055368,Ananya Verma,23055368@college.edu,ME,2,2026-04-16 16:13:15
16042,23052342,Ritesh Dubey,23052342@college.edu,ME,2,2026-04-16 16:13:15
16043,23058080,Dev Nair,23058080@college.edu,IT,6,2026-04-16 16:13:15
16050,23073793,Varun Thakur,23073793@college.edu,ECE,3,2026-04-16 16:13:15
16064,23061335,Arjun Khanna,23061335@college.edu,ECE,7,2026-04-16 16:13:15
16067,23058095,Yash Ghosh,23058095@college.edu,IT,1,2026-04-16 16:13:15
16070,23067737,Deepak Sinha,23067737@college.edu,IT,2,2026-04-16 16:13:15
16073,23059576,Neha Reddy,23059576@college.edu,ME,4,2026-04-16 16:13:15
16084,23053707,Kavya Mehta,23053707@college.edu,EEE,5,2026-04-16 16:13:15
16086,23065211,Aman Iyer,23065211@college.edu,ME,4,2026-04-16 16:13:15
16089,23056876,Mohit Dubey,23056876@college.edu,CSE,1,2026-04-16 16:13:15
16093,23068191,Arjun Bansal,23068191@college.edu,ECE,1,2026-04-16 16:13:15
16101,23078123,Manav Menon,23078123@college.edu,IT,5,2026-04-16 16:13:15
16104,23057628,Pooja Jain,23057628@college.edu,IT,8,2026-04-16 16:13:15
16105,23073908,Meera Dubey,23073908@college.edu,EEE,1,2026-04-16 16:13:15
16106,23051074,Aditi Khanna,23051074@college.edu,ME,4,2026-04-16 16:13:15
16108,23065256,Ritesh Dubey,23065256@college.edu,ME,8,2026-04-16 16:13:15
16114,23067237,Aarav Sinha,23067237@college.edu,EEE,1,2026-04-16 16:13:15
16119,23055531,Priya Jain,23055531@college.edu,CSE,6,2026-04-16 16:13:15
16123,23061119,Ritika Ghosh,23061119@college.edu,ME,8,2026-04-16 16:13:15
16130,23069684,Meera Choudhary,23069684@college.edu,ME,6,2026-04-16 16:13:15
16132,23050188,Nikhil Reddy,23050188@college.edu,ECE,5,2026-04-16 16:13:15
16146,23073662,Mohit Gupta,23073662@college.edu,ME,4,2026-04-16 16:13:15
16152,23075576,Diya Gupta,23075576@college.edu,ME,5,2026-04-16 16:13:15
16159,23079071,Kavya Dubey,23079071@college.edu,EEE,7,2026-04-16 16:13:15
16160,23060644,Aditi Iyer,23060644@college.edu,IT,2,2026-04-16 16:13:15
16162,23070295,Rohan Joshi,23070295@college.edu,EEE,7,2026-04-16 16:13:15
16163,23079109,Meera Menon,23079109@college.edu,ECE,8,2026-04-16 16:13:15
16166,23074627,Neha Bansal,23074627@college.edu,CSE,3,2026-04-16 16:13:15
16168,23070264,Aman Reddy,23070264@college.edu,ME,6,2026-04-16 16:13:15
16184,23057568,Sai Iyer,23057568@college.edu,IT,3,2026-04-16 16:13:15
16194,23074812,Deepak Patel,23074812@college.edu,IT,7,2026-04-16 16:13:15
16195,23068514,Aarav Sharma,23068514@college.edu,ME,3,2026-04-16 16:13:15
16197,23062355,Diya Das,23062355@college.edu,IT,7,2026-04-16 16:13:15
16202,23051797,Ishaan Patel,23051797@college.edu,ECE,7,2026-04-16 16:13:15
16203,23065919,Tanmay Ghosh,23065919@college.edu,ECE,3,2026-04-16 16:13:15
16209,23051856,Kavya Agarwal,23051856@college.edu,ME,2,2026-04-16 16:13:15
16210,23050820,Diya Sharma,23050820@college.edu,EEE,2,2026-04-16 16:13:15
16217,23052889,Diya Nair,23052889@college.edu,ME,6,2026-04-16 16:13:15
16232,23058243,Aditya Jain,23058243@college.edu,ME,6,2026-04-16 16:13:15
16233,23057385,Siddharth Reddy,23057385@college.edu,ME,6,2026-04-16 16:13:15
16239,23079781,Yash Khanna,23079781@college.edu,ME,7,2026-04-16 16:13:15
16241,23054192,Arjun Menon,23054192@college.edu,IT,1,2026-04-16 16:13:15
16242,23057802,Aarav Ghosh,23057802@college.edu,ME,7,2026-04-16 16:13:15
16244,23051523,Rohan Khanna,23051523@college.edu,CSE,5,2026-04-16 16:13:15
16246,23051298,Ritesh Thakur,23051298@college.edu,CSE,5,2026-04-16 16:13:15
16248,23070506,Aditya Dubey,23070506@college.edu,CSE,1,2026-04-16 16:13:15
16252,23073038,Krishna Patel,23073038@college.edu,EEE,4,2026-04-16 16:13:15
16263,23052790,Ishaan Ghosh,23052790@college.edu,ECE,2,2026-04-16 16:13:15
16271,23069968,Aman Nair,23069968@college.edu,EEE,8,2026-04-16 16:13:15
16272,23061278,Aman Nair,23061278@college.edu,IT,6,2026-04-16 16:13:15
16276,23056388,Sneha Khanna,23056388@college.edu,IT,2,2026-04-16 16:13:15
16280,23075031,Aditya Pandey,23075031@college.edu,ECE,3,2026-04-16 16:13:15
16282,23056174,Om Ghosh,23056174@college.edu,ECE,8,2026-04-16 16:13:15
16289,23070877,Vivaan Jain,23070877@college.edu,EEE,3,2026-04-16 16:13:15
16300,23067823,Harsh Menon,23067823@college.edu,CSE,4,2026-04-16 16:13:15
16311,23067466,Rohan Das,23067466@college.edu,ECE,2,2026-04-16 16:13:15
16312,23079441,Aarav Thakur,23079441@college.edu,EEE,2,2026-04-16 16:13:15
16317,23075169,Varun Das,23075169@college.edu,ECE,1,2026-04-16 16:13:15
16324,23054200,Manav Dubey,23054200@college.edu,IT,6,2026-04-16 16:13:15
16328,23067716,Pooja Menon,23067716@college.edu,IT,2,2026-04-16 16:13:15
16329,23068724,Aditya Sharma,23068724@college.edu,ME,8,2026-04-16 16:13:15
16331,23053825,Aarav Das,23053825@college.edu,EEE,3,2026-04-16 16:13:15
16335,23075059,Aman Patel,23075059@college.edu,ME,4,2026-04-16 16:13:15
16344,23063467,Mohit Dubey,23063467@college.edu,ME,4,2026-04-16 16:13:15
16364,23076554,Dev Sharma,23076554@college.edu,CSE,3,2026-04-16 16:13:15
16365,23073167,Kunal Joshi,23073167@college.edu,CSE,3,2026-04-16 16:13:15
16376,23062512,Varun Verma,23062512@college.edu,EEE,3,2026-04-16 16:13:15
16377,23077317,Harsh Choudhary,23077317@college.edu,EEE,3,2026-04-16 16:13:15
16381,23060005,Manav Reddy,23060005@college.edu,ECE,8,2026-04-16 16:13:15
16384,23060427,Siddharth Reddy,23060427@college.edu,ECE,6,2026-04-16 16:13:15
16387,23054862,Arjun Sharma,23054862@college.edu,ME,3,2026-04-16 16:13:15
16389,23061088,Dev Menon,23061088@college.edu,ME,6,2026-04-16 16:13:15
16395,23055748,Meera Mehta,23055748@college.edu,IT,4,2026-04-16 16:13:15
16399,23072186,Tanmay Dubey,23072186@college.edu,ECE,2,2026-04-16 16:13:15
16403,23067342,Aman Jain,23067342@college.edu,CSE,5,2026-04-16 16:13:15
16405,23075023,Nikhil Patel,23075023@college.edu,ECE,6,2026-04-16 16:13:15
16407,23067124,Ritika Jain,23067124@college.edu,IT,2,2026-04-16 16:13:15
16410,23075487,Aman Ghosh,23075487@college.edu,EEE,1,2026-04-16 16:13:15
16428,23073571,Kavya Choudhary,23073571@college.edu,ME,3,2026-04-16 16:13:15
16432,23061803,Pooja Agarwal,23061803@college.edu,EEE,1,2026-04-16 16:13:15
16436,23057278,Rahul Khanna,23057278@college.edu,CSE,6,2026-04-16 16:13:15
16451,23066706,Rohan Jain,23066706@college.edu,ECE,4,2026-04-16 16:13:15
16459,23077537,Aman Reddy,23077537@college.edu,ECE,4,2026-04-16 16:13:15
16461,23078417,Deepak Kapoor,23078417@college.edu,ECE,5,2026-04-16 16:13:15
16465,23054643,Arjun Ghosh,23054643@college.edu,CSE,7,2026-04-16 16:13:15
16470,23079588,Kavya Thakur,23079588@college.edu,IT,2,2026-04-16 16:13:15
16477,23058229,Aditi Das,23058229@college.edu,IT,3,2026-04-16 16:13:15
16478,23074076,Krishna Pandey,23074076@college.edu,EEE,6,2026-04-16 16:13:15
16490,23059866,Kavya Patel,23059866@college.edu,ME,2,2026-04-16 16:13:15
16495,23071362,Ishaan Iyer,23071362@college.edu,ME,4,2026-04-16 16:13:15
16497,23078136,Pooja Sinha,23078136@college.edu,ECE,2,2026-04-16 16:13:15
16503,23061527,Yash Agarwal,23061527@college.edu,EEE,1,2026-04-16 16:13:15
16505,23050161,Krishna Sharma,23050161@college.edu,ME,1,2026-04-16 16:13:15
16508,23071248,Vivaan Ghosh,23071248@college.edu,CSE,3,2026-04-16 16:13:15
16514,23075669,Dev Reddy,23075669@college.edu,ECE,4,2026-04-16 16:13:15
16515,23066172,Dev Verma,23066172@college.edu,CSE,1,2026-04-16 16:13:15
16525,23054385,Rahul Dubey,23054385@college.edu,IT,5,2026-04-16 16:13:15
16526,23060622,Aditi Agarwal,23060622@college.edu,ECE,4,2026-04-16 16:13:15
16535,23076369,Priya Patel,23076369@college.edu,ME,1,2026-04-16 16:13:15
16539,23067962,Om Sinha,23067962@college.edu,IT,5,2026-04-16 16:13:15
16540,23058529,Pooja Menon,23058529@college.edu,EEE,3,2026-04-16 16:13:15
16547,23062308,Aditya Kapoor,23062308@college.edu,IT,5,2026-04-16 16:13:15
16551,23061958,Kunal Ghosh,23061958@college.edu,CSE,6,2026-04-16 16:13:15
16556,23069436,Deepak Dubey,23069436@college.edu,ECE,2,2026-04-16 16:13:15
16561,23062978,Mohit Nair,23062978@college.edu,ME,2,2026-04-16 16:13:15
16562,23065759,Ritika Pandey,23065759@college.edu,ECE,3,2026-04-16 16:13:15
16568,23069952,Ritesh Dubey,23069952@college.edu,EEE,8,2026-04-16 16:13:15
16570,23065854,Sneha Thakur,23065854@college.edu,ME,5,2026-04-16 16:13:15
16585,23065141,Om Joshi,23065141@college.edu,ME,8,2026-04-16 16:13:15
16586,23068717,Aman Sinha,23068717@college.edu,IT,5,2026-04-16 16:13:15
16588,23065448,Rohan Pandey,23065448@college.edu,CSE,6,2026-04-16 16:13:15
16590,23060391,Yash Nair,23060391@college.edu,IT,1,2026-04-16 16:13:15
16607,23074395,Ritesh Gupta,23074395@college.edu,EEE,4,2026-04-16 16:13:15
16612,23061713,Sai Pandey,23061713@college.edu,ECE,4,2026-04-16 16:13:15
16622,23059848,Siddharth Iyer,23059848@college.edu,EEE,1,2026-04-16 16:13:15
16625,23069718,Neha Verma,23069718@college.edu,IT,3,2026-04-16 16:13:15
16631,23050136,Ritika Das,23050136@college.edu,IT,8,2026-04-16 16:13:15
16646,23062223,Aman Menon,23062223@college.edu,ME,5,2026-04-16 16:13:15
16648,23056528,Aditi Nair,23056528@college.edu,IT,1,2026-04-16 16:13:15
16654,23072988,Priya Iyer,23072988@college.edu,ME,8,2026-04-16 16:13:15
16660,23057871,Nikhil Nair,23057871@college.edu,ECE,2,2026-04-16 16:13:15
16667,23053426,Arjun Choudhary,23053426@college.edu,IT,5,2026-04-16 16:13:15
16668,23058660,Aman Das,23058660@college.edu,EEE,8,2026-04-16 16:13:15
16673,23056287,Rohan Choudhary,23056287@college.edu,CSE,2,2026-04-16 16:13:15
16675,23063796,Mohit Pandey,23063796@college.edu,EEE,7,2026-04-16 16:13:15
16686,23065555,Kunal Iyer,23065555@college.edu,ECE,7,2026-04-16 16:13:15
16688,23067917,Krishna Agarwal,23067917@college.edu,IT,7,2026-04-16 16:13:15
16690,23065822,Kavya Mehta,23065822@college.edu,IT,6,2026-04-16 16:13:15
16692,23059574,Krishna Thakur,23059574@college.edu,EEE,3,2026-04-16 16:13:15
16695,23057277,Aarav Gupta,23057277@college.edu,IT,7,2026-04-16 16:13:15
16697,23079567,Mohit Choudhary,23079567@college.edu,EEE,1,2026-04-16 16:13:15
16704,23057553,Ananya Pandey,23057553@college.edu,ECE,2,2026-04-16 16:13:15
16707,23076389,Deepak Reddy,23076389@college.edu,EEE,8,2026-04-16 16:13:15
16710,23059843,Nikhil Sinha,23059843@college.edu,IT,8,2026-04-16 16:13:15
16711,23068886,Manav Rao,23068886@college.edu,ME,7,2026-04-16 16:13:15
16714,23078227,Harsh Nair,23078227@college.edu,CSE,8,2026-04-16 16:13:15
16719,23067844,Priya Sharma,23067844@college.edu,EEE,3,2026-04-16 16:13:15
16720,23061945,Ritesh Choudhary,23061945@college.edu,ME,4,2026-04-16 16:13:15
16726,23052384,Aditi Verma,23052384@college.edu,ECE,1,2026-04-16 16:13:15
16730,23074618,Priya Joshi,23074618@college.edu,ME,3,2026-04-16 16:13:15
16740,23050490,Diya Gupta,23050490@college.edu,ECE,4,2026-04-16 16:13:15
16750,23069370,Diya Iyer,23069370@college.edu,IT,4,2026-04-16 16:13:15
16753,23050327,Tanmay Rao,23050327@college.edu,CSE,5,2026-04-16 16:13:15
16763,23060565,Sneha Sinha,23060565@college.edu,IT,5,2026-04-16 16:13:15
16768,23065696,Nikhil Sinha,23065696@college.edu,IT,2,2026-04-16 16:13:15
16770,23078216,Meera Choudhary,23078216@college.edu,EEE,4,2026-04-16 16:13:15
16778,23052975,Vivaan Sharma,23052975@college.edu,IT,2,2026-04-16 16:13:15
16792,23060562,Ishaan Patel,23060562@college.edu,ECE,2,2026-04-16 16:13:15
16796,23067437,Aarav Sharma,23067437@college.edu,IT,5,2026-04-16 16:13:15
16804,23063562,Dev Sinha,23063562@college.edu,EEE,4,2026-04-16 16:13:15
16813,23072584,Mohit Gupta,23072584@college.edu,IT,2,2026-04-16 16:13:15
16814,23062949,Mohit Sinha,23062949@college.edu,IT,7,2026-04-16 16:13:15
16818,23069730,Rohan Ghosh,23069730@college.edu,CSE,2,2026-04-16 16:13:15
16820,23052630,Varun Gupta,23052630@college.edu,ECE,2,2026-04-16 16:13:15
16821,23078105,Siddharth Thakur,23078105@college.edu,ME,1,2026-04-16 16:13:15
16823,23057218,Siddharth Pandey,23057218@college.edu,EEE,3,2026-04-16 16:13:15
16829,23059983,Harsh Ghosh,23059983@college.edu,ME,1,2026-04-16 16:13:15
16832,23061971,Mohit Kapoor,23061971@college.edu,IT,6,2026-04-16 16:13:15
16833,23057432,Diya Dubey,23057432@college.edu,CSE,4,2026-04-16 16:13:15
16840,23053885,Tanmay Mehta,23053885@college.edu,ECE,5,2026-04-16 16:13:15
16842,23079167,Aditi Khanna,23079167@college.edu,IT,6,2026-04-16 16:13:15
16843,23077973,Arjun Mehta,23077973@college.edu,CSE,6,2026-04-16 16:13:15
16846,23057367,Tanmay Agarwal,23057367@college.edu,CSE,3,2026-04-16 16:13:15
16863,23054160,Rahul Bansal,23054160@college.edu,ME,6,2026-04-16 16:13:15
16866,23063586,Priya Jain,23063586@college.edu,CSE,1,2026-04-16 16:13:15
16869,23055014,Ishaan Iyer,23055014@college.edu,ECE,5,2026-04-16 16:13:15
16876,23063243,Om Joshi,23063243@college.edu,ME,7,2026-04-16 16:13:15
16878,23060558,Dev Bansal,23060558@college.edu,CSE,1,2026-04-16 16:13:15
16881,23062985,Vivaan Gupta,23062985@college.edu,ECE,8,2026-04-16 16:13:15
16901,23076475,Ritika Menon,23076475@college.edu,CSE,2,2026-04-16 16:13:15
16902,23052203,Mohit Thakur,23052203@college.edu,EEE,8,2026-04-16 16:13:15
16904,23064096,Ishaan Dubey,23064096@college.edu,CSE,6,2026-04-16 16:13:15
16905,23063728,Aditi Thakur,23063728@college.edu,IT,6,2026-04-16 16:13:15
16916,23050733,Arjun Iyer,23050733@college.edu,EEE,1,2026-04-16 16:13:15
16921,23058794,Dev Rao,23058794@college.edu,EEE,6,2026-04-16 16:13:15
16923,23071119,Priya Agarwal,23071119@college.edu,IT,7,2026-04-16 16:13:15
16924,23054284,Aman Ghosh,23054284@college.edu,ECE,7,2026-04-16 16:13:15
16932,23060956,Diya Dubey,23060956@college.edu,ECE,8,2026-04-16 16:13:15
16945,23072252,Ishaan Ghosh,23072252@college.edu,ECE,4,2026-04-16 16:13:15
16948,23064215,Harsh Agarwal,23064215@college.edu,IT,2,2026-04-16 16:13:15
16950,23065847,Sneha Pandey,23065847@college.edu,CSE,8,2026-04-16 16:13:15
16955,23060078,Sneha Bansal,23060078@college.edu,CSE,1,2026-04-16 16:13:15
16961,23067982,Yash Pandey,23067982@college.edu,ECE,2,2026-04-16 16:13:15
16963,23078804,Om Thakur,23078804@college.edu,EEE,1,2026-04-16 16:13:15
16971,23062836,Ritika Choudhary,23062836@college.edu,EEE,3,2026-04-16 16:13:15
16976,23078305,Siddharth Jain,23078305@college.edu,ECE,8,2026-04-16 16:13:15
16977,23070823,Deepak Das,23070823@college.edu,IT,1,2026-04-16 16:13:15
16979,23071388,Dev Verma,23071388@college.edu,ME,3,2026-04-16 16:13:15
16981,23059170,Krishna Reddy,23059170@college.edu,CSE,6,2026-04-16 16:13:15
16983,23060213,Ananya Gupta,23060213@college.edu,CSE,5,2026-04-16 16:13:15
16986,23067735,Siddharth Choudhary,23067735@college.edu,ECE,8,2026-04-16 16:13:15
17007,23053442,Manav Ghosh,23053442@college.edu,ME,3,2026-04-16 16:13:15
17012,23057193,Ishaan Sharma,23057193@college.edu,CSE,5,2026-04-16 16:13:15
17015,23058319,Rohan Sharma,23058319@college.edu,EEE,4,2026-04-16 16:13:15
17017,23068637,Kunal Verma,23068637@college.edu,IT,6,2026-04-16 16:13:15
17022,23055701,Aman Patel,23055701@college.edu,IT,6,2026-04-16 16:13:15
17024,23051533,Neha Thakur,23051533@college.edu,ME,5,2026-04-16 16:13:15
17032,23053401,Krishna Gupta,23053401@college.edu,CSE,5,2026-04-16 16:13:15
17034,23051746,Mohit Verma,23051746@college.edu,CSE,1,2026-04-16 16:13:15
17035,23076749,Sneha Rao,23076749@college.edu,ECE,7,2026-04-16 16:13:15
17038,23064197,Yash Verma,23064197@college.edu,ECE,4,2026-04-16 16:13:15
17045,23065486,Aditi Agarwal,23065486@college.edu,CSE,4,2026-04-16 16:13:15
17060,23065221,Krishna Joshi,23065221@college.edu,CSE,4,2026-04-16 16:13:15
17068,23066186,Sneha Pandey,23066186@college.edu,ME,7,2026-04-16 16:13:15
17071,23061993,Ananya Patel,23061993@college.edu,ECE,8,2026-04-16 16:13:15
17074,23067976,Om Jain,23067976@college.edu,IT,1,2026-04-16 16:13:15
17075,23060698,Diya Agarwal,23060698@college.edu,IT,2,2026-04-16 16:13:15
17085,23056514,Om Iyer,23056514@college.edu,CSE,7,2026-04-16 16:13:15
17086,23070563,Dev Reddy,23070563@college.edu,EEE,3,2026-04-16 16:13:15
17087,23053764,Priya Kapoor,23053764@college.edu,ECE,8,2026-04-16 16:13:15
17100,23056507,Pooja Ghosh,23056507@college.edu,ECE,4,2026-04-16 16:13:15
17101,23077803,Mohit Sinha,23077803@college.edu,ME,8,2026-04-16 16:13:15
17104,23078215,Vivaan Choudhary,23078215@college.edu,EEE,3,2026-04-16 16:13:15
17111,23062960,Ritesh Joshi,23062960@college.edu,ECE,7,2026-04-16 16:13:15
17112,23054326,Mohit Gupta,23054326@college.edu,IT,2,2026-04-16 16:13:15
17118,23076431,Vivaan Thakur,23076431@college.edu,IT,6,2026-04-16 16:13:15
17120,23061345,Varun Mehta,23061345@college.edu,IT,5,2026-04-16 16:13:15
17122,23064774,Kunal Reddy,23064774@college.edu,ECE,6,2026-04-16 16:13:15
17124,23073439,Siddharth Mehta,23073439@college.edu,EEE,3,2026-04-16 16:13:15
17131,23062612,Diya Mehta,23062612@college.edu,CSE,5,2026-04-16 16:13:15
17132,23053648,Aarav Reddy,23053648@college.edu,EEE,7,2026-04-16 16:13:15
17139,23078288,Deepak Thakur,23078288@college.edu,ME,8,2026-04-16 16:13:15
17140,23079227,Aman Menon,23079227@college.edu,CSE,7,2026-04-16 16:13:15
17146,23071787,Meera Bansal,23071787@college.edu,CSE,3,2026-04-16 16:13:15
17149,23072111,Nikhil Menon,23072111@college.edu,IT,4,2026-04-16 16:13:15
17153,23053659,Neha Jain,23053659@college.edu,ME,8,2026-04-16 16:13:15
17159,23062898,Rohan Patel,23062898@college.edu,CSE,3,2026-04-16 16:13:15
17161,23050486,Deepak Jain,23050486@college.edu,EEE,4,2026-04-16 16:13:15
17176,23068980,Harsh Jain,23068980@college.edu,EEE,7,2026-04-16 16:13:15
17178,23063196,Aarav Verma,23063196@college.edu,ECE,6,2026-04-16 16:13:15
17179,23055645,Neha Rao,23055645@college.edu,ECE,8,2026-04-16 16:13:15
17185,23050992,Manav Jain,23050992@college.edu,ECE,8,2026-04-16 16:13:15
17196,23072705,Rohan Bansal,23072705@college.edu,ME,4,2026-04-16 16:13:15
17210,23065143,Aditya Sinha,23065143@college.edu,EEE,2,2026-04-16 16:13:15
17213,23056228,Aditi Patel,23056228@college.edu,ME,5,2026-04-16 16:13:15
17215,23056487,Priya Sharma,23056487@college.edu,CSE,1,2026-04-16 16:13:15
17226,23057619,Sai Rao,23057619@college.edu,IT,3,2026-04-16 16:13:15
17231,23052837,Pooja Mehta,23052837@college.edu,ECE,6,2026-04-16 16:13:15
17233,23057508,Manav Sharma,23057508@college.edu,ME,1,2026-04-16 16:13:15
17240,23069191,Aarav Rao,23069191@college.edu,ME,6,2026-04-16 16:13:15
17257,23053271,Om Das,23053271@college.edu,ME,5,2026-04-16 16:13:15
17260,23056453,Rohan Khanna,23056453@college.edu,ECE,1,2026-04-16 16:13:15
17263,23061149,Ritika Joshi,23061149@college.edu,CSE,3,2026-04-16 16:13:15
17272,23068496,Mohit Das,23068496@college.edu,ECE,8,2026-04-16 16:13:15
17273,23059490,Nikhil Khanna,23059490@college.edu,CSE,2,2026-04-16 16:13:15
17280,23062359,Priya Jain,23062359@college.edu,ME,2,2026-04-16 16:13:15
17282,23054272,Ritesh Das,23054272@college.edu,ME,1,2026-04-16 16:13:15
17283,23055027,Ishaan Joshi,23055027@college.edu,ME,5,2026-04-16 16:13:15
17292,23074539,Ananya Dubey,23074539@college.edu,ECE,1,2026-04-16 16:13:15
17296,23063920,Aditi Bansal,23063920@college.edu,EEE,6,2026-04-16 16:13:15
17297,23068400,Aman Rao,23068400@college.edu,IT,8,2026-04-16 16:13:15
17302,23056267,Arjun Ghosh,23056267@college.edu,ME,4,2026-04-16 16:13:15
17303,23057309,Varun Dubey,23057309@college.edu,ECE,7,2026-04-16 16:13:15
17308,23077950,Manav Dubey,23077950@college.edu,CSE,5,2026-04-16 16:13:15
17311,23072442,Kunal Dubey,23072442@college.edu,IT,4,2026-04-16 16:13:15
17315,23066315,Varun Khanna,23066315@college.edu,ECE,5,2026-04-16 16:13:15
17333,23063227,Pooja Gupta,23063227@college.edu,IT,5,2026-04-16 16:13:15
17343,23067889,Dev Rao,23067889@college.edu,ECE,3,2026-04-16 16:13:15
17344,23052594,Om Kapoor,23052594@college.edu,EEE,1,2026-04-16 16:13:15
17348,23051845,Neha Joshi,23051845@college.edu,CSE,7,2026-04-16 16:13:15
17351,23070651,Ananya Nair,23070651@college.edu,ME,5,2026-04-16 16:13:15
17361,23056626,Krishna Verma,23056626@college.edu,ME,3,2026-04-16 16:13:15
17369,23063770,Priya Das,23063770@college.edu,IT,3,2026-04-16 16:13:15
17375,23073961,Nikhil Patel,23073961@college.edu,EEE,1,2026-04-16 16:13:15
17381,23062525,Vivaan Rao,23062525@college.edu,ECE,3,2026-04-16 16:13:15
17388,23073576,Kavya Sinha,23073576@college.edu,IT,3,2026-04-16 16:13:15
17392,23056838,Dev Gupta,23056838@college.edu,CSE,7,2026-04-16 16:13:15
17396,23051657,Aman Das,23051657@college.edu,CSE,1,2026-04-16 16:13:15
17398,23072323,Manav Dubey,23072323@college.edu,EEE,1,2026-04-16 16:13:15
17421,23070328,Meera Agarwal,23070328@college.edu,CSE,4,2026-04-16 16:13:15
17426,23056029,Nikhil Menon,23056029@college.edu,ECE,7,2026-04-16 16:13:15
17434,23061976,Rohan Kapoor,23061976@college.edu,EEE,8,2026-04-16 16:13:15
17435,23073233,Ritesh Das,23073233@college.edu,CSE,5,2026-04-16 16:13:15
17440,23078361,Aditya Thakur,23078361@college.edu,CSE,5,2026-04-16 16:13:15
17442,23060923,Rohan Sharma,23060923@college.edu,ECE,6,2026-04-16 16:13:15
17461,23074316,Nikhil Reddy,23074316@college.edu,IT,5,2026-04-16 16:13:15
17480,23051310,Krishna Jain,23051310@college.edu,ECE,8,2026-04-16 16:13:15
17485,23070339,Harsh Khanna,23070339@college.edu,ECE,4,2026-04-16 16:13:15
17493,23068004,Aditya Reddy,23068004@college.edu,CSE,5,2026-04-16 16:13:15
17516,23079559,Mohit Patel,23079559@college.edu,EEE,5,2026-04-16 16:13:15
17517,23054096,Meera Patel,23054096@college.edu,ECE,6,2026-04-16 16:13:15
17520,23060490,Ritesh Bansal,23060490@college.edu,ME,4,2026-04-16 16:13:15
17522,23071538,Siddharth Jain,23071538@college.edu,ECE,3,2026-04-16 16:13:15
17545,23073045,Aditya Dubey,23073045@college.edu,CSE,4,2026-04-16 16:13:15
17550,23051352,Ananya Agarwal,23051352@college.edu,ECE,1,2026-04-16 16:13:15
17556,23053128,Aman Verma,23053128@college.edu,CSE,8,2026-04-16 16:13:15
17563,23060896,Nikhil Patel,23060896@college.edu,ME,3,2026-04-16 16:13:15
17571,23074357,Nikhil Pandey,23074357@college.edu,ECE,4,2026-04-16 16:13:15
17583,23074417,Rahul Sharma,23074417@college.edu,ECE,7,2026-04-16 16:13:15
17586,23056698,Nikhil Dubey,23056698@college.edu,EEE,4,2026-04-16 16:13:15
17595,23077379,Krishna Choudhary,23077379@college.edu,ECE,3,2026-04-16 16:13:15
17599,23060390,Kunal Dubey,23060390@college.edu,EEE,5,2026-04-16 16:13:15
17605,23053418,Tanmay Nair,23053418@college.edu,ECE,8,2026-04-16 16:13:15
17613,23056121,Krishna Verma,23056121@college.edu,CSE,3,2026-04-16 16:13:15
17615,23058998,Rohan Rao,23058998@college.edu,EEE,5,2026-04-16 16:13:15
17624,23070118,Vivaan Agarwal,23070118@college.edu,IT,4,2026-04-16 16:13:15
17631,23069090,Arjun Khanna,23069090@college.edu,EEE,5,2026-04-16 16:13:15
17638,23061317,Ananya Nair,23061317@college.edu,ME,4,2026-04-16 16:13:15
17646,23079578,Om Kapoor,23079578@college.edu,IT,7,2026-04-16 16:13:15
17653,23055842,Siddharth Nair,23055842@college.edu,EEE,5,2026-04-16 16:13:15
17657,23072446,Diya Reddy,23072446@college.edu,IT,4,2026-04-16 16:13:15
17661,23054549,Ananya Kapoor,23054549@college.edu,CSE,1,2026-04-16 16:13:15
17671,23070623,Rohan Pandey,23070623@college.edu,CSE,5,2026-04-16 16:13:15
17674,23061598,Kunal Thakur,23061598@college.edu,CSE,5,2026-04-16 16:13:15
17678,23079833,Nikhil Thakur,23079833@college.edu,ME,8,2026-04-16 16:13:15
17686,23072086,Rohan Ghosh,23072086@college.edu,ME,8,2026-04-16 16:13:15
17687,23072795,Ritika Thakur,23072795@college.edu,ECE,1,2026-04-16 16:13:15
17695,23054463,Deepak Ghosh,23054463@college.edu,ECE,7,2026-04-16 16:13:15
17711,23054501,Deepak Patel,23054501@college.edu,IT,8,2026-04-16 16:13:15
17718,23069643,Tanmay Jain,23069643@college.edu,IT,6,2026-04-16 16:13:15
17725,23068976,Aditya Khanna,23068976@college.edu,ME,5,2026-04-16 16:13:15
17731,23061770,Arjun Gupta,23061770@college.edu,ME,1,2026-04-16 16:13:15
17737,23061520,Aman Rao,23061520@college.edu,ECE,7,2026-04-16 16:13:15
17741,23066002,Arjun Thakur,23066002@college.edu,EEE,7,2026-04-16 16:13:15
17744,23075887,Siddharth Ghosh,23075887@college.edu,EEE,2,2026-04-16 16:13:15
17746,23067414,Meera Jain,23067414@college.edu,CSE,5,2026-04-16 16:13:15
17750,23056855,Mohit Gupta,23056855@college.edu,ME,6,2026-04-16 16:13:15
17765,23055188,Mohit Agarwal,23055188@college.edu,ECE,8,2026-04-16 16:13:15
17768,23060281,Ishaan Choudhary,23060281@college.edu,IT,2,2026-04-16 16:13:15
17779,23073098,Sneha Patel,23073098@college.edu,EEE,7,2026-04-16 16:13:15
17781,23061272,Ritika Das,23061272@college.edu,CSE,8,2026-04-16 16:13:15
17782,23072466,Mohit Gupta,23072466@college.edu,IT,8,2026-04-16 16:13:15
17783,23052848,Rahul Rao,23052848@college.edu,CSE,1,2026-04-16 16:13:15
17791,23060887,Nikhil Verma,23060887@college.edu,ECE,7,2026-04-16 16:13:15
17796,23052060,Manav Reddy,23052060@college.edu,EEE,7,2026-04-16 16:13:15
17802,23061801,Priya Kapoor,23061801@college.edu,ME,5,2026-04-16 16:13:15
17803,23062327,Arjun Das,23062327@college.edu,IT,4,2026-04-16 16:13:15
17806,23051851,Nikhil Dubey,23051851@college.edu,IT,5,2026-04-16 16:13:15
17815,23061673,Nikhil Patel,23061673@college.edu,CSE,3,2026-04-16 16:13:15
17822,23069406,Aditi Joshi,23069406@college.edu,ME,4,2026-04-16 16:13:15
17823,23075804,Rahul Thakur,23075804@college.edu,IT,8,2026-04-16 16:13:15
17828,23077113,Ananya Iyer,23077113@college.edu,CSE,2,2026-04-16 16:13:15
17847,23070204,Om Nair,23070204@college.edu,EEE,8,2026-04-16 16:13:15
17853,23060329,Deepak Thakur,23060329@college.edu,ME,1,2026-04-16 16:13:15
17857,23051997,Aarav Reddy,23051997@college.edu,ME,8,2026-04-16 16:13:15
17860,23064033,Priya Sharma,23064033@college.edu,ME,4,2026-04-16 16:13:15
17864,23057941,Mohit Dubey,23057941@college.edu,EEE,1,2026-04-16 16:13:15
17871,23050324,Ananya Choudhary,23050324@college.edu,EEE,8,2026-04-16 16:13:15
17874,23078144,Vivaan Kapoor,23078144@college.edu,ME,1,2026-04-16 16:13:15
17884,23061013,Yash Gupta,23061013@college.edu,EEE,6,2026-04-16 16:13:15
17889,23051482,Rohan Nair,23051482@college.edu,IT,5,2026-04-16 16:13:15
17891,23072454,Meera Nair,23072454@college.edu,EEE,7,2026-04-16 16:13:15
17903,23078666,Nikhil Sharma,23078666@college.edu,IT,4,2026-04-16 16:13:15
17906,23063564,Manav Dubey,23063564@college.edu,CSE,7,2026-04-16 16:13:15
17910,23061571,Manav Iyer,23061571@college.edu,CSE,7,2026-04-16 16:13:15
17931,23072721,Rahul Sinha,23072721@college.edu,ME,2,2026-04-16 16:13:15
17935,23057483,Om Das,23057483@college.edu,EEE,5,2026-04-16 16:13:15
17937,23052441,Deepak Ghosh,23052441@college.edu,CSE,5,2026-04-16 16:13:15
17957,23050226,Neha Verma,23050226@college.edu,CSE,5,2026-04-16 16:13:15
17961,23068273,Aditi Mehta,23068273@college.edu,ME,3,2026-04-16 16:13:15
17980,23069696,Sai Sinha,23069696@college.edu,CSE,4,2026-04-16 16:13:15
17986,23076548,Deepak Sharma,23076548@college.edu,EEE,1,2026-04-16 16:13:15
17990,23075675,Pooja Kapoor,23075675@college.edu,ECE,7,2026-04-16 16:13:15
17991,23063239,Neha Menon,23063239@college.edu,ECE,5,2026-04-16 16:13:15
17995,23057890,Harsh Thakur,23057890@college.edu,IT,4,2026-04-16 16:13:15
17998,23070196,Manav Verma,23070196@college.edu,CSE,4,2026-04-16 16:13:15
18000,23079229,Ishaan Das,23079229@college.edu,ME,8,2026-04-16 16:13:15
18007,23056185,Aarav Jain,23056185@college.edu,ME,8,2026-04-16 16:13:15
18009,23076918,Varun Patel,23076918@college.edu,ME,2,2026-04-16 16:13:15
18029,23058840,Rohan Nair,23058840@college.edu,IT,5,2026-04-16 16:13:15
18037,23057911,Deepak Verma,23057911@college.edu,IT,1,2026-04-16 16:13:15
18040,23063674,Kunal Verma,23063674@college.edu,IT,4,2026-04-16 16:13:15
18057,23069734,Ananya Mehta,23069734@college.edu,ME,1,2026-04-16 16:13:15
18067,23079619,Krishna Sinha,23079619@college.edu,EEE,4,2026-04-16 16:13:15
18078,23052411,Ritesh Iyer,23052411@college.edu,CSE,3,2026-04-16 16:13:15
18097,23051673,Ritesh Mehta,23051673@college.edu,EEE,8,2026-04-16 16:13:15
18098,23065284,Diya Jain,23065284@college.edu,ME,2,2026-04-16 16:13:15
18101,23057723,Arjun Ghosh,23057723@college.edu,ME,3,2026-04-16 16:13:15
18103,23070210,Manav Thakur,23070210@college.edu,ME,6,2026-04-16 16:13:15
18104,23075563,Deepak Ghosh,23075563@college.edu,CSE,1,2026-04-16 16:13:15
18105,23071124,Ritika Bansal,23071124@college.edu,ME,2,2026-04-16 16:13:15
18129,23078116,Ritesh Choudhary,23078116@college.edu,EEE,3,2026-04-16 16:13:15
18131,23079298,Ritesh Sinha,23079298@college.edu,ECE,1,2026-04-16 16:13:15
18133,23056384,Om Gupta,23056384@college.edu,ME,8,2026-04-16 16:13:15
18138,23073733,Krishna Menon,23073733@college.edu,CSE,4,2026-04-16 16:13:15
18141,23053820,Neha Patel,23053820@college.edu,ME,6,2026-04-16 16:13:15
18142,23056426,Neha Iyer,23056426@college.edu,ME,2,2026-04-16 16:13:15
18144,23059651,Aditya Gupta,23059651@college.edu,ECE,3,2026-04-16 16:13:15
18148,23077604,Meera Pandey,23077604@college.edu,EEE,2,2026-04-16 16:13:15
18149,23077789,Priya Khanna,23077789@college.edu,ME,3,2026-04-16 16:13:15
18151,23073546,Priya Choudhary,23073546@college.edu,CSE,7,2026-04-16 16:13:15
18152,23057560,Rahul Sinha,23057560@college.edu,ECE,4,2026-04-16 16:13:15
18155,23066741,Rohan Menon,23066741@college.edu,IT,1,2026-04-16 16:13:15
18156,23060088,Ritesh Bansal,23060088@college.edu,CSE,3,2026-04-16 16:13:15
18165,23064812,Nikhil Agarwal,23064812@college.edu,ECE,2,2026-04-16 16:13:15
18171,23064921,Ritesh Verma,23064921@college.edu,ECE,7,2026-04-16 16:13:15
18174,23050098,Om Joshi,23050098@college.edu,ME,4,2026-04-16 16:13:15
18183,23063589,Vivaan Jain,23063589@college.edu,CSE,1,2026-04-16 16:13:15
18194,23051962,Vivaan Mehta,23051962@college.edu,ME,6,2026-04-16 16:13:15
18202,23075728,Sneha Das,23075728@college.edu,IT,6,2026-04-16 16:13:15
18205,23074213,Neha Dubey,23074213@college.edu,ECE,7,2026-04-16 16:13:15
18211,23072710,Rohan Joshi,23072710@college.edu,ME,7,2026-04-16 16:13:15
18213,23069313,Krishna Choudhary,23069313@college.edu,EEE,5,2026-04-16 16:13:15
18217,23073403,Arjun Das,23073403@college.edu,CSE,1,2026-04-16 16:13:15
18219,23068949,Nikhil Patel,23068949@college.edu,EEE,8,2026-04-16 16:13:15
18225,23059228,Aarav Agarwal,23059228@college.edu,ME,4,2026-04-16 16:13:15
18232,23073040,Kavya Khanna,23073040@college.edu,ECE,7,2026-04-16 16:13:15
18235,23056589,Kunal Reddy,23056589@college.edu,ME,7,2026-04-16 16:13:15
18237,23059392,Kunal Choudhary,23059392@college.edu,ME,2,2026-04-16 16:13:15
18239,23058380,Varun Agarwal,23058380@college.edu,ECE,8,2026-04-16 16:13:15
18244,23065546,Siddharth Iyer,23065546@college.edu,ECE,4,2026-04-16 16:13:15
18250,23057654,Deepak Patel,23057654@college.edu,ECE,1,2026-04-16 16:13:15
18251,23060145,Deepak Iyer,23060145@college.edu,IT,7,2026-04-16 16:13:15
18252,23066452,Neha Dubey,23066452@college.edu,ECE,5,2026-04-16 16:13:15
18253,23067479,Aditya Mehta,23067479@college.edu,ME,1,2026-04-16 16:13:15
18255,23057945,Mohit Agarwal,23057945@college.edu,CSE,3,2026-04-16 16:13:15
18264,23074678,Aarav Ghosh,23074678@college.edu,IT,3,2026-04-16 16:13:15
18268,23057874,Aditya Agarwal,23057874@college.edu,IT,6,2026-04-16 16:13:15
18272,23059902,Dev Khanna,23059902@college.edu,ME,8,2026-04-16 16:13:15
18273,23061577,Neha Joshi,23061577@college.edu,EEE,8,2026-04-16 16:13:15
18275,23050643,Ananya Patel,23050643@college.edu,CSE,1,2026-04-16 16:13:15
18276,23063698,Arjun Verma,23063698@college.edu,ECE,8,2026-04-16 16:13:15
18278,23078093,Ritika Khanna,23078093@college.edu,ECE,6,2026-04-16 16:13:15
18281,23053195,Aman Agarwal,23053195@college.edu,EEE,3,2026-04-16 16:13:15
18283,23052959,Aditi Ghosh,23052959@college.edu,IT,4,2026-04-16 16:13:15
18284,23054481,Vivaan Iyer,23054481@college.edu,CSE,8,2026-04-16 16:13:15
18285,23060269,Om Ghosh,23060269@college.edu,CSE,4,2026-04-16 16:13:15
18288,23076020,Arjun Dubey,23076020@college.edu,CSE,5,2026-04-16 16:13:15
18290,23059246,Rahul Joshi,23059246@college.edu,ME,3,2026-04-16 16:13:15
18297,23064757,Manav Mehta,23064757@college.edu,CSE,1,2026-04-16 16:13:15
18302,23066333,Sneha Rao,23066333@college.edu,IT,3,2026-04-16 16:13:15
18308,23056414,Pooja Sinha,23056414@college.edu,ECE,8,2026-04-16 16:13:15
18309,23067653,Rahul Menon,23067653@college.edu,EEE,6,2026-04-16 16:13:15
18313,23068308,Tanmay Gupta,23068308@college.edu,ECE,1,2026-04-16 16:13:15
18319,23067802,Ishaan Ghosh,23067802@college.edu,CSE,6,2026-04-16 16:13:15
18320,23077557,Om Iyer,23077557@college.edu,ECE,5,2026-04-16 16:13:15
18332,23053652,Tanmay Patel,23053652@college.edu,CSE,1,2026-04-16 16:13:15
18334,23052579,Kavya Jain,23052579@college.edu,ECE,2,2026-04-16 16:13:15
18335,23074066,Pooja Sharma,23074066@college.edu,EEE,1,2026-04-16 16:13:15
18343,23067199,Sneha Dubey,23067199@college.edu,CSE,6,2026-04-16 16:13:15
18346,23079278,Kunal Khanna,23079278@college.edu,ECE,3,2026-04-16 16:13:15
18353,23073198,Vivaan Thakur,23073198@college.edu,IT,6,2026-04-16 16:13:15
18359,23053082,Diya Rao,23053082@college.edu,ECE,6,2026-04-16 16:13:15
18364,23073398,Pooja Sinha,23073398@college.edu,IT,1,2026-04-16 16:13:15
18365,23070144,Ishaan Sinha,23070144@college.edu,ME,3,2026-04-16 16:13:15
18373,23060273,Rahul Ghosh,23060273@college.edu,ME,7,2026-04-16 16:13:15
18384,23050600,Mohit Jain,23050600@college.edu,ECE,2,2026-04-16 16:13:15
18397,23059954,Dev Thakur,23059954@college.edu,IT,5,2026-04-16 16:13:15
18403,23078909,Priya Kapoor,23078909@college.edu,IT,1,2026-04-16 16:13:15
18404,23071282,Aarav Pandey,23071282@college.edu,ECE,3,2026-04-16 16:13:15
18421,23069587,Arjun Dubey,23069587@college.edu,CSE,8,2026-04-16 16:13:15
18432,23062476,Aarav Ghosh,23062476@college.edu,CSE,3,2026-04-16 16:13:15
18433,23069210,Harsh Patel,23069210@college.edu,EEE,5,2026-04-16 16:13:15
18448,23054125,Rohan Agarwal,23054125@college.edu,EEE,4,2026-04-16 16:13:15
18456,23061615,Dev Joshi,23061615@college.edu,ECE,4,2026-04-16 16:13:15
18459,23068125,Ritesh Jain,23068125@college.edu,EEE,1,2026-04-16 16:13:15
18466,23059975,Aarav Menon,23059975@college.edu,EEE,4,2026-04-16 16:13:15
18469,23074922,Meera Thakur,23074922@college.edu,ME,4,2026-04-16 16:13:15
18476,23053265,Yash Pandey,23053265@college.edu,IT,8,2026-04-16 16:13:15
18477,23077823,Aditi Iyer,23077823@college.edu,ME,2,2026-04-16 16:13:15
18488,23070811,Rahul Khanna,23070811@college.edu,CSE,7,2026-04-16 16:13:15
18491,23053883,Harsh Das,23053883@college.edu,CSE,6,2026-04-16 16:13:15
18493,23055087,Nikhil Das,23055087@college.edu,CSE,5,2026-04-16 16:13:15
18499,23060564,Diya Das,23060564@college.edu,CSE,7,2026-04-16 16:13:15
18502,23058043,Arjun Iyer,23058043@college.edu,CSE,8,2026-04-16 16:13:15
18505,23074793,Mohit Nair,23074793@college.edu,EEE,5,2026-04-16 16:13:15
18509,23079187,Mohit Sharma,23079187@college.edu,CSE,1,2026-04-16 16:13:15
18510,23075942,Aditya Mehta,23075942@college.edu,EEE,4,2026-04-16 16:13:15
18513,23059705,Ritesh Dubey,23059705@college.edu,CSE,8,2026-04-16 16:13:15
18514,23060044,Kavya Sharma,23060044@college.edu,CSE,8,2026-04-16 16:13:15
18518,23068563,Rahul Menon,23068563@college.edu,ME,4,2026-04-16 16:13:15
18521,23069153,Kunal Mehta,23069153@college.edu,EEE,6,2026-04-16 16:13:15
18526,23068531,Kunal Menon,23068531@college.edu,ECE,4,2026-04-16 16:13:15
18528,23068193,Ritesh Iyer,23068193@college.edu,CSE,4,2026-04-16 16:13:15
18531,23053048,Kavya Verma,23053048@college.edu,IT,6,2026-04-16 16:13:15
18533,23060072,Priya Thakur,23060072@college.edu,EEE,6,2026-04-16 16:13:15
18535,23075931,Ritika Jain,23075931@college.edu,EEE,3,2026-04-16 16:13:15
18538,23079556,Nikhil Rao,23079556@college.edu,CSE,3,2026-04-16 16:13:15
18554,23066841,Siddharth Mehta,23066841@college.edu,ECE,4,2026-04-16 16:13:15
18557,23069007,Tanmay Pandey,23069007@college.edu,CSE,2,2026-04-16 16:13:15
18563,23063535,Rohan Dubey,23063535@college.edu,ECE,1,2026-04-16 16:13:15
18565,23055004,Dev Kapoor,23055004@college.edu,CSE,1,2026-04-16 16:13:15
18570,23066635,Manav Agarwal,23066635@college.edu,EEE,6,2026-04-16 16:13:15
18573,23064712,Nikhil Sinha,23064712@college.edu,CSE,2,2026-04-16 16:13:15
18583,23068187,Tanmay Bansal,23068187@college.edu,ME,3,2026-04-16 16:13:15
18589,23051194,Mohit Verma,23051194@college.edu,IT,6,2026-04-16 16:13:15
18593,23068021,Nikhil Agarwal,23068021@college.edu,IT,5,2026-04-16 16:13:15
18596,23050241,Harsh Pandey,23050241@college.edu,ME,3,2026-04-16 16:13:15
18601,23071529,Sai Patel,23071529@college.edu,ECE,2,2026-04-16 16:13:15
18611,23069119,Kunal Sinha,23069119@college.edu,IT,3,2026-04-16 16:13:15
18613,23065955,Manav Agarwal,23065955@college.edu,CSE,6,2026-04-16 16:13:15
18623,23069877,Sai Nair,23069877@college.edu,ECE,3,2026-04-16 16:13:15
18636,23066386,Kavya Kapoor,23066386@college.edu,IT,3,2026-04-16 16:13:15
18643,23066004,Ritesh Mehta,23066004@college.edu,EEE,5,2026-04-16 16:13:15
18647,23078378,Aditya Mehta,23078378@college.edu,IT,8,2026-04-16 16:13:15
18648,23077745,Kavya Thakur,23077745@college.edu,ECE,5,2026-04-16 16:13:15
18651,23068641,Sneha Patel,23068641@college.edu,ECE,5,2026-04-16 16:13:15
18652,23054415,Tanmay Pandey,23054415@college.edu,IT,6,2026-04-16 16:13:15
18658,23050937,Sai Menon,23050937@college.edu,CSE,5,2026-04-16 16:13:15
18663,23061291,Arjun Patel,23061291@college.edu,ME,7,2026-04-16 16:13:15
18666,23061946,Vivaan Kapoor,23061946@college.edu,IT,2,2026-04-16 16:13:15
18685,23079478,Diya Pandey,23079478@college.edu,CSE,1,2026-04-16 16:13:15
18692,23061887,Tanmay Kapoor,23061887@college.edu,ME,6,2026-04-16 16:13:15
18697,23074972,Tanmay Joshi,23074972@college.edu,ECE,5,2026-04-16 16:13:15
18698,23069518,Varun Kapoor,23069518@college.edu,IT,8,2026-04-16 16:13:15
18699,23052217,Harsh Dubey,23052217@college.edu,ECE,6,2026-04-16 16:13:15
18702,23059340,Ritesh Nair,23059340@college.edu,ECE,5,2026-04-16 16:13:15
18705,23067967,Sai Bansal,23067967@college.edu,CSE,6,2026-04-16 16:13:15
18712,23069075,Harsh Choudhary,23069075@college.edu,ECE,4,2026-04-16 16:13:15
18713,23053604,Sneha Choudhary,23053604@college.edu,CSE,2,2026-04-16 16:13:15
18714,23056873,Ananya Nair,23056873@college.edu,ME,4,2026-04-16 16:13:15
18717,23065470,Neha Sinha,23065470@college.edu,CSE,5,2026-04-16 16:13:15
18718,23077942,Deepak Das,23077942@college.edu,IT,4,2026-04-16 16:13:15
18719,23053750,Kunal Khanna,23053750@college.edu,CSE,1,2026-04-16 16:13:15
18735,23060712,Ritika Nair,23060712@college.edu,CSE,7,2026-04-16 16:13:15
18737,23052375,Priya Sinha,23052375@college.edu,ECE,8,2026-04-16 16:13:15
18738,23073853,Om Joshi,23073853@college.edu,ECE,2,2026-04-16 16:13:15
18747,23058105,Neha Gupta,23058105@college.edu,ME,6,2026-04-16 16:13:15
18750,23058030,Diya Dubey,23058030@college.edu,IT,2,2026-04-16 16:13:15
18753,23079584,Aarav Khanna,23079584@college.edu,IT,4,2026-04-16 16:13:15
18756,23071790,Sai Agarwal,23071790@college.edu,IT,3,2026-04-16 16:13:15
18757,23057307,Meera Menon,23057307@college.edu,ME,8,2026-04-16 16:13:15
18758,23059601,Aditya Verma,23059601@college.edu,ECE,7,2026-04-16 16:13:15
18759,23056126,Aditi Agarwal,23056126@college.edu,EEE,2,2026-04-16 16:13:15
18762,23060245,Priya Verma,23060245@college.edu,EEE,1,2026-04-16 16:13:15
18768,23079911,Sai Pandey,23079911@college.edu,CSE,5,2026-04-16 16:13:15
18770,23071519,Om Nair,23071519@college.edu,IT,1,2026-04-16 16:13:15
18771,23055211,Tanmay Agarwal,23055211@college.edu,ECE,2,2026-04-16 16:13:15
18772,23065918,Nikhil Dubey,23065918@college.edu,CSE,6,2026-04-16 16:13:15
18774,23071303,Deepak Sharma,23071303@college.edu,CSE,2,2026-04-16 16:13:15
18782,23059645,Diya Patel,23059645@college.edu,IT,2,2026-04-16 16:13:15
18783,23055559,Neha Sinha,23055559@college.edu,IT,7,2026-04-16 16:13:15
18790,23071194,Aarav Dubey,23071194@college.edu,IT,3,2026-04-16 16:13:15
18792,23056620,Nikhil Agarwal,23056620@college.edu,ECE,2,2026-04-16 16:13:15
18798,23051303,Sai Sharma,23051303@college.edu,ME,1,2026-04-16 16:13:15
18801,23055228,Ananya Khanna,23055228@college.edu,ME,5,2026-04-16 16:13:15
18802,23064049,Kavya Sinha,23064049@college.edu,EEE,2,2026-04-16 16:13:15
18803,23057460,Priya Patel,23057460@college.edu,EEE,6,2026-04-16 16:13:15
18806,23071644,Nikhil Rao,23071644@college.edu,CSE,1,2026-04-16 16:13:15
18815,23053530,Nikhil Sinha,23053530@college.edu,ME,3,2026-04-16 16:13:15
18817,23078010,Deepak Dubey,23078010@college.edu,CSE,7,2026-04-16 16:13:15
18820,23066765,Arjun Das,23066765@college.edu,ME,3,2026-04-16 16:13:15
18826,23057536,Sneha Verma,23057536@college.edu,EEE,2,2026-04-16 16:13:15
18829,23050152,Aditya Mehta,23050152@college.edu,ME,5,2026-04-16 16:13:15
18830,23071621,Tanmay Dubey,23071621@college.edu,EEE,1,2026-04-16 16:13:15
18832,23067220,Om Joshi,23067220@college.edu,CSE,8,2026-04-16 16:13:15
18833,23055518,Yash Jain,23055518@college.edu,IT,6,2026-04-16 16:13:15
18839,23056541,Kunal Menon,23056541@college.edu,ME,8,2026-04-16 16:13:15
18841,23073100,Neha Bansal,23073100@college.edu,ME,1,2026-04-16 16:13:15
18843,23058896,Rohan Dubey,23058896@college.edu,EEE,7,2026-04-16 16:13:15
18855,23065039,Kunal Jain,23065039@college.edu,IT,6,2026-04-16 16:13:15
18857,23078869,Yash Nair,23078869@college.edu,ME,6,2026-04-16 16:13:15
18861,23062396,Ritesh Ghosh,23062396@college.edu,EEE,3,2026-04-16 16:13:15
18870,23074904,Dev Verma,23074904@college.edu,EEE,3,2026-04-16 16:13:15
18871,23050854,Krishna Choudhary,23050854@college.edu,CSE,4,2026-04-16 16:13:15
18876,23053556,Nikhil Kapoor,23053556@college.edu,CSE,4,2026-04-16 16:13:15
18879,23078972,Manav Nair,23078972@college.edu,EEE,2,2026-04-16 16:13:15
18880,23062629,Pooja Joshi,23062629@college.edu,ECE,5,2026-04-16 16:13:15
18886,23069349,Deepak Pandey,23069349@college.edu,CSE,8,2026-04-16 16:13:15
18887,23061830,Aditi Gupta,23061830@college.edu,IT,6,2026-04-16 16:13:15
18888,23057866,Pooja Reddy,23057866@college.edu,CSE,1,2026-04-16 16:13:15
18890,23079294,Harsh Bansal,23079294@college.edu,ME,1,2026-04-16 16:13:15
18899,23064137,Pooja Das,23064137@college.edu,EEE,6,2026-04-16 16:13:15
18907,23050557,Aditi Pandey,23050557@college.edu,IT,1,2026-04-16 16:13:15
18918,23078021,Nikhil Khanna,23078021@college.edu,EEE,6,2026-04-16 16:13:15
18931,23069766,Diya Menon,23069766@college.edu,CSE,2,2026-04-16 16:13:15
18939,23052480,Kavya Ghosh,23052480@college.edu,IT,7,2026-04-16 16:13:15
18965,23068060,Kunal Thakur,23068060@college.edu,ECE,4,2026-04-16 16:13:15
18981,23058668,Yash Khanna,23058668@college.edu,CSE,4,2026-04-16 16:13:15
18989,23050962,Manav Iyer,23050962@college.edu,IT,1,2026-04-16 16:13:15
18990,23057830,Rahul Joshi,23057830@college.edu,EEE,4,2026-04-16 16:13:15
18996,23054715,Harsh Gupta,23054715@college.edu,IT,7,2026-04-16 16:13:15
19001,23067768,Sai Thakur,23067768@college.edu,IT,8,2026-04-16 16:13:15
19011,23061510,Sai Das,23061510@college.edu,ME,7,2026-04-16 16:13:15
19015,23054457,Manav Pandey,23054457@college.edu,IT,4,2026-04-16 16:13:15
19017,23077033,Harsh Choudhary,23077033@college.edu,CSE,6,2026-04-16 16:13:15
19021,23062633,Nikhil Ghosh,23062633@college.edu,IT,4,2026-04-16 16:13:15
19025,23069541,Rahul Verma,23069541@college.edu,IT,2,2026-04-16 16:13:15
19027,23055528,Aditi Patel,23055528@college.edu,EEE,7,2026-04-16 16:13:15
19033,23051597,Aman Das,23051597@college.edu,CSE,7,2026-04-16 16:13:15
19036,23055236,Aarav Bansal,23055236@college.edu,IT,2,2026-04-16 16:13:15
19037,23058270,Diya Pandey,23058270@college.edu,EEE,2,2026-04-16 16:13:15
19041,23070882,Yash Khanna,23070882@college.edu,ECE,7,2026-04-16 16:13:15
19042,23079143,Varun Jain,23079143@college.edu,ME,8,2026-04-16 16:13:15
19047,23053495,Kunal Khanna,23053495@college.edu,ECE,7,2026-04-16 16:13:15
19049,23071383,Nikhil Agarwal,23071383@college.edu,ECE,2,2026-04-16 16:13:15
19050,23054832,Rohan Dubey,23054832@college.edu,IT,3,2026-04-16 16:13:15
19053,23058099,Neha Agarwal,23058099@college.edu,ECE,3,2026-04-16 16:13:15
19071,23051854,Neha Patel,23051854@college.edu,CSE,2,2026-04-16 16:13:15
19072,23079358,Om Bansal,23079358@college.edu,IT,2,2026-04-16 16:13:15
19073,23053560,Om Verma,23053560@college.edu,ECE,6,2026-04-16 16:13:15
19074,23052000,Pooja Bansal,23052000@college.edu,CSE,5,2026-04-16 16:13:15
19075,23055639,Manav Das,23055639@college.edu,IT,7,2026-04-16 16:13:15
19082,23076102,Yash Iyer,23076102@college.edu,ECE,4,2026-04-16 16:13:15
19088,23053363,Nikhil Agarwal,23053363@college.edu,CSE,7,2026-04-16 16:13:15
19090,23058729,Diya Kapoor,23058729@college.edu,CSE,3,2026-04-16 16:13:15
19112,23078608,Aditya Kapoor,23078608@college.edu,CSE,3,2026-04-16 16:13:15
19114,23054791,Pooja Verma,23054791@college.edu,IT,5,2026-04-16 16:13:15
19115,23054376,Ishaan Mehta,23054376@college.edu,CSE,4,2026-04-16 16:13:15
19126,23064649,Aditi Gupta,23064649@college.edu,IT,8,2026-04-16 16:13:15
19134,23051001,Aarav Joshi,23051001@college.edu,IT,7,2026-04-16 16:13:15
19139,23075825,Pooja Patel,23075825@college.edu,CSE,7,2026-04-16 16:13:15
19141,23062802,Diya Patel,23062802@college.edu,EEE,6,2026-04-16 16:13:15
19146,23056150,Ritika Kapoor,23056150@college.edu,CSE,5,2026-04-16 16:13:15
19147,23066750,Aman Sinha,23066750@college.edu,EEE,2,2026-04-16 16:13:15
19151,23069939,Varun Das,23069939@college.edu,ECE,3,2026-04-16 16:13:15
19154,23077747,Siddharth Rao,23077747@college.edu,ECE,7,2026-04-16 16:13:15
19156,23058407,Rohan Dubey,23058407@college.edu,CSE,7,2026-04-16 16:13:15
19165,23065105,Aditi Pandey,23065105@college.edu,ECE,8,2026-04-16 16:13:15
19167,23054864,Aditya Mehta,23054864@college.edu,ME,5,2026-04-16 16:13:15
19168,23076315,Harsh Pandey,23076315@college.edu,ME,3,2026-04-16 16:13:15
19173,23074774,Priya Ghosh,23074774@college.edu,ECE,3,2026-04-16 16:13:15
19175,23073563,Sneha Thakur,23073563@college.edu,ECE,6,2026-04-16 16:13:15
19183,23063396,Siddharth Mehta,23063396@college.edu,CSE,5,2026-04-16 16:13:15
19184,23051139,Kunal Jain,23051139@college.edu,CSE,2,2026-04-16 16:13:15
19188,23063999,Pooja Pandey,23063999@college.edu,ECE,3,2026-04-16 16:13:15
19189,23066582,Rohan Patel,23066582@college.edu,IT,6,2026-04-16 16:13:15
19190,23062164,Krishna Patel,23062164@college.edu,ME,7,2026-04-16 16:13:15
19201,23067740,Ishaan Thakur,23067740@college.edu,ME,6,2026-04-16 16:13:15
19203,23065301,Meera Das,23065301@college.edu,ME,1,2026-04-16 16:13:15
19207,23059407,Kavya Jain,23059407@college.edu,ME,4,2026-04-16 16:13:15
19210,23051362,Manav Choudhary,23051362@college.edu,IT,6,2026-04-16 16:13:15
19224,23074596,Ritesh Mehta,23074596@college.edu,ME,7,2026-04-16 16:13:15
19231,23071823,Ritesh Menon,23071823@college.edu,ECE,5,2026-04-16 16:13:15
19233,23064257,Varun Sharma,23064257@college.edu,CSE,7,2026-04-16 16:13:15
19240,23055641,Ishaan Sharma,23055641@college.edu,ECE,2,2026-04-16 16:13:15
19242,23074794,Tanmay Agarwal,23074794@college.edu,ME,5,2026-04-16 16:13:15
19247,23073341,Aarav Verma,23073341@college.edu,ECE,8,2026-04-16 16:13:15
19254,23064430,Arjun Nair,23064430@college.edu,EEE,3,2026-04-16 16:13:15
19255,23076427,Om Choudhary,23076427@college.edu,ECE,3,2026-04-16 16:13:15
19257,23064819,Meera Agarwal,23064819@college.edu,IT,4,2026-04-16 16:13:15
19263,23068994,Tanmay Verma,23068994@college.edu,CSE,4,2026-04-16 16:13:15
19264,23061320,Manav Agarwal,23061320@college.edu,IT,1,2026-04-16 16:13:15
19269,23079424,Kunal Sinha,23079424@college.edu,CSE,5,2026-04-16 16:13:15
19270,23071727,Nikhil Ghosh,23071727@college.edu,EEE,2,2026-04-16 16:13:15
19274,23059403,Tanmay Verma,23059403@college.edu,ME,8,2026-04-16 16:13:15
19275,23072329,Pooja Menon,23072329@college.edu,ECE,7,2026-04-16 16:13:15
19279,23053147,Arjun Mehta,23053147@college.edu,EEE,4,2026-04-16 16:13:15
19282,23056005,Aditya Das,23056005@college.edu,CSE,5,2026-04-16 16:13:15
19288,23068303,Siddharth Das,23068303@college.edu,ECE,5,2026-04-16 16:13:15
19289,23059144,Sneha Das,23059144@college.edu,ECE,6,2026-04-16 16:13:15
19295,23073502,Tanmay Das,23073502@college.edu,ECE,4,2026-04-16 16:13:15
19299,23054891,Sneha Ghosh,23054891@college.edu,ECE,6,2026-04-16 16:13:15
19301,23054768,Kavya Pandey,23054768@college.edu,ECE,2,2026-04-16 16:13:15
19308,23072590,Rohan Das,23072590@college.edu,IT,2,2026-04-16 16:13:15
19310,23051792,Varun Joshi,23051792@college.edu,ME,7,2026-04-16 16:13:15
19312,23077426,Ishaan Sinha,23077426@college.edu,CSE,4,2026-04-16 16:13:15
19317,23051848,Harsh Bansal,23051848@college.edu,EEE,5,2026-04-16 16:13:15
19319,23055122,Nikhil Agarwal,23055122@college.edu,EEE,4,2026-04-16 16:13:15
19326,23056457,Rohan Patel,23056457@college.edu,ECE,6,2026-04-16 16:13:15
19327,23059881,Aditya Ghosh,23059881@college.edu,ME,6,2026-04-16 16:13:15
19328,23064443,Aditya Jain,23064443@college.edu,CSE,1,2026-04-16 16:13:15
19335,23057849,Kavya Thakur,23057849@college.edu,EEE,8,2026-04-16 16:13:15
19346,23051011,Sai Gupta,23051011@college.edu,ECE,8,2026-04-16 16:13:15
19351,23077979,Dev Khanna,23077979@college.edu,IT,3,2026-04-16 16:13:15
19362,23059824,Pooja Rao,23059824@college.edu,IT,5,2026-04-16 16:13:15
19384,23068556,Ishaan Dubey,23068556@college.edu,ME,5,2026-04-16 16:13:15
19385,23058159,Kunal Iyer,23058159@college.edu,ME,5,2026-04-16 16:13:15
19388,23051775,Aditi Bansal,23051775@college.edu,IT,8,2026-04-16 16:13:15
19389,23056822,Meera Joshi,23056822@college.edu,IT,5,2026-04-16 16:13:15
19390,23068929,Kunal Mehta,23068929@college.edu,EEE,4,2026-04-16 16:13:15
19392,23066592,Manav Kapoor,23066592@college.edu,ME,5,2026-04-16 16:13:15
19403,23079795,Aditya Jain,23079795@college.edu,ME,1,2026-04-16 16:13:15
19410,23063231,Varun Das,23063231@college.edu,CSE,6,2026-04-16 16:13:15
19434,23057069,Kunal Joshi,23057069@college.edu,ECE,3,2026-04-16 16:13:15
19436,23052028,Aditi Thakur,23052028@college.edu,ME,6,2026-04-16 16:13:15
19438,23068706,Priya Sharma,23068706@college.edu,ME,2,2026-04-16 16:13:15
19442,23059292,Rahul Khanna,23059292@college.edu,ME,8,2026-04-16 16:13:15
19448,23064821,Dev Bansal,23064821@college.edu,ECE,4,2026-04-16 16:13:15
19449,23056764,Pooja Agarwal,23056764@college.edu,CSE,7,2026-04-16 16:13:15
19455,23071953,Yash Bansal,23071953@college.edu,CSE,5,2026-04-16 16:13:15
19464,23078143,Kavya Sharma,23078143@college.edu,ECE,4,2026-04-16 16:13:15
19465,23065931,Tanmay Ghosh,23065931@college.edu,EEE,3,2026-04-16 16:13:15
19476,23067425,Pooja Pandey,23067425@college.edu,ECE,5,2026-04-16 16:13:15
19482,23059973,Krishna Sharma,23059973@college.edu,IT,8,2026-04-16 16:13:15
19483,23071116,Krishna Rao,23071116@college.edu,EEE,2,2026-04-16 16:13:15
19484,23073181,Kavya Menon,23073181@college.edu,CSE,8,2026-04-16 16:13:15
19491,23061447,Rohan Das,23061447@college.edu,ME,8,2026-04-16 16:13:15
19494,23077409,Kavya Jain,23077409@college.edu,EEE,8,2026-04-16 16:13:15
19495,23067809,Manav Agarwal,23067809@college.edu,EEE,2,2026-04-16 16:13:15
19505,23055187,Pooja Rao,23055187@college.edu,ME,8,2026-04-16 16:13:15
19506,23055262,Ritika Pandey,23055262@college.edu,IT,5,2026-04-16 16:13:15
19521,23055711,Harsh Jain,23055711@college.edu,CSE,7,2026-04-16 16:13:15
19539,23054747,Yash Reddy,23054747@college.edu,IT,8,2026-04-16 16:13:15
19540,23079151,Sai Pandey,23079151@college.edu,ME,1,2026-04-16 16:13:15
19544,23078474,Kavya Iyer,23078474@college.edu,CSE,6,2026-04-16 16:13:15
19551,23059896,Arjun Ghosh,23059896@college.edu,ECE,8,2026-04-16 16:13:15
19553,23053029,Ritesh Das,23053029@college.edu,EEE,7,2026-04-16 16:13:15
19560,23070783,Diya Kapoor,23070783@college.edu,ME,3,2026-04-16 16:13:15
19565,23076577,Ritika Iyer,23076577@college.edu,ME,7,2026-04-16 16:13:15
19574,23059277,Aman Mehta,23059277@college.edu,IT,6,2026-04-16 16:13:15
19579,23062067,Tanmay Ghosh,23062067@college.edu,EEE,5,2026-04-16 16:13:15
19583,23054186,Siddharth Ghosh,23054186@college.edu,CSE,2,2026-04-16 16:13:15
19588,23057970,Diya Thakur,23057970@college.edu,ECE,1,2026-04-16 16:13:15
19590,23065386,Sneha Sharma,23065386@college.edu,IT,1,2026-04-16 16:13:15
19591,23059197,Meera Khanna,23059197@college.edu,EEE,8,2026-04-16 16:13:15
19597,23074426,Deepak Khanna,23074426@college.edu,IT,3,2026-04-16 16:13:15
19607,23058252,Meera Khanna,23058252@college.edu,CSE,2,2026-04-16 16:13:15
19608,23069529,Neha Rao,23069529@college.edu,ECE,7,2026-04-16 16:13:15
19613,23062211,Krishna Joshi,23062211@college.edu,IT,5,2026-04-16 16:13:15
19614,23079448,Dev Nair,23079448@college.edu,ME,2,2026-04-16 16:13:15
19620,23068792,Kavya Menon,23068792@college.edu,EEE,6,2026-04-16 16:13:15
19624,23060206,Manav Rao,23060206@college.edu,IT,6,2026-04-16 16:13:15
19631,23071487,Sai Reddy,23071487@college.edu,CSE,3,2026-04-16 16:13:15
19635,23065598,Pooja Jain,23065598@college.edu,ME,4,2026-04-16 16:13:15
19637,23067630,Aditya Mehta,23067630@college.edu,CSE,4,2026-04-16 16:13:15
19641,23066092,Mohit Joshi,23066092@college.edu,CSE,6,2026-04-16 16:13:15
19654,23068463,Meera Jain,23068463@college.edu,ME,2,2026-04-16 16:13:15
19656,23062812,Deepak Sinha,23062812@college.edu,EEE,4,2026-04-16 16:13:15
19668,23074760,Pooja Dubey,23074760@college.edu,EEE,5,2026-04-16 16:13:15
19669,23060450,Rahul Gupta,23060450@college.edu,EEE,6,2026-04-16 16:13:15
19671,23052737,Rohan Verma,23052737@college.edu,EEE,1,2026-04-16 16:13:15
19674,23066234,Aarav Kapoor,23066234@college.edu,CSE,3,2026-04-16 16:13:15
19675,23065044,Ritesh Joshi,23065044@college.edu,CSE,7,2026-04-16 16:13:15
19683,23078576,Rohan Nair,23078576@college.edu,ECE,1,2026-04-16 16:13:15
19686,23070268,Neha Ghosh,23070268@college.edu,EEE,5,2026-04-16 16:13:15
19703,23063763,Tanmay Gupta,23063763@college.edu,EEE,1,2026-04-16 16:13:15
19708,23071509,Diya Mehta,23071509@college.edu,ME,1,2026-04-16 16:13:15
19710,23066252,Ananya Menon,23066252@college.edu,ECE,3,2026-04-16 16:13:15
19714,23050015,Aman Nair,23050015@college.edu,IT,3,2026-04-16 16:13:15
19717,23056859,Priya Pandey,23056859@college.edu,ECE,1,2026-04-16 16:13:15
19719,23072264,Meera Menon,23072264@college.edu,ME,4,2026-04-16 16:13:15
19720,23072753,Meera Jain,23072753@college.edu,CSE,7,2026-04-16 16:13:15
19724,23062678,Harsh Reddy,23062678@college.edu,ECE,7,2026-04-16 16:13:15
19725,23068945,Nikhil Jain,23068945@college.edu,EEE,5,2026-04-16 16:13:15
19744,23074666,Ritika Sinha,23074666@college.edu,CSE,4,2026-04-16 16:13:15
19754,23076274,Harsh Iyer,23076274@college.edu,IT,8,2026-04-16 16:13:15
19755,23058623,Nikhil Rao,23058623@college.edu,EEE,8,2026-04-16 16:13:15
19773,23057495,Arjun Menon,23057495@college.edu,ME,2,2026-04-16 16:13:15
19774,23073668,Sai Iyer,23073668@college.edu,ECE,8,2026-04-16 16:13:15
19775,23065573,Pooja Sharma,23065573@college.edu,ME,7,2026-04-16 16:13:15
19778,23076929,Siddharth Bansal,23076929@college.edu,EEE,1,2026-04-16 16:13:15
19780,23061283,Kavya Reddy,23061283@college.edu,ECE,3,2026-04-16 16:13:15
19781,23060530,Arjun Nair,23060530@college.edu,ECE,4,2026-04-16 16:13:15
19787,23063303,Neha Bansal,23063303@college.edu,IT,8,2026-04-16 16:13:15
19791,23054669,Krishna Verma,23054669@college.edu,CSE,6,2026-04-16 16:13:15
19796,23062769,Aditi Rao,23062769@college.edu,ME,5,2026-04-16 16:13:15
19798,23069808,Rahul Kapoor,23069808@college.edu,ECE,7,2026-04-16 16:13:15
19799,23068029,Ritesh Sinha,23068029@college.edu,CSE,8,2026-04-16 16:13:15
19802,23076320,Deepak Sinha,23076320@college.edu,ECE,8,2026-04-16 16:13:15
19803,23077215,Aditya Thakur,23077215@college.edu,IT,4,2026-04-16 16:13:15
19808,23056671,Rahul Patel,23056671@college.edu,IT,7,2026-04-16 16:13:15
19810,23058913,Aditi Kapoor,23058913@college.edu,ECE,2,2026-04-16 16:13:15
19811,23071698,Ananya Sinha,23071698@college.edu,ME,7,2026-04-16 16:13:15
19818,23052945,Manav Jain,23052945@college.edu,ECE,2,2026-04-16 16:13:15
19834,23058841,Aditya Thakur,23058841@college.edu,EEE,3,2026-04-16 16:13:15
19835,23055259,Arjun Thakur,23055259@college.edu,IT,6,2026-04-16 16:13:15
19837,23077874,Neha Iyer,23077874@college.edu,EEE,6,2026-04-16 16:13:15
19841,23055442,Krishna Khanna,23055442@college.edu,IT,4,2026-04-16 16:13:15
19851,23061269,Dev Gupta,23061269@college.edu,ME,4,2026-04-16 16:13:15
19866,23052916,Ritika Thakur,23052916@college.edu,IT,3,2026-04-16 16:13:15
19867,23076119,Ishaan Sharma,23076119@college.edu,EEE,2,2026-04-16 16:13:15
19869,23064569,Nikhil Ghosh,23064569@college.edu,ME,1,2026-04-16 16:13:15
19873,23060256,Pooja Joshi,23060256@college.edu,IT,4,2026-04-16 16:13:15
19874,23053009,Aditya Dubey,23053009@college.edu,IT,3,2026-04-16 16:13:15
19883,23060728,Ananya Bansal,23060728@college.edu,CSE,4,2026-04-16 16:13:15
19884,23054924,Harsh Das,23054924@college.edu,ECE,8,2026-04-16 16:13:15
19891,23073075,Neha Sharma,23073075@college.edu,CSE,8,2026-04-16 16:13:15
19892,23068908,Aditi Reddy,23068908@college.edu,ECE,4,2026-04-16 16:13:15
19904,23060829,Aditi Iyer,23060829@college.edu,EEE,8,2026-04-16 16:13:15
19906,23063191,Dev Gupta,23063191@college.edu,CSE,7,2026-04-16 16:13:15
19909,23066151,Harsh Mehta,23066151@college.edu,CSE,6,2026-04-16 16:13:15
19912,23056471,Neha Verma,23056471@college.edu,EEE,8,2026-04-16 16:13:15
19920,23052832,Kavya Reddy,23052832@college.edu,ME,7,2026-04-16 16:13:15
19921,23059242,Yash Menon,23059242@college.edu,ME,7,2026-04-16 16:13:15
19922,23077952,Rohan Rao,23077952@college.edu,CSE,1,2026-04-16 16:13:15
19925,23065890,Priya Dubey,23065890@college.edu,EEE,2,2026-04-16 16:13:15
19928,23056689,Rahul Agarwal,23056689@college.edu,ECE,1,2026-04-16 16:13:15
19931,23069957,Vivaan Patel,23069957@college.edu,EEE,1,2026-04-16 16:13:15
19944,23073166,Nikhil Sharma,23073166@college.edu,ECE,5,2026-04-16 16:13:15
19945,23067375,Varun Sinha,23067375@college.edu,EEE,2,2026-04-16 16:13:15
19946,23075339,Rohan Iyer,23075339@college.edu,ME,4,2026-04-16 16:13:15
19950,23071259,Kavya Choudhary,23071259@college.edu,ME,6,2026-04-16 16:13:15
19951,23060642,Pooja Joshi,23060642@college.edu,ME,2,2026-04-16 16:13:15
19961,23057653,Kavya Thakur,23057653@college.edu,IT,4,2026-04-16 16:13:15
19971,23077972,Tanmay Sinha,23077972@college.edu,ME,2,2026-04-16 16:13:15
19987,23054172,Neha Kapoor,23054172@college.edu,EEE,7,2026-04-16 16:13:15
19990,23072313,Vivaan Menon,23072313@college.edu,IT,8,2026-04-16 16:13:15
20005,23073156,Deepak Ghosh,23073156@college.edu,CSE,7,2026-04-16 16:13:15
20014,23055933,Mohit Gupta,23055933@college.edu,ME,5,2026-04-16 16:13:15
20019,23062013,Mohit Reddy,23062013@college.edu,IT,4,2026-04-16 16:13:15
20029,23057376,Nikhil Gupta,23057376@college.edu,IT,7,2026-04-16 16:13:15
20030,23056782,Deepak Mehta,23056782@college.edu,CSE,4,2026-04-16 16:13:15
20032,23051195,Dev Sharma,23051195@college.edu,ECE,8,2026-04-16 16:13:15
20033,23064482,Rohan Choudhary,23064482@college.edu,IT,8,2026-04-16 16:13:15
20035,23051345,Kavya Patel,23051345@college.edu,IT,2,2026-04-16 16:13:15
20036,23072380,Vivaan Choudhary,23072380@college.edu,IT,2,2026-04-16 16:13:15
20037,23058417,Neha Patel,23058417@college.edu,ME,8,2026-04-16 16:13:15
20038,23061496,Vivaan Rao,23061496@college.edu,EEE,4,2026-04-16 16:13:15
20042,23058489,Pooja Reddy,23058489@college.edu,EEE,2,2026-04-16 16:13:15
20045,23074563,Arjun Khanna,23074563@college.edu,EEE,5,2026-04-16 16:13:15
20047,23063463,Rohan Sinha,23063463@college.edu,EEE,3,2026-04-16 16:13:15
20049,23070684,Deepak Sharma,23070684@college.edu,EEE,4,2026-04-16 16:13:15
20059,23059676,Meera Choudhary,23059676@college.edu,CSE,5,2026-04-16 16:13:15
20060,23073367,Meera Kapoor,23073367@college.edu,ECE,4,2026-04-16 16:13:15
20068,23057081,Harsh Joshi,23057081@college.edu,IT,3,2026-04-16 16:13:15
20070,23074156,Neha Mehta,23074156@college.edu,EEE,6,2026-04-16 16:13:15
20073,23074098,Mohit Gupta,23074098@college.edu,IT,4,2026-04-16 16:13:15
20081,23050080,Ritika Bansal,23050080@college.edu,ME,5,2026-04-16 16:13:15
20085,23079243,Ritika Choudhary,23079243@college.edu,EEE,3,2026-04-16 16:13:15
20087,23056789,Mohit Agarwal,23056789@college.edu,CSE,8,2026-04-16 16:13:15
20092,23050391,Krishna Sinha,23050391@college.edu,IT,5,2026-04-16 16:13:15
20097,23078618,Ritesh Das,23078618@college.edu,CSE,2,2026-04-16 16:13:15
20101,23078622,Yash Reddy,23078622@college.edu,IT,4,2026-04-16 16:13:15
20103,23070415,Yash Gupta,23070415@college.edu,ME,1,2026-04-16 16:13:15
20108,23058351,Varun Sharma,23058351@college.edu,ECE,5,2026-04-16 16:13:15
20112,23065624,Rahul Gupta,23065624@college.edu,ME,6,2026-04-16 16:13:15
20113,23060784,Vivaan Mehta,23060784@college.edu,ECE,8,2026-04-16 16:13:15
20126,23073634,Kavya Nair,23073634@college.edu,ECE,2,2026-04-16 16:13:15
20130,23074824,Nikhil Reddy,23074824@college.edu,ECE,6,2026-04-16 16:13:15
20138,23056604,Varun Menon,23056604@college.edu,IT,3,2026-04-16 16:13:15
20149,23078889,Ananya Mehta,23078889@college.edu,EEE,5,2026-04-16 16:13:15
20153,23071629,Varun Joshi,23071629@college.edu,ME,5,2026-04-16 16:13:15
20156,23076833,Aditi Ghosh,23076833@college.edu,ECE,1,2026-04-16 16:13:15
20159,23054249,Nikhil Sharma,23054249@college.edu,ECE,4,2026-04-16 16:13:15
20171,23059465,Mohit Agarwal,23059465@college.edu,EEE,7,2026-04-16 16:13:15
20172,23058195,Ritesh Khanna,23058195@college.edu,EEE,6,2026-04-16 16:13:15
20173,23073295,Dev Sharma,23073295@college.edu,EEE,1,2026-04-16 16:13:15
20187,23054983,Vivaan Patel,23054983@college.edu,IT,5,2026-04-16 16:13:15
20189,23077903,Aditi Agarwal,23077903@college.edu,IT,6,2026-04-16 16:13:15
20190,23078704,Aditya Agarwal,23078704@college.edu,CSE,3,2026-04-16 16:13:15
20193,23066789,Arjun Pandey,23066789@college.edu,CSE,2,2026-04-16 16:13:15
20195,23075979,Diya Joshi,23075979@college.edu,IT,7,2026-04-16 16:13:15
20211,23055863,Kunal Khanna,23055863@college.edu,CSE,3,2026-04-16 16:13:15
20213,23057564,Om Ghosh,23057564@college.edu,EEE,8,2026-04-16 16:13:15
20214,23079769,Tanmay Choudhary,23079769@college.edu,EEE,5,2026-04-16 16:13:15
20216,23069688,Diya Bansal,23069688@college.edu,EEE,5,2026-04-16 16:13:15
20222,23052183,Aditya Iyer,23052183@college.edu,IT,3,2026-04-16 16:13:15
20223,23078470,Kunal Choudhary,23078470@college.edu,ME,5,2026-04-16 16:13:15
20225,23071794,Rohan Joshi,23071794@college.edu,ME,7,2026-04-16 16:13:15
20229,23058759,Varun Kapoor,23058759@college.edu,EEE,6,2026-04-16 16:13:15
20231,23063533,Harsh Rao,23063533@college.edu,EEE,5,2026-04-16 16:13:15
20242,23064698,Om Verma,23064698@college.edu,CSE,3,2026-04-16 16:13:15
20245,23070085,Nikhil Rao,23070085@college.edu,CSE,5,2026-04-16 16:13:15
20252,23076329,Aditi Reddy,23076329@college.edu,CSE,4,2026-04-16 16:13:15
20253,23060491,Neha Bansal,23060491@college.edu,ECE,6,2026-04-16 16:13:15
20254,23054070,Yash Nair,23054070@college.edu,ME,1,2026-04-16 16:13:15
20261,23076668,Krishna Joshi,23076668@college.edu,EEE,2,2026-04-16 16:13:15
20281,23078647,Tanmay Pandey,23078647@college.edu,EEE,3,2026-04-16 16:13:15
20284,23077615,Aman Gupta,23077615@college.edu,ME,1,2026-04-16 16:13:15
20292,23071057,Ritika Mehta,23071057@college.edu,CSE,6,2026-04-16 16:13:15
20295,23073423,Varun Sinha,23073423@college.edu,ME,7,2026-04-16 16:13:15
20299,23051835,Sneha Joshi,23051835@college.edu,ME,4,2026-04-16 16:13:15
20305,23078172,Meera Menon,23078172@college.edu,ME,5,2026-04-16 16:13:15
20306,23050222,Ritesh Nair,23050222@college.edu,EEE,4,2026-04-16 16:13:15
20318,23050666,Priya Mehta,23050666@college.edu,ME,5,2026-04-16 16:13:15
20327,23066607,Manav Gupta,23066607@college.edu,IT,8,2026-04-16 16:13:15
20333,23060765,Ananya Sinha,23060765@college.edu,ECE,1,2026-04-16 16:13:15
20347,23077674,Meera Khanna,23077674@college.edu,ECE,3,2026-04-16 16:13:15
20359,23058567,Pooja Joshi,23058567@college.edu,CSE,6,2026-04-16 16:13:15
20365,23076991,Siddharth Das,23076991@college.edu,ECE,2,2026-04-16 16:13:15
20371,23069262,Arjun Dubey,23069262@college.edu,EEE,1,2026-04-16 16:13:15
20380,23069646,Ritika Agarwal,23069646@college.edu,ECE,4,2026-04-16 16:13:15
20391,23072547,Aditi Sharma,23072547@college.edu,ME,8,2026-04-16 16:13:15
20394,23069719,Meera Patel,23069719@college.edu,IT,4,2026-04-16 16:13:15
20398,23077369,Aditya Kapoor,23077369@college.edu,ME,6,2026-04-16 16:13:15
20405,23069366,Aarav Kapoor,23069366@college.edu,EEE,2,2026-04-16 16:13:15
20410,23078750,Aarav Reddy,23078750@college.edu,ECE,4,2026-04-16 16:13:15
20421,23072311,Om Mehta,23072311@college.edu,EEE,5,2026-04-16 16:13:15
20427,23078159,Sai Iyer,23078159@college.edu,CSE,4,2026-04-16 16:13:15
20431,23057213,Arjun Joshi,23057213@college.edu,ME,8,2026-04-16 16:13:15
20435,23070322,Kavya Joshi,23070322@college.edu,EEE,6,2026-04-16 16:13:15
20438,23079496,Harsh Menon,23079496@college.edu,ECE,5,2026-04-16 16:13:15
20447,23071322,Ishaan Reddy,23071322@college.edu,ME,5,2026-04-16 16:13:15
20448,23068548,Pooja Joshi,23068548@college.edu,ECE,6,2026-04-16 16:13:15
20455,23061892,Om Mehta,23061892@college.edu,EEE,3,2026-04-16 16:13:15
20462,23079896,Kavya Menon,23079896@college.edu,ECE,3,2026-04-16 16:13:15
20465,23073734,Kavya Joshi,23073734@college.edu,CSE,8,2026-04-16 16:13:15
20466,23062935,Aditya Das,23062935@college.edu,ECE,2,2026-04-16 16:13:15
20468,23073762,Om Sinha,23073762@college.edu,ECE,7,2026-04-16 16:13:15
20473,23079388,Ishaan Kapoor,23079388@college.edu,EEE,2,2026-04-16 16:13:15
20483,23063711,Vivaan Sharma,23063711@college.edu,CSE,1,2026-04-16 16:13:15
20486,23059543,Aditya Nair,23059543@college.edu,CSE,5,2026-04-16 16:13:15
20490,23063914,Rahul Verma,23063914@college.edu,IT,2,2026-04-16 16:13:15
20491,23053391,Neha Khanna,23053391@college.edu,CSE,8,2026-04-16 16:13:15
20495,23065979,Arjun Mehta,23065979@college.edu,IT,6,2026-04-16 16:13:15
20496,23070317,Kunal Bansal,23070317@college.edu,EEE,3,2026-04-16 16:13:15
20501,23071673,Ritika Jain,23071673@college.edu,CSE,2,2026-04-16 16:13:15
20502,23077471,Arjun Sinha,23077471@college.edu,CSE,7,2026-04-16 16:13:15
20512,23053088,Ishaan Gupta,23053088@college.edu,ME,2,2026-04-16 16:13:15
20515,23053661,Mohit Nair,23053661@college.edu,ECE,5,2026-04-16 16:13:15
20519,23058110,Nikhil Jain,23058110@college.edu,ME,3,2026-04-16 16:13:15
20523,23070099,Aditi Sinha,23070099@college.edu,ECE,8,2026-04-16 16:13:15
20524,23057530,Ananya Sharma,23057530@college.edu,EEE,8,2026-04-16 16:13:15
20528,23054771,Aditya Pandey,23054771@college.edu,EEE,7,2026-04-16 16:13:15
20537,23067480,Meera Joshi,23067480@college.edu,IT,3,2026-04-16 16:13:15
20543,23065346,Diya Iyer,23065346@college.edu,ME,7,2026-04-16 16:13:15
20545,23058715,Varun Dubey,23058715@college.edu,CSE,8,2026-04-16 16:13:15
20550,23075082,Ishaan Nair,23075082@college.edu,ECE,4,2026-04-16 16:13:15
20562,23058828,Nikhil Khanna,23058828@college.edu,EEE,6,2026-04-16 16:13:15
20574,23057287,Sai Thakur,23057287@college.edu,ECE,6,2026-04-16 16:13:15
20582,23057517,Arjun Choudhary,23057517@college.edu,ME,6,2026-04-16 16:13:15
20583,23053180,Harsh Sinha,23053180@college.edu,ME,6,2026-04-16 16:13:15
20586,23079905,Ritika Iyer,23079905@college.edu,ECE,7,2026-04-16 16:13:15
20588,23059833,Ritika Verma,23059833@college.edu,IT,4,2026-04-16 16:13:15
20589,23073209,Diya Khanna,23073209@college.edu,IT,6,2026-04-16 16:13:15
20592,23071781,Om Choudhary,23071781@college.edu,IT,5,2026-04-16 16:13:15
20605,23060384,Nikhil Ghosh,23060384@college.edu,CSE,4,2026-04-16 16:13:15
20611,23057089,Pooja Das,23057089@college.edu,IT,8,2026-04-16 16:13:15
20614,23050795,Aditi Menon,23050795@college.edu,ECE,3,2026-04-16 16:13:15
20624,23060493,Krishna Sinha,23060493@college.edu,EEE,2,2026-04-16 16:13:15
20625,23075630,Aditya Sharma,23075630@college.edu,ECE,4,2026-04-16 16:13:15
20631,23062364,Manav Menon,23062364@college.edu,ECE,8,2026-04-16 16:13:15
20639,23066350,Ananya Dubey,23066350@college.edu,CSE,1,2026-04-16 16:13:15
20644,23077606,Neha Sharma,23077606@college.edu,CSE,8,2026-04-16 16:13:15
20646,23057707,Ritika Kapoor,23057707@college.edu,ECE,6,2026-04-16 16:13:15
20649,23059440,Ishaan Agarwal,23059440@college.edu,ME,1,2026-04-16 16:13:15
20650,23051198,Harsh Das,23051198@college.edu,EEE,3,2026-04-16 16:13:15
20667,23067880,Om Kapoor,23067880@college.edu,CSE,2,2026-04-16 16:13:15
20671,23052844,Nikhil Verma,23052844@college.edu,CSE,1,2026-04-16 16:13:15
20685,23059111,Siddharth Agarwal,23059111@college.edu,ME,3,2026-04-16 16:13:15
20693,23070370,Ritesh Verma,23070370@college.edu,CSE,6,2026-04-16 16:13:15
20694,23056345,Neha Gupta,23056345@college.edu,IT,3,2026-04-16 16:13:15
20695,23077693,Rahul Verma,23077693@college.edu,CSE,7,2026-04-16 16:13:15
20696,23060503,Om Choudhary,23060503@college.edu,ME,5,2026-04-16 16:13:15
20697,23067043,Tanmay Agarwal,23067043@college.edu,IT,6,2026-04-16 16:13:15
20699,23067370,Siddharth Menon,23067370@college.edu,CSE,6,2026-04-16 16:13:15
20701,23066308,Sneha Reddy,23066308@college.edu,ECE,4,2026-04-16 16:13:15
20712,23078950,Rahul Thakur,23078950@college.edu,IT,4,2026-04-16 16:13:15
20713,23078531,Krishna Iyer,23078531@college.edu,ME,1,2026-04-16 16:13:15
20714,23058991,Nikhil Verma,23058991@college.edu,ME,2,2026-04-16 16:13:15
20717,23060243,Harsh Sinha,23060243@college.edu,IT,2,2026-04-16 16:13:15
20718,23056729,Om Thakur,23056729@college.edu,IT,3,2026-04-16 16:13:15
20720,23077897,Sneha Gupta,23077897@college.edu,CSE,8,2026-04-16 16:13:15
20721,23077468,Pooja Agarwal,23077468@college.edu,EEE,3,2026-04-16 16:13:15
20728,23072762,Kavya Bansal,23072762@college.edu,ECE,4,2026-04-16 16:13:15
20730,23059368,Dev Thakur,23059368@college.edu,CSE,2,2026-04-16 16:13:15
20732,23062507,Aman Dubey,23062507@college.edu,IT,8,2026-04-16 16:13:15
20734,23063506,Deepak Das,23063506@college.edu,IT,5,2026-04-16 16:13:15
20740,23061643,Ritika Bansal,23061643@college.edu,ECE,4,2026-04-16 16:13:15
20742,23051708,Varun Das,23051708@college.edu,CSE,5,2026-04-16 16:13:15
20743,23067656,Aarav Sharma,23067656@college.edu,ME,8,2026-04-16 16:13:15
20746,23065080,Sneha Kapoor,23065080@college.edu,ECE,4,2026-04-16 16:13:15
20751,23070414,Kavya Pandey,23070414@college.edu,EEE,5,2026-04-16 16:13:15
20756,23053739,Diya Jain,23053739@college.edu,EEE,3,2026-04-16 16:13:15
20766,23072551,Aarav Nair,23072551@college.edu,ME,2,2026-04-16 16:13:15
20770,23056896,Aman Thakur,23056896@college.edu,ECE,2,2026-04-16 16:13:15
20779,23061963,Diya Sinha,23061963@college.edu,IT,5,2026-04-16 16:13:15
20780,23074045,Pooja Choudhary,23074045@college.edu,EEE,4,2026-04-16 16:13:15
20782,23052276,Harsh Dubey,23052276@college.edu,ME,4,2026-04-16 16:13:15
20789,23070597,Sneha Reddy,23070597@college.edu,IT,2,2026-04-16 16:13:15
20792,23078713,Deepak Gupta,23078713@college.edu,IT,7,2026-04-16 16:13:15
20796,23070948,Arjun Das,23070948@college.edu,EEE,3,2026-04-16 16:13:15
20799,23077224,Meera Verma,23077224@college.edu,EEE,2,2026-04-16 16:13:15
20800,23060459,Yash Sinha,23060459@college.edu,ECE,5,2026-04-16 16:13:15
20808,23069542,Dev Sinha,23069542@college.edu,IT,3,2026-04-16 16:13:15
20811,23066464,Yash Joshi,23066464@college.edu,ECE,4,2026-04-16 16:13:15
20814,23060950,Kavya Ghosh,23060950@college.edu,ECE,7,2026-04-16 16:13:15
20820,23078887,Varun Gupta,23078887@college.edu,IT,8,2026-04-16 16:13:15
20823,23064486,Vivaan Sharma,23064486@college.edu,ECE,2,2026-04-16 16:13:15
20827,23060249,Mohit Sharma,23060249@college.edu,CSE,1,2026-04-16 16:13:15
20830,23053234,Rahul Gupta,23053234@college.edu,CSE,4,2026-04-16 16:13:15
20834,23062882,Priya Pandey,23062882@college.edu,IT,2,2026-04-16 16:13:15
20835,23052035,Varun Choudhary,23052035@college.edu,ME,3,2026-04-16 16:13:15
20840,23053344,Krishna Iyer,23053344@college.edu,EEE,1,2026-04-16 16:13:15
20842,23072070,Yash Menon,23072070@college.edu,IT,1,2026-04-16 16:13:15
20851,23067692,Mohit Agarwal,23067692@college.edu,IT,8,2026-04-16 16:13:15
20859,23077994,Aditi Thakur,23077994@college.edu,CSE,7,2026-04-16 16:13:15
20865,23059203,Sneha Pandey,23059203@college.edu,ME,8,2026-04-16 16:13:15
20886,23064240,Aarav Agarwal,23064240@college.edu,ECE,7,2026-04-16 16:13:15
20888,23076030,Aarav Dubey,23076030@college.edu,CSE,1,2026-04-16 16:13:15
20891,23052401,Ritesh Choudhary,23052401@college.edu,CSE,5,2026-04-16 16:13:15
20894,23064113,Ritika Dubey,23064113@college.edu,EEE,6,2026-04-16 16:13:15
20898,23053414,Aarav Choudhary,23053414@college.edu,IT,3,2026-04-16 16:13:15
20904,23076546,Om Kapoor,23076546@college.edu,EEE,6,2026-04-16 16:13:15
20919,23066626,Om Menon,23066626@college.edu,CSE,8,2026-04-16 16:13:15
20921,23076638,Priya Pandey,23076638@college.edu,IT,5,2026-04-16 16:13:15
20923,23053741,Ritika Rao,23053741@college.edu,CSE,2,2026-04-16 16:13:15
20938,23061471,Diya Kapoor,23061471@college.edu,IT,4,2026-04-16 16:13:15
20943,23064542,Sai Das,23064542@college.edu,CSE,5,2026-04-16 16:13:15
20948,23070912,Deepak Dubey,23070912@college.edu,EEE,2,2026-04-16 16:13:15
20952,23068482,Aman Choudhary,23068482@college.edu,EEE,3,2026-04-16 16:13:15
20967,23051932,Sneha Kapoor,23051932@college.edu,ECE,5,2026-04-16 16:13:15
20974,23079363,Diya Bansal,23079363@college.edu,ME,6,2026-04-16 16:13:15
20978,23050980,Neha Gupta,23050980@college.edu,ME,2,2026-04-16 16:13:15
20984,23073078,Siddharth Thakur,23073078@college.edu,EEE,3,2026-04-16 16:13:15
20986,23050703,Yash Reddy,23050703@college.edu,IT,4,2026-04-16 16:13:15
20987,23066961,Ishaan Mehta,23066961@college.edu,CSE,5,2026-04-16 16:13:15
20997,23055474,Krishna Sharma,23055474@college.edu,IT,8,2026-04-16 16:13:15
21013,23051638,Rahul Iyer,23051638@college.edu,ME,8,2026-04-16 16:13:15
21017,23064400,Aditya Choudhary,23064400@college.edu,ME,3,2026-04-16 16:13:15
21019,23071854,Aman Iyer,23071854@college.edu,EEE,2,2026-04-16 16:13:15
21024,23059308,Tanmay Jain,23059308@college.edu,CSE,6,2026-04-16 16:13:15
21025,23073119,Arjun Khanna,23073119@college.edu,EEE,3,2026-04-16 16:13:15
21030,23075506,Kunal Joshi,23075506@college.edu,IT,7,2026-04-16 16:13:15
21038,23071830,Ritesh Verma,23071830@college.edu,IT,7,2026-04-16 16:13:15
21044,23067272,Deepak Patel,23067272@college.edu,IT,3,2026-04-16 16:13:15
21060,23079438,Kavya Menon,23079438@college.edu,ME,5,2026-04-16 16:13:15
21064,23071331,Dev Sharma,23071331@college.edu,IT,5,2026-04-16 16:13:15
21066,23051823,Aditya Joshi,23051823@college.edu,IT,7,2026-04-16 16:13:15
21071,23052820,Neha Verma,23052820@college.edu,ECE,1,2026-04-16 16:13:15
21074,23067041,Ishaan Choudhary,23067041@college.edu,ECE,4,2026-04-16 16:13:15
21075,23068695,Diya Jain,23068695@college.edu,ME,8,2026-04-16 16:13:15
21078,23066544,Kunal Menon,23066544@college.edu,ECE,8,2026-04-16 16:13:15
21086,23065693,Vivaan Verma,23065693@college.edu,ME,3,2026-04-16 16:13:15
21101,23062528,Kavya Joshi,23062528@college.edu,ECE,5,2026-04-16 16:13:15
21103,23076839,Om Khanna,23076839@college.edu,CSE,7,2026-04-16 16:13:15
21105,23065812,Priya Kapoor,23065812@college.edu,ECE,5,2026-04-16 16:13:15
21107,23053600,Varun Thakur,23053600@college.edu,IT,1,2026-04-16 16:13:15
21112,23074489,Manav Sharma,23074489@college.edu,IT,4,2026-04-16 16:13:15
21114,23054641,Sai Das,23054641@college.edu,CSE,7,2026-04-16 16:13:15
21124,23076884,Ritika Verma,23076884@college.edu,ECE,6,2026-04-16 16:13:15
21125,23060008,Sneha Verma,23060008@college.edu,IT,6,2026-04-16 16:13:15
21128,23055203,Vivaan Mehta,23055203@college.edu,EEE,4,2026-04-16 16:13:15
21140,23070936,Varun Gupta,23070936@college.edu,ME,7,2026-04-16 16:13:15
21141,23076542,Deepak Joshi,23076542@college.edu,IT,2,2026-04-16 16:13:15
21151,23063022,Arjun Jain,23063022@college.edu,CSE,6,2026-04-16 16:13:15
21152,23051392,Rohan Ghosh,23051392@college.edu,EEE,5,2026-04-16 16:13:15
21154,23075767,Krishna Dubey,23075767@college.edu,CSE,6,2026-04-16 16:13:15
21156,23060022,Sai Bansal,23060022@college.edu,IT,5,2026-04-16 16:13:15
21161,23071680,Deepak Nair,23071680@college.edu,ME,1,2026-04-16 16:13:15
21172,23070169,Arjun Das,23070169@college.edu,EEE,1,2026-04-16 16:13:15
21174,23071014,Sai Choudhary,23071014@college.edu,ME,8,2026-04-16 16:13:15
21178,23078670,Priya Das,23078670@college.edu,CSE,6,2026-04-16 16:13:15
21187,23059596,Varun Patel,23059596@college.edu,EEE,4,2026-04-16 16:13:15
21188,23067794,Aditi Nair,23067794@college.edu,ME,2,2026-04-16 16:13:15
21190,23061133,Mohit Das,23061133@college.edu,ECE,7,2026-04-16 16:13:15
21197,23057150,Nikhil Rao,23057150@college.edu,CSE,2,2026-04-16 16:13:15
21202,23072243,Kunal Jain,23072243@college.edu,ME,1,2026-04-16 16:13:15
21212,23060364,Arjun Choudhary,23060364@college.edu,ECE,6,2026-04-16 16:13:15
21213,23066193,Siddharth Patel,23066193@college.edu,ME,8,2026-04-16 16:13:15
21215,23068486,Aditi Jain,23068486@college.edu,EEE,8,2026-04-16 16:13:15
21216,23057804,Rahul Verma,23057804@college.edu,IT,1,2026-04-16 16:13:15
21217,23077241,Diya Dubey,23077241@college.edu,ECE,7,2026-04-16 16:13:15
21225,23064924,Mohit Jain,23064924@college.edu,IT,5,2026-04-16 16:13:15
21226,23075966,Deepak Khanna,23075966@college.edu,ME,5,2026-04-16 16:13:15
21228,23069197,Sai Choudhary,23069197@college.edu,IT,6,2026-04-16 16:13:15
21236,23077375,Kunal Sinha,23077375@college.edu,EEE,3,2026-04-16 16:13:15
21242,23076742,Rohan Dubey,23076742@college.edu,IT,8,2026-04-16 16:13:15
21243,23077261,Vivaan Ghosh,23077261@college.edu,CSE,1,2026-04-16 16:13:15
21255,23069732,Mohit Dubey,23069732@college.edu,ME,4,2026-04-16 16:13:15
21256,23065530,Arjun Patel,23065530@college.edu,CSE,6,2026-04-16 16:13:15
21270,23067547,Neha Dubey,23067547@college.edu,ME,7,2026-04-16 16:13:15
21275,23070034,Rohan Joshi,23070034@college.edu,CSE,1,2026-04-16 16:13:15
21277,23064044,Manav Thakur,23064044@college.edu,IT,7,2026-04-16 16:13:15
21281,23050400,Aman Kapoor,23050400@college.edu,IT,2,2026-04-16 16:13:15
21288,23055897,Priya Das,23055897@college.edu,EEE,8,2026-04-16 16:13:15
21290,23064707,Ishaan Bansal,23064707@college.edu,CSE,3,2026-04-16 16:13:15
21293,23072787,Aarav Das,23072787@college.edu,CSE,2,2026-04-16 16:13:15
21298,23063365,Ritesh Khanna,23063365@college.edu,EEE,7,2026-04-16 16:13:15
21299,23054153,Krishna Ghosh,23054153@college.edu,ECE,5,2026-04-16 16:13:15
21302,23069166,Om Nair,23069166@college.edu,CSE,6,2026-04-16 16:13:15
21309,23064571,Varun Rao,23064571@college.edu,ECE,7,2026-04-16 16:13:15
21318,23071894,Om Gupta,23071894@college.edu,ECE,2,2026-04-16 16:13:15
21319,23079025,Aditya Mehta,23079025@college.edu,CSE,6,2026-04-16 16:13:15
21321,23058867,Krishna Ghosh,23058867@college.edu,ECE,4,2026-04-16 16:13:15
21323,23057748,Ishaan Bansal,23057748@college.edu,ECE,3,2026-04-16 16:13:15
21331,23063697,Kunal Reddy,23063697@college.edu,CSE,1,2026-04-16 16:13:15
21335,23060692,Tanmay Das,23060692@college.edu,ECE,5,2026-04-16 16:13:15
21348,23079946,Sneha Jain,23079946@college.edu,CSE,6,2026-04-16 16:13:15
21350,23053971,Nikhil Kapoor,23053971@college.edu,ME,6,2026-04-16 16:13:15
21351,23070752,Rohan Jain,23070752@college.edu,IT,5,2026-04-16 16:13:15
21356,23070594,Dev Menon,23070594@college.edu,ME,2,2026-04-16 16:13:15
21366,23076715,Ishaan Rao,23076715@college.edu,ME,7,2026-04-16 16:13:15
21371,23061284,Neha Patel,23061284@college.edu,ME,2,2026-04-16 16:13:15
21385,23062215,Sneha Joshi,23062215@college.edu,ECE,7,2026-04-16 16:13:15
21387,23067106,Meera Khanna,23067106@college.edu,ME,8,2026-04-16 16:13:15
21390,23059924,Arjun Rao,23059924@college.edu,ME,3,2026-04-16 16:13:15
21391,23073968,Deepak Patel,23073968@college.edu,CSE,1,2026-04-16 16:13:15
21393,23073642,Aditya Choudhary,23073642@college.edu,ECE,4,2026-04-16 16:13:15
21399,23055319,Kavya Verma,23055319@college.edu,IT,3,2026-04-16 16:13:15
21402,23059033,Nikhil Menon,23059033@college.edu,ME,8,2026-04-16 16:13:15
21404,23072797,Kavya Kapoor,23072797@college.edu,CSE,6,2026-04-16 16:13:15
21405,23071367,Ananya Choudhary,23071367@college.edu,ECE,8,2026-04-16 16:13:15
21408,23073500,Sai Iyer,23073500@college.edu,CSE,1,2026-04-16 16:13:15
21414,23073742,Varun Kapoor,23073742@college.edu,EEE,1,2026-04-16 16:13:15
21419,23052855,Deepak Rao,23052855@college.edu,IT,4,2026-04-16 16:13:15
21426,23074998,Krishna Nair,23074998@college.edu,ECE,6,2026-04-16 16:13:15
21431,23069322,Meera Verma,23069322@college.edu,ECE,2,2026-04-16 16:13:15
21440,23075591,Ishaan Jain,23075591@college.edu,ME,2,2026-04-16 16:13:15
21443,23054456,Ananya Joshi,23054456@college.edu,ECE,8,2026-04-16 16:13:15
21445,23074218,Pooja Dubey,23074218@college.edu,ECE,7,2026-04-16 16:13:15
21448,23065741,Harsh Khanna,23065741@college.edu,IT,6,2026-04-16 16:13:15
21449,23072297,Manav Mehta,23072297@college.edu,CSE,1,2026-04-16 16:13:15
21451,23051018,Siddharth Mehta,23051018@college.edu,EEE,4,2026-04-16 16:13:15
21454,23061839,Rahul Patel,23061839@college.edu,ME,6,2026-04-16 16:13:15
21459,23073990,Ritesh Agarwal,23073990@college.edu,ME,3,2026-04-16 16:13:15
21463,23078276,Aditi Thakur,23078276@college.edu,EEE,8,2026-04-16 16:13:15
21466,23073738,Nikhil Choudhary,23073738@college.edu,EEE,5,2026-04-16 16:13:15
21482,23072769,Nikhil Patel,23072769@college.edu,IT,5,2026-04-16 16:13:15
21484,23075201,Kavya Kapoor,23075201@college.edu,ME,5,2026-04-16 16:13:15
21485,23053937,Ritika Patel,23053937@college.edu,CSE,1,2026-04-16 16:13:15
21488,23076071,Rohan Rao,23076071@college.edu,ME,2,2026-04-16 16:13:15
21490,23065814,Rohan Rao,23065814@college.edu,CSE,5,2026-04-16 16:13:15
21492,23050220,Meera Nair,23050220@college.edu,ME,1,2026-04-16 16:13:15
21497,23063471,Ritesh Sinha,23063471@college.edu,EEE,1,2026-04-16 16:13:15
21503,23056609,Varun Thakur,23056609@college.edu,CSE,4,2026-04-16 16:13:15
21505,23060598,Deepak Iyer,23060598@college.edu,CSE,8,2026-04-16 16:13:15
21509,23077200,Kavya Thakur,23077200@college.edu,IT,5,2026-04-16 16:13:15
21510,23071021,Om Sharma,23071021@college.edu,CSE,7,2026-04-16 16:13:15
21511,23071016,Om Verma,23071016@college.edu,CSE,8,2026-04-16 16:13:15
21517,23077207,Vivaan Reddy,23077207@college.edu,EEE,3,2026-04-16 16:13:15
21523,23052987,Priya Agarwal,23052987@college.edu,CSE,1,2026-04-16 16:13:15
21529,23079212,Ritika Choudhary,23079212@college.edu,CSE,6,2026-04-16 16:13:15
21531,23051762,Tanmay Pandey,23051762@college.edu,CSE,5,2026-04-16 16:13:15
21535,23062554,Om Iyer,23062554@college.edu,ME,4,2026-04-16 16:13:15
21542,23069403,Pooja Das,23069403@college.edu,CSE,2,2026-04-16 16:13:15
21543,23052214,Diya Dubey,23052214@college.edu,ME,1,2026-04-16 16:13:15
21565,23079037,Aman Mehta,23079037@college.edu,IT,5,2026-04-16 16:13:15
21567,23068425,Harsh Joshi,23068425@college.edu,CSE,3,2026-04-16 16:13:15
21568,23051030,Om Sharma,23051030@college.edu,EEE,2,2026-04-16 16:13:15
21569,23075255,Kavya Thakur,23075255@college.edu,EEE,2,2026-04-16 16:13:15
21570,23074686,Pooja Choudhary,23074686@college.edu,ECE,7,2026-04-16 16:13:15
21573,23070602,Aditya Ghosh,23070602@college.edu,ECE,1,2026-04-16 16:13:15
21580,23075127,Tanmay Sinha,23075127@college.edu,EEE,6,2026-04-16 16:13:15
21584,23075058,Varun Jain,23075058@college.edu,ME,6,2026-04-16 16:13:15
21588,23076856,Manav Joshi,23076856@college.edu,EEE,5,2026-04-16 16:13:15
21589,23068301,Om Dubey,23068301@college.edu,CSE,3,2026-04-16 16:13:15
21598,23052015,Varun Patel,23052015@college.edu,ECE,5,2026-04-16 16:13:15
21599,23054076,Sneha Patel,23054076@college.edu,IT,4,2026-04-16 16:13:15
21603,23076725,Pooja Gupta,23076725@college.edu,CSE,1,2026-04-16 16:13:15
21610,23074372,Priya Thakur,23074372@college.edu,CSE,6,2026-04-16 16:13:15
21612,23071486,Aarav Jain,23071486@college.edu,EEE,6,2026-04-16 16:13:15
21613,23060203,Rahul Bansal,23060203@college.edu,ME,7,2026-04-16 16:13:15
21615,23070701,Pooja Thakur,23070701@college.edu,CSE,3,2026-04-16 16:13:15
21621,23056329,Varun Sharma,23056329@college.edu,EEE,2,2026-04-16 16:13:15
21635,23065815,Aman Sharma,23065815@college.edu,EEE,8,2026-04-16 16:13:15
21640,23059209,Neha Iyer,23059209@college.edu,ECE,4,2026-04-16 16:13:15
21649,23060788,Om Ghosh,23060788@college.edu,CSE,5,2026-04-16 16:13:15
21655,23075833,Diya Rao,23075833@college.edu,ME,6,2026-04-16 16:13:15
21658,23056023,Diya Thakur,23056023@college.edu,IT,8,2026-04-16 16:13:15
21667,23068010,Rahul Gupta,23068010@college.edu,CSE,6,2026-04-16 16:13:15
21676,23057059,Dev Thakur,23057059@college.edu,IT,3,2026-04-16 16:13:15
21703,23054362,Om Choudhary,23054362@college.edu,CSE,4,2026-04-16 16:13:15
21706,23056714,Ananya Das,23056714@college.edu,EEE,1,2026-04-16 16:13:15
21711,23058167,Priya Jain,23058167@college.edu,ME,7,2026-04-16 16:13:15
21716,23052405,Rahul Iyer,23052405@college.edu,ECE,5,2026-04-16 16:13:15
21718,23067209,Aman Patel,23067209@college.edu,ME,3,2026-04-16 16:13:15
21724,23079757,Dev Patel,23079757@college.edu,EEE,5,2026-04-16 16:13:15
21728,23069548,Pooja Khanna,23069548@college.edu,CSE,1,2026-04-16 16:13:15
21730,23054350,Harsh Jain,23054350@college.edu,ECE,7,2026-04-16 16:13:15
21732,23064951,Ananya Kapoor,23064951@college.edu,EEE,7,2026-04-16 16:13:15
21735,23050318,Varun Patel,23050318@college.edu,IT,4,2026-04-16 16:13:15
21753,23070319,Manav Nair,23070319@college.edu,ME,6,2026-04-16 16:13:15
21755,23052145,Mohit Agarwal,23052145@college.edu,CSE,3,2026-04-16 16:13:15
21766,23056098,Meera Patel,23056098@college.edu,IT,4,2026-04-16 16:13:15
21770,23050832,Aarav Khanna,23050832@college.edu,IT,8,2026-04-16 16:13:15
21781,23062040,Priya Choudhary,23062040@college.edu,EEE,2,2026-04-16 16:13:15
21795,23054306,Neha Sinha,23054306@college.edu,ECE,6,2026-04-16 16:13:15
21800,23072265,Sai Sinha,23072265@college.edu,EEE,2,2026-04-16 16:13:15
21810,23074380,Aman Menon,23074380@college.edu,ME,8,2026-04-16 16:13:15
21814,23063373,Siddharth Sinha,23063373@college.edu,ME,6,2026-04-16 16:13:15
21817,23067345,Vivaan Patel,23067345@college.edu,EEE,1,2026-04-16 16:13:15
21820,23070846,Kavya Mehta,23070846@college.edu,IT,8,2026-04-16 16:13:15
21821,23055316,Harsh Agarwal,23055316@college.edu,CSE,5,2026-04-16 16:13:15
21829,23071224,Aditya Sharma,23071224@college.edu,ECE,8,2026-04-16 16:13:15
21835,23066528,Arjun Bansal,23066528@college.edu,IT,7,2026-04-16 16:13:15
21839,23061466,Aarav Gupta,23061466@college.edu,ME,5,2026-04-16 16:13:15
21852,23062945,Kavya Das,23062945@college.edu,EEE,1,2026-04-16 16:13:15
21853,23078851,Rahul Sinha,23078851@college.edu,ME,1,2026-04-16 16:13:15
21855,23069427,Om Menon,23069427@college.edu,ECE,8,2026-04-16 16:13:15
21856,23050396,Sneha Ghosh,23050396@college.edu,ME,1,2026-04-16 16:13:15
21858,23054900,Mohit Agarwal,23054900@college.edu,ME,1,2026-04-16 16:13:15
21859,23051575,Diya Ghosh,23051575@college.edu,EEE,7,2026-04-16 16:13:15
21863,23059357,Manav Rao,23059357@college.edu,ME,2,2026-04-16 16:13:15
21871,23071518,Ishaan Dubey,23071518@college.edu,IT,2,2026-04-16 16:13:15
21880,23054898,Rahul Rao,23054898@college.edu,IT,1,2026-04-16 16:13:15
21882,23065703,Mohit Pandey,23065703@college.edu,ME,2,2026-04-16 16:13:15
21884,23072458,Manav Joshi,23072458@college.edu,EEE,5,2026-04-16 16:13:15
21888,23051431,Rahul Reddy,23051431@college.edu,CSE,3,2026-04-16 16:13:15
21897,23053571,Mohit Bansal,23053571@college.edu,EEE,5,2026-04-16 16:13:15
21900,23067812,Nikhil Verma,23067812@college.edu,ME,2,2026-04-16 16:13:15
21904,23062607,Diya Pandey,23062607@college.edu,EEE,8,2026-04-16 16:13:15
21911,23074528,Kavya Reddy,23074528@college.edu,CSE,3,2026-04-16 16:13:15
21912,23058942,Nikhil Das,23058942@college.edu,CSE,1,2026-04-16 16:13:15
21918,23057446,Sneha Reddy,23057446@college.edu,ECE,7,2026-04-16 16:13:15
21923,23076826,Kunal Jain,23076826@college.edu,ECE,6,2026-04-16 16:13:15
21929,23070005,Priya Sinha,23070005@college.edu,IT,8,2026-04-16 16:13:15
21932,23076295,Nikhil Patel,23076295@college.edu,CSE,2,2026-04-16 16:13:15
21936,23076479,Rahul Patel,23076479@college.edu,EEE,4,2026-04-16 16:13:15
21951,23072727,Aditya Reddy,23072727@college.edu,ECE,5,2026-04-16 16:13:15
21954,23051602,Kavya Pandey,23051602@college.edu,ECE,8,2026-04-16 16:13:15
21955,23074941,Rohan Gupta,23074941@college.edu,CSE,6,2026-04-16 16:13:15
21959,23051131,Dev Joshi,23051131@college.edu,ECE,1,2026-04-16 16:13:15
21964,23050079,Sai Ghosh,23050079@college.edu,EEE,7,2026-04-16 16:13:15
21972,23065623,Aarav Mehta,23065623@college.edu,IT,8,2026-04-16 16:13:15
21975,23059409,Sai Nair,23059409@college.edu,EEE,5,2026-04-16 16:13:15
21976,23065892,Sneha Bansal,23065892@college.edu,ECE,5,2026-04-16 16:13:15
21980,23072115,Aditi Das,23072115@college.edu,ME,7,2026-04-16 16:13:15
21984,23055321,Pooja Pandey,23055321@college.edu,IT,7,2026-04-16 16:13:15
21987,23068133,Varun Bansal,23068133@college.edu,ME,6,2026-04-16 16:13:15
21991,23068599,Ananya Thakur,23068599@college.edu,CSE,2,2026-04-16 16:13:15
22001,23058410,Ritesh Agarwal,23058410@college.edu,ECE,6,2026-04-16 16:13:15
22003,23072307,Rahul Khanna,23072307@college.edu,IT,7,2026-04-16 16:13:15
22007,23056661,Ishaan Rao,23056661@college.edu,CSE,8,2026-04-16 16:13:15
22014,23051017,Mohit Jain,23051017@college.edu,IT,1,2026-04-16 16:13:15
22024,23067009,Tanmay Sharma,23067009@college.edu,IT,4,2026-04-16 16:13:15
22026,23051343,Om Agarwal,23051343@college.edu,ME,5,2026-04-16 16:13:15
22029,23066757,Ritika Jain,23066757@college.edu,EEE,5,2026-04-16 16:13:15
22030,23078177,Tanmay Joshi,23078177@college.edu,CSE,3,2026-04-16 16:13:15
22031,23061300,Pooja Agarwal,23061300@college.edu,ECE,6,2026-04-16 16:13:15
22035,23073430,Tanmay Gupta,23073430@college.edu,ECE,1,2026-04-16 16:13:15
22036,23061962,Priya Khanna,23061962@college.edu,ME,4,2026-04-16 16:13:15
22039,23060460,Ritika Das,23060460@college.edu,ECE,1,2026-04-16 16:13:15
22043,23070277,Meera Gupta,23070277@college.edu,IT,3,2026-04-16 16:13:15
22047,23063664,Rohan Thakur,23063664@college.edu,EEE,8,2026-04-16 16:13:15
22050,23050498,Aditya Kapoor,23050498@college.edu,CSE,6,2026-04-16 16:13:15
22064,23059508,Meera Sharma,23059508@college.edu,EEE,7,2026-04-16 16:13:15
22069,23058615,Harsh Menon,23058615@college.edu,IT,1,2026-04-16 16:13:15
22070,23062755,Pooja Mehta,23062755@college.edu,ME,2,2026-04-16 16:13:15
22071,23053063,Aditi Dubey,23053063@college.edu,IT,3,2026-04-16 16:13:15
22080,23069868,Rahul Dubey,23069868@college.edu,IT,3,2026-04-16 16:13:15
22087,23079442,Nikhil Sinha,23079442@college.edu,ECE,6,2026-04-16 16:13:15
22092,23055853,Arjun Sharma,23055853@college.edu,EEE,8,2026-04-16 16:13:15
22093,23070834,Dev Kapoor,23070834@college.edu,EEE,8,2026-04-16 16:13:15
22108,23074186,Aarav Menon,23074186@college.edu,ME,3,2026-04-16 16:13:15
22118,23070301,Vivaan Mehta,23070301@college.edu,IT,5,2026-04-16 16:13:15
22119,23050170,Pooja Agarwal,23050170@college.edu,IT,8,2026-04-16 16:13:15
22121,23079303,Ritesh Patel,23079303@college.edu,ME,8,2026-04-16 16:13:15
22126,23079076,Aditya Mehta,23079076@college.edu,IT,6,2026-04-16 16:13:15
22136,23078509,Dev Thakur,23078509@college.edu,ECE,5,2026-04-16 16:13:15
22144,23057202,Priya Reddy,23057202@college.edu,IT,2,2026-04-16 16:13:15
22147,23078498,Siddharth Reddy,23078498@college.edu,ME,6,2026-04-16 16:13:15
22156,23058260,Aditya Menon,23058260@college.edu,IT,6,2026-04-16 16:13:15
22159,23066806,Varun Mehta,23066806@college.edu,EEE,4,2026-04-16 16:13:15
22163,23075663,Arjun Nair,23075663@college.edu,ECE,4,2026-04-16 16:13:15
22165,23059885,Tanmay Pandey,23059885@college.edu,IT,3,2026-04-16 16:13:15
22166,23059374,Varun Gupta,23059374@college.edu,CSE,4,2026-04-16 16:13:15
22174,23060119,Aarav Joshi,23060119@college.edu,EEE,6,2026-04-16 16:13:15
22178,23065330,Aarav Dubey,23065330@college.edu,EEE,4,2026-04-16 16:13:15
22182,23077605,Harsh Choudhary,23077605@college.edu,EEE,3,2026-04-16 16:13:15
22184,23076182,Siddharth Das,23076182@college.edu,ME,7,2026-04-16 16:13:15
22186,23053734,Krishna Ghosh,23053734@college.edu,ECE,3,2026-04-16 16:13:15
22187,23079934,Neha Dubey,23079934@college.edu,ME,1,2026-04-16 16:13:15
22192,23063611,Pooja Reddy,23063611@college.edu,CSE,5,2026-04-16 16:13:15
22194,23067154,Nikhil Reddy,23067154@college.edu,ECE,4,2026-04-16 16:13:15
22206,23062730,Siddharth Kapoor,23062730@college.edu,IT,8,2026-04-16 16:13:15
22208,23076286,Ritika Gupta,23076286@college.edu,CSE,4,2026-04-16 16:13:15
22214,23060227,Ananya Nair,23060227@college.edu,EEE,1,2026-04-16 16:13:15
22221,23063749,Vivaan Gupta,23063749@college.edu,EEE,6,2026-04-16 16:13:15
22222,23055530,Ananya Bansal,23055530@college.edu,ME,7,2026-04-16 16:13:15
22224,23056580,Neha Patel,23056580@college.edu,ME,6,2026-04-16 16:13:15
22226,23071834,Dev Thakur,23071834@college.edu,IT,7,2026-04-16 16:13:15
22228,23065805,Aarav Ghosh,23065805@college.edu,EEE,1,2026-04-16 16:13:15
22230,23051653,Ananya Mehta,23051653@college.edu,CSE,2,2026-04-16 16:13:15
22232,23062434,Priya Mehta,23062434@college.edu,ECE,8,2026-04-16 16:13:15
22244,23063003,Yash Sharma,23063003@college.edu,EEE,3,2026-04-16 16:13:15
22258,23054893,Nikhil Verma,23054893@college.edu,ECE,1,2026-04-16 16:13:15
22259,23074720,Diya Gupta,23074720@college.edu,ECE,3,2026-04-16 16:13:15
22260,23066537,Mohit Das,23066537@college.edu,ECE,5,2026-04-16 16:13:15
22262,23057206,Tanmay Agarwal,23057206@college.edu,CSE,8,2026-04-16 16:13:15
22267,23062825,Rahul Pandey,23062825@college.edu,CSE,4,2026-04-16 16:13:15
22270,23070830,Krishna Gupta,23070830@college.edu,ME,6,2026-04-16 16:13:15
22282,23054360,Deepak Das,23054360@college.edu,EEE,8,2026-04-16 16:13:15
22283,23063481,Manav Patel,23063481@college.edu,ECE,8,2026-04-16 16:13:15
22286,23060440,Tanmay Sinha,23060440@college.edu,IT,6,2026-04-16 16:13:15
22293,23070841,Aditi Khanna,23070841@college.edu,ME,8,2026-04-16 16:13:15
22305,23050578,Om Rao,23050578@college.edu,IT,5,2026-04-16 16:13:15
22319,23065137,Mohit Agarwal,23065137@college.edu,ECE,5,2026-04-16 16:13:15
22329,23052668,Meera Dubey,23052668@college.edu,EEE,7,2026-04-16 16:13:15
22332,23057660,Tanmay Menon,23057660@college.edu,IT,7,2026-04-16 16:13:15
22334,23074919,Neha Patel,23074919@college.edu,IT,7,2026-04-16 16:13:15
22337,23062172,Neha Verma,23062172@college.edu,ME,4,2026-04-16 16:13:15
22355,23058212,Meera Patel,23058212@college.edu,ME,2,2026-04-16 16:13:15
22356,23068171,Pooja Gupta,23068171@college.edu,ME,4,2026-04-16 16:13:15
22364,23063470,Deepak Agarwal,23063470@college.edu,IT,3,2026-04-16 16:13:15
22365,23058534,Ishaan Pandey,23058534@college.edu,ECE,4,2026-04-16 16:13:15
22371,23070040,Siddharth Pandey,23070040@college.edu,EEE,5,2026-04-16 16:13:15
22372,23078482,Mohit Khanna,23078482@college.edu,IT,1,2026-04-16 16:13:15
22375,23065083,Pooja Pandey,23065083@college.edu,CSE,8,2026-04-16 16:13:15
22378,23079581,Varun Sharma,23079581@college.edu,CSE,2,2026-04-16 16:13:15
22380,23077510,Aditya Choudhary,23077510@college.edu,EEE,7,2026-04-16 16:13:15
22382,23061073,Sneha Menon,23061073@college.edu,IT,6,2026-04-16 16:13:15
22385,23069614,Diya Reddy,23069614@college.edu,CSE,7,2026-04-16 16:13:15
22389,23067956,Ishaan Joshi,23067956@college.edu,ME,8,2026-04-16 16:13:15
22391,23058075,Rahul Ghosh,23058075@college.edu,CSE,3,2026-04-16 16:13:15
22403,23057128,Mohit Nair,23057128@college.edu,CSE,3,2026-04-16 16:13:15
22407,23056202,Sneha Das,23056202@college.edu,ME,8,2026-04-16 16:13:15
22409,23060794,Sneha Reddy,23060794@college.edu,ME,2,2026-04-16 16:13:15
22412,23077541,Ritika Menon,23077541@college.edu,ECE,3,2026-04-16 16:13:15
22418,23069467,Aditya Verma,23069467@college.edu,IT,6,2026-04-16 16:13:15
22421,23075720,Nikhil Mehta,23075720@college.edu,IT,4,2026-04-16 16:13:15
22426,23074584,Ananya Pandey,23074584@college.edu,ECE,4,2026-04-16 16:13:15
22432,23072651,Sai Gupta,23072651@college.edu,CSE,1,2026-04-16 16:13:15
22437,23054930,Yash Gupta,23054930@college.edu,IT,8,2026-04-16 16:13:15
22440,23062908,Tanmay Choudhary,23062908@college.edu,EEE,5,2026-04-16 16:13:15
22441,23078427,Aditi Sharma,23078427@college.edu,CSE,3,2026-04-16 16:13:15
22448,23069656,Tanmay Gupta,23069656@college.edu,CSE,3,2026-04-16 16:13:15
22449,23067511,Ritesh Mehta,23067511@college.edu,ME,4,2026-04-16 16:13:15
22457,23076512,Om Jain,23076512@college.edu,ECE,5,2026-04-16 16:13:15
22464,23067554,Neha Kapoor,23067554@college.edu,ME,8,2026-04-16 16:13:15
22467,23079545,Varun Patel,23079545@college.edu,EEE,2,2026-04-16 16:13:15
22473,23057999,Varun Reddy,23057999@college.edu,CSE,8,2026-04-16 16:13:15
22476,23060062,Sai Sinha,23060062@college.edu,ME,5,2026-04-16 16:13:15
22478,23059550,Yash Kapoor,23059550@college.edu,IT,4,2026-04-16 16:13:15
22480,23069171,Rohan Joshi,23069171@college.edu,IT,4,2026-04-16 16:13:15
22482,23057048,Deepak Bansal,23057048@college.edu,ECE,4,2026-04-16 16:13:15
22484,23060421,Diya Agarwal,23060421@college.edu,ME,3,2026-04-16 16:13:15
22493,23065970,Ishaan Sinha,23065970@college.edu,CSE,2,2026-04-16 16:13:15
22494,23075466,Vivaan Bansal,23075466@college.edu,IT,1,2026-04-16 16:13:15
22506,23060286,Neha Agarwal,23060286@college.edu,IT,6,2026-04-16 16:13:15
22531,23065532,Aditya Verma,23065532@college.edu,EEE,6,2026-04-16 16:13:15
22541,23054867,Tanmay Kapoor,23054867@college.edu,ECE,1,2026-04-16 16:13:15
22543,23068085,Harsh Mehta,23068085@college.edu,CSE,5,2026-04-16 16:13:15
22548,23073147,Kunal Reddy,23073147@college.edu,ME,7,2026-04-16 16:13:15
22555,23076458,Pooja Agarwal,23076458@college.edu,IT,1,2026-04-16 16:13:15
22557,23074504,Ananya Khanna,23074504@college.edu,ME,2,2026-04-16 16:13:15
22561,23076499,Manav Menon,23076499@college.edu,ECE,8,2026-04-16 16:13:15
22565,23076353,Dev Ghosh,23076353@college.edu,ME,1,2026-04-16 16:13:15
22579,23062053,Sai Menon,23062053@college.edu,EEE,4,2026-04-16 16:13:15
22582,23079384,Vivaan Bansal,23079384@college.edu,ME,8,2026-04-16 16:13:15
22589,23059316,Tanmay Choudhary,23059316@college.edu,EEE,2,2026-04-16 16:13:15
22596,23052176,Sai Bansal,23052176@college.edu,IT,1,2026-04-16 16:13:15
22597,23061336,Varun Rao,23061336@college.edu,CSE,4,2026-04-16 16:13:15
22599,23064976,Neha Choudhary,23064976@college.edu,CSE,1,2026-04-16 16:13:15
22613,23070887,Kavya Kapoor,23070887@college.edu,CSE,2,2026-04-16 16:13:15
22615,23059173,Aditi Gupta,23059173@college.edu,CSE,2,2026-04-16 16:13:15
22617,23074225,Siddharth Ghosh,23074225@college.edu,ME,3,2026-04-16 16:13:15
22624,23069044,Sneha Choudhary,23069044@college.edu,ME,5,2026-04-16 16:13:15
22630,23051246,Krishna Sinha,23051246@college.edu,IT,8,2026-04-16 16:13:15
22638,23054608,Siddharth Nair,23054608@college.edu,ECE,8,2026-04-16 16:13:15
22640,23054190,Deepak Iyer,23054190@college.edu,ECE,8,2026-04-16 16:13:15
22643,23053999,Rohan Nair,23053999@college.edu,IT,6,2026-04-16 16:13:15
22650,23073311,Ritesh Iyer,23073311@college.edu,CSE,2,2026-04-16 16:13:15
22662,23071990,Tanmay Choudhary,23071990@college.edu,ME,1,2026-04-16 16:13:15
22663,23053927,Rahul Mehta,23053927@college.edu,CSE,2,2026-04-16 16:13:15
22665,23051025,Mohit Menon,23051025@college.edu,ECE,8,2026-04-16 16:13:15
22667,23070853,Aarav Choudhary,23070853@college.edu,EEE,6,2026-04-16 16:13:15
22672,23072836,Diya Mehta,23072836@college.edu,EEE,6,2026-04-16 16:13:15
22673,23052544,Neha Nair,23052544@college.edu,IT,3,2026-04-16 16:13:15
22681,23051742,Aman Bansal,23051742@college.edu,ME,8,2026-04-16 16:13:15
22687,23077262,Om Kapoor,23077262@college.edu,CSE,4,2026-04-16 16:13:15
22688,23069849,Dev Menon,23069849@college.edu,CSE,1,2026-04-16 16:13:15
22693,23059559,Aarav Dubey,23059559@college.edu,CSE,4,2026-04-16 16:13:15
22698,23073921,Nikhil Jain,23073921@college.edu,ME,7,2026-04-16 16:13:15
22699,23073540,Om Gupta,23073540@college.edu,CSE,6,2026-04-16 16:13:15
22711,23066245,Harsh Sinha,23066245@college.edu,ECE,1,2026-04-16 16:13:15
22712,23052045,Ritesh Dubey,23052045@college.edu,EEE,5,2026-04-16 16:13:15
22713,23060953,Deepak Choudhary,23060953@college.edu,IT,1,2026-04-16 16:13:15
22723,23074242,Meera Rao,23074242@college.edu,ECE,2,2026-04-16 16:13:15
22725,23076890,Diya Jain,23076890@college.edu,ME,4,2026-04-16 16:13:15
22726,23077130,Diya Patel,23077130@college.edu,EEE,8,2026-04-16 16:13:15
22727,23075329,Krishna Pandey,23075329@college.edu,ECE,1,2026-04-16 16:13:15
22729,23056014,Diya Nair,23056014@college.edu,IT,7,2026-04-16 16:13:15
22731,23062082,Pooja Patel,23062082@college.edu,IT,4,2026-04-16 16:13:15
22748,23072426,Tanmay Jain,23072426@college.edu,ME,1,2026-04-16 16:13:15
22753,23076604,Siddharth Dubey,23076604@college.edu,EEE,3,2026-04-16 16:13:15
22755,23070361,Kunal Agarwal,23070361@college.edu,CSE,4,2026-04-16 16:13:15
22771,23071211,Aman Mehta,23071211@college.edu,ECE,3,2026-04-16 16:13:15
22783,23052515,Aditya Patel,23052515@college.edu,CSE,2,2026-04-16 16:13:15
22784,23050407,Aarav Khanna,23050407@college.edu,IT,1,2026-04-16 16:13:15
22786,23069583,Rahul Choudhary,23069583@college.edu,CSE,1,2026-04-16 16:13:15
22804,23070186,Arjun Nair,23070186@college.edu,IT,3,2026-04-16 16:13:15
22808,23070925,Rohan Pandey,23070925@college.edu,EEE,3,2026-04-16 16:13:15
22816,23064742,Siddharth Joshi,23064742@college.edu,EEE,1,2026-04-16 16:13:15
22821,23061517,Meera Ghosh,23061517@college.edu,CSE,8,2026-04-16 16:13:15
22822,23064731,Aditya Bansal,23064731@college.edu,ECE,7,2026-04-16 16:13:15
22824,23075914,Dev Nair,23075914@college.edu,CSE,6,2026-04-16 16:13:15
22830,23055100,Meera Thakur,23055100@college.edu,IT,3,2026-04-16 16:13:15
22834,23059098,Tanmay Jain,23059098@college.edu,CSE,8,2026-04-16 16:13:15
22835,23056829,Aditi Dubey,23056829@college.edu,EEE,6,2026-04-16 16:13:15
22836,23075712,Priya Joshi,23075712@college.edu,ECE,4,2026-04-16 16:13:15
22844,23050236,Aman Verma,23050236@college.edu,CSE,1,2026-04-16 16:13:15
22845,23055065,Vivaan Mehta,23055065@college.edu,ECE,4,2026-04-16 16:13:15
22853,23079345,Deepak Mehta,23079345@college.edu,ME,3,2026-04-16 16:13:15
22854,23074382,Nikhil Reddy,23074382@college.edu,ECE,6,2026-04-16 16:13:15
22863,23057719,Vivaan Agarwal,23057719@college.edu,ME,4,2026-04-16 16:13:15
22866,23060126,Meera Ghosh,23060126@college.edu,CSE,5,2026-04-16 16:13:15
22868,23066479,Vivaan Sharma,23066479@college.edu,IT,5,2026-04-16 16:13:15
22872,23063098,Rohan Reddy,23063098@college.edu,ECE,1,2026-04-16 16:13:15
22873,23057692,Varun Bansal,23057692@college.edu,ECE,3,2026-04-16 16:13:15
22874,23061651,Vivaan Reddy,23061651@college.edu,IT,8,2026-04-16 16:13:15
22894,23059105,Diya Nair,23059105@college.edu,EEE,3,2026-04-16 16:13:15
22905,23072809,Ananya Choudhary,23072809@college.edu,ECE,3,2026-04-16 16:13:15
22907,23070981,Ritika Iyer,23070981@college.edu,EEE,8,2026-04-16 16:13:15
22910,23070092,Krishna Ghosh,23070092@college.edu,ECE,4,2026-04-16 16:13:15
22911,23073201,Mohit Jain,23073201@college.edu,ECE,6,2026-04-16 16:13:15
22914,23053963,Manav Jain,23053963@college.edu,ECE,2,2026-04-16 16:13:15
22924,23053308,Siddharth Agarwal,23053308@college.edu,CSE,7,2026-04-16 16:13:15
22925,23079807,Sai Menon,23079807@college.edu,IT,2,2026-04-16 16:13:15
22942,23056621,Ananya Sinha,23056621@college.edu,EEE,1,2026-04-16 16:13:15
22946,23063981,Deepak Bansal,23063981@college.edu,CSE,6,2026-04-16 16:13:15
22949,23061450,Kavya Sharma,23061450@college.edu,ECE,4,2026-04-16 16:13:15
22950,23068510,Kavya Ghosh,23068510@college.edu,IT,8,2026-04-16 16:13:15
22954,23071246,Siddharth Choudhary,23071246@college.edu,ME,5,2026-04-16 16:13:15
22956,23066392,Aman Kapoor,23066392@college.edu,ECE,5,2026-04-16 16:13:15
22963,23071149,Nikhil Iyer,23071149@college.edu,CSE,2,2026-04-16 16:13:15
22969,23060649,Yash Rao,23060649@college.edu,IT,1,2026-04-16 16:13:15
22974,23078817,Om Ghosh,23078817@college.edu,ECE,8,2026-04-16 16:13:15
22979,23056635,Vivaan Rao,23056635@college.edu,ECE,7,2026-04-16 16:13:15
22985,23064518,Arjun Iyer,23064518@college.edu,EEE,8,2026-04-16 16:13:15
22996,23072028,Nikhil Ghosh,23072028@college.edu,IT,3,2026-04-16 16:13:15
23001,23061936,Yash Gupta,23061936@college.edu,ME,2,2026-04-16 16:13:15
23003,23074652,Dev Kapoor,23074652@college.edu,CSE,2,2026-04-16 16:13:15
23011,23074551,Aditi Dubey,23074551@college.edu,CSE,8,2026-04-16 16:13:15
23012,23050916,Siddharth Joshi,23050916@college.edu,ME,7,2026-04-16 16:13:15
23022,23058647,Ritika Patel,23058647@college.edu,CSE,7,2026-04-16 16:13:15
23023,23067269,Harsh Bansal,23067269@college.edu,EEE,3,2026-04-16 16:13:15
23026,23057784,Priya Bansal,23057784@college.edu,ECE,1,2026-04-16 16:13:15
23045,23066145,Neha Das,23066145@college.edu,EEE,6,2026-04-16 16:13:15
23054,23053172,Arjun Mehta,23053172@college.edu,ME,2,2026-04-16 16:13:15
23056,23051528,Rahul Iyer,23051528@college.edu,IT,1,2026-04-16 16:13:15
23066,23062527,Harsh Nair,23062527@college.edu,EEE,5,2026-04-16 16:13:15
23067,23070365,Om Joshi,23070365@college.edu,ME,4,2026-04-16 16:13:15
23070,23051591,Aarav Menon,23051591@college.edu,ME,2,2026-04-16 16:13:15
23072,23054612,Krishna Choudhary,23054612@college.edu,CSE,1,2026-04-16 16:13:15
23078,23055383,Aditi Menon,23055383@college.edu,ME,3,2026-04-16 16:13:15
23080,23067409,Pooja Menon,23067409@college.edu,ECE,6,2026-04-16 16:13:15
23081,23053834,Ananya Pandey,23053834@college.edu,IT,8,2026-04-16 16:13:15
23086,23058002,Kunal Das,23058002@college.edu,EEE,2,2026-04-16 16:13:15
23088,23076527,Nikhil Agarwal,23076527@college.edu,EEE,8,2026-04-16 16:13:15
23093,23051937,Arjun Agarwal,23051937@college.edu,ECE,2,2026-04-16 16:13:15
23095,23065601,Manav Dubey,23065601@college.edu,EEE,6,2026-04-16 16:13:15
23097,23055622,Aditi Rao,23055622@college.edu,CSE,2,2026-04-16 16:13:15
23101,23078350,Deepak Agarwal,23078350@college.edu,EEE,7,2026-04-16 16:13:15
23106,23055743,Ritesh Patel,23055743@college.edu,EEE,6,2026-04-16 16:13:15
23109,23054596,Priya Das,23054596@college.edu,EEE,1,2026-04-16 16:13:15
23110,23051872,Neha Jain,23051872@college.edu,IT,4,2026-04-16 16:13:15
23112,23066557,Deepak Sharma,23066557@college.edu,ME,1,2026-04-16 16:13:15
23115,23065677,Yash Reddy,23065677@college.edu,CSE,4,2026-04-16 16:13:15
23122,23077158,Sai Reddy,23077158@college.edu,ME,6,2026-04-16 16:13:15
23124,23053420,Ritesh Sharma,23053420@college.edu,IT,7,2026-04-16 16:13:15
23125,23064450,Rahul Iyer,23064450@college.edu,IT,4,2026-04-16 16:13:15
23128,23051100,Varun Dubey,23051100@college.edu,CSE,7,2026-04-16 16:13:15
23132,23054952,Mohit Sharma,23054952@college.edu,ECE,3,2026-04-16 16:13:15
23134,23068035,Yash Reddy,23068035@college.edu,EEE,5,2026-04-16 16:13:15
23136,23069925,Dev Nair,23069925@college.edu,CSE,1,2026-04-16 16:13:15
23137,23060073,Pooja Rao,23060073@college.edu,CSE,3,2026-04-16 16:13:15
23142,23062758,Neha Dubey,23062758@college.edu,ECE,6,2026-04-16 16:13:15
23147,23057416,Ritesh Verma,23057416@college.edu,EEE,4,2026-04-16 16:13:15
23148,23050051,Kunal Agarwal,23050051@college.edu,ME,1,2026-04-16 16:13:15
23152,23052303,Siddharth Menon,23052303@college.edu,ME,6,2026-04-16 16:13:15
23155,23051551,Meera Nair,23051551@college.edu,EEE,7,2026-04-16 16:13:15
23157,23069624,Krishna Pandey,23069624@college.edu,EEE,7,2026-04-16 16:13:15
23161,23061996,Ritika Iyer,23061996@college.edu,ME,1,2026-04-16 16:13:15
23162,23073409,Ananya Reddy,23073409@college.edu,IT,5,2026-04-16 16:13:15
23163,23058055,Tanmay Khanna,23058055@college.edu,EEE,7,2026-04-16 16:13:15
23180,23075418,Ritika Joshi,23075418@college.edu,ECE,3,2026-04-16 16:13:15
23187,23070241,Ritesh Bansal,23070241@college.edu,EEE,3,2026-04-16 16:13:15
23193,23054989,Aditya Kapoor,23054989@college.edu,EEE,7,2026-04-16 16:13:15
23196,23065609,Vivaan Reddy,23065609@college.edu,ECE,3,2026-04-16 16:13:15
23197,23074236,Ishaan Verma,23074236@college.edu,ME,6,2026-04-16 16:13:15
23203,23069592,Diya Patel,23069592@college.edu,CSE,2,2026-04-16 16:13:15
23214,23063113,Aman Jain,23063113@college.edu,EEE,1,2026-04-16 16:13:15
23216,23059672,Kavya Agarwal,23059672@college.edu,IT,5,2026-04-16 16:13:15
23218,23076085,Tanmay Rao,23076085@college.edu,IT,6,2026-04-16 16:13:15
23219,23075433,Tanmay Joshi,23075433@college.edu,EEE,3,2026-04-16 16:13:15
23226,23064861,Vivaan Iyer,23064861@college.edu,ME,1,2026-04-16 16:13:15
23234,23066363,Om Iyer,23066363@college.edu,IT,2,2026-04-16 16:13:15
23242,23068183,Aditya Ghosh,23068183@college.edu,ECE,4,2026-04-16 16:13:15
23244,23079620,Sai Nair,23079620@college.edu,ME,3,2026-04-16 16:13:15
23247,23053206,Diya Kapoor,23053206@college.edu,CSE,4,2026-04-16 16:13:15
23251,23069945,Tanmay Mehta,23069945@college.edu,ECE,8,2026-04-16 16:13:15
23255,23070327,Nikhil Verma,23070327@college.edu,CSE,6,2026-04-16 16:13:15
23257,23073526,Dev Khanna,23073526@college.edu,CSE,4,2026-04-16 16:13:15
23267,23061075,Deepak Ghosh,23061075@college.edu,CSE,6,2026-04-16 16:13:15
23275,23050646,Pooja Sharma,23050646@college.edu,CSE,5,2026-04-16 16:13:15
23282,23050273,Ishaan Agarwal,23050273@college.edu,ECE,2,2026-04-16 16:13:15
23284,23066459,Aarav Iyer,23066459@college.edu,IT,2,2026-04-16 16:13:15
23289,23071915,Vivaan Choudhary,23071915@college.edu,CSE,2,2026-04-16 16:13:15
23291,23057800,Ishaan Joshi,23057800@college.edu,EEE,1,2026-04-16 16:13:15
23297,23071552,Yash Menon,23071552@college.edu,IT,2,2026-04-16 16:13:15
23301,23067522,Pooja Das,23067522@college.edu,ME,6,2026-04-16 16:13:15
23308,23069917,Dev Pandey,23069917@college.edu,ME,5,2026-04-16 16:13:15
23310,23070988,Aditya Dubey,23070988@college.edu,ECE,8,2026-04-16 16:13:15
23325,23061207,Aarav Reddy,23061207@college.edu,ECE,4,2026-04-16 16:13:15
23326,23075429,Om Kapoor,23075429@college.edu,EEE,7,2026-04-16 16:13:15
23330,23053494,Ritesh Kapoor,23053494@college.edu,ECE,2,2026-04-16 16:13:15
23334,23056164,Meera Agarwal,23056164@college.edu,IT,5,2026-04-16 16:13:15
23336,23064680,Sai Agarwal,23064680@college.edu,CSE,8,2026-04-16 16:13:15
23339,23066803,Dev Rao,23066803@college.edu,CSE,1,2026-04-16 16:13:15
23344,23070448,Aman Verma,23070448@college.edu,EEE,5,2026-04-16 16:13:15
23366,23059388,Arjun Das,23059388@college.edu,IT,2,2026-04-16 16:13:15
23367,23075045,Priya Agarwal,23075045@college.edu,ME,5,2026-04-16 16:13:15
23390,23064867,Sai Sharma,23064867@college.edu,EEE,2,2026-04-16 16:13:15
23392,23063361,Siddharth Bansal,23063361@college.edu,IT,5,2026-04-16 16:13:15
23395,23052973,Om Thakur,23052973@college.edu,ECE,8,2026-04-16 16:13:15
23405,23077061,Ritesh Agarwal,23077061@college.edu,ME,3,2026-04-16 16:13:15
23411,23067638,Aman Gupta,23067638@college.edu,IT,7,2026-04-16 16:13:15
23417,23054367,Ishaan Dubey,23054367@college.edu,IT,2,2026-04-16 16:13:15
23421,23054740,Priya Patel,23054740@college.edu,ME,3,2026-04-16 16:13:15
23423,23052939,Ananya Gupta,23052939@college.edu,CSE,8,2026-04-16 16:13:15
23424,23053277,Aman Mehta,23053277@college.edu,EEE,7,2026-04-16 16:13:15
23426,23064185,Sneha Dubey,23064185@college.edu,IT,1,2026-04-16 16:13:15
23427,23071872,Meera Das,23071872@college.edu,IT,1,2026-04-16 16:13:15
23428,23076128,Manav Joshi,23076128@college.edu,ME,7,2026-04-16 16:13:15
23443,23060257,Krishna Gupta,23060257@college.edu,EEE,8,2026-04-16 16:13:15
23448,23055599,Sneha Pandey,23055599@college.edu,ME,5,2026-04-16 16:13:15
23450,23072232,Ritesh Rao,23072232@college.edu,ECE,7,2026-04-16 16:13:15
23453,23065318,Dev Gupta,23065318@college.edu,CSE,3,2026-04-16 16:13:15
23454,23053787,Meera Jain,23053787@college.edu,CSE,2,2026-04-16 16:13:15
23455,23051281,Vivaan Sharma,23051281@college.edu,ECE,4,2026-04-16 16:13:15
23458,23059855,Aarav Mehta,23059855@college.edu,IT,7,2026-04-16 16:13:15
23467,23063210,Siddharth Iyer,23063210@college.edu,ME,5,2026-04-16 16:13:15
23477,23068375,Aditya Verma,23068375@college.edu,CSE,1,2026-04-16 16:13:15
23480,23075325,Manav Bansal,23075325@college.edu,IT,7,2026-04-16 16:13:15
23483,23074477,Krishna Choudhary,23074477@college.edu,CSE,5,2026-04-16 16:13:15
23489,23070896,Ishaan Menon,23070896@college.edu,CSE,4,2026-04-16 16:13:15
23491,23054702,Sneha Iyer,23054702@college.edu,ME,6,2026-04-16 16:13:15
23498,23061534,Siddharth Pandey,23061534@college.edu,CSE,4,2026-04-16 16:13:15
23504,23070259,Tanmay Joshi,23070259@college.edu,CSE,6,2026-04-16 16:13:15
23506,23077787,Diya Kapoor,23077787@college.edu,ECE,2,2026-04-16 16:13:15
23511,23058199,Vivaan Verma,23058199@college.edu,CSE,7,2026-04-16 16:13:15
23513,23067601,Aman Sharma,23067601@college.edu,IT,3,2026-04-16 16:13:15
23521,23052264,Ritesh Choudhary,23052264@college.edu,EEE,7,2026-04-16 16:13:15
23523,23079020,Harsh Menon,23079020@college.edu,EEE,1,2026-04-16 16:13:15
23524,23073652,Ritesh Rao,23073652@college.edu,CSE,2,2026-04-16 16:13:15
23530,23074737,Manav Khanna,23074737@college.edu,ECE,2,2026-04-16 16:13:15
23541,23079334,Sneha Sinha,23079334@college.edu,ECE,5,2026-04-16 16:13:15
23545,23062191,Vivaan Khanna,23062191@college.edu,IT,2,2026-04-16 16:13:15
23548,23057421,Ritika Bansal,23057421@college.edu,EEE,1,2026-04-16 16:13:15
23550,23051684,Tanmay Jain,23051684@college.edu,IT,8,2026-04-16 16:13:15
23556,23066030,Arjun Kapoor,23066030@college.edu,EEE,8,2026-04-16 16:13:15
23559,23055395,Meera Jain,23055395@college.edu,EEE,8,2026-04-16 16:13:15
23560,23077810,Arjun Nair,23077810@college.edu,ME,5,2026-04-16 16:13:15
23562,23061425,Ananya Rao,23061425@college.edu,IT,8,2026-04-16 16:13:15
23569,23057674,Kavya Ghosh,23057674@college.edu,IT,8,2026-04-16 16:13:15
23572,23052462,Mohit Mehta,23052462@college.edu,CSE,1,2026-04-16 16:13:15
23581,23052228,Aarav Mehta,23052228@college.edu,IT,8,2026-04-16 16:13:15
23590,23066681,Ishaan Jain,23066681@college.edu,CSE,1,2026-04-16 16:13:15
23592,23054699,Rohan Khanna,23054699@college.edu,EEE,1,2026-04-16 16:13:15
23596,23054934,Deepak Menon,23054934@college.edu,IT,7,2026-04-16 16:13:15
23603,23075601,Tanmay Kapoor,23075601@college.edu,CSE,2,2026-04-16 16:13:15
23605,23077588,Priya Reddy,23077588@college.edu,ME,1,2026-04-16 16:13:15
23613,23056767,Ritesh Menon,23056767@college.edu,IT,6,2026-04-16 16:13:15
23618,23052131,Harsh Ghosh,23052131@college.edu,IT,5,2026-04-16 16:13:15
23620,23078859,Harsh Menon,23078859@college.edu,EEE,5,2026-04-16 16:13:15
23622,23075291,Sneha Ghosh,23075291@college.edu,IT,3,2026-04-16 16:13:15
23627,23061044,Meera Joshi,23061044@college.edu,IT,1,2026-04-16 16:13:15
23631,23061513,Deepak Reddy,23061513@college.edu,ECE,1,2026-04-16 16:13:15
23632,23071288,Deepak Verma,23071288@college.edu,EEE,2,2026-04-16 16:13:15
23637,23061585,Sai Reddy,23061585@college.edu,ECE,4,2026-04-16 16:13:15
23639,23058506,Siddharth Sharma,23058506@college.edu,ECE,8,2026-04-16 16:13:15
23641,23054667,Vivaan Patel,23054667@college.edu,CSE,3,2026-04-16 16:13:15
23643,23059826,Om Agarwal,23059826@college.edu,CSE,4,2026-04-16 16:13:15
23650,23066055,Ananya Sharma,23066055@college.edu,CSE,8,2026-04-16 16:13:15
23652,23069707,Varun Bansal,23069707@college.edu,IT,7,2026-04-16 16:13:15
23655,23075347,Rahul Nair,23075347@college.edu,EEE,3,2026-04-16 16:13:15
23656,23057012,Pooja Khanna,23057012@college.edu,ECE,8,2026-04-16 16:13:15
23659,23056441,Aman Nair,23056441@college.edu,IT,6,2026-04-16 16:13:15
23664,23067226,Priya Rao,23067226@college.edu,IT,6,2026-04-16 16:13:15
23678,23065482,Ananya Iyer,23065482@college.edu,EEE,4,2026-04-16 16:13:15
23680,23059313,Rahul Mehta,23059313@college.edu,EEE,2,2026-04-16 16:13:15
23681,23071690,Ritesh Rao,23071690@college.edu,ME,4,2026-04-16 16:13:15
23692,23053699,Yash Jain,23053699@college.edu,ECE,1,2026-04-16 16:13:15
23697,23064440,Ritesh Jain,23064440@college.edu,EEE,6,2026-04-16 16:13:15
23707,23065100,Kavya Pandey,23065100@college.edu,EEE,1,2026-04-16 16:13:15
23708,23072527,Deepak Reddy,23072527@college.edu,EEE,7,2026-04-16 16:13:15
23729,23062114,Ritesh Verma,23062114@college.edu,EEE,2,2026-04-16 16:13:15
23735,23060542,Om Sinha,23060542@college.edu,CSE,1,2026-04-16 16:13:15
23743,23075377,Aditya Sharma,23075377@college.edu,ME,5,2026-04-16 16:13:15
23744,23065162,Tanmay Kapoor,23065162@college.edu,EEE,5,2026-04-16 16:13:15
23745,23061992,Varun Patel,23061992@college.edu,ME,5,2026-04-16 16:13:15
23750,23064651,Siddharth Ghosh,23064651@college.edu,IT,5,2026-04-16 16:13:15
23753,23055964,Aditya Sinha,23055964@college.edu,CSE,7,2026-04-16 16:13:15
23756,23059787,Aman Rao,23059787@college.edu,ME,6,2026-04-16 16:13:15
23768,23056488,Siddharth Reddy,23056488@college.edu,ECE,1,2026-04-16 16:13:15
23772,23063523,Aditya Verma,23063523@college.edu,EEE,3,2026-04-16 16:13:15
23784,23079861,Deepak Das,23079861@college.edu,EEE,3,2026-04-16 16:13:15
23788,23067760,Pooja Kapoor,23067760@college.edu,EEE,4,2026-04-16 16:13:15
23800,23061222,Krishna Thakur,23061222@college.edu,ECE,2,2026-04-16 16:13:15
23801,23064094,Siddharth Nair,23064094@college.edu,CSE,2,2026-04-16 16:13:15
23804,23070296,Varun Menon,23070296@college.edu,CSE,6,2026-04-16 16:13:15
23805,23074587,Priya Sinha,23074587@college.edu,ME,5,2026-04-16 16:13:15
23815,23055078,Manav Agarwal,23055078@college.edu,EEE,1,2026-04-16 16:13:15
23822,23064337,Pooja Iyer,23064337@college.edu,CSE,1,2026-04-16 16:13:15
23824,23062746,Ishaan Dubey,23062746@college.edu,EEE,4,2026-04-16 16:13:15
23829,23064076,Aditya Choudhary,23064076@college.edu,CSE,6,2026-04-16 16:13:15
23833,23077012,Ananya Bansal,23077012@college.edu,IT,2,2026-04-16 16:13:15
23836,23075254,Mohit Mehta,23075254@college.edu,IT,1,2026-04-16 16:13:15
23837,23057511,Ananya Choudhary,23057511@college.edu,CSE,1,2026-04-16 16:13:15
23854,23078798,Aarav Agarwal,23078798@college.edu,ME,3,2026-04-16 16:13:15
23860,23076303,Aditi Kapoor,23076303@college.edu,EEE,6,2026-04-16 16:13:15
23868,23055042,Dev Pandey,23055042@college.edu,ECE,4,2026-04-16 16:13:15
23870,23052199,Varun Gupta,23052199@college.edu,EEE,3,2026-04-16 16:13:15
23874,23071920,Kunal Jain,23071920@college.edu,ME,7,2026-04-16 16:13:15
23875,23075498,Pooja Thakur,23075498@college.edu,ME,6,2026-04-16 16:13:15
23877,23067991,Vivaan Menon,23067991@college.edu,EEE,6,2026-04-16 16:13:15
23882,23065851,Rohan Pandey,23065851@college.edu,CSE,7,2026-04-16 16:13:15
23883,23055249,Tanmay Thakur,23055249@college.edu,IT,6,2026-04-16 16:13:15
23889,23063547,Ritika Sharma,23063547@college.edu,IT,7,2026-04-16 16:13:15
23895,23069175,Vivaan Nair,23069175@college.edu,CSE,8,2026-04-16 16:13:15
23898,23053507,Kavya Choudhary,23053507@college.edu,CSE,8,2026-04-16 16:13:15
23899,23075072,Om Thakur,23075072@college.edu,CSE,2,2026-04-16 16:13:15
23903,23072057,Tanmay Sinha,23072057@college.edu,CSE,3,2026-04-16 16:13:15
23905,23076249,Deepak Das,23076249@college.edu,ME,1,2026-04-16 16:13:15
23909,23078126,Meera Nair,23078126@college.edu,ECE,6,2026-04-16 16:13:15
23910,23050168,Vivaan Ghosh,23050168@college.edu,EEE,3,2026-04-16 16:13:15
23914,23073869,Diya Agarwal,23073869@college.edu,ME,6,2026-04-16 16:13:15
23917,23060996,Kunal Sinha,23060996@college.edu,IT,2,2026-04-16 16:13:15
23926,23075917,Yash Joshi,23075917@college.edu,EEE,2,2026-04-16 16:13:15
23959,23067715,Manav Thakur,23067715@college.edu,ECE,6,2026-04-16 16:13:15
23961,23077249,Ritesh Dubey,23077249@college.edu,ME,6,2026-04-16 16:13:15
23963,23067171,Ananya Jain,23067171@college.edu,ME,7,2026-04-16 16:13:15
23966,23057922,Kunal Menon,23057922@college.edu,EEE,1,2026-04-16 16:13:15
23969,23062274,Yash Bansal,23062274@college.edu,EEE,1,2026-04-16 16:13:15
23971,23075167,Arjun Pandey,23075167@college.edu,CSE,4,2026-04-16 16:13:15
23975,23074727,Rahul Sharma,23074727@college.edu,ME,1,2026-04-16 16:13:15
23979,23052720,Siddharth Joshi,23052720@college.edu,ME,4,2026-04-16 16:13:15
23980,23062483,Ishaan Sinha,23062483@college.edu,IT,3,2026-04-16 16:13:15
23981,23078058,Nikhil Sharma,23078058@college.edu,CSE,3,2026-04-16 16:13:15
23984,23062739,Arjun Iyer,23062739@college.edu,ME,5,2026-04-16 16:13:15
23985,23059989,Kunal Joshi,23059989@college.edu,CSE,4,2026-04-16 16:13:15
23994,23070354,Aarav Rao,23070354@college.edu,EEE,5,2026-04-16 16:13:15
23995,23077678,Kavya Das,23077678@college.edu,ECE,8,2026-04-16 16:13:15
24000,23076923,Priya Jain,23076923@college.edu,CSE,4,2026-04-16 16:13:15
24003,23064312,Vivaan Iyer,23064312@college.edu,IT,6,2026-04-16 16:13:15
24004,23067125,Meera Verma,23067125@college.edu,CSE,1,2026-04-16 16:13:15
24008,23063720,Neha Jain,23063720@college.edu,IT,6,2026-04-16 16:13:15
24009,23050913,Ishaan Reddy,23050913@college.edu,ME,5,2026-04-16 16:13:15
24015,23079786,Yash Rao,23079786@college.edu,ME,6,2026-04-16 16:13:15
24016,23060758,Nikhil Pandey,23060758@college.edu,IT,4,2026-04-16 16:13:15
24018,23069883,Krishna Mehta,23069883@college.edu,CSE,5,2026-04-16 16:13:15
24022,23050885,Sneha Kapoor,23050885@college.edu,EEE,5,2026-04-16 16:13:15
24029,23054491,Aman Verma,23054491@college.edu,ECE,5,2026-04-16 16:13:15
24038,23055339,Om Choudhary,23055339@college.edu,EEE,5,2026-04-16 16:13:15
24040,23050750,Ananya Khanna,23050750@college.edu,ME,8,2026-04-16 16:13:15
24041,23079551,Sai Joshi,23079551@college.edu,ECE,3,2026-04-16 16:13:15
24047,23070251,Meera Mehta,23070251@college.edu,CSE,5,2026-04-16 16:13:15
24053,23076746,Ananya Gupta,23076746@college.edu,CSE,6,2026-04-16 16:13:15
24057,23076121,Mohit Rao,23076121@college.edu,EEE,1,2026-04-16 16:13:15
24058,23064608,Diya Joshi,23064608@college.edu,IT,1,2026-04-16 16:13:15
24075,23074441,Priya Mehta,23074441@college.edu,CSE,3,2026-04-16 16:13:15
24076,23066331,Diya Reddy,23066331@college.edu,CSE,8,2026-04-16 16:13:15
24080,23050612,Ishaan Rao,23050612@college.edu,EEE,7,2026-04-16 16:13:15
24081,23055315,Siddharth Thakur,23055315@college.edu,ECE,5,2026-04-16 16:13:15
24083,23054336,Ishaan Bansal,23054336@college.edu,ECE,7,2026-04-16 16:13:15
24089,23066447,Ritesh Nair,23066447@college.edu,CSE,8,2026-04-16 16:13:15
24099,23055814,Rohan Reddy,23055814@college.edu,ME,5,2026-04-16 16:13:15
24108,23058625,Kunal Khanna,23058625@college.edu,IT,1,2026-04-16 16:13:15
24109,23066899,Vivaan Mehta,23066899@college.edu,IT,7,2026-04-16 16:13:15
24117,23071400,Kunal Ghosh,23071400@college.edu,ME,5,2026-04-16 16:13:15
24119,23067960,Aarav Pandey,23067960@college.edu,ME,4,2026-04-16 16:13:15
24134,23062911,Harsh Thakur,23062911@college.edu,CSE,2,2026-04-16 16:13:15
24137,23062700,Tanmay Bansal,23062700@college.edu,EEE,4,2026-04-16 16:13:15
24140,23065124,Aarav Mehta,23065124@college.edu,ME,8,2026-04-16 16:13:15
24150,23069357,Rohan Joshi,23069357@college.edu,ME,5,2026-04-16 16:13:15
24152,23074732,Aditya Gupta,23074732@college.edu,IT,2,2026-04-16 16:13:15
24153,23061806,Aman Thakur,23061806@college.edu,EEE,3,2026-04-16 16:13:15
24159,23053827,Rohan Jain,23053827@college.edu,CSE,3,2026-04-16 16:13:15
24165,23064018,Ritesh Sharma,23064018@college.edu,CSE,8,2026-04-16 16:13:15
24167,23067602,Kunal Sharma,23067602@college.edu,IT,7,2026-04-16 16:13:15
24168,23063485,Dev Patel,23063485@college.edu,CSE,4,2026-04-16 16:13:15
24174,23057381,Om Khanna,23057381@college.edu,IT,6,2026-04-16 16:13:15
24188,23074415,Priya Jain,23074415@college.edu,CSE,6,2026-04-16 16:13:15
24191,23070075,Mohit Thakur,23070075@college.edu,IT,8,2026-04-16 16:13:15
24193,23062137,Nikhil Mehta,23062137@college.edu,ME,4,2026-04-16 16:13:15
24198,23056993,Aman Menon,23056993@college.edu,CSE,6,2026-04-16 16:13:15
24203,23061098,Aditya Joshi,23061098@college.edu,IT,2,2026-04-16 16:13:15
24205,23053289,Ishaan Choudhary,23053289@college.edu,EEE,1,2026-04-16 16:13:15
24207,23066296,Ishaan Khanna,23066296@college.edu,CSE,3,2026-04-16 16:13:15
24209,23077854,Nikhil Sharma,23077854@college.edu,IT,2,2026-04-16 16:13:15
24216,23059715,Krishna Verma,23059715@college.edu,CSE,7,2026-04-16 16:13:15
24217,23056792,Vivaan Bansal,23056792@college.edu,CSE,1,2026-04-16 16:13:15
24218,23074949,Deepak Khanna,23074949@college.edu,ME,5,2026-04-16 16:13:15
24222,23078652,Pooja Verma,23078652@college.edu,ME,3,2026-04-16 16:13:15
24229,23061871,Kunal Iyer,23061871@college.edu,ME,6,2026-04-16 16:13:15
24238,23062379,Vivaan Gupta,23062379@college.edu,IT,6,2026-04-16 16:13:15
24254,23079198,Nikhil Ghosh,23079198@college.edu,ECE,2,2026-04-16 16:13:15
24257,23052836,Sai Pandey,23052836@college.edu,IT,1,2026-04-16 16:13:15
24258,23064081,Neha Choudhary,23064081@college.edu,EEE,8,2026-04-16 16:13:15
24259,23070166,Varun Kapoor,23070166@college.edu,CSE,7,2026-04-16 16:13:15
24264,23063878,Ananya Jain,23063878@college.edu,CSE,1,2026-04-16 16:13:15
24268,23063733,Kunal Pandey,23063733@college.edu,EEE,7,2026-04-16 16:13:15
24269,23069453,Meera Patel,23069453@college.edu,ECE,4,2026-04-16 16:13:15
24274,23064160,Siddharth Mehta,23064160@college.edu,EEE,4,2026-04-16 16:13:15
24280,23072555,Sneha Joshi,23072555@college.edu,ME,7,2026-04-16 16:13:15
24283,23050428,Dev Sinha,23050428@college.edu,IT,2,2026-04-16 16:13:15
24289,23064476,Rohan Thakur,23064476@college.edu,ME,2,2026-04-16 16:13:15
24292,23065447,Mohit Jain,23065447@college.edu,CSE,8,2026-04-16 16:13:15
24298,23061484,Aman Gupta,23061484@college.edu,EEE,1,2026-04-16 16:13:15
24303,23052484,Rohan Jain,23052484@college.edu,IT,4,2026-04-16 16:13:15
24306,23061226,Arjun Iyer,23061226@college.edu,ECE,4,2026-04-16 16:13:15
24307,23078114,Harsh Das,23078114@college.edu,CSE,4,2026-04-16 16:13:15
24309,23076339,Om Jain,23076339@college.edu,ECE,2,2026-04-16 16:13:15
24318,23069922,Meera Das,23069922@college.edu,ME,4,2026-04-16 16:13:15
24323,23051914,Sai Menon,23051914@college.edu,EEE,8,2026-04-16 16:13:15
24328,23054019,Diya Choudhary,23054019@college.edu,ME,4,2026-04-16 16:13:15
24331,23059629,Tanmay Sharma,23059629@college.edu,ECE,4,2026-04-16 16:13:15
24332,23052845,Om Sharma,23052845@college.edu,ME,6,2026-04-16 16:13:15
24334,23062194,Sneha Mehta,23062194@college.edu,ECE,3,2026-04-16 16:13:15
24335,23060140,Siddharth Bansal,23060140@college.edu,EEE,4,2026-04-16 16:13:15
24337,23053431,Aman Nair,23053431@college.edu,EEE,7,2026-04-16 16:13:15
24342,23050599,Siddharth Nair,23050599@college.edu,ECE,4,2026-04-16 16:13:15
24344,23071239,Pooja Gupta,23071239@college.edu,EEE,8,2026-04-16 16:13:15
24345,23067665,Neha Kapoor,23067665@college.edu,IT,8,2026-04-16 16:13:15
24346,23069375,Aditya Pandey,23069375@college.edu,ECE,6,2026-04-16 16:13:15
24351,23079008,Kavya Choudhary,23079008@college.edu,ECE,7,2026-04-16 16:13:15
24352,23073095,Sai Thakur,23073095@college.edu,IT,7,2026-04-16 16:13:15
24356,23077875,Arjun Kapoor,23077875@college.edu,ECE,4,2026-04-16 16:13:15
24367,23072278,Sneha Pandey,23072278@college.edu,ECE,6,2026-04-16 16:13:15
24372,23074312,Meera Choudhary,23074312@college.edu,ME,1,2026-04-16 16:13:15
24383,23069836,Pooja Iyer,23069836@college.edu,ECE,5,2026-04-16 16:13:15
24389,23050399,Rohan Agarwal,23050399@college.edu,EEE,7,2026-04-16 16:13:15
24391,23065910,Yash Sinha,23065910@college.edu,ME,1,2026-04-16 16:13:15
24392,23054346,Meera Kapoor,23054346@college.edu,CSE,2,2026-04-16 16:13:15
24395,23068466,Meera Gupta,23068466@college.edu,ME,4,2026-04-16 16:13:15
24399,23076796,Harsh Kapoor,23076796@college.edu,CSE,8,2026-04-16 16:13:15
24400,23068809,Deepak Iyer,23068809@college.edu,IT,4,2026-04-16 16:13:15
24401,23061995,Aman Gupta,23061995@college.edu,CSE,6,2026-04-16 16:13:15
24415,23068609,Ananya Mehta,23068609@college.edu,CSE,8,2026-04-16 16:13:15
24418,23077851,Kunal Bansal,23077851@college.edu,CSE,6,2026-04-16 16:13:15
24422,23054057,Sai Gupta,23054057@college.edu,EEE,6,2026-04-16 16:13:15
24423,23056639,Nikhil Patel,23056639@college.edu,EEE,8,2026-04-16 16:13:15
24425,23069899,Siddharth Patel,23069899@college.edu,EEE,2,2026-04-16 16:13:15
24426,23077751,Om Nair,23077751@college.edu,CSE,3,2026-04-16 16:13:15
24427,23066821,Neha Gupta,23066821@college.edu,ME,5,2026-04-16 16:13:15
24434,23051971,Arjun Choudhary,23051971@college.edu,EEE,3,2026-04-16 16:13:15
24436,23067609,Deepak Nair,23067609@college.edu,ME,6,2026-04-16 16:13:15
24438,23075458,Rohan Pandey,23075458@college.edu,IT,7,2026-04-16 16:13:15
24442,23065195,Dev Ghosh,23065195@college.edu,ECE,2,2026-04-16 16:13:15
24446,23055299,Vivaan Joshi,23055299@college.edu,EEE,8,2026-04-16 16:13:15
24452,23066999,Manav Nair,23066999@college.edu,CSE,2,2026-04-16 16:13:15
24456,23052172,Sai Rao,23052172@college.edu,ECE,8,2026-04-16 16:13:15
24459,23053298,Priya Kapoor,23053298@college.edu,ME,7,2026-04-16 16:13:15
24462,23055576,Dev Thakur,23055576@college.edu,CSE,5,2026-04-16 16:13:15
24467,23054887,Rahul Menon,23054887@college.edu,CSE,7,2026-04-16 16:13:15
24474,23060772,Aditya Sinha,23060772@college.edu,EEE,3,2026-04-16 16:13:15
24490,23064599,Rohan Patel,23064599@college.edu,ME,1,2026-04-16 16:13:15
24492,23068144,Rohan Verma,23068144@college.edu,ECE,7,2026-04-16 16:13:15
24504,23073875,Aditya Pandey,23073875@college.edu,ECE,7,2026-04-16 16:13:15
24505,23075838,Yash Jain,23075838@college.edu,ECE,2,2026-04-16 16:13:15
24509,23057141,Kunal Gupta,23057141@college.edu,IT,7,2026-04-16 16:13:15
24512,23063577,Nikhil Mehta,23063577@college.edu,CSE,5,2026-04-16 16:13:15
24517,23079856,Dev Kapoor,23079856@college.edu,EEE,2,2026-04-16 16:13:15
24532,23061827,Krishna Sharma,23061827@college.edu,EEE,2,2026-04-16 16:13:15
24536,23065720,Sneha Sharma,23065720@college.edu,CSE,5,2026-04-16 16:13:15
24539,23055811,Aman Agarwal,23055811@college.edu,ECE,7,2026-04-16 16:13:15
24540,23059006,Ritika Sinha,23059006@college.edu,IT,2,2026-04-16 16:13:15
24544,23055940,Rohan Das,23055940@college.edu,CSE,5,2026-04-16 16:13:15
24546,23079290,Ritika Agarwal,23079290@college.edu,ME,1,2026-04-16 16:13:15
24549,23066800,Tanmay Menon,23066800@college.edu,EEE,1,2026-04-16 16:13:15
24553,23073481,Mohit Gupta,23073481@college.edu,ECE,6,2026-04-16 16:13:15
24564,23058313,Aditya Khanna,23058313@college.edu,IT,3,2026-04-16 16:13:15
24571,23067589,Tanmay Jain,23067589@college.edu,CSE,3,2026-04-16 16:13:15
24573,23059363,Priya Patel,23059363@college.edu,ECE,2,2026-04-16 16:13:15
24577,23056666,Nikhil Iyer,23056666@college.edu,CSE,1,2026-04-16 16:13:15
24583,23077407,Harsh Das,23077407@college.edu,ME,5,2026-04-16 16:13:15
24584,23056883,Pooja Jain,23056883@college.edu,CSE,5,2026-04-16 16:13:15
24587,23059731,Dev Rao,23059731@college.edu,IT,7,2026-04-16 16:13:15
24590,23059019,Manav Jain,23059019@college.edu,ECE,2,2026-04-16 16:13:15
24593,23059495,Pooja Rao,23059495@college.edu,CSE,2,2026-04-16 16:13:15
24595,23062842,Yash Ghosh,23062842@college.edu,ME,5,2026-04-16 16:13:15
24597,23067682,Priya Pandey,23067682@college.edu,CSE,4,2026-04-16 16:13:15
24599,23064614,Harsh Nair,23064614@college.edu,CSE,7,2026-04-16 16:13:15
24605,23070442,Arjun Bansal,23070442@college.edu,ME,7,2026-04-16 16:13:15
24609,23059235,Mohit Bansal,23059235@college.edu,ME,6,2026-04-16 16:13:15
24617,23054354,Meera Kapoor,23054354@college.edu,IT,6,2026-04-16 16:13:15
24635,23059877,Sneha Reddy,23059877@college.edu,EEE,1,2026-04-16 16:13:15
24640,23075882,Rohan Verma,23075882@college.edu,IT,6,2026-04-16 16:13:15
24651,23056757,Rohan Sinha,23056757@college.edu,EEE,2,2026-04-16 16:13:15
24662,23050260,Deepak Choudhary,23050260@college.edu,ECE,6,2026-04-16 16:13:15
24663,23060843,Aman Kapoor,23060843@college.edu,EEE,3,2026-04-16 16:13:15
24667,23065157,Priya Agarwal,23065157@college.edu,ECE,3,2026-04-16 16:13:15
24668,23053184,Ishaan Reddy,23053184@college.edu,IT,8,2026-04-16 16:13:15
24683,23050335,Rohan Choudhary,23050335@college.edu,EEE,6,2026-04-16 16:13:15
24684,23054009,Nikhil Menon,23054009@college.edu,ME,2,2026-04-16 16:13:15
24687,23066668,Om Choudhary,23066668@college.edu,ME,5,2026-04-16 16:13:15
24689,23056493,Diya Agarwal,23056493@college.edu,CSE,2,2026-04-16 16:13:15
24690,23065804,Priya Rao,23065804@college.edu,EEE,6,2026-04-16 16:13:15
24694,23056400,Om Nair,23056400@college.edu,ECE,3,2026-04-16 16:13:15
24700,23053340,Arjun Dubey,23053340@college.edu,ECE,6,2026-04-16 16:13:15
24709,23064647,Sneha Iyer,23064647@college.edu,EEE,4,2026-04-16 16:13:15
24710,23077142,Priya Bansal,23077142@college.edu,ECE,1,2026-04-16 16:13:15
24731,23073220,Harsh Choudhary,23073220@college.edu,CSE,6,2026-04-16 16:13:15
24740,23057478,Aarav Dubey,23057478@college.edu,EEE,8,2026-04-16 16:13:15
24742,23058526,Om Reddy,23058526@college.edu,EEE,8,2026-04-16 16:13:15
24750,23076522,Neha Patel,23076522@college.edu,ECE,2,2026-04-16 16:13:15
24753,23059181,Siddharth Bansal,23059181@college.edu,ECE,6,2026-04-16 16:13:15
24754,23058335,Tanmay Jain,23058335@college.edu,CSE,3,2026-04-16 16:13:15
24765,23051546,Ritesh Sinha,23051546@college.edu,CSE,1,2026-04-16 16:13:15
24767,23057644,Aarav Rao,23057644@college.edu,ME,6,2026-04-16 16:13:15
24773,23058559,Kunal Nair,23058559@college.edu,IT,4,2026-04-16 16:13:15
24780,23076471,Varun Nair,23076471@college.edu,IT,4,2026-04-16 16:13:15
24790,23071980,Ritika Kapoor,23071980@college.edu,EEE,2,2026-04-16 16:13:15
24794,23052114,Ishaan Verma,23052114@college.edu,ECE,3,2026-04-16 16:13:15
24805,23076754,Aman Khanna,23076754@college.edu,CSE,4,2026-04-16 16:13:15
24811,23074525,Deepak Patel,23074525@college.edu,EEE,1,2026-04-16 16:13:15
24826,23051477,Rohan Sharma,23051477@college.edu,EEE,7,2026-04-16 16:13:15
24827,23076077,Tanmay Nair,23076077@college.edu,ECE,8,2026-04-16 16:13:15
24830,23070637,Kavya Reddy,23070637@college.edu,EEE,2,2026-04-16 16:13:15
24832,23074094,Siddharth Gupta,23074094@college.edu,EEE,8,2026-04-16 16:13:15
24833,23052576,Neha Patel,23052576@college.edu,ME,8,2026-04-16 16:13:15
24839,23072731,Priya Ghosh,23072731@college.edu,CSE,1,2026-04-16 16:13:15
24840,23051926,Pooja Rao,23051926@college.edu,EEE,8,2026-04-16 16:13:15
24846,23059760,Aditi Choudhary,23059760@college.edu,ME,4,2026-04-16 16:13:15
24852,23060124,Dev Verma,23060124@college.edu,ME,2,2026-04-16 16:13:15
24860,23072758,Pooja Kapoor,23072758@college.edu,ECE,2,2026-04-16 16:13:15
24863,23057868,Krishna Das,23057868@college.edu,ME,6,2026-04-16 16:13:15
24871,23076804,Ishaan Pandey,23076804@college.edu,EEE,4,2026-04-16 16:13:15
24872,23067971,Varun Joshi,23067971@college.edu,EEE,2,2026-04-16 16:13:15
24881,23073082,Rahul Kapoor,23073082@college.edu,IT,3,2026-04-16 16:13:15
24884,23055266,Rohan Ghosh,23055266@college.edu,ME,3,2026-04-16 16:13:15
24887,23072339,Kavya Choudhary,23072339@college.edu,ME,6,2026-04-16 16:13:15
24888,23056902,Ishaan Jain,23056902@college.edu,ME,5,2026-04-16 16:13:15
24892,23058949,Aditya Agarwal,23058949@college.edu,IT,6,2026-04-16 16:13:15
24899,23063938,Rohan Rao,23063938@college.edu,ME,4,2026-04-16 16:13:15
24903,23068401,Vivaan Das,23068401@college.edu,IT,4,2026-04-16 16:13:15
24905,23074459,Aman Choudhary,23074459@college.edu,CSE,5,2026-04-16 16:13:15
24914,23077100,Manav Gupta,23077100@college.edu,IT,5,2026-04-16 16:13:15
24918,23059552,Sai Mehta,23059552@college.edu,EEE,4,2026-04-16 16:13:15
24920,23056719,Sneha Choudhary,23056719@college.edu,ECE,8,2026-04-16 16:13:15
24922,23077104,Nikhil Khanna,23077104@college.edu,ME,1,2026-04-16 16:13:15
24923,23069738,Aman Pandey,23069738@college.edu,EEE,3,2026-04-16 16:13:15
24925,23069538,Deepak Dubey,23069538@college.edu,EEE,3,2026-04-16 16:13:15
24927,23076283,Siddharth Choudhary,23076283@college.edu,IT,1,2026-04-16 16:13:15
24933,23055796,Dev Das,23055796@college.edu,EEE,3,2026-04-16 16:13:15
24936,23051567,Yash Choudhary,23051567@college.edu,CSE,1,2026-04-16 16:13:15
24937,23056927,Siddharth Reddy,23056927@college.edu,IT,3,2026-04-16 16:13:15
24944,23059594,Ananya Gupta,23059594@college.edu,ECE,8,2026-04-16 16:13:15
24956,23079342,Priya Mehta,23079342@college.edu,ECE,6,2026-04-16 16:13:15
24957,23066637,Rahul Gupta,23066637@college.edu,ME,3,2026-04-16 16:13:15
24962,23055585,Aditi Sharma,23055585@college.edu,ME,1,2026-04-16 16:13:15
24967,23063345,Siddharth Thakur,23063345@college.edu,CSE,3,2026-04-16 16:13:15
24968,23056672,Kunal Patel,23056672@college.edu,EEE,6,2026-04-16 16:13:15
24972,23071145,Rahul Khanna,23071145@college.edu,ME,8,2026-04-16 16:13:15
24979,23074802,Tanmay Sinha,23074802@college.edu,ME,2,2026-04-16 16:13:15
24983,23064895,Ishaan Menon,23064895@college.edu,ME,4,2026-04-16 16:13:15
24992,23056340,Harsh Choudhary,23056340@college.edu,ECE,2,2026-04-16 16:13:15
24993,23057497,Om Mehta,23057497@college.edu,CSE,4,2026-04-16 16:13:15
24994,23064743,Sai Verma,23064743@college.edu,ECE,2,2026-04-16 16:13:15
24999,23055504,Yash Agarwal,23055504@college.edu,ME,6,2026-04-16 16:13:15
25000,23068732,Kavya Patel,23068732@college.edu,EEE,7,2026-04-16 16:13:15
25005,23078084,Nikhil Patel,23078084@college.edu,EEE,5,2026-04-16 16:13:15
25008,23074756,Neha Rao,23074756@college.edu,CSE,2,2026-04-16 16:13:15
25010,23056741,Vivaan Pandey,23056741@college.edu,EEE,6,2026-04-16 16:13:15
25011,23065878,Tanmay Khanna,23065878@college.edu,EEE,5,2026-04-16 16:13:15
25013,23054582,Meera Rao,23054582@college.edu,ECE,8,2026-04-16 16:13:15
25016,23052620,Varun Sharma,23052620@college.edu,IT,7,2026-04-16 16:13:15
25017,23063594,Ritika Dubey,23063594@college.edu,IT,5,2026-04-16 16:13:15
25019,23068151,Diya Iyer,23068151@college.edu,ECE,6,2026-04-16 16:13:15
25022,23065798,Aarav Choudhary,23065798@college.edu,IT,3,2026-04-16 16:13:15
25026,23072067,Vivaan Reddy,23072067@college.edu,ECE,4,2026-04-16 16:13:15
25028,23076981,Meera Khanna,23076981@college.edu,EEE,4,2026-04-16 16:13:15
25034,23056612,Priya Iyer,23056612@college.edu,IT,6,2026-04-16 16:13:15
25035,23071899,Varun Iyer,23071899@college.edu,CSE,6,2026-04-16 16:13:15
25036,23056380,Yash Sharma,23056380@college.edu,IT,7,2026-04-16 16:13:15
25048,23067819,Manav Thakur,23067819@college.edu,ME,6,2026-04-16 16:13:15
25051,23079183,Vivaan Kapoor,23079183@college.edu,CSE,1,2026-04-16 16:13:15
25057,23056255,Yash Nair,23056255@college.edu,EEE,3,2026-04-16 16:13:15
25059,23066683,Yash Sharma,23066683@college.edu,ME,6,2026-04-16 16:13:15
25062,23055441,Ishaan Menon,23055441@college.edu,ME,5,2026-04-16 16:13:15
25064,23061404,Pooja Mehta,23061404@college.edu,EEE,1,2026-04-16 16:13:15
25067,23060046,Priya Jain,23060046@college.edu,EEE,3,2026-04-16 16:13:15
25068,23061613,Tanmay Reddy,23061613@college.edu,EEE,8,2026-04-16 16:13:15
25069,23057174,Aditya Iyer,23057174@college.edu,ME,1,2026-04-16 16:13:15
25070,23055826,Dev Sharma,23055826@college.edu,ME,2,2026-04-16 16:13:15
25072,23051058,Aarav Pandey,23051058@college.edu,ECE,3,2026-04-16 16:13:15
25077,23062464,Priya Iyer,23062464@college.edu,EEE,4,2026-04-16 16:13:15
25079,23069598,Nikhil Dubey,23069598@college.edu,ECE,1,2026-04-16 16:13:15
25096,23051490,Rohan Choudhary,23051490@college.edu,ECE,5,2026-04-16 16:13:15
25097,23079255,Arjun Gupta,23079255@college.edu,ECE,5,2026-04-16 16:13:15
25099,23051144,Krishna Gupta,23051144@college.edu,IT,6,2026-04-16 16:13:15
25109,23061890,Diya Verma,23061890@college.edu,CSE,6,2026-04-16 16:13:15
25115,23076682,Nikhil Sharma,23076682@college.edu,ME,7,2026-04-16 16:13:15
25116,23055587,Om Joshi,23055587@college.edu,ECE,7,2026-04-16 16:13:15
25117,23075139,Rohan Sharma,23075139@college.edu,ME,6,2026-04-16 16:13:15
25148,23051406,Nikhil Bansal,23051406@college.edu,ECE,8,2026-04-16 16:13:15
25155,23066694,Varun Agarwal,23066694@college.edu,ECE,3,2026-04-16 16:13:15
25157,23054872,Krishna Jain,23054872@college.edu,ME,4,2026-04-16 16:13:15
25158,23063031,Aditi Menon,23063031@college.edu,EEE,7,2026-04-16 16:13:15
25160,23058814,Sneha Kapoor,23058814@college.edu,ECE,3,2026-04-16 16:13:15
25162,23073770,Vivaan Reddy,23073770@college.edu,EEE,8,2026-04-16 16:13:15
25168,23076485,Yash Agarwal,23076485@college.edu,ME,6,2026-04-16 16:13:15
25171,23068690,Neha Das,23068690@college.edu,ECE,3,2026-04-16 16:13:15
25172,23052519,Mohit Khanna,23052519@college.edu,EEE,5,2026-04-16 16:13:15
25176,23069709,Aman Khanna,23069709@college.edu,ME,7,2026-04-16 16:13:15
25183,23067788,Tanmay Nair,23067788@college.edu,CSE,2,2026-04-16 16:13:15
25185,23054204,Harsh Patel,23054204@college.edu,CSE,7,2026-04-16 16:13:15
25187,23066132,Vivaan Bansal,23066132@college.edu,CSE,4,2026-04-16 16:13:15
25188,23074446,Aditi Choudhary,23074446@college.edu,ECE,5,2026-04-16 16:13:15
25190,23060769,Tanmay Verma,23060769@college.edu,CSE,2,2026-04-16 16:13:15
25197,23063314,Aditya Sharma,23063314@college.edu,ECE,1,2026-04-16 16:13:15
25200,23056350,Rahul Khanna,23056350@college.edu,EEE,8,2026-04-16 16:13:15
25210,23072154,Sneha Menon,23072154@college.edu,ME,4,2026-04-16 16:13:15
25215,23078658,Sneha Jain,23078658@college.edu,ECE,8,2026-04-16 16:13:15
25216,23070654,Aman Menon,23070654@college.edu,EEE,4,2026-04-16 16:13:15
25218,23068764,Kunal Sinha,23068764@college.edu,ME,4,2026-04-16 16:13:15
25227,23070694,Tanmay Thakur,23070694@college.edu,CSE,7,2026-04-16 16:13:15
25233,23070213,Arjun Jain,23070213@college.edu,IT,1,2026-04-16 16:13:15
25236,23078099,Neha Das,23078099@college.edu,CSE,7,2026-04-16 16:13:15
25239,23059137,Aman Pandey,23059137@college.edu,ECE,4,2026-04-16 16:13:15
25248,23051985,Yash Pandey,23051985@college.edu,EEE,2,2026-04-16 16:13:15
25252,23075456,Aarav Dubey,23075456@college.edu,IT,3,2026-04-16 16:13:15
25258,23051974,Kunal Menon,23051974@college.edu,ME,1,2026-04-16 16:13:15
25261,23071604,Pooja Choudhary,23071604@college.edu,IT,3,2026-04-16 16:13:15
25266,23060432,Dev Thakur,23060432@college.edu,ECE,5,2026-04-16 16:13:15
25268,23057326,Kunal Gupta,23057326@college.edu,ECE,6,2026-04-16 16:13:15
25275,23053397,Ananya Pandey,23053397@college.edu,IT,8,2026-04-16 16:13:15
25278,23058584,Dev Jain,23058584@college.edu,EEE,3,2026-04-16 16:13:15
25280,23066328,Vivaan Menon,23066328@college.edu,EEE,2,2026-04-16 16:13:15
25287,23059377,Aarav Dubey,23059377@college.edu,IT,2,2026-04-16 16:13:15
25288,23075295,Pooja Bansal,23075295@college.edu,CSE,8,2026-04-16 16:13:15
25292,23075092,Vivaan Nair,23075092@college.edu,CSE,1,2026-04-16 16:13:15
25304,23078834,Tanmay Agarwal,23078834@college.edu,ECE,1,2026-04-16 16:13:15
25314,23054181,Ananya Rao,23054181@college.edu,EEE,5,2026-04-16 16:13:15
25319,23069888,Vivaan Thakur,23069888@college.edu,IT,2,2026-04-16 16:13:15
25320,23060941,Kavya Patel,23060941@college.edu,IT,7,2026-04-16 16:13:15
25327,23068347,Harsh Verma,23068347@college.edu,EEE,1,2026-04-16 16:13:15
25331,23070921,Ishaan Choudhary,23070921@college.edu,EEE,7,2026-04-16 16:13:15
25342,23059639,Rahul Das,23059639@college.edu,ME,2,2026-04-16 16:13:15
25346,23073070,Vivaan Ghosh,23073070@college.edu,ME,8,2026-04-16 16:13:15
25353,23057019,Meera Agarwal,23057019@college.edu,ECE,2,2026-04-16 16:13:15
25358,23061694,Ritika Kapoor,23061694@college.edu,IT,5,2026-04-16 16:13:15
25360,23056676,Yash Mehta,23056676@college.edu,CSE,4,2026-04-16 16:13:15
25363,23078737,Diya Kapoor,23078737@college.edu,CSE,3,2026-04-16 16:13:15
25364,23064108,Kavya Kapoor,23064108@college.edu,EEE,7,2026-04-16 16:13:15
25367,23065416,Diya Reddy,23065416@college.edu,IT,2,2026-04-16 16:13:15
25372,23050976,Priya Agarwal,23050976@college.edu,ME,1,2026-04-16 16:13:15
25373,23071533,Kavya Thakur,23071533@college.edu,ECE,4,2026-04-16 16:13:15
25378,23061219,Ananya Thakur,23061219@college.edu,ME,3,2026-04-16 16:13:15
25383,23059003,Varun Agarwal,23059003@college.edu,EEE,6,2026-04-16 16:13:15
25389,23078390,Ananya Thakur,23078390@college.edu,ME,5,2026-04-16 16:13:15
25405,23078264,Tanmay Thakur,23078264@college.edu,ME,1,2026-04-16 16:13:15
25444,23066581,Pooja Verma,23066581@college.edu,ECE,1,2026-04-16 16:13:15
25445,23057908,Vivaan Menon,23057908@college.edu,ECE,6,2026-04-16 16:13:15
25447,23056891,Siddharth Reddy,23056891@college.edu,ECE,8,2026-04-16 16:13:15
25452,23061791,Kunal Joshi,23061791@college.edu,CSE,4,2026-04-16 16:13:15
25453,23075505,Ritesh Iyer,23075505@college.edu,ME,1,2026-04-16 16:13:15
25465,23051442,Aditya Menon,23051442@college.edu,CSE,8,2026-04-16 16:13:15
25466,23075877,Yash Khanna,23075877@college.edu,ME,2,2026-04-16 16:13:15
25470,23053079,Krishna Sinha,23053079@college.edu,ME,4,2026-04-16 16:13:15
25474,23072947,Aditi Bansal,23072947@college.edu,ME,6,2026-04-16 16:13:15
25476,23062442,Aditya Bansal,23062442@college.edu,ECE,4,2026-04-16 16:13:15
25479,23050214,Tanmay Nair,23050214@college.edu,ME,5,2026-04-16 16:13:15
25487,23077195,Aditi Verma,23077195@college.edu,IT,7,2026-04-16 16:13:15
25489,23066312,Diya Agarwal,23066312@college.edu,IT,2,2026-04-16 16:13:15
25491,23070813,Ishaan Agarwal,23070813@college.edu,ECE,5,2026-04-16 16:13:15
25501,23053536,Pooja Das,23053536@college.edu,CSE,4,2026-04-16 16:13:15
25502,23070828,Meera Das,23070828@college.edu,IT,7,2026-04-16 16:13:15
25520,23055563,Dev Rao,23055563@college.edu,CSE,6,2026-04-16 16:13:15
25526,23062255,Manav Pandey,23062255@college.edu,ME,3,2026-04-16 16:13:15
25529,23068026,Aman Dubey,23068026@college.edu,CSE,3,2026-04-16 16:13:15
25532,23055385,Ritesh Dubey,23055385@college.edu,IT,2,2026-04-16 16:13:15
25533,23067801,Aditya Thakur,23067801@college.edu,ME,4,2026-04-16 16:13:15
25536,23066732,Kavya Choudhary,23066732@college.edu,ECE,3,2026-04-16 16:13:15
25537,23071469,Aarav Sinha,23071469@college.edu,IT,1,2026-04-16 16:13:15
25538,23072979,Kunal Gupta,23072979@college.edu,ME,2,2026-04-16 16:13:15
25543,23077294,Vivaan Nair,23077294@college.edu,ME,1,2026-04-16 16:13:15
25546,23062764,Nikhil Rao,23062764@college.edu,ME,5,2026-04-16 16:13:15
25553,23075091,Harsh Reddy,23075091@college.edu,EEE,2,2026-04-16 16:13:15
25570,23067215,Yash Thakur,23067215@college.edu,ME,7,2026-04-16 16:13:15
25572,23051871,Ananya Nair,23051871@college.edu,IT,2,2026-04-16 16:13:15
25574,23060400,Rohan Patel,23060400@college.edu,ME,6,2026-04-16 16:13:15
25578,23055873,Priya Joshi,23055873@college.edu,IT,2,2026-04-16 16:13:15
25581,23079248,Ishaan Pandey,23079248@college.edu,CSE,2,2026-04-16 16:13:15
25584,23067993,Varun Dubey,23067993@college.edu,EEE,2,2026-04-16 16:13:15
25594,23071002,Aditi Sinha,23071002@college.edu,EEE,1,2026-04-16 16:13:15
25595,23054854,Siddharth Mehta,23054854@college.edu,ME,7,2026-04-16 16:13:15
25602,23068297,Deepak Verma,23068297@college.edu,ECE,4,2026-04-16 16:13:15
25605,23052779,Manav Pandey,23052779@college.edu,ME,2,2026-04-16 16:13:15
25606,23064930,Sneha Pandey,23064930@college.edu,CSE,5,2026-04-16 16:13:15
25614,23060507,Deepak Sinha,23060507@college.edu,ECE,3,2026-04-16 16:13:15
25615,23066524,Ananya Khanna,23066524@college.edu,CSE,8,2026-04-16 16:13:15
25617,23073419,Ananya Mehta,23073419@college.edu,CSE,2,2026-04-16 16:13:15
25620,23076237,Ananya Ghosh,23076237@college.edu,IT,2,2026-04-16 16:13:15
25621,23075445,Arjun Choudhary,23075445@college.edu,IT,4,2026-04-16 16:13:15
25632,23069455,Kunal Mehta,23069455@college.edu,ME,8,2026-04-16 16:13:15
25637,23053247,Varun Choudhary,23053247@college.edu,EEE,2,2026-04-16 16:13:15
25665,23075137,Varun Bansal,23075137@college.edu,IT,2,2026-04-16 16:13:15
25676,23064507,Ritika Dubey,23064507@college.edu,EEE,4,2026-04-16 16:13:15
25692,23062647,Sneha Dubey,23062647@college.edu,IT,1,2026-04-16 16:13:15
25693,23054993,Ritesh Agarwal,23054993@college.edu,IT,4,2026-04-16 16:13:15
25695,23051942,Aarav Jain,23051942@college.edu,IT,3,2026-04-16 16:13:15
25696,23070208,Om Patel,23070208@college.edu,ECE,8,2026-04-16 16:13:15
25702,23070499,Meera Das,23070499@college.edu,CSE,6,2026-04-16 16:13:15
25703,23066856,Meera Nair,23066856@college.edu,ME,4,2026-04-16 16:13:15
25706,23073421,Aarav Nair,23073421@college.edu,ME,4,2026-04-16 16:13:15
25708,23069860,Rohan Agarwal,23069860@college.edu,EEE,1,2026-04-16 16:13:15
25719,23071975,Deepak Iyer,23071975@college.edu,IT,7,2026-04-16 16:13:15
25722,23074710,Om Khanna,23074710@college.edu,ECE,8,2026-04-16 16:13:15
25728,23062974,Rohan Khanna,23062974@college.edu,EEE,8,2026-04-16 16:13:15
25731,23078927,Tanmay Choudhary,23078927@college.edu,CSE,4,2026-04-16 16:13:15
25744,23052288,Sai Gupta,23052288@college.edu,EEE,2,2026-04-16 16:13:15
25747,23072834,Ritika Kapoor,23072834@college.edu,IT,2,2026-04-16 16:13:15
25749,23069829,Krishna Agarwal,23069829@college.edu,ECE,2,2026-04-16 16:13:15
25760,23078194,Aman Bansal,23078194@college.edu,CSE,8,2026-04-16 16:13:15
25761,23068364,Deepak Sinha,23068364@college.edu,CSE,8,2026-04-16 16:13:15
25763,23060231,Pooja Rao,23060231@college.edu,IT,2,2026-04-16 16:13:15
25765,23071521,Krishna Bansal,23071521@college.edu,IT,1,2026-04-16 16:13:15
25771,23051186,Yash Menon,23051186@college.edu,CSE,8,2026-04-16 16:13:15
25773,23076585,Rohan Rao,23076585@college.edu,IT,8,2026-04-16 16:13:15
25777,23061503,Meera Pandey,23061503@college.edu,EEE,5,2026-04-16 16:13:15
25788,23071441,Yash Bansal,23071441@college.edu,EEE,7,2026-04-16 16:13:15
25789,23074764,Krishna Pandey,23074764@college.edu,CSE,1,2026-04-16 16:13:15
25791,23075998,Aditi Reddy,23075998@college.edu,CSE,2,2026-04-16 16:13:15
25796,23061590,Aarav Ghosh,23061590@college.edu,CSE,4,2026-04-16 16:13:15
25797,23070807,Dev Iyer,23070807@college.edu,EEE,6,2026-04-16 16:13:15
25804,23071683,Sai Patel,23071683@college.edu,IT,4,2026-04-16 16:13:15
25807,23072664,Dev Reddy,23072664@college.edu,CSE,3,2026-04-16 16:13:15
25821,23056546,Ishaan Menon,23056546@college.edu,ECE,1,2026-04-16 16:13:15
25822,23077864,Dev Bansal,23077864@college.edu,IT,3,2026-04-16 16:13:15
25827,23059503,Neha Kapoor,23059503@college.edu,ME,6,2026-04-16 16:13:15
25834,23069736,Kavya Das,23069736@college.edu,CSE,1,2026-04-16 16:13:15
25836,23074257,Varun Kapoor,23074257@college.edu,IT,7,2026-04-16 16:13:15
25837,23078764,Kunal Mehta,23078764@college.edu,IT,2,2026-04-16 16:13:15
25841,23053243,Kunal Sharma,23053243@college.edu,CSE,6,2026-04-16 16:13:15
25852,23060200,Krishna Verma,23060200@college.edu,CSE,1,2026-04-16 16:13:15
25854,23064943,Krishna Menon,23064943@college.edu,ME,4,2026-04-16 16:13:15
25868,23051339,Neha Jain,23051339@college.edu,CSE,8,2026-04-16 16:13:15
25871,23063067,Harsh Gupta,23063067@college.edu,EEE,1,2026-04-16 16:13:15
25875,23078437,Sai Dubey,23078437@college.edu,ECE,2,2026-04-16 16:13:15
25878,23071632,Harsh Nair,23071632@college.edu,EEE,5,2026-04-16 16:13:15
25883,23068894,Ritika Reddy,23068894@college.edu,IT,7,2026-04-16 16:13:15
25888,23069129,Dev Dubey,23069129@college.edu,CSE,3,2026-04-16 16:13:15
25892,23051749,Yash Joshi,23051749@college.edu,EEE,4,2026-04-16 16:13:15
25903,23067739,Mohit Dubey,23067739@college.edu,IT,7,2026-04-16 16:13:15
25907,23059393,Diya Kapoor,23059393@college.edu,ECE,6,2026-04-16 16:13:15
25909,23054438,Ritika Menon,23054438@college.edu,EEE,3,2026-04-16 16:13:15
25914,23051183,Deepak Menon,23051183@college.edu,IT,2,2026-04-16 16:13:15
25915,23058678,Sai Agarwal,23058678@college.edu,ECE,4,2026-04-16 16:13:15
25930,23071987,Dev Verma,23071987@college.edu,IT,7,2026-04-16 16:13:15
25935,23051539,Rohan Dubey,23051539@college.edu,ECE,2,2026-04-16 16:13:15
25937,23070309,Priya Patel,23070309@college.edu,CSE,4,2026-04-16 16:13:15
25938,23074965,Dev Nair,23074965@college.edu,IT,6,2026-04-16 16:13:15
25939,23055944,Deepak Dubey,23055944@college.edu,CSE,2,2026-04-16 16:13:15
25949,23072602,Aditya Patel,23072602@college.edu,CSE,2,2026-04-16 16:13:15
25952,23067780,Arjun Nair,23067780@college.edu,IT,3,2026-04-16 16:13:15
25954,23076110,Rahul Nair,23076110@college.edu,ECE,7,2026-04-16 16:13:15
25957,23057001,Nikhil Iyer,23057001@college.edu,IT,7,2026-04-16 16:13:15
25958,23078597,Rohan Jain,23078597@college.edu,IT,7,2026-04-16 16:13:15
25970,23076209,Kavya Sharma,23076209@college.edu,ME,3,2026-04-16 16:13:15
25971,23077968,Sai Joshi,23077968@college.edu,ME,3,2026-04-16 16:13:15
25996,23069576,Meera Patel,23069576@college.edu,ME,8,2026-04-16 16:13:15
25997,23058673,Rahul Ghosh,23058673@college.edu,ME,6,2026-04-16 16:13:15
25999,23072685,Tanmay Thakur,23072685@college.edu,ME,4,2026-04-16 16:13:15
26003,23074233,Diya Mehta,23074233@college.edu,ME,6,2026-04-16 16:13:15
26006,23065095,Diya Dubey,23065095@college.edu,IT,5,2026-04-16 16:13:15
26014,23067275,Manav Khanna,23067275@college.edu,EEE,6,2026-04-16 16:13:15
26015,23060513,Ritika Das,23060513@college.edu,CSE,1,2026-04-16 16:13:15
26023,23051450,Sneha Joshi,23051450@college.edu,ECE,5,2026-04-16 16:13:15
26025,23055418,Meera Gupta,23055418@college.edu,ME,6,2026-04-16 16:13:15
26027,23076811,Krishna Gupta,23076811@college.edu,ECE,5,2026-04-16 16:13:15
26028,23069603,Aarav Bansal,23069603@college.edu,ME,5,2026-04-16 16:13:15
26030,23071242,Priya Agarwal,23071242@college.edu,EEE,8,2026-04-16 16:13:15
26042,23052373,Vivaan Joshi,23052373@college.edu,CSE,8,2026-04-16 16:13:15
26045,23057197,Dev Choudhary,23057197@college.edu,ME,3,2026-04-16 16:13:15
26047,23075596,Neha Das,23075596@college.edu,EEE,5,2026-04-16 16:13:15
26049,23051222,Meera Menon,23051222@college.edu,ECE,4,2026-04-16 16:13:15
26050,23078082,Meera Ghosh,23078082@college.edu,ECE,7,2026-04-16 16:13:15
26051,23076290,Ritika Kapoor,23076290@college.edu,CSE,5,2026-04-16 16:13:15
26059,23060989,Vivaan Das,23060989@college.edu,CSE,3,2026-04-16 16:13:15
26072,23058984,Meera Bansal,23058984@college.edu,CSE,6,2026-04-16 16:13:15
26082,23056892,Om Dubey,23056892@college.edu,ECE,4,2026-04-16 16:13:15
26084,23054722,Mohit Joshi,23054722@college.edu,ME,3,2026-04-16 16:13:15
26086,23077575,Deepak Dubey,23077575@college.edu,IT,8,2026-04-16 16:13:15
26089,23050307,Diya Rao,23050307@college.edu,ME,2,2026-04-16 16:13:15
26103,23076243,Rahul Menon,23076243@college.edu,ECE,4,2026-04-16 16:13:15
26107,23079951,Ritika Patel,23079951@college.edu,ECE,5,2026-04-16 16:13:15
26111,23058162,Meera Nair,23058162@college.edu,ME,4,2026-04-16 16:13:15
26114,23055630,Manav Joshi,23055630@college.edu,IT,5,2026-04-16 16:13:15
26116,23072249,Meera Bansal,23072249@college.edu,ME,1,2026-04-16 16:13:15
26125,23055222,Dev Sharma,23055222@college.edu,IT,6,2026-04-16 16:13:15
26127,23060098,Priya Iyer,23060098@college.edu,IT,6,2026-04-16 16:13:15
26128,23072286,Mohit Das,23072286@college.edu,ME,7,2026-04-16 16:13:15
26131,23066505,Sai Khanna,23066505@college.edu,IT,5,2026-04-16 16:13:15
26132,23066050,Deepak Reddy,23066050@college.edu,CSE,8,2026-04-16 16:13:15
26134,23055075,Pooja Sinha,23055075@college.edu,ME,6,2026-04-16 16:13:15
26135,23078447,Diya Nair,23078447@college.edu,IT,5,2026-04-16 16:13:15
26137,23079165,Neha Sinha,23079165@college.edu,IT,4,2026-04-16 16:13:15
26145,23074981,Kunal Bansal,23074981@college.edu,IT,7,2026-04-16 16:13:15
26151,23068948,Om Khanna,23068948@college.edu,EEE,3,2026-04-16 16:13:15
26152,23064982,Yash Pandey,23064982@college.edu,ME,1,2026-04-16 16:13:15
26156,23075859,Om Joshi,23075859@college.edu,CSE,1,2026-04-16 16:13:15
26158,23071797,Neha Sharma,23071797@college.edu,ECE,6,2026-04-16 16:13:15
26167,23053454,Rahul Pandey,23053454@college.edu,EEE,6,2026-04-16 16:13:15
26178,23055784,Ritika Dubey,23055784@college.edu,EEE,5,2026-04-16 16:13:15
26180,23063957,Meera Verma,23063957@college.edu,ME,5,2026-04-16 16:13:15
26181,23076470,Ritesh Khanna,23076470@college.edu,ECE,3,2026-04-16 16:13:15
26187,23070917,Aman Gupta,23070917@college.edu,ME,6,2026-04-16 16:13:15
26196,23059320,Rahul Mehta,23059320@college.edu,IT,1,2026-04-16 16:13:15
26204,23060106,Deepak Pandey,23060106@college.edu,ECE,6,2026-04-16 16:13:15
26210,23070158,Mohit Joshi,23070158@college.edu,IT,1,2026-04-16 16:13:15
26217,23077304,Aditi Menon,23077304@college.edu,ME,5,2026-04-16 16:13:15
26234,23052625,Deepak Iyer,23052625@college.edu,EEE,7,2026-04-16 16:13:15
26235,23062671,Ishaan Rao,23062671@college.edu,ECE,1,2026-04-16 16:13:15
26240,23055032,Pooja Joshi,23055032@college.edu,ME,2,2026-04-16 16:13:15
26246,23054241,Priya Choudhary,23054241@college.edu,IT,2,2026-04-16 16:13:15
26247,23054888,Vivaan Sharma,23054888@college.edu,EEE,3,2026-04-16 16:13:15
26248,23056538,Kavya Agarwal,23056538@college.edu,IT,3,2026-04-16 16:13:15
26250,23065685,Arjun Rao,23065685@college.edu,CSE,3,2026-04-16 16:13:15
26252,23070850,Yash Dubey,23070850@college.edu,ME,2,2026-04-16 16:13:15
26254,23073011,Sneha Iyer,23073011@college.edu,ECE,4,2026-04-16 16:13:15
26266,23077253,Om Bansal,23077253@college.edu,EEE,7,2026-04-16 16:13:15
26275,23068013,Nikhil Menon,23068013@college.edu,EEE,3,2026-04-16 16:13:15
26280,23063965,Tanmay Menon,23063965@college.edu,CSE,8,2026-04-16 16:13:15
26283,23053385,Kunal Nair,23053385@college.edu,CSE,3,2026-04-16 16:13:15
26290,23065494,Mohit Khanna,23065494@college.edu,IT,6,2026-04-16 16:13:15
26294,23062037,Tanmay Rao,23062037@college.edu,IT,2,2026-04-16 16:13:15
26297,23067101,Pooja Choudhary,23067101@college.edu,CSE,5,2026-04-16 16:13:15
26301,23060379,Siddharth Gupta,23060379@college.edu,CSE,8,2026-04-16 16:13:15
26304,23069629,Dev Ghosh,23069629@college.edu,ME,7,2026-04-16 16:13:15
26312,23060998,Neha Sinha,23060998@college.edu,CSE,1,2026-04-16 16:13:15
26315,23057733,Diya Mehta,23057733@college.edu,EEE,5,2026-04-16 16:13:15
26316,23065757,Rahul Patel,23065757@college.edu,CSE,6,2026-04-16 16:13:15
26318,23064639,Tanmay Bansal,23064639@college.edu,ECE,8,2026-04-16 16:13:15
26319,23070769,Kavya Verma,23070769@college.edu,CSE,2,2026-04-16 16:13:15
26323,23063334,Aditya Menon,23063334@college.edu,ECE,4,2026-04-16 16:13:15
26332,23075493,Aditi Sinha,23075493@college.edu,ECE,1,2026-04-16 16:13:15
26334,23054985,Manav Khanna,23054985@college.edu,ECE,6,2026-04-16 16:13:15
26335,23062468,Varun Bansal,23062468@college.edu,ME,6,2026-04-16 16:13:15
26347,23076509,Rohan Jain,23076509@college.edu,IT,5,2026-04-16 16:13:15
26350,23058346,Mohit Rao,23058346@college.edu,CSE,2,2026-04-16 16:13:15
26358,23059178,Ananya Das,23059178@college.edu,ME,7,2026-04-16 16:13:15
26361,23067260,Rahul Reddy,23067260@college.edu,ECE,6,2026-04-16 16:13:15
26366,23050933,Vivaan Dubey,23050933@college.edu,ECE,2,2026-04-16 16:13:15
26367,23053045,Aditya Choudhary,23053045@college.edu,EEE,1,2026-04-16 16:13:15
26372,23075634,Aarav Ghosh,23075634@college.edu,EEE,7,2026-04-16 16:13:15
26375,23075502,Rahul Kapoor,23075502@college.edu,ME,6,2026-04-16 16:13:15
26377,23066854,Sai Ghosh,23066854@college.edu,EEE,3,2026-04-16 16:13:15
26379,23050923,Neha Das,23050923@college.edu,CSE,4,2026-04-16 16:13:15
26381,23058836,Om Rao,23058836@college.edu,IT,2,2026-04-16 16:13:15
26383,23068424,Dev Verma,23068424@college.edu,CSE,7,2026-04-16 16:13:15
26388,23078529,Manav Choudhary,23078529@college.edu,EEE,7,2026-04-16 16:13:15
26389,23071088,Yash Patel,23071088@college.edu,ECE,7,2026-04-16 16:13:15
26392,23076242,Ritika Gupta,23076242@college.edu,ME,2,2026-04-16 16:13:15
26396,23065407,Aditi Jain,23065407@college.edu,CSE,1,2026-04-16 16:13:15
26398,23071066,Rohan Agarwal,23071066@college.edu,EEE,8,2026-04-16 16:13:15
26400,23067529,Aditi Joshi,23067529@college.edu,ECE,6,2026-04-16 16:13:15
26421,23054339,Vivaan Ghosh,23054339@college.edu,ME,4,2026-04-16 16:13:15
26425,23061415,Diya Gupta,23061415@college.edu,EEE,6,2026-04-16 16:13:15
26427,23070185,Kunal Das,23070185@college.edu,EEE,2,2026-04-16 16:13:15
26436,23065902,Yash Verma,23065902@college.edu,EEE,5,2026-04-16 16:13:15
26441,23062322,Ritika Joshi,23062322@college.edu,CSE,4,2026-04-16 16:13:15
26442,23063100,Ananya Dubey,23063100@college.edu,ECE,8,2026-04-16 16:13:15
26443,23056216,Ritika Patel,23056216@college.edu,IT,6,2026-04-16 16:13:15
26445,23061430,Aditi Dubey,23061430@college.edu,ME,6,2026-04-16 16:13:15
26448,23072775,Arjun Sharma,23072775@college.edu,ECE,4,2026-04-16 16:13:15
26450,23056093,Dev Kapoor,23056093@college.edu,ME,3,2026-04-16 16:13:15
26475,23066760,Rahul Bansal,23066760@college.edu,ECE,1,2026-04-16 16:13:15
26480,23053617,Yash Bansal,23053617@college.edu,IT,7,2026-04-16 16:13:15
26484,23058019,Neha Sharma,23058019@college.edu,ECE,1,2026-04-16 16:13:15
26486,23052470,Siddharth Agarwal,23052470@college.edu,ME,3,2026-04-16 16:13:15
26487,23071677,Om Gupta,23071677@college.edu,EEE,6,2026-04-16 16:13:15
26488,23057062,Krishna Rao,23057062@college.edu,IT,8,2026-04-16 16:13:15
26493,23074349,Aditi Verma,23074349@college.edu,ME,3,2026-04-16 16:13:15
26510,23067251,Nikhil Reddy,23067251@college.edu,EEE,2,2026-04-16 16:13:15
26511,23056864,Nikhil Mehta,23056864@college.edu,IT,2,2026-04-16 16:13:15
26513,23058026,Nikhil Dubey,23058026@college.edu,EEE,4,2026-04-16 16:13:15
26520,23074358,Siddharth Jain,23074358@college.edu,CSE,2,2026-04-16 16:13:15
26521,23059371,Neha Sharma,23059371@college.edu,EEE,6,2026-04-16 16:13:15
26527,23050100,Siddharth Joshi,23050100@college.edu,IT,3,2026-04-16 16:13:15
26544,23078518,Nikhil Khanna,23078518@college.edu,CSE,2,2026-04-16 16:13:15
26545,23067936,Dev Choudhary,23067936@college.edu,EEE,8,2026-04-16 16:13:15
26546,23065390,Ishaan Khanna,23065390@college.edu,EEE,5,2026-04-16 16:13:15
26556,23062715,Varun Agarwal,23062715@college.edu,ME,6,2026-04-16 16:13:15
26561,23071129,Nikhil Agarwal,23071129@college.edu,ME,8,2026-04-16 16:13:15
26572,23055095,Harsh Reddy,23055095@college.edu,EEE,6,2026-04-16 16:13:15
26576,23054380,Ananya Iyer,23054380@college.edu,IT,8,2026-04-16 16:13:15
26579,23059741,Neha Thakur,23059741@college.edu,ME,6,2026-04-16 16:13:15
26580,23057224,Priya Das,23057224@college.edu,IT,8,2026-04-16 16:13:15
26598,23064603,Dev Nair,23064603@college.edu,ME,1,2026-04-16 16:13:15
26599,23053759,Pooja Pandey,23053759@college.edu,CSE,4,2026-04-16 16:13:15
26600,23068534,Kunal Gupta,23068534@college.edu,EEE,8,2026-04-16 16:13:15
26605,23062595,Yash Agarwal,23062595@college.edu,CSE,6,2026-04-16 16:13:15
26612,23053142,Meera Bansal,23053142@college.edu,ECE,3,2026-04-16 16:13:15
26617,23075132,Arjun Ghosh,23075132@college.edu,ME,4,2026-04-16 16:13:15
26619,23051461,Kunal Gupta,23051461@college.edu,ECE,7,2026-04-16 16:13:15
26625,23057507,Manav Khanna,23057507@college.edu,CSE,8,2026-04-16 16:13:15
26630,23065412,Sai Iyer,23065412@college.edu,ECE,1,2026-04-16 16:13:15
26631,23051219,Pooja Agarwal,23051219@college.edu,ECE,6,2026-04-16 16:13:15
26640,23058138,Nikhil Kapoor,23058138@college.edu,CSE,5,2026-04-16 16:13:15
26649,23052408,Kunal Khanna,23052408@college.edu,ECE,4,2026-04-16 16:13:15
26657,23065938,Sai Menon,23065938@college.edu,IT,6,2026-04-16 16:13:15
26664,23066069,Om Dubey,23066069@college.edu,IT,7,2026-04-16 16:13:15
26669,23056643,Aditya Rao,23056643@college.edu,ME,7,2026-04-16 16:13:15
26680,23079100,Sai Sinha,23079100@college.edu,ECE,3,2026-04-16 16:13:15
26689,23059186,Ritesh Nair,23059186@college.edu,ECE,5,2026-04-16 16:13:15
26692,23052138,Priya Mehta,23052138@college.edu,CSE,3,2026-04-16 16:13:15
26694,23079032,Dev Rao,23079032@college.edu,ECE,3,2026-04-16 16:13:15
26709,23055883,Rahul Agarwal,23055883@college.edu,EEE,7,2026-04-16 16:13:15
26715,23059697,Ritika Dubey,23059697@college.edu,ECE,7,2026-04-16 16:13:15
26720,23056239,Sneha Kapoor,23056239@college.edu,ME,2,2026-04-16 16:13:15
26730,23074099,Nikhil Joshi,23074099@college.edu,ME,5,2026-04-16 16:13:15
26732,23062994,Diya Sharma,23062994@college.edu,IT,5,2026-04-16 16:13:15
26738,23053685,Kunal Rao,23053685@college.edu,ME,5,2026-04-16 16:13:15
26739,23072666,Nikhil Gupta,23072666@college.edu,ECE,2,2026-04-16 16:13:15
26740,23067418,Rahul Rao,23067418@college.edu,CSE,6,2026-04-16 16:13:15
26745,23075781,Manav Thakur,23075781@college.edu,CSE,1,2026-04-16 16:13:15
26750,23075790,Sneha Sinha,23075790@college.edu,EEE,1,2026-04-16 16:13:15
26754,23058853,Om Sinha,23058853@college.edu,ECE,1,2026-04-16 16:13:15
26755,23052906,Krishna Jain,23052906@college.edu,EEE,5,2026-04-16 16:13:15
26762,23064690,Aman Thakur,23064690@college.edu,IT,8,2026-04-16 16:13:15
26767,23060639,Kavya Ghosh,23060639@college.edu,ECE,8,2026-04-16 16:13:15
26770,23060291,Varun Joshi,23060291@college.edu,ECE,4,2026-04-16 16:13:15
26773,23072113,Om Das,23072113@college.edu,IT,5,2026-04-16 16:13:15
26778,23055283,Om Khanna,23055283@college.edu,ECE,2,2026-04-16 16:13:15
26786,23079518,Rohan Rao,23079518@college.edu,CSE,4,2026-04-16 16:13:15
26791,23078223,Aarav Gupta,23078223@college.edu,EEE,1,2026-04-16 16:13:15
26804,23071179,Kavya Choudhary,23071179@college.edu,ECE,4,2026-04-16 16:13:15
26805,23059265,Aarav Khanna,23059265@college.edu,IT,5,2026-04-16 16:13:15
26807,23079810,Pooja Khanna,23079810@college.edu,CSE,2,2026-04-16 16:13:15
26819,23074875,Diya Thakur,23074875@college.edu,ECE,7,2026-04-16 16:13:15
26821,23063065,Aarav Thakur,23063065@college.edu,ME,7,2026-04-16 16:13:15
26824,23079234,Om Mehta,23079234@college.edu,CSE,4,2026-04-16 16:13:15
26830,23051562,Harsh Joshi,23051562@college.edu,ECE,4,2026-04-16 16:13:15
26842,23052658,Priya Rao,23052658@college.edu,EEE,3,2026-04-16 16:13:15
26845,23074149,Nikhil Jain,23074149@college.edu,ECE,2,2026-04-16 16:13:15
26853,23062860,Aarav Patel,23062860@college.edu,CSE,8,2026-04-16 16:13:15
26856,23064567,Rahul Pandey,23064567@college.edu,ECE,7,2026-04-16 16:13:15
26869,23058341,Meera Kapoor,23058341@college.edu,IT,4,2026-04-16 16:13:15
26870,23061786,Mohit Sinha,23061786@college.edu,IT,6,2026-04-16 16:13:15
26872,23055875,Arjun Verma,23055875@college.edu,ECE,1,2026-04-16 16:13:15
26873,23079809,Harsh Khanna,23079809@college.edu,EEE,5,2026-04-16 16:13:15
26875,23073514,Sneha Agarwal,23073514@college.edu,ME,3,2026-04-16 16:13:15
26877,23068824,Manav Rao,23068824@college.edu,EEE,3,2026-04-16 16:13:15
26880,23074295,Deepak Bansal,23074295@college.edu,CSE,2,2026-04-16 16:13:15
26881,23054084,Harsh Sinha,23054084@college.edu,ME,3,2026-04-16 16:13:15
26884,23061322,Ishaan Agarwal,23061322@college.edu,EEE,8,2026-04-16 16:13:15
26887,23057905,Ishaan Mehta,23057905@college.edu,IT,2,2026-04-16 16:13:15
26897,23053480,Aarav Dubey,23053480@college.edu,EEE,3,2026-04-16 16:13:15
26903,23076757,Yash Dubey,23076757@college.edu,CSE,4,2026-04-16 16:13:15
26904,23077255,Rohan Khanna,23077255@college.edu,ECE,5,2026-04-16 16:13:15
26916,23059888,Sai Reddy,23059888@college.edu,EEE,7,2026-04-16 16:13:15
26918,23065442,Nikhil Menon,23065442@college.edu,EEE,5,2026-04-16 16:13:15
26926,23066284,Diya Kapoor,23066284@college.edu,ME,4,2026-04-16 16:13:15
26935,23057732,Nikhil Choudhary,23057732@college.edu,ME,8,2026-04-16 16:13:15
26937,23054496,Ritesh Agarwal,23054496@college.edu,IT,6,2026-04-16 16:13:15
26941,23064286,Ananya Reddy,23064286@college.edu,EEE,6,2026-04-16 16:13:15
26942,23054683,Dev Dubey,23054683@college.edu,ECE,3,2026-04-16 16:13:15
26944,23070876,Ritika Verma,23070876@college.edu,EEE,5,2026-04-16 16:13:15
26958,23076079,Ritika Jain,23076079@college.edu,EEE,3,2026-04-16 16:13:15
26961,23056581,Varun Khanna,23056581@college.edu,EEE,8,2026-04-16 16:13:15
26963,23076866,Deepak Rao,23076866@college.edu,ME,1,2026-04-16 16:13:15
26971,23059976,Rohan Nair,23059976@college.edu,EEE,4,2026-04-16 16:13:15
26973,23059770,Tanmay Reddy,23059770@college.edu,ECE,8,2026-04-16 16:13:15
26978,23064281,Neha Pandey,23064281@college.edu,IT,2,2026-04-16 16:13:15
26980,23058591,Aditi Verma,23058591@college.edu,CSE,2,2026-04-16 16:13:15
26988,23067457,Priya Sharma,23067457@college.edu,EEE,6,2026-04-16 16:13:15
26989,23057591,Aarav Mehta,23057591@college.edu,ME,6,2026-04-16 16:13:15
26991,23072640,Deepak Nair,23072640@college.edu,ME,1,2026-04-16 16:13:15
26992,23062016,Ananya Joshi,23062016@college.edu,CSE,7,2026-04-16 16:13:15
26997,23052640,Ishaan Reddy,23052640@college.edu,CSE,7,2026-04-16 16:13:15
27004,23058846,Aditya Bansal,23058846@college.edu,ME,8,2026-04-16 16:13:15
27007,23051807,Harsh Khanna,23051807@college.edu,CSE,6,2026-04-16 16:13:15
27013,23052813,Kunal Dubey,23052813@college.edu,ECE,3,2026-04-16 16:13:15
27014,23077982,Sai Bansal,23077982@college.edu,ECE,3,2026-04-16 16:13:15
27019,23053898,Aman Ghosh,23053898@college.edu,ECE,6,2026-04-16 16:13:15
27020,23077173,Kunal Menon,23077173@college.edu,EEE,8,2026-04-16 16:13:15
27021,23065712,Pooja Menon,23065712@college.edu,ECE,6,2026-04-16 16:13:15
27022,23063801,Siddharth Dubey,23063801@college.edu,EEE,6,2026-04-16 16:13:15
27036,23064863,Siddharth Nair,23064863@college.edu,EEE,6,2026-04-16 16:13:15
27040,23063142,Ishaan Pandey,23063142@college.edu,EEE,2,2026-04-16 16:13:15
27045,23050973,Pooja Jain,23050973@college.edu,EEE,2,2026-04-16 16:13:15
27048,23076517,Priya Das,23076517@college.edu,IT,3,2026-04-16 16:13:15
27055,23078239,Tanmay Thakur,23078239@college.edu,ME,4,2026-04-16 16:13:15
27057,23076677,Dev Pandey,23076677@college.edu,CSE,1,2026-04-16 16:13:15
27060,23079629,Ishaan Sharma,23079629@college.edu,EEE,5,2026-04-16 16:13:15
27065,23071744,Kunal Jain,23071744@college.edu,ECE,2,2026-04-16 16:13:15
27068,23075924,Rohan Nair,23075924@college.edu,CSE,8,2026-04-16 16:13:15
27073,23055797,Kunal Iyer,23055797@college.edu,ECE,7,2026-04-16 16:13:15
27074,23078067,Vivaan Sinha,23078067@college.edu,ECE,8,2026-04-16 16:13:15
27082,23071427,Kavya Mehta,23071427@college.edu,IT,3,2026-04-16 16:13:15
27093,23065563,Yash Reddy,23065563@college.edu,IT,8,2026-04-16 16:13:15
27094,23062386,Varun Menon,23062386@college.edu,ME,6,2026-04-16 16:13:15
27097,23055735,Neha Verma,23055735@college.edu,ECE,7,2026-04-16 16:13:15
27105,23077909,Sneha Bansal,23077909@college.edu,CSE,7,2026-04-16 16:13:15
27115,23068492,Rohan Menon,23068492@college.edu,EEE,1,2026-04-16 16:13:15
27126,23074109,Neha Sharma,23074109@college.edu,IT,4,2026-04-16 16:13:15
27127,23077768,Deepak Menon,23077768@college.edu,ME,8,2026-04-16 16:13:15
27129,23079310,Priya Khanna,23079310@college.edu,ECE,1,2026-04-16 16:13:15
27130,23071313,Aarav Patel,23071313@college.edu,ME,3,2026-04-16 16:13:15
27136,23052451,Rohan Sinha,23052451@college.edu,EEE,8,2026-04-16 16:13:15
27146,23075499,Aditya Nair,23075499@college.edu,ME,2,2026-04-16 16:13:15
27147,23072181,Meera Rao,23072181@college.edu,ECE,5,2026-04-16 16:13:15
27151,23061795,Arjun Agarwal,23061795@college.edu,EEE,1,2026-04-16 16:13:15
27153,23079666,Krishna Rao,23079666@college.edu,CSE,3,2026-04-16 16:13:15
27160,23060973,Ritika Gupta,23060973@college.edu,IT,6,2026-04-16 16:13:15
27171,23071559,Ritika Jain,23071559@college.edu,ME,8,2026-04-16 16:13:15
27177,23050769,Sneha Nair,23050769@college.edu,CSE,3,2026-04-16 16:13:15
27178,23051274,Om Gupta,23051274@college.edu,IT,7,2026-04-16 16:13:15
27182,23078371,Harsh Mehta,23078371@college.edu,CSE,8,2026-04-16 16:13:15
27184,23070656,Arjun Joshi,23070656@college.edu,ME,3,2026-04-16 16:13:15
27185,23063715,Varun Mehta,23063715@college.edu,ECE,7,2026-04-16 16:13:15
27186,23058016,Yash Das,23058016@college.edu,CSE,6,2026-04-16 16:13:15
27192,23051833,Aman Nair,23051833@college.edu,CSE,7,2026-04-16 16:13:15
27205,23079414,Kunal Agarwal,23079414@college.edu,CSE,8,2026-04-16 16:13:15
27209,23079845,Deepak Agarwal,23079845@college.edu,EEE,2,2026-04-16 16:13:15
27217,23073442,Yash Rao,23073442@college.edu,IT,4,2026-04-16 16:13:15
27218,23051425,Sai Ghosh,23051425@college.edu,IT,2,2026-04-16 16:13:15
27234,23065611,Meera Reddy,23065611@college.edu,ME,1,2026-04-16 16:13:15
27235,23076018,Kunal Das,23076018@college.edu,CSE,5,2026-04-16 16:13:15
27244,23073260,Rahul Ghosh,23073260@college.edu,IT,7,2026-04-16 16:13:15
27247,23067534,Diya Gupta,23067534@college.edu,ME,6,2026-04-16 16:13:15
27254,23067153,Varun Menon,23067153@college.edu,ME,1,2026-04-16 16:13:15
27263,23065966,Sai Iyer,23065966@college.edu,ECE,6,2026-04-16 16:13:15
27270,23074928,Tanmay Khanna,23074928@college.edu,IT,1,2026-04-16 16:13:15
27271,23055822,Aditya Das,23055822@college.edu,ECE,1,2026-04-16 16:13:15
27275,23077735,Priya Sharma,23077735@college.edu,IT,5,2026-04-16 16:13:15
27276,23071568,Rahul Sinha,23071568@college.edu,ECE,7,2026-04-16 16:13:15
27285,23062443,Nikhil Mehta,23062443@college.edu,ME,3,2026-04-16 16:13:15
27288,23057880,Dev Sharma,23057880@college.edu,EEE,5,2026-04-16 16:13:15
27304,23050423,Pooja Patel,23050423@college.edu,ME,3,2026-04-16 16:13:15
27306,23068915,Arjun Verma,23068915@college.edu,CSE,5,2026-04-16 16:13:15
27314,23076100,Siddharth Sharma,23076100@college.edu,ECE,1,2026-04-16 16:13:15
27317,23064362,Krishna Patel,23064362@college.edu,ME,4,2026-04-16 16:13:15
27321,23064925,Dev Menon,23064925@college.edu,EEE,3,2026-04-16 16:13:15
27323,23061709,Dev Thakur,23061709@college.edu,ECE,2,2026-04-16 16:13:15
27324,23055138,Meera Jain,23055138@college.edu,ECE,5,2026-04-16 16:13:15
27325,23078968,Pooja Reddy,23078968@college.edu,CSE,8,2026-04-16 16:13:15
27331,23055525,Kavya Agarwal,23055525@college.edu,CSE,4,2026-04-16 16:13:15
27334,23069832,Ritesh Ghosh,23069832@college.edu,ME,6,2026-04-16 16:13:15
27338,23052714,Meera Joshi,23052714@college.edu,IT,4,2026-04-16 16:13:15
27342,23069745,Ritika Menon,23069745@college.edu,IT,4,2026-04-16 16:13:15
27350,23054095,Siddharth Sharma,23054095@college.edu,IT,2,2026-04-16 16:13:15
27355,23057853,Om Iyer,23057853@college.edu,IT,8,2026-04-16 16:13:15
27361,23067762,Aditya Reddy,23067762@college.edu,CSE,1,2026-04-16 16:13:15
27364,23067901,Sai Ghosh,23067901@college.edu,IT,8,2026-04-16 16:13:15
27368,23056649,Vivaan Thakur,23056649@college.edu,EEE,7,2026-04-16 16:13:15
27370,23076138,Mohit Jain,23076138@college.edu,ECE,8,2026-04-16 16:13:15
27374,23054728,Siddharth Joshi,23054728@college.edu,ECE,1,2026-04-16 16:13:15
27379,23053462,Ritesh Nair,23053462@college.edu,IT,2,2026-04-16 16:13:15
27380,23071663,Arjun Kapoor,23071663@college.edu,ECE,6,2026-04-16 16:13:15
27381,23075149,Nikhil Agarwal,23075149@college.edu,ME,6,2026-04-16 16:13:15
27382,23078279,Aditya Thakur,23078279@college.edu,EEE,4,2026-04-16 16:13:15
27390,23052843,Ishaan Ghosh,23052843@college.edu,IT,8,2026-04-16 16:13:15
27393,23077665,Mohit Das,23077665@college.edu,ECE,2,2026-04-16 16:13:15
27395,23054589,Ritika Kapoor,23054589@college.edu,CSE,5,2026-04-16 16:13:15
27396,23057148,Rahul Verma,23057148@college.edu,ME,6,2026-04-16 16:13:15
27400,23075972,Vivaan Nair,23075972@college.edu,ECE,6,2026-04-16 16:13:15
27411,23063378,Yash Bansal,23063378@college.edu,EEE,3,2026-04-16 16:13:15
27415,23055498,Meera Patel,23055498@college.edu,IT,8,2026-04-16 16:13:15
27418,23078190,Rohan Dubey,23078190@college.edu,CSE,1,2026-04-16 16:13:15
27419,23058461,Aditya Jain,23058461@college.edu,EEE,1,2026-04-16 16:13:15
27432,23068454,Krishna Rao,23068454@college.edu,ME,3,2026-04-16 16:13:15
27435,23071576,Aarav Nair,23071576@college.edu,IT,5,2026-04-16 16:13:15
27437,23063542,Varun Jain,23063542@college.edu,ME,3,2026-04-16 16:13:15
27439,23069711,Ananya Jain,23069711@college.edu,ECE,5,2026-04-16 16:13:15
27449,23062973,Yash Kapoor,23062973@college.edu,IT,8,2026-04-16 16:13:15
27452,23061837,Deepak Ghosh,23061837@college.edu,EEE,3,2026-04-16 16:13:15
27461,23061115,Rahul Reddy,23061115@college.edu,ECE,7,2026-04-16 16:13:15
27480,23052841,Ritesh Rao,23052841@college.edu,ME,8,2026-04-16 16:13:15
27488,23072441,Ananya Menon,23072441@college.edu,EEE,1,2026-04-16 16:13:15
27492,23064217,Rohan Choudhary,23064217@college.edu,CSE,7,2026-04-16 16:13:15
27493,23069649,Tanmay Khanna,23069649@college.edu,ECE,8,2026-04-16 16:13:15
27495,23077890,Arjun Choudhary,23077890@college.edu,ECE,4,2026-04-16 16:13:15
27502,23060052,Mohit Mehta,23060052@college.edu,IT,4,2026-04-16 16:13:15
27507,23063572,Rohan Das,23063572@college.edu,ECE,2,2026-04-16 16:13:15
27519,23063942,Pooja Rao,23063942@college.edu,ECE,3,2026-04-16 16:13:15
27525,23075511,Meera Menon,23075511@college.edu,EEE,3,2026-04-16 16:13:15
27534,23071770,Tanmay Agarwal,23071770@college.edu,CSE,6,2026-04-16 16:13:15
27553,23061081,Harsh Joshi,23061081@college.edu,EEE,4,2026-04-16 16:13:15
27556,23051419,Kunal Verma,23051419@college.edu,IT,2,2026-04-16 16:13:15
27559,23057295,Ishaan Kapoor,23057295@college.edu,ME,7,2026-04-16 16:13:15
27562,23053656,Kunal Agarwal,23053656@college.edu,ECE,6,2026-04-16 16:13:15
27575,23059411,Om Joshi,23059411@college.edu,IT,7,2026-04-16 16:13:15
27576,23055123,Ananya Verma,23055123@college.edu,ME,7,2026-04-16 16:13:15
27577,23075738,Vivaan Khanna,23075738@college.edu,ME,2,2026-04-16 16:13:15
27580,23066097,Krishna Choudhary,23066097@college.edu,ME,8,2026-04-16 16:13:15
27582,23074400,Aarav Khanna,23074400@college.edu,ME,4,2026-04-16 16:13:15
27585,23063839,Ananya Bansal,23063839@college.edu,CSE,6,2026-04-16 16:13:15
27597,23054008,Deepak Agarwal,23054008@college.edu,ME,2,2026-04-16 16:13:15
27599,23053139,Ishaan Joshi,23053139@college.edu,EEE,4,2026-04-16 16:13:15
27607,23052554,Nikhil Mehta,23052554@college.edu,IT,8,2026-04-16 16:13:15
27617,23072387,Harsh Jain,23072387@college.edu,ME,3,2026-04-16 16:13:15
27618,23073333,Tanmay Menon,23073333@college.edu,IT,1,2026-04-16 16:13:15
27620,23068420,Arjun Dubey,23068420@college.edu,EEE,3,2026-04-16 16:13:15
27622,23061259,Om Verma,23061259@college.edu,ECE,5,2026-04-16 16:13:15
27624,23062940,Neha Choudhary,23062940@college.edu,EEE,7,2026-04-16 16:13:15
27625,23051287,Om Sharma,23051287@college.edu,IT,2,2026-04-16 16:13:15
27629,23077561,Ritika Iyer,23077561@college.edu,EEE,6,2026-04-16 16:13:15
27634,23060597,Manav Reddy,23060597@college.edu,IT,3,2026-04-16 16:13:15
27639,23058419,Harsh Patel,23058419@college.edu,IT,8,2026-04-16 16:13:15
27641,23055977,Meera Sharma,23055977@college.edu,EEE,7,2026-04-16 16:13:15
27643,23078725,Om Pandey,23078725@college.edu,IT,8,2026-04-16 16:13:15
27653,23064735,Meera Thakur,23064735@college.edu,ECE,8,2026-04-16 16:13:15
27665,23066484,Siddharth Jain,23066484@college.edu,CSE,6,2026-04-16 16:13:15
27669,23072888,Varun Menon,23072888@college.edu,EEE,5,2026-04-16 16:13:15
27674,23050549,Diya Mehta,23050549@college.edu,ME,7,2026-04-16 16:13:15
27675,23059496,Mohit Mehta,23059496@college.edu,ECE,8,2026-04-16 16:13:15
27679,23060477,Tanmay Pandey,23060477@college.edu,IT,4,2026-04-16 16:13:15
27682,23057901,Ananya Khanna,23057901@college.edu,EEE,1,2026-04-16 16:13:15
27689,23070558,Ritika Patel,23070558@college.edu,EEE,5,2026-04-16 16:13:15
27695,23067949,Kunal Das,23067949@college.edu,CSE,6,2026-04-16 16:13:15
27702,23054711,Dev Choudhary,23054711@college.edu,IT,5,2026-04-16 16:13:15
27704,23051368,Deepak Dubey,23051368@college.edu,IT,7,2026-04-16 16:13:15
27709,23050049,Om Dubey,23050049@college.edu,ECE,7,2026-04-16 16:13:15
27710,23072081,Varun Menon,23072081@college.edu,CSE,8,2026-04-16 16:13:15
27714,23069352,Tanmay Bansal,23069352@college.edu,IT,8,2026-04-16 16:13:15
27717,23057410,Meera Rao,23057410@college.edu,EEE,7,2026-04-16 16:13:15
27729,23057572,Manav Choudhary,23057572@college.edu,CSE,1,2026-04-16 16:13:15
27737,23074204,Diya Menon,23074204@college.edu,ECE,2,2026-04-16 16:13:15
27743,23068828,Sai Ghosh,23068828@college.edu,CSE,6,2026-04-16 16:13:15
27746,23079197,Sneha Khanna,23079197@college.edu,EEE,8,2026-04-16 16:13:15
27759,23059063,Varun Iyer,23059063@college.edu,IT,3,2026-04-16 16:13:15
27773,23069242,Aditya Patel,23069242@college.edu,EEE,8,2026-04-16 16:13:15
27774,23074590,Rohan Gupta,23074590@college.edu,CSE,6,2026-04-16 16:13:15
27781,23064966,Manav Thakur,23064966@college.edu,ECE,5,2026-04-16 16:13:15
27784,23055107,Krishna Gupta,23055107@college.edu,CSE,4,2026-04-16 16:13:15
27794,23056463,Krishna Nair,23056463@college.edu,ME,4,2026-04-16 16:13:15
27799,23076727,Meera Agarwal,23076727@college.edu,ME,8,2026-04-16 16:13:15
27803,23060408,Varun Bansal,23060408@college.edu,ME,4,2026-04-16 16:13:15
27804,23068611,Siddharth Nair,23068611@college.edu,EEE,7,2026-04-16 16:13:15
27805,23060357,Ananya Agarwal,23060357@college.edu,EEE,4,2026-04-16 16:13:15
27811,23075355,Kunal Reddy,23075355@college.edu,ME,3,2026-04-16 16:13:15
27816,23051783,Pooja Bansal,23051783@college.edu,EEE,6,2026-04-16 16:13:15
27819,23069387,Manav Menon,23069387@college.edu,ECE,3,2026-04-16 16:13:15
27820,23052684,Manav Bansal,23052684@college.edu,ME,6,2026-04-16 16:13:15
27822,23079954,Deepak Nair,23079954@college.edu,CSE,2,2026-04-16 16:13:15
27826,23079114,Om Nair,23079114@college.edu,IT,7,2026-04-16 16:13:15
27827,23053995,Priya Iyer,23053995@college.edu,ME,3,2026-04-16 16:13:15
27831,23076060,Harsh Joshi,23076060@college.edu,CSE,3,2026-04-16 16:13:15
27836,23074176,Meera Das,23074176@college.edu,CSE,1,2026-04-16 16:13:15
27853,23062425,Yash Ghosh,23062425@college.edu,CSE,7,2026-04-16 16:13:15
27871,23055942,Aditi Verma,23055942@college.edu,ME,3,2026-04-16 16:13:15
27876,23057837,Sneha Gupta,23057837@college.edu,ECE,3,2026-04-16 16:13:15
27877,23060536,Sai Bansal,23060536@college.edu,ME,7,2026-04-16 16:13:15
27888,23078412,Deepak Menon,23078412@college.edu,ME,6,2026-04-16 16:13:15
27899,23059606,Kunal Reddy,23059606@college.edu,ME,8,2026-04-16 16:13:15
27916,23069003,Nikhil Menon,23069003@college.edu,ME,6,2026-04-16 16:13:15
27922,23050441,Krishna Verma,23050441@college.edu,IT,7,2026-04-16 16:13:15
27926,23052368,Tanmay Pandey,23052368@college.edu,CSE,2,2026-04-16 16:13:15
27932,23068258,Ananya Patel,23068258@college.edu,ME,2,2026-04-16 16:13:15
27934,23072884,Om Thakur,23072884@college.edu,IT,7,2026-04-16 16:13:15
27945,23065297,Meera Agarwal,23065297@college.edu,ECE,8,2026-04-16 16:13:15
27948,23079041,Sai Verma,23079041@college.edu,ME,1,2026-04-16 16:13:15
27958,23076893,Neha Sinha,23076893@college.edu,CSE,4,2026-04-16 16:13:15
27961,23052909,Yash Khanna,23052909@college.edu,ECE,1,2026-04-16 16:13:15
27971,23074423,Arjun Gupta,23074423@college.edu,IT,4,2026-04-16 16:13:15
27975,23077286,Pooja Rao,23077286@college.edu,CSE,3,2026-04-16 16:13:15
27976,23074329,Krishna Reddy,23074329@college.edu,ME,5,2026-04-16 16:13:15
27977,23076177,Kunal Joshi,23076177@college.edu,EEE,1,2026-04-16 16:13:15
27981,23063209,Tanmay Sharma,23063209@college.edu,CSE,1,2026-04-16 16:13:15
27988,23058501,Varun Verma,23058501@college.edu,EEE,4,2026-04-16 16:13:15
27990,23058263,Pooja Thakur,23058263@college.edu,CSE,5,2026-04-16 16:13:15
27991,23068317,Deepak Ghosh,23068317@college.edu,ME,5,2026-04-16 16:13:15
28006,23077469,Mohit Kapoor,23077469@college.edu,ME,3,2026-04-16 16:13:15
28014,23064500,Siddharth Khanna,23064500@college.edu,IT,4,2026-04-16 16:13:15
28015,23076178,Kavya Ghosh,23076178@college.edu,ME,6,2026-04-16 16:13:15
28022,23073136,Aman Ghosh,23073136@college.edu,ME,8,2026-04-16 16:13:15
28023,23071384,Ritesh Mehta,23071384@college.edu,IT,6,2026-04-16 16:13:15
28030,23068266,Aarav Rao,23068266@college.edu,EEE,8,2026-04-16 16:13:15
28031,23056344,Vivaan Agarwal,23056344@college.edu,ECE,6,2026-04-16 16:13:15
28032,23076457,Sneha Reddy,23076457@college.edu,ME,5,2026-04-16 16:13:15
28037,23073903,Aditya Agarwal,23073903@college.edu,ME,1,2026-04-16 16:13:15
28043,23062992,Krishna Jain,23062992@college.edu,CSE,5,2026-04-16 16:13:15
28044,23065730,Dev Jain,23065730@college.edu,CSE,7,2026-04-16 16:13:15
28046,23073275,Aditya Patel,23073275@college.edu,ME,4,2026-04-16 16:13:15
28049,23063587,Kavya Jain,23063587@college.edu,ECE,4,2026-04-16 16:13:15
28056,23068095,Pooja Ghosh,23068095@college.edu,ME,5,2026-04-16 16:13:15
28057,23079605,Rohan Khanna,23079605@college.edu,ME,8,2026-04-16 16:13:15
28070,23067701,Rohan Dubey,23067701@college.edu,IT,5,2026-04-16 16:13:15
28079,23078631,Ananya Khanna,23078631@college.edu,EEE,4,2026-04-16 16:13:15
28082,23062450,Mohit Verma,23062450@college.edu,EEE,4,2026-04-16 16:13:15
28085,23059572,Kunal Menon,23059572@college.edu,EEE,5,2026-04-16 16:13:15
28092,23070959,Ritika Bansal,23070959@college.edu,EEE,4,2026-04-16 16:13:15
28099,23065279,Sneha Ghosh,23065279@college.edu,IT,3,2026-04-16 16:13:15
28111,23064308,Yash Choudhary,23064308@college.edu,EEE,7,2026-04-16 16:13:15
28118,23053953,Ishaan Verma,23053953@college.edu,ME,4,2026-04-16 16:13:15
28124,23069382,Aditi Jain,23069382@college.edu,EEE,2,2026-04-16 16:13:15
28126,23064297,Neha Rao,23064297@college.edu,EEE,3,2026-04-16 16:13:15
28130,23067107,Dev Bansal,23067107@college.edu,IT,1,2026-04-16 16:13:15
28143,23072073,Vivaan Dubey,23072073@college.edu,EEE,5,2026-04-16 16:13:15
28156,23073340,Ananya Thakur,23073340@college.edu,ME,6,2026-04-16 16:13:15
28157,23056813,Kavya Das,23056813@college.edu,ME,4,2026-04-16 16:13:15
28158,23068984,Manav Dubey,23068984@college.edu,ME,3,2026-04-16 16:13:15
28164,23050681,Deepak Nair,23050681@college.edu,ECE,4,2026-04-16 16:13:15
28167,23054764,Rahul Patel,23054764@college.edu,IT,5,2026-04-16 16:13:15
28168,23052471,Om Dubey,23052471@college.edu,IT,5,2026-04-16 16:13:15
28173,23057096,Tanmay Mehta,23057096@college.edu,IT,6,2026-04-16 16:13:15
28201,23069237,Priya Khanna,23069237@college.edu,EEE,1,2026-04-16 16:13:15
28208,23077280,Aditya Jain,23077280@college.edu,IT,8,2026-04-16 16:13:15
28216,23067164,Diya Kapoor,23067164@college.edu,ME,5,2026-04-16 16:13:15
28218,23069787,Dev Das,23069787@college.edu,EEE,4,2026-04-16 16:13:15
28222,23056212,Aditya Verma,23056212@college.edu,IT,1,2026-04-16 16:13:15
28227,23053252,Vivaan Reddy,23053252@college.edu,ME,6,2026-04-16 16:13:15
28239,23069672,Sai Jain,23069672@college.edu,IT,4,2026-04-16 16:13:15
28245,23059253,Pooja Reddy,23059253@college.edu,IT,4,2026-04-16 16:13:15
28248,23074267,Om Iyer,23074267@college.edu,ECE,3,2026-04-16 16:13:15
28260,23050989,Yash Reddy,23050989@college.edu,CSE,6,2026-04-16 16:13:15
28266,23063091,Priya Bansal,23063091@college.edu,IT,2,2026-04-16 16:13:15
28267,23064069,Rohan Patel,23064069@college.edu,IT,3,2026-04-16 16:13:15
28276,23073001,Neha Agarwal,23073001@college.edu,EEE,3,2026-04-16 16:13:15
28291,23057400,Dev Gupta,23057400@college.edu,CSE,3,2026-04-16 16:13:15
28307,23077653,Sai Menon,23077653@college.edu,EEE,3,2026-04-16 16:13:15
28309,23076892,Rohan Khanna,23076892@college.edu,IT,7,2026-04-16 16:13:15
28314,23075889,Krishna Pandey,23075889@college.edu,ME,1,2026-04-16 16:13:15
28319,23075227,Harsh Agarwal,23075227@college.edu,ECE,2,2026-04-16 16:13:15
28329,23056448,Ritesh Joshi,23056448@college.edu,ECE,8,2026-04-16 16:13:15
28336,23056512,Meera Bansal,23056512@college.edu,IT,7,2026-04-16 16:13:15
28338,23054531,Neha Ghosh,23054531@college.edu,ME,1,2026-04-16 16:13:15
28340,23078561,Ananya Sharma,23078561@college.edu,EEE,4,2026-04-16 16:13:15
28341,23058691,Yash Mehta,23058691@college.edu,EEE,2,2026-04-16 16:13:15
28342,23051293,Pooja Joshi,23051293@college.edu,EEE,7,2026-04-16 16:13:15
28351,23050595,Neha Das,23050595@college.edu,ME,4,2026-04-16 16:13:15
28352,23070491,Arjun Dubey,23070491@college.edu,ME,7,2026-04-16 16:13:15
28358,23051318,Ananya Kapoor,23051318@college.edu,ECE,8,2026-04-16 16:13:15
28361,23065671,Manav Ghosh,23065671@college.edu,IT,2,2026-04-16 16:13:15
28362,23064805,Yash Iyer,23064805@college.edu,IT,2,2026-04-16 16:13:15
28363,23068323,Dev Ghosh,23068323@college.edu,ME,7,2026-04-16 16:13:15
28369,23072106,Neha Joshi,23072106@college.edu,ECE,1,2026-04-16 16:13:15
28381,23064100,Aditi Ghosh,23064100@college.edu,ECE,7,2026-04-16 16:13:15
28391,23066434,Neha Bansal,23066434@college.edu,EEE,2,2026-04-16 16:13:15
28393,23063912,Sneha Iyer,23063912@college.edu,IT,1,2026-04-16 16:13:15
28394,23065058,Yash Rao,23065058@college.edu,CSE,1,2026-04-16 16:13:15
28399,23078003,Diya Bansal,23078003@college.edu,ME,3,2026-04-16 16:13:15
28400,23053705,Aditya Ghosh,23053705@college.edu,IT,1,2026-04-16 16:13:15
28403,23058070,Nikhil Nair,23058070@college.edu,ECE,1,2026-04-16 16:13:15
28415,23072281,Dev Ghosh,23072281@college.edu,EEE,6,2026-04-16 16:13:15
28420,23078396,Nikhil Menon,23078396@college.edu,ECE,7,2026-04-16 16:13:15
28426,23068969,Meera Verma,23068969@college.edu,CSE,4,2026-04-16 16:13:15
28428,23071707,Kunal Thakur,23071707@college.edu,IT,5,2026-04-16 16:13:15
28433,23057556,Mohit Iyer,23057556@college.edu,IT,1,2026-04-16 16:13:15
28435,23066514,Rohan Joshi,23066514@college.edu,IT,4,2026-04-16 16:13:15
28438,23061721,Dev Nair,23061721@college.edu,ME,8,2026-04-16 16:13:15
28439,23077878,Manav Rao,23077878@college.edu,ME,5,2026-04-16 16:13:15
28440,23055727,Harsh Kapoor,23055727@college.edu,ECE,5,2026-04-16 16:13:15
28442,23076787,Dev Choudhary,23076787@college.edu,ECE,1,2026-04-16 16:13:15
28449,23071879,Aarav Thakur,23071879@college.edu,ECE,2,2026-04-16 16:13:15
28452,23051890,Neha Verma,23051890@college.edu,ME,6,2026-04-16 16:13:15
28453,23050414,Aditi Jain,23050414@college.edu,ECE,1,2026-04-16 16:13:15
28464,23066512,Rahul Reddy,23066512@college.edu,EEE,6,2026-04-16 16:13:15
28471,23078148,Siddharth Dubey,23078148@college.edu,ME,8,2026-04-16 16:13:15
28473,23067202,Krishna Pandey,23067202@college.edu,EEE,6,2026-04-16 16:13:15
28477,23051234,Ishaan Jain,23051234@college.edu,EEE,7,2026-04-16 16:13:15
28478,23074835,Ananya Rao,23074835@college.edu,IT,1,2026-04-16 16:13:15
28487,23050025,Harsh Khanna,23050025@college.edu,EEE,1,2026-04-16 16:13:15
28492,23067119,Ritika Das,23067119@college.edu,ME,4,2026-04-16 16:13:15
28500,23072288,Kunal Nair,23072288@college.edu,CSE,4,2026-04-16 16:13:15
28502,23057083,Aditi Verma,23057083@college.edu,IT,7,2026-04-16 16:13:15
28507,23059114,Pooja Patel,23059114@college.edu,EEE,8,2026-04-16 16:13:15
28509,23050028,Varun Iyer,23050028@college.edu,IT,8,2026-04-16 16:13:15
28515,23077390,Kunal Kapoor,23077390@college.edu,ME,8,2026-04-16 16:13:15
28516,23070057,Rohan Das,23070057@college.edu,IT,6,2026-04-16 16:13:15
28523,23063773,Manav Sharma,23063773@college.edu,IT,7,2026-04-16 16:13:15
28530,23052225,Kunal Bansal,23052225@college.edu,ME,4,2026-04-16 16:13:15
28535,23050032,Manav Agarwal,23050032@college.edu,ECE,6,2026-04-16 16:13:15
28538,23072052,Om Sinha,23072052@college.edu,CSE,5,2026-04-16 16:13:15
28549,23066875,Siddharth Kapoor,23066875@college.edu,IT,8,2026-04-16 16:13:15
28556,23073424,Pooja Khanna,23073424@college.edu,ME,6,2026-04-16 16:13:15
28557,23058067,Siddharth Bansal,23058067@college.edu,IT,7,2026-04-16 16:13:15
28562,23052693,Om Bansal,23052693@college.edu,IT,6,2026-04-16 16:13:15
28564,23077202,Vivaan Verma,23077202@college.edu,ECE,3,2026-04-16 16:13:15
28566,23073026,Ishaan Verma,23073026@college.edu,CSE,8,2026-04-16 16:13:15
28571,23054914,Aditi Patel,23054914@college.edu,ECE,2,2026-04-16 16:13:15
28579,23078783,Dev Thakur,23078783@college.edu,ECE,2,2026-04-16 16:13:15
28582,23077019,Krishna Verma,23077019@college.edu,ME,6,2026-04-16 16:13:15
28586,23054014,Deepak Joshi,23054014@college.edu,ME,7,2026-04-16 16:13:15
28591,23056653,Aman Ghosh,23056653@college.edu,IT,4,2026-04-16 16:13:15
28594,23076455,Ritika Bansal,23076455@college.edu,ME,8,2026-04-16 16:13:15
28601,23059867,Krishna Pandey,23059867@college.edu,EEE,1,2026-04-16 16:13:15
28607,23058890,Rahul Choudhary,23058890@college.edu,ME,4,2026-04-16 16:13:15
28615,23064330,Meera Sinha,23064330@college.edu,ME,7,2026-04-16 16:13:15
28621,23073377,Om Das,23073377@college.edu,ECE,3,2026-04-16 16:13:15
28625,23072444,Diya Joshi,23072444@college.edu,CSE,8,2026-04-16 16:13:15
28633,23051371,Krishna Das,23051371@college.edu,IT,2,2026-04-16 16:13:15
28642,23073454,Ritesh Nair,23073454@college.edu,ME,2,2026-04-16 16:13:15
28644,23057537,Ananya Choudhary,23057537@college.edu,CSE,7,2026-04-16 16:13:15
28649,23062561,Rohan Thakur,23062561@college.edu,IT,1,2026-04-16 16:13:15
28650,23057973,Arjun Iyer,23057973@college.edu,ECE,8,2026-04-16 16:13:15
28653,23067864,Krishna Verma,23067864@college.edu,IT,6,2026-04-16 16:13:15
28654,23073768,Tanmay Verma,23073768@college.edu,EEE,2,2026-04-16 16:13:15
28661,23060361,Harsh Gupta,23060361@college.edu,EEE,6,2026-04-16 16:13:15
28663,23057582,Diya Nair,23057582@college.edu,EEE,7,2026-04-16 16:13:15
28674,23073161,Sai Reddy,23073161@college.edu,IT,4,2026-04-16 16:13:15
28675,23071659,Krishna Mehta,23071659@college.edu,EEE,6,2026-04-16 16:13:15
28684,23053842,Meera Jain,23053842@college.edu,IT,7,2026-04-16 16:13:15
28691,23075763,Kunal Bansal,23075763@college.edu,ME,5,2026-04-16 16:13:15
28693,23070390,Kavya Agarwal,23070390@college.edu,ECE,1,2026-04-16 16:13:15
28701,23077199,Pooja Das,23077199@college.edu,ME,2,2026-04-16 16:13:15
28710,23074571,Arjun Patel,23074571@college.edu,EEE,8,2026-04-16 16:13:15
28723,23076626,Rohan Iyer,23076626@college.edu,IT,1,2026-04-16 16:13:15
28729,23053882,Ishaan Nair,23053882@college.edu,ME,3,2026-04-16 16:13:15
28738,23064373,Aman Kapoor,23064373@college.edu,ME,8,2026-04-16 16:13:15
28739,23071265,Pooja Mehta,23071265@college.edu,ECE,7,2026-04-16 16:13:15
28740,23074845,Diya Thakur,23074845@college.edu,IT,3,2026-04-16 16:13:15
28744,23073716,Rahul Choudhary,23073716@college.edu,ME,2,2026-04-16 16:13:15
28749,23077876,Priya Dubey,23077876@college.edu,CSE,4,2026-04-16 16:13:15
28757,23050946,Mohit Menon,23050946@college.edu,EEE,3,2026-04-16 16:13:15
28759,23064001,Aditi Verma,23064001@college.edu,EEE,4,2026-04-16 16:13:15
28773,23068586,Manav Nair,23068586@college.edu,EEE,5,2026-04-16 16:13:15
28774,23075584,Manav Thakur,23075584@college.edu,EEE,1,2026-04-16 16:13:15
28786,23065787,Nikhil Sharma,23065787@college.edu,EEE,3,2026-04-16 16:13:15
28787,23059908,Dev Menon,23059908@college.edu,EEE,7,2026-04-16 16:13:15
28792,23063173,Sai Iyer,23063173@college.edu,IT,8,2026-04-16 16:13:15
28799,23077272,Nikhil Das,23077272@college.edu,ECE,8,2026-04-16 16:13:15
28801,23056237,Rahul Joshi,23056237@college.edu,IT,8,2026-04-16 16:13:15
28805,23068219,Rohan Menon,23068219@college.edu,ME,3,2026-04-16 16:13:15
28809,23071080,Manav Nair,23071080@college.edu,IT,8,2026-04-16 16:13:15
28813,23060171,Rahul Verma,23060171@college.edu,ME,2,2026-04-16 16:13:15
28816,23068149,Ritika Ghosh,23068149@college.edu,ME,8,2026-04-16 16:13:15
28833,23058992,Siddharth Kapoor,23058992@college.edu,IT,6,2026-04-16 16:13:15
28834,23064973,Sai Pandey,23064973@college.edu,EEE,1,2026-04-16 16:13:15
28835,23075687,Yash Verma,23075687@college.edu,EEE,7,2026-04-16 16:13:15
28842,23074412,Aman Sharma,23074412@college.edu,ECE,1,2026-04-16 16:13:15
28844,23064333,Varun Iyer,23064333@college.edu,ME,7,2026-04-16 16:13:15
28846,23057353,Yash Patel,23057353@college.edu,CSE,7,2026-04-16 16:13:15
28848,23069410,Diya Ghosh,23069410@college.edu,EEE,7,2026-04-16 16:13:15
28852,23054433,Sneha Sinha,23054433@college.edu,CSE,6,2026-04-16 16:13:15
28853,23076860,Ishaan Sharma,23076860@college.edu,CSE,5,2026-04-16 16:13:15
28856,23054579,Tanmay Ghosh,23054579@college.edu,IT,4,2026-04-16 16:13:15
28857,23054264,Varun Ghosh,23054264@college.edu,ECE,5,2026-04-16 16:13:15
28865,23061833,Priya Dubey,23061833@college.edu,IT,6,2026-04-16 16:13:15
28875,23065241,Aditi Sinha,23065241@college.edu,IT,8,2026-04-16 16:13:15
28884,23077817,Om Ghosh,23077817@college.edu,ME,6,2026-04-16 16:13:15
28887,23052879,Kunal Khanna,23052879@college.edu,ME,1,2026-04-16 16:13:15
28889,23068196,Rahul Gupta,23068196@college.edu,CSE,6,2026-04-16 16:13:15
28897,23075284,Nikhil Rao,23075284@college.edu,IT,2,2026-04-16 16:13:15
28904,23068882,Harsh Kapoor,23068882@college.edu,CSE,4,2026-04-16 16:13:15
28912,23057445,Manav Pandey,23057445@college.edu,EEE,2,2026-04-16 16:13:15
28913,23056136,Manav Kapoor,23056136@college.edu,EEE,6,2026-04-16 16:13:15
28915,23053570,Nikhil Patel,23053570@college.edu,CSE,5,2026-04-16 16:13:15
28918,23065474,Kavya Rao,23065474@college.edu,ECE,6,2026-04-16 16:13:15
28919,23063649,Aditya Kapoor,23063649@college.edu,IT,1,2026-04-16 16:13:15
28921,23064433,Vivaan Sinha,23064433@college.edu,IT,6,2026-04-16 16:13:15
28922,23060165,Rohan Reddy,23060165@college.edu,EEE,3,2026-04-16 16:13:15
28931,23055248,Tanmay Khanna,23055248@college.edu,ECE,5,2026-04-16 16:13:15
28947,23069049,Kavya Jain,23069049@college.edu,ECE,8,2026-04-16 16:13:15
28952,23052053,Ritesh Kapoor,23052053@college.edu,IT,4,2026-04-16 16:13:15
28953,23058656,Kavya Verma,23058656@college.edu,ECE,2,2026-04-16 16:13:15
28957,23066943,Ananya Khanna,23066943@college.edu,EEE,1,2026-04-16 16:13:15
28959,23050348,Dev Verma,23050348@college.edu,EEE,5,2026-04-16 16:13:15
28966,23074128,Aarav Khanna,23074128@college.edu,EEE,8,2026-04-16 16:13:15
28972,23069315,Kunal Pandey,23069315@college.edu,ECE,7,2026-04-16 16:13:15
28973,23060026,Diya Khanna,23060026@college.edu,IT,2,2026-04-16 16:13:15
28986,23068037,Yash Nair,23068037@college.edu,IT,4,2026-04-16 16:13:15
28993,23079649,Tanmay Agarwal,23079649@college.edu,ECE,1,2026-04-16 16:13:15
28995,23072492,Pooja Menon,23072492@college.edu,EEE,6,2026-04-16 16:13:15
29000,23056272,Kavya Jain,23056272@college.edu,CSE,4,2026-04-16 16:13:15
29001,23076147,Arjun Mehta,23076147@college.edu,ME,2,2026-04-16 16:13:15
29006,23065147,Pooja Gupta,23065147@college.edu,CSE,1,2026-04-16 16:13:15
29010,23064230,Kavya Choudhary,23064230@college.edu,EEE,4,2026-04-16 16:13:15
29017,23052498,Krishna Ghosh,23052498@college.edu,CSE,7,2026-04-16 16:13:15
29019,23073221,Tanmay Dubey,23073221@college.edu,CSE,6,2026-04-16 16:13:15
29021,23077067,Neha Gupta,23077067@college.edu,ECE,1,2026-04-16 16:13:15
29030,23065821,Kunal Reddy,23065821@college.edu,EEE,7,2026-04-16 16:13:15
29051,23066046,Krishna Menon,23066046@college.edu,CSE,3,2026-04-16 16:13:15
29058,23061872,Aarav Menon,23061872@college.edu,ECE,7,2026-04-16 16:13:15
29059,23068580,Sai Agarwal,23068580@college.edu,IT,2,2026-04-16 16:13:15
29068,23057964,Aditi Verma,23057964@college.edu,ECE,5,2026-04-16 16:13:15
29070,23054526,Ritesh Thakur,23054526@college.edu,ME,8,2026-04-16 16:13:15
29072,23052249,Mohit Rao,23052249@college.edu,CSE,1,2026-04-16 16:13:15
29080,23057611,Priya Kapoor,23057611@college.edu,ECE,7,2026-04-16 16:13:15
29090,23076637,Aman Mehta,23076637@college.edu,ME,8,2026-04-16 16:13:15
29094,23061390,Pooja Nair,23061390@college.edu,EEE,7,2026-04-16 16:13:15
29099,23050361,Aditi Verma,23050361@college.edu,EEE,4,2026-04-16 16:13:15
29101,23051068,Aarav Nair,23051068@college.edu,CSE,7,2026-04-16 16:13:15
29106,23065332,Ritesh Jain,23065332@college.edu,ME,2,2026-04-16 16:13:15
29113,23055583,Meera Bansal,23055583@college.edu,ME,5,2026-04-16 16:13:15
29115,23056460,Sneha Kapoor,23056460@college.edu,CSE,2,2026-04-16 16:13:15
29116,23054171,Mohit Mehta,23054171@college.edu,IT,1,2026-04-16 16:13:15
29122,23064703,Siddharth Verma,23064703@college.edu,IT,3,2026-04-16 16:13:15
29126,23066148,Ananya Dubey,23066148@college.edu,ECE,7,2026-04-16 16:13:15
29129,23072696,Siddharth Bansal,23072696@college.edu,IT,6,2026-04-16 16:13:15
29132,23073506,Sai Rao,23073506@college.edu,ME,8,2026-04-16 16:13:15
29133,23078860,Aarav Khanna,23078860@college.edu,EEE,8,2026-04-16 16:13:15
29138,23058882,Diya Jain,23058882@college.edu,IT,8,2026-04-16 16:13:15
29144,23070878,Rohan Verma,23070878@college.edu,EEE,6,2026-04-16 16:13:15
29148,23060824,Aditi Pandey,23060824@college.edu,CSE,5,2026-04-16 16:13:15
29149,23070570,Varun Kapoor,23070570@college.edu,ME,2,2026-04-16 16:13:15
29151,23064590,Rohan Choudhary,23064590@college.edu,IT,4,2026-04-16 16:13:15
29156,23078140,Pooja Thakur,23078140@college.edu,CSE,5,2026-04-16 16:13:15
29160,23055047,Priya Bansal,23055047@college.edu,ME,4,2026-04-16 16:13:15
29166,23077501,Arjun Agarwal,23077501@college.edu,CSE,7,2026-04-16 16:13:15
29167,23071078,Siddharth Sharma,23071078@college.edu,IT,4,2026-04-16 16:13:15
29170,23052186,Sneha Rao,23052186@college.edu,EEE,7,2026-04-16 16:13:15
29221,23065983,Kavya Nair,23065983@college.edu,CSE,1,2026-04-16 16:13:15
29235,23069179,Ritika Jain,23069179@college.edu,ECE,8,2026-04-16 16:13:15
29242,23074863,Yash Rao,23074863@college.edu,CSE,4,2026-04-16 16:13:15
29245,23075032,Rahul Thakur,23075032@college.edu,CSE,1,2026-04-16 16:13:15
29247,23057447,Siddharth Patel,23057447@college.edu,CSE,4,2026-04-16 16:13:15
29258,23076385,Aditi Iyer,23076385@college.edu,ME,6,2026-04-16 16:13:15
29262,23065413,Sai Das,23065413@college.edu,CSE,2,2026-04-16 16:13:15
29264,23050459,Rahul Menon,23050459@college.edu,ECE,2,2026-04-16 16:13:15
29265,23059502,Krishna Rao,23059502@college.edu,ECE,5,2026-04-16 16:13:15
29283,23055034,Ritika Pandey,23055034@college.edu,ME,7,2026-04-16 16:13:15
29284,23055512,Nikhil Rao,23055512@college.edu,ME,6,2026-04-16 16:13:15
29288,23063387,Neha Sharma,23063387@college.edu,ME,8,2026-04-16 16:13:15
29291,23058277,Rohan Iyer,23058277@college.edu,EEE,4,2026-04-16 16:13:15
29300,23064124,Ananya Gupta,23064124@college.edu,IT,7,2026-04-16 16:13:15
29301,23069342,Arjun Agarwal,23069342@college.edu,ECE,5,2026-04-16 16:13:15
29307,23060552,Deepak Mehta,23060552@college.edu,CSE,5,2026-04-16 16:13:15
29312,23058207,Priya Gupta,23058207@college.edu,IT,3,2026-04-16 16:13:15
29322,23070777,Pooja Mehta,23070777@college.edu,ECE,5,2026-04-16 16:13:15
29327,23070872,Arjun Das,23070872@college.edu,ECE,2,2026-04-16 16:13:15
29335,23059075,Rahul Mehta,23059075@college.edu,EEE,4,2026-04-16 16:13:15
29336,23061265,Meera Ghosh,23061265@college.edu,ME,5,2026-04-16 16:13:15
29340,23056696,Aditi Sinha,23056696@college.edu,CSE,5,2026-04-16 16:13:15
29351,23062026,Aditya Mehta,23062026@college.edu,EEE,5,2026-04-16 16:13:15
29369,23066189,Nikhil Das,23066189@college.edu,CSE,1,2026-04-16 16:13:15
29375,23066371,Ritika Thakur,23066371@college.edu,CSE,2,2026-04-16 16:13:15
29377,23061772,Neha Pandey,23061772@college.edu,IT,3,2026-04-16 16:13:15
29378,23073381,Dev Das,23073381@college.edu,ME,1,2026-04-16 16:13:15
29394,23070461,Rohan Joshi,23070461@college.edu,ECE,7,2026-04-16 16:13:15
29400,23062877,Tanmay Bansal,23062877@college.edu,IT,8,2026-04-16 16:13:15
29404,23063826,Manav Verma,23063826@college.edu,CSE,5,2026-04-16 16:13:15
29411,23057237,Sneha Nair,23057237@college.edu,IT,1,2026-04-16 16:13:15
29412,23071339,Varun Kapoor,23071339@college.edu,ECE,1,2026-04-16 16:13:15
29414,23071393,Meera Gupta,23071393@college.edu,IT,2,2026-04-16 16:13:15
29418,23063603,Rohan Gupta,23063603@college.edu,ME,1,2026-04-16 16:13:15
29435,23070359,Ananya Rao,23070359@college.edu,CSE,2,2026-04-16 16:13:15
29436,23079716,Krishna Gupta,23079716@college.edu,ECE,6,2026-04-16 16:13:15
29444,23075319,Vivaan Verma,23075319@college.edu,ME,4,2026-04-16 16:13:15
29448,23058605,Manav Iyer,23058605@college.edu,CSE,2,2026-04-16 16:13:15
29452,23050344,Ritika Kapoor,23050344@college.edu,IT,2,2026-04-16 16:13:15
29454,23067229,Ishaan Agarwal,23067229@college.edu,CSE,7,2026-04-16 16:13:15
29470,23066782,Pooja Pandey,23066782@college.edu,CSE,7,2026-04-16 16:13:15
29474,23063510,Krishna Mehta,23063510@college.edu,IT,2,2026-04-16 16:13:15
29490,23066341,Deepak Jain,23066341@college.edu,EEE,3,2026-04-16 16:13:15
29492,23059792,Harsh Kapoor,23059792@college.edu,ECE,6,2026-04-16 16:13:15
29495,23051900,Ritesh Khanna,23051900@college.edu,EEE,5,2026-04-16 16:13:15
29502,23055173,Diya Rao,23055173@college.edu,IT,3,2026-04-16 16:13:15
29510,23060116,Yash Thakur,23060116@college.edu,EEE,4,2026-04-16 16:13:15
29511,23072699,Ishaan Thakur,23072699@college.edu,EEE,7,2026-04-16 16:13:15
29515,23056882,Aman Agarwal,23056882@college.edu,ECE,4,2026-04-16 16:13:15
29520,23050321,Varun Sinha,23050321@college.edu,ME,1,2026-04-16 16:13:15
29522,23053075,Arjun Sharma,23053075@college.edu,IT,1,2026-04-16 16:13:15
29533,23077329,Deepak Patel,23077329@college.edu,ME,3,2026-04-16 16:13:15
29536,23050649,Priya Joshi,23050649@college.edu,ME,6,2026-04-16 16:13:15
29538,23059795,Sai Gupta,23059795@college.edu,CSE,4,2026-04-16 16:13:15
29541,23076575,Kavya Jain,23076575@college.edu,IT,7,2026-04-16 16:13:15
29551,23071052,Deepak Rao,23071052@college.edu,CSE,5,2026-04-16 16:13:15
29552,23067671,Sneha Agarwal,23067671@college.edu,CSE,5,2026-04-16 16:13:15
29553,23069676,Aman Reddy,23069676@college.edu,EEE,8,2026-04-16 16:13:15
29554,23051295,Harsh Thakur,23051295@college.edu,ECE,2,2026-04-16 16:13:15
29555,23053406,Rahul Thakur,23053406@college.edu,ME,3,2026-04-16 16:13:15
29559,23057549,Deepak Reddy,23057549@college.edu,CSE,7,2026-04-16 16:13:15
29567,23077667,Varun Gupta,23077667@college.edu,ME,7,2026-04-16 16:13:15
29568,23053191,Neha Mehta,23053191@college.edu,IT,4,2026-04-16 16:13:15
29575,23069130,Neha Rao,23069130@college.edu,ECE,8,2026-04-16 16:13:15
29578,23050293,Deepak Ghosh,23050293@college.edu,ECE,7,2026-04-16 16:13:15
29581,23068506,Siddharth Das,23068506@college.edu,CSE,4,2026-04-16 16:13:15
29593,23072488,Priya Ghosh,23072488@college.edu,ME,6,2026-04-16 16:13:15
29594,23059139,Aarav Joshi,23059139@college.edu,IT,3,2026-04-16 16:13:15
29596,23066057,Vivaan Sharma,23066057@college.edu,IT,6,2026-04-16 16:13:15
29597,23079686,Om Rao,23079686@college.edu,ECE,1,2026-04-16 16:13:15
29604,23064411,Ritesh Khanna,23064411@college.edu,ECE,5,2026-04-16 16:13:15
29605,23061789,Priya Patel,23061789@college.edu,ECE,8,2026-04-16 16:13:15
29606,23078166,Vivaan Das,23078166@college.edu,CSE,3,2026-04-16 16:13:15
29609,23074754,Ritesh Mehta,23074754@college.edu,ECE,5,2026-04-16 16:13:15
29610,23068519,Om Das,23068519@college.edu,CSE,7,2026-04-16 16:13:15
29611,23050310,Kavya Thakur,23050310@college.edu,EEE,7,2026-04-16 16:13:15
29625,23066561,Manav Bansal,23066561@college.edu,IT,1,2026-04-16 16:13:15
29626,23056664,Kunal Dubey,23056664@college.edu,ME,4,2026-04-16 16:13:15
29629,23076772,Meera Patel,23076772@college.edu,EEE,3,2026-04-16 16:13:15
29630,23064498,Krishna Iyer,23064498@college.edu,ME,4,2026-04-16 16:13:15
29631,23077710,Ritesh Ghosh,23077710@college.edu,ME,1,2026-04-16 16:13:15
29632,23067731,Aman Menon,23067731@college.edu,EEE,3,2026-04-16 16:13:15
29636,23058664,Dev Ghosh,23058664@college.edu,ME,2,2026-04-16 16:13:15
29642,23075514,Aditya Iyer,23075514@college.edu,CSE,3,2026-04-16 16:13:15
29645,23079473,Kavya Sinha,23079473@college.edu,IT,8,2026-04-16 16:13:15
29655,23061378,Kunal Menon,23061378@college.edu,ME,5,2026-04-16 16:13:15
29661,23053778,Harsh Sharma,23053778@college.edu,CSE,8,2026-04-16 16:13:15
29680,23063754,Aditya Patel,23063754@college.edu,IT,5,2026-04-16 16:13:15
29686,23060195,Varun Kapoor,23060195@college.edu,EEE,3,2026-04-16 16:13:15
29694,23060616,Priya Reddy,23060616@college.edu,EEE,4,2026-04-16 16:13:15
29698,23075187,Pooja Jain,23075187@college.edu,IT,2,2026-04-16 16:13:15
29699,23074160,Priya Sharma,23074160@college.edu,ECE,6,2026-04-16 16:13:15
29704,23072528,Dev Choudhary,23072528@college.edu,EEE,5,2026-04-16 16:13:15
29710,23074371,Harsh Khanna,23074371@college.edu,EEE,3,2026-04-16 16:13:15
29711,23058627,Sai Nair,23058627@college.edu,ME,8,2026-04-16 16:13:15
29715,23062933,Manav Menon,23062933@college.edu,EEE,1,2026-04-16 16:13:15
29732,23058872,Rahul Rao,23058872@college.edu,ECE,5,2026-04-16 16:13:15
29737,23078769,Aman Khanna,23078769@college.edu,IT,4,2026-04-16 16:13:15
29745,23056682,Siddharth Thakur,23056682@college.edu,EEE,6,2026-04-16 16:13:15
29769,23077475,Tanmay Dubey,23077475@college.edu,CSE,1,2026-04-16 16:13:15
29783,23078430,Aman Khanna,23078430@college.edu,EEE,2,2026-04-16 16:13:15
29786,23056054,Manav Nair,23056054@college.edu,EEE,5,2026-04-16 16:13:15
29788,23070030,Arjun Mehta,23070030@college.edu,IT,7,2026-04-16 16:13:15
29789,23079488,Nikhil Rao,23079488@college.edu,ECE,1,2026-04-16 16:13:15
29804,23051359,Meera Das,23051359@college.edu,ECE,2,2026-04-16 16:13:15
29813,23071679,Harsh Iyer,23071679@college.edu,CSE,8,2026-04-16 16:13:15
29827,23051541,Mohit Das,23051541@college.edu,ME,2,2026-04-16 16:13:15
29828,23075286,Neha Iyer,23075286@college.edu,IT,4,2026-04-16 16:13:15
29839,23058328,Aditya Khanna,23058328@college.edu,ME,1,2026-04-16 16:13:15
29846,23073433,Mohit Menon,23073433@college.edu,ME,7,2026-04-16 16:13:15
29859,23062227,Krishna Joshi,23062227@college.edu,IT,5,2026-04-16 16:13:15
29864,23070131,Kunal Khanna,23070131@college.edu,ECE,5,2026-04-16 16:13:15
29865,23069702,Harsh Nair,23069702@college.edu,IT,3,2026-04-16 16:13:15
29868,23050568,Pooja Verma,23050568@college.edu,ECE,6,2026-04-16 16:13:15
29882,23065644,Ishaan Choudhary,23065644@college.edu,EEE,3,2026-04-16 16:13:15
29883,23061045,Sai Jain,23061045@college.edu,ME,1,2026-04-16 16:13:15
29886,23060818,Om Gupta,23060818@college.edu,EEE,8,2026-04-16 16:13:15
29887,23078693,Sneha Joshi,23078693@college.edu,ME,6,2026-04-16 16:13:15
29896,23054150,Arjun Gupta,23054150@college.edu,ME,2,2026-04-16 16:13:15
29897,23058402,Sneha Nair,23058402@college.edu,EEE,8,2026-04-16 16:13:15
29899,23060037,Aman Sharma,23060037@college.edu,CSE,1,2026-04-16 16:13:15
29914,23070355,Priya Das,23070355@college.edu,ECE,3,2026-04-16 16:13:15
29934,23053633,Arjun Nair,23053633@college.edu,IT,8,2026-04-16 16:13:15
29935,23069753,Rahul Rao,23069753@college.edu,IT,3,2026-04-16 16:13:15
29942,23070717,Aditya Reddy,23070717@college.edu,EEE,2,2026-04-16 16:13:15
29948,23061559,Nikhil Pandey,23061559@college.edu,IT,5,2026-04-16 16:13:15
29952,23079030,Aman Rao,23079030@college.edu,EEE,6,2026-04-16 16:13:15
29953,23052283,Arjun Thakur,23052283@college.edu,EEE,3,2026-04-16 16:13:15
29956,23073033,Vivaan Rao,23073033@college.edu,ECE,2,2026-04-16 16:13:15
29963,23071203,Aditi Patel,23071203@college.edu,EEE,3,2026-04-16 16:13:15
29979,23053567,Rahul Gupta,23053567@college.edu,IT,2,2026-04-16 16:13:15
29988,23067143,Varun Das,23067143@college.edu,ME,3,2026-04-16 16:13:15
29992,23057712,Dev Jain,23057712@college.edu,ECE,7,2026-04-16 16:13:15
29995,23050530,Diya Dubey,23050530@college.edu,ECE,4,2026-04-16 16:13:15
29998,23051628,Arjun Khanna,23051628@college.edu,ME,8,2026-04-16 16:13:15
30002,23065425,Kunal Joshi,23065425@college.edu,ECE,2,2026-04-16 16:13:15
30009,23075398,Priya Patel,23075398@college.edu,CSE,3,2026-04-16 16:13:15
30010,23066023,Nikhil Menon,23066023@college.edu,IT,8,2026-04-16 16:13:15
30025,23075524,Rahul Verma,23075524@college.edu,EEE,5,2026-04-16 16:13:15
30026,23054673,Aditi Patel,23054673@college.edu,EEE,1,2026-04-16 16:13:15
30033,23053903,Yash Dubey,23053903@college.edu,CSE,3,2026-04-16 16:13:15
30039,23058366,Deepak Khanna,23058366@college.edu,ECE,6,2026-04-16 16:13:15
30041,23052141,Priya Verma,23052141@college.edu,EEE,4,2026-04-16 16:13:15
30043,23055120,Siddharth Choudhary,23055120@college.edu,CSE,2,2026-04-16 16:13:15
30046,23077884,Aditi Ghosh,23077884@college.edu,EEE,6,2026-04-16 16:13:15
30051,23074607,Manav Gupta,23074607@college.edu,IT,8,2026-04-16 16:13:15
30064,23066016,Aditi Nair,23066016@college.edu,IT,7,2026-04-16 16:13:15
30065,23074254,Arjun Ghosh,23074254@college.edu,EEE,1,2026-04-16 16:13:15
30069,23065277,Siddharth Patel,23065277@college.edu,ECE,5,2026-04-16 16:13:15
30074,23070080,Aditi Sharma,23070080@college.edu,EEE,1,2026-04-16 16:13:15
30075,23075947,Yash Jain,23075947@college.edu,IT,5,2026-04-16 16:13:15
30077,23052102,Nikhil Dubey,23052102@college.edu,IT,2,2026-04-16 16:13:15
30080,23077704,Yash Mehta,23077704@college.edu,ECE,2,2026-04-16 16:13:15
30081,23075482,Deepak Pandey,23075482@college.edu,CSE,6,2026-04-16 16:13:15
30087,23072357,Ritesh Khanna,23072357@college.edu,IT,1,2026-04-16 16:13:15
30106,23074879,Sai Bansal,23074879@college.edu,CSE,7,2026-04-16 16:13:15
30116,23060678,Nikhil Verma,23060678@college.edu,IT,1,2026-04-16 16:13:15
30125,23076523,Mohit Iyer,23076523@college.edu,ME,8,2026-04-16 16:13:15
30130,23050873,Arjun Joshi,23050873@college.edu,CSE,2,2026-04-16 16:13:15
30131,23069503,Dev Menon,23069503@college.edu,CSE,8,2026-04-16 16:13:15
30140,23070137,Manav Ghosh,23070137@college.edu,IT,1,2026-04-16 16:13:15
30159,23077185,Priya Verma,23077185@college.edu,ME,3,2026-04-16 16:13:15
30160,23076547,Deepak Gupta,23076547@college.edu,ME,8,2026-04-16 16:13:15
30167,23063342,Aman Mehta,23063342@college.edu,IT,7,2026-04-16 16:13:15
30179,23058216,Sneha Sinha,23058216@college.edu,CSE,7,2026-04-16 16:13:15
30180,23077337,Siddharth Gupta,23077337@college.edu,CSE,3,2026-04-16 16:13:15
30181,23067337,Aditya Iyer,23067337@college.edu,IT,5,2026-04-16 16:13:15
30184,23077650,Varun Thakur,23077650@college.edu,IT,6,2026-04-16 16:13:15
30186,23075454,Arjun Choudhary,23075454@college.edu,ECE,1,2026-04-16 16:13:15
30194,23072532,Aditi Nair,23072532@college.edu,EEE,1,2026-04-16 16:13:15
30198,23058803,Aditya Khanna,23058803@college.edu,IT,5,2026-04-16 16:13:15
30203,23060511,Rahul Khanna,23060511@college.edu,CSE,4,2026-04-16 16:13:15
30204,23057251,Harsh Choudhary,23057251@college.edu,ME,5,2026-04-16 16:13:15
30211,23068564,Meera Pandey,23068564@college.edu,ECE,8,2026-04-16 16:13:15
30228,23076949,Vivaan Kapoor,23076949@college.edu,ME,5,2026-04-16 16:13:15
30232,23063444,Kunal Reddy,23063444@college.edu,ECE,5,2026-04-16 16:13:15
30234,23066338,Rahul Joshi,23066338@college.edu,IT,8,2026-04-16 16:13:15
30237,23067757,Deepak Rao,23067757@college.edu,CSE,2,2026-04-16 16:13:15
30241,23059547,Aditi Agarwal,23059547@college.edu,ECE,4,2026-04-16 16:13:15
30255,23062031,Aditya Agarwal,23062031@college.edu,CSE,3,2026-04-16 16:13:15
30279,23061730,Ritesh Sharma,23061730@college.edu,CSE,4,2026-04-16 16:13:15
30289,23062696,Diya Kapoor,23062696@college.edu,CSE,2,2026-04-16 16:13:15
30290,23052251,Varun Reddy,23052251@college.edu,IT,5,2026-04-16 16:13:15
30292,23068216,Krishna Dubey,23068216@college.edu,IT,5,2026-04-16 16:13:15
30302,23079262,Deepak Patel,23079262@college.edu,ME,5,2026-04-16 16:13:15
30303,23067018,Deepak Ghosh,23067018@college.edu,EEE,1,2026-04-16 16:13:15
30305,23069104,Priya Das,23069104@college.edu,ECE,6,2026-04-16 16:13:15
30307,23056888,Rahul Dubey,23056888@college.edu,EEE,6,2026-04-16 16:13:15
30322,23055269,Varun Reddy,23055269@college.edu,ECE,3,2026-04-16 16:13:15
30326,23067053,Harsh Choudhary,23067053@college.edu,ME,3,2026-04-16 16:13:15
30328,23066936,Dev Sharma,23066936@college.edu,ME,6,2026-04-16 16:13:15
30329,23070060,Arjun Nair,23070060@college.edu,EEE,5,2026-04-16 16:13:15
30332,23063439,Pooja Patel,23063439@college.edu,CSE,7,2026-04-16 16:13:15
30334,23071844,Aarav Joshi,23071844@college.edu,ECE,4,2026-04-16 16:13:15
30337,23063264,Harsh Dubey,23063264@college.edu,CSE,5,2026-04-16 16:13:15
30338,23055401,Aarav Das,23055401@college.edu,ECE,7,2026-04-16 16:13:15
30341,23066891,Mohit Das,23066891@college.edu,EEE,7,2026-04-16 16:13:15
30343,23075571,Mohit Nair,23075571@college.edu,ECE,5,2026-04-16 16:13:15
30349,23054919,Tanmay Sinha,23054919@college.edu,EEE,8,2026-04-16 16:13:15
30359,23077490,Rohan Nair,23077490@college.edu,IT,3,2026-04-16 16:13:15
30363,23075272,Rohan Nair,23075272@college.edu,ME,1,2026-04-16 16:13:15
30367,23050676,Aditi Dubey,23050676@college.edu,EEE,8,2026-04-16 16:13:15
30371,23060659,Kavya Bansal,23060659@college.edu,ECE,4,2026-04-16 16:13:15
30377,23050815,Vivaan Mehta,23050815@college.edu,CSE,1,2026-04-16 16:13:15
30383,23055689,Aditi Iyer,23055689@college.edu,CSE,6,2026-04-16 16:13:15
30387,23053962,Pooja Joshi,23053962@college.edu,CSE,2,2026-04-16 16:13:15
30388,23079354,Kunal Verma,23079354@college.edu,ECE,4,2026-04-16 16:13:15
30395,23065778,Aditi Rao,23065778@college.edu,EEE,5,2026-04-16 16:13:15
30397,23078505,Neha Kapoor,23078505@college.edu,ECE,3,2026-04-16 16:13:15
30416,23052872,Om Jain,23052872@college.edu,CSE,2,2026-04-16 16:13:15
30419,23052300,Aman Iyer,23052300@college.edu,ECE,1,2026-04-16 16:13:15
30424,23065886,Varun Kapoor,23065886@college.edu,EEE,6,2026-04-16 16:13:15
30438,23051917,Manav Dubey,23051917@college.edu,ECE,2,2026-04-16 16:13:15
30447,23060722,Rahul Agarwal,23060722@college.edu,ECE,3,2026-04-16 16:13:15
30448,23068070,Nikhil Gupta,23068070@college.edu,CSE,3,2026-04-16 16:13:15
30449,23076408,Rohan Pandey,23076408@college.edu,ECE,3,2026-04-16 16:13:15
30452,23066726,Kavya Kapoor,23066726@college.edu,CSE,2,2026-04-16 16:13:15
30456,23052193,Aarav Khanna,23052193@college.edu,EEE,4,2026-04-16 16:13:15
30459,23069546,Harsh Gupta,23069546@college.edu,IT,5,2026-04-16 16:13:15
30462,23077596,Rahul Thakur,23077596@college.edu,EEE,2,2026-04-16 16:13:15
30464,23069442,Sai Sinha,23069442@college.edu,EEE,4,2026-04-16 16:13:15
30465,23073048,Kunal Khanna,23073048@college.edu,IT,5,2026-04-16 16:13:15
30466,23063032,Sneha Ghosh,23063032@college.edu,ECE,5,2026-04-16 16:13:15
30472,23054017,Ishaan Reddy,23054017@college.edu,ECE,4,2026-04-16 16:13:15
30476,23057877,Kavya Ghosh,23057877@college.edu,ECE,6,2026-04-16 16:13:15
30478,23059375,Kavya Menon,23059375@college.edu,EEE,1,2026-04-16 16:13:15
30483,23050803,Sai Bansal,23050803@college.edu,ECE,6,2026-04-16 16:13:15
30484,23053003,Vivaan Pandey,23053003@college.edu,IT,7,2026-04-16 16:13:15
30488,23074006,Aditya Sinha,23074006@college.edu,ECE,5,2026-04-16 16:13:15
30490,23058058,Rahul Mehta,23058058@college.edu,CSE,6,2026-04-16 16:13:15
30492,23051266,Pooja Gupta,23051266@college.edu,IT,1,2026-04-16 16:13:15
30504,23066480,Diya Ghosh,23066480@college.edu,CSE,8,2026-04-16 16:13:15
30510,23056658,Mohit Rao,23056658@college.edu,IT,8,2026-04-16 16:13:15
30511,23051604,Manav Rao,23051604@college.edu,IT,4,2026-04-16 16:13:15
30515,23053504,Sneha Rao,23053504@college.edu,ME,8,2026-04-16 16:13:15
30516,23066516,Deepak Agarwal,23066516@college.edu,CSE,3,2026-04-16 16:13:15
30533,23074410,Rohan Sinha,23074410@college.edu,EEE,4,2026-04-16 16:13:15
30539,23058276,Kavya Gupta,23058276@college.edu,IT,5,2026-04-16 16:13:15
30542,23075014,Mohit Khanna,23075014@college.edu,ME,4,2026-04-16 16:13:15
30548,23050711,Vivaan Kapoor,23050711@college.edu,ECE,3,2026-04-16 16:13:15
30556,23077310,Ritika Dubey,23077310@college.edu,ME,4,2026-04-16 16:13:15
30557,23056805,Ishaan Nair,23056805@college.edu,EEE,2,2026-04-16 16:13:15
30559,23062383,Aditya Pandey,23062383@college.edu,EEE,1,2026-04-16 16:13:15
30561,23075967,Aman Mehta,23075967@college.edu,IT,2,2026-04-16 16:13:15
30566,23071420,Tanmay Iyer,23071420@college.edu,EEE,3,2026-04-16 16:13:15
30572,23064326,Neha Sharma,23064326@college.edu,ECE,3,2026-04-16 16:13:15
30581,23079396,Dev Menon,23079396@college.edu,ME,1,2026-04-16 16:13:15
30596,23077290,Aman Iyer,23077290@college.edu,ECE,5,2026-04-16 16:13:15
30598,23067184,Ritika Iyer,23067184@college.edu,IT,8,2026-04-16 16:13:15
30609,23064379,Varun Kapoor,23064379@college.edu,EEE,8,2026-04-16 16:13:15
30612,23061113,Yash Joshi,23061113@college.edu,EEE,6,2026-04-16 16:13:15
30619,23076837,Neha Choudhary,23076837@college.edu,CSE,1,2026-04-16 16:13:15
30620,23050951,Manav Pandey,23050951@college.edu,EEE,7,2026-04-16 16:13:15
30622,23065993,Ritika Nair,23065993@college.edu,ME,2,2026-04-16 16:13:15
30623,23062837,Ishaan Ghosh,23062837@college.edu,ME,5,2026-04-16 16:13:15
30627,23059491,Sneha Ghosh,23059491@college.edu,ECE,6,2026-04-16 16:13:15
30628,23070400,Rohan Dubey,23070400@college.edu,IT,7,2026-04-16 16:13:15
30641,23069450,Varun Choudhary,23069450@college.edu,IT,4,2026-04-16 16:13:15
30652,23069156,Krishna Jain,23069156@college.edu,IT,5,2026-04-16 16:13:15
30657,23059483,Meera Verma,23059483@college.edu,ME,5,2026-04-16 16:13:15
30659,23070544,Aditi Gupta,23070544@college.edu,IT,5,2026-04-16 16:13:15
30662,23064665,Harsh Sharma,23064665@college.edu,CSE,5,2026-04-16 16:13:15
30665,23062626,Siddharth Dubey,23062626@college.edu,IT,4,2026-04-16 16:13:15
30673,23077936,Aditya Kapoor,23077936@college.edu,ME,8,2026-04-16 16:13:15
30674,23067441,Harsh Jain,23067441@college.edu,IT,6,2026-04-16 16:13:15
30681,23064827,Harsh Sinha,23064827@college.edu,ME,3,2026-04-16 16:13:15
30691,23078898,Aditi Sinha,23078898@college.edu,EEE,4,2026-04-16 16:13:15
30699,23069567,Aarav Gupta,23069567@college.edu,IT,7,2026-04-16 16:13:15
30700,23069530,Harsh Bansal,23069530@college.edu,ME,8,2026-04-16 16:13:15
30706,23053589,Ishaan Verma,23053589@college.edu,IT,7,2026-04-16 16:13:15
30710,23056105,Aman Sinha,23056105@college.edu,ECE,2,2026-04-16 16:13:15
30714,23060367,Siddharth Das,23060367@college.edu,ME,2,2026-04-16 16:13:15
30724,23054256,Neha Sinha,23054256@college.edu,ECE,2,2026-04-16 16:13:15
30725,23078555,Ananya Thakur,23078555@college.edu,ME,2,2026-04-16 16:13:15
30726,23077846,Neha Gupta,23077846@college.edu,ECE,8,2026-04-16 16:13:15
30727,23056915,Priya Khanna,23056915@college.edu,ME,6,2026-04-16 16:13:15
30735,23075338,Vivaan Dubey,23075338@college.edu,ECE,7,2026-04-16 16:13:15
30738,23074492,Nikhil Patel,23074492@college.edu,ECE,1,2026-04-16 16:13:15
30751,23067805,Arjun Verma,23067805@college.edu,EEE,4,2026-04-16 16:13:15
30752,23070702,Om Joshi,23070702@college.edu,ECE,4,2026-04-16 16:13:15
30753,23063253,Ishaan Bansal,23063253@college.edu,ME,1,2026-04-16 16:13:15
30775,23062683,Priya Gupta,23062683@college.edu,ME,8,2026-04-16 16:13:15
30782,23069942,Meera Verma,23069942@college.edu,ECE,2,2026-04-16 16:13:15
30783,23073106,Ritika Thakur,23073106@college.edu,CSE,1,2026-04-16 16:13:15
30787,23075715,Vivaan Dubey,23075715@college.edu,CSE,3,2026-04-16 16:13:15
30794,23073920,Rahul Reddy,23073920@college.edu,ME,1,2026-04-16 16:13:15
30798,23073549,Kunal Rao,23073549@college.edu,EEE,6,2026-04-16 16:13:15
30806,23063557,Aditya Gupta,23063557@college.edu,EEE,8,2026-04-16 16:13:15
30809,23051952,Arjun Menon,23051952@college.edu,EEE,6,2026-04-16 16:13:15
30810,23058182,Ritika Bansal,23058182@college.edu,ME,1,2026-04-16 16:13:15
30812,23077500,Vivaan Bansal,23077500@college.edu,IT,1,2026-04-16 16:13:15
30819,23075667,Deepak Pandey,23075667@college.edu,ME,4,2026-04-16 16:13:15
30821,23067688,Manav Joshi,23067688@college.edu,IT,7,2026-04-16 16:13:15
30827,23051231,Nikhil Dubey,23051231@college.edu,CSE,5,2026-04-16 16:13:15
30834,23065110,Meera Choudhary,23065110@college.edu,EEE,2,2026-04-16 16:13:15
30839,23060519,Harsh Gupta,23060519@college.edu,ECE,5,2026-04-16 16:13:15
30844,23053239,Varun Iyer,23053239@college.edu,ME,3,2026-04-16 16:13:15
30847,23071174,Aarav Thakur,23071174@college.edu,ME,5,2026-04-16 16:13:15
30851,23065092,Ritika Khanna,23065092@college.edu,IT,8,2026-04-16 16:13:15
30852,23055216,Pooja Thakur,23055216@college.edu,ME,6,2026-04-16 16:13:15
30861,23052139,Aditya Joshi,23052139@college.edu,IT,3,2026-04-16 16:13:15
30863,23061506,Varun Menon,23061506@college.edu,ME,5,2026-04-16 16:13:15
30865,23055724,Harsh Agarwal,23055724@college.edu,CSE,4,2026-04-16 16:13:15
30866,23079871,Aditya Iyer,23079871@college.edu,ECE,1,2026-04-16 16:13:15
30870,23073450,Deepak Gupta,23073450@college.edu,EEE,4,2026-04-16 16:13:15
30877,23066547,Ritesh Das,23066547@college.edu,CSE,1,2026-04-16 16:13:15
30885,23055170,Om Choudhary,23055170@college.edu,ECE,3,2026-04-16 16:13:15
30899,23078611,Tanmay Rao,23078611@college.edu,ME,4,2026-04-16 16:13:15
30906,23056020,Diya Rao,23056020@college.edu,CSE,2,2026-04-16 16:13:15
30917,23073371,Om Patel,23073371@college.edu,IT,6,2026-04-16 16:13:15
30936,23070115,Kavya Reddy,23070115@college.edu,CSE,4,2026-04-16 16:13:15
30937,23072162,Siddharth Menon,23072162@college.edu,ME,3,2026-04-16 16:13:15
30938,23066144,Om Mehta,23066144@college.edu,ME,8,2026-04-16 16:13:15
30943,23070698,Rahul Jain,23070698@college.edu,EEE,2,2026-04-16 16:13:15
30946,23055616,Yash Pandey,23055616@college.edu,ECE,1,2026-04-16 16:13:15
30949,23063774,Meera Sharma,23063774@college.edu,EEE,2,2026-04-16 16:13:15
30955,23068889,Neha Nair,23068889@college.edu,ME,6,2026-04-16 16:13:15
30959,23074008,Siddharth Agarwal,23074008@college.edu,ECE,3,2026-04-16 16:13:15
30961,23079836,Harsh Gupta,23079836@college.edu,EEE,3,2026-04-16 16:13:15
30966,23079387,Neha Bansal,23079387@college.edu,IT,2,2026-04-16 16:13:15
30967,23061041,Ishaan Verma,23061041@college.edu,ME,6,2026-04-16 16:13:15
30976,23064654,Rahul Iyer,23064654@college.edu,ECE,7,2026-04-16 16:13:15
30984,23053115,Diya Thakur,23053115@college.edu,ME,7,2026-04-16 16:13:15
30989,23072713,Ananya Verma,23072713@college.edu,IT,5,2026-04-16 16:13:15
30992,23064610,Arjun Agarwal,23064610@college.edu,EEE,5,2026-04-16 16:13:15
31007,23051607,Pooja Sharma,23051607@college.edu,IT,1,2026-04-16 16:13:15
31011,23061894,Priya Das,23061894@college.edu,ECE,4,2026-04-16 16:13:15
31014,23065538,Varun Pandey,23065538@college.edu,EEE,6,2026-04-16 16:13:15
31026,23057926,Krishna Nair,23057926@college.edu,EEE,1,2026-04-16 16:13:15
31058,23070174,Harsh Mehta,23070174@college.edu,CSE,6,2026-04-16 16:13:15
31061,23059749,Dev Kapoor,23059749@college.edu,ECE,4,2026-04-16 16:13:15
31064,23078672,Deepak Kapoor,23078672@college.edu,CSE,5,2026-04-16 16:13:15
31066,23061093,Rohan Thakur,23061093@college.edu,IT,3,2026-04-16 16:13:15
31071,23067006,Harsh Nair,23067006@college.edu,EEE,5,2026-04-16 16:13:15
31077,23072188,Kavya Patel,23072188@college.edu,CSE,2,2026-04-16 16:13:15
31092,23078401,Dev Sharma,23078401@college.edu,EEE,7,2026-04-16 16:13:15
31097,23072560,Harsh Dubey,23072560@college.edu,ME,6,2026-04-16 16:13:15
31105,23075628,Nikhil Rao,23075628@college.edu,CSE,3,2026-04-16 16:13:15
31106,23078854,Harsh Iyer,23078854@college.edu,ECE,7,2026-04-16 16:13:15
31114,23061907,Diya Gupta,23061907@college.edu,CSE,4,2026-04-16 16:13:15
31117,23058449,Priya Ghosh,23058449@college.edu,CSE,4,2026-04-16 16:13:15
31121,23074534,Om Thakur,23074534@college.edu,EEE,1,2026-04-16 16:13:15
31123,23063782,Tanmay Sinha,23063782@college.edu,EEE,8,2026-04-16 16:13:15
31125,23063961,Mohit Verma,23063961@college.edu,ME,5,2026-04-16 16:13:15
31128,23065306,Sneha Mehta,23065306@college.edu,EEE,4,2026-04-16 16:13:15
31138,23079378,Rahul Ghosh,23079378@college.edu,IT,1,2026-04-16 16:13:15
31140,23063028,Sneha Khanna,23063028@college.edu,EEE,1,2026-04-16 16:13:15
31144,23068570,Siddharth Agarwal,23068570@college.edu,EEE,4,2026-04-16 16:13:15
31146,23065132,Aditi Rao,23065132@college.edu,IT,8,2026-04-16 16:13:15
31151,23054437,Sai Thakur,23054437@college.edu,IT,1,2026-04-16 16:13:15
31153,23076733,Sai Thakur,23076733@college.edu,ECE,6,2026-04-16 16:13:15
31162,23055144,Tanmay Kapoor,23055144@college.edu,ME,2,2026-04-16 16:13:15
31164,23079720,Neha Joshi,23079720@college.edu,CSE,1,2026-04-16 16:13:15
31167,23050794,Kunal Joshi,23050794@college.edu,EEE,3,2026-04-16 16:13:15
31169,23056015,Diya Verma,23056015@college.edu,CSE,7,2026-04-16 16:13:15
31172,23063552,Harsh Jain,23063552@college.edu,EEE,5,2026-04-16 16:13:15
31186,23067551,Rohan Mehta,23067551@college.edu,EEE,2,2026-04-16 16:13:15
31189,23078603,Aditi Mehta,23078603@college.edu,ECE,8,2026-04-16 16:13:15
31191,23073985,Ishaan Bansal,23073985@college.edu,ECE,1,2026-04-16 16:13:15
31195,23056941,Manav Ghosh,23056941@college.edu,EEE,5,2026-04-16 16:13:15
31208,23074303,Mohit Kapoor,23074303@college.edu,ME,7,2026-04-16 16:13:15
31214,23074368,Diya Agarwal,23074368@college.edu,IT,2,2026-04-16 16:13:15
31216,23050115,Kavya Nair,23050115@college.edu,EEE,2,2026-04-16 16:13:15
31217,23066011,Rahul Joshi,23066011@college.edu,ECE,7,2026-04-16 16:13:15
31219,23052023,Manav Kapoor,23052023@college.edu,ECE,1,2026-04-16 16:13:15
31222,23065023,Sneha Khanna,23065023@college.edu,ECE,5,2026-04-16 16:13:15
31238,23073019,Varun Mehta,23073019@college.edu,EEE,7,2026-04-16 16:13:15
31239,23064131,Krishna Menon,23064131@college.edu,EEE,4,2026-04-16 16:13:15
31247,23062771,Diya Mehta,23062771@college.edu,ECE,5,2026-04-16 16:13:15
31254,23070025,Arjun Dubey,23070025@college.edu,ME,3,2026-04-16 16:13:15
31260,23079881,Sai Kapoor,23079881@college.edu,CSE,3,2026-04-16 16:13:15
31265,23062778,Deepak Sinha,23062778@college.edu,IT,7,2026-04-16 16:13:15
31266,23064725,Aarav Bansal,23064725@college.edu,ECE,4,2026-04-16 16:13:15
31269,23079455,Manav Khanna,23079455@college.edu,EEE,1,2026-04-16 16:13:15
31273,23052510,Aarav Bansal,23052510@college.edu,CSE,5,2026-04-16 16:13:15
31281,23050696,Aditi Khanna,23050696@college.edu,ME,8,2026-04-16 16:13:15
31282,23077987,Dev Sharma,23077987@college.edu,CSE,4,2026-04-16 16:13:15
31287,23062062,Varun Menon,23062062@college.edu,IT,3,2026-04-16 16:13:15
31299,23079135,Neha Pandey,23079135@college.edu,CSE,7,2026-04-16 16:13:15
31300,23052002,Dev Jain,23052002@college.edu,ECE,6,2026-04-16 16:13:15
31313,23072623,Ishaan Choudhary,23072623@college.edu,EEE,8,2026-04-16 16:13:15
31319,23075962,Rohan Kapoor,23075962@college.edu,ECE,2,2026-04-16 16:13:15
31333,23066533,Aditya Khanna,23066533@college.edu,ECE,3,2026-04-16 16:13:15
31339,23064490,Diya Jain,23064490@college.edu,ME,1,2026-04-16 16:13:15
31342,23053637,Aditi Khanna,23053637@college.edu,IT,5,2026-04-16 16:13:15
31346,23064713,Rohan Verma,23064713@college.edu,EEE,1,2026-04-16 16:13:15
31354,23070902,Mohit Reddy,23070902@college.edu,ME,1,2026-04-16 16:13:15
31373,23070611,Dev Menon,23070611@college.edu,IT,7,2026-04-16 16:13:15
31377,23077519,Yash Reddy,23077519@college.edu,CSE,1,2026-04-16 16:13:15
31382,23064181,Aditya Jain,23064181@college.edu,ME,5,2026-04-16 16:13:15
31385,23073728,Nikhil Das,23073728@college.edu,IT,1,2026-04-16 16:13:15
31386,23056314,Kavya Iyer,23056314@college.edu,CSE,6,2026-04-16 16:13:15
31391,23071901,Pooja Patel,23071901@college.edu,ME,7,2026-04-16 16:13:15
31394,23065133,Aditya Sinha,23065133@college.edu,ECE,6,2026-04-16 16:13:15
31395,23064058,Aman Reddy,23064058@college.edu,IT,2,2026-04-16 16:13:15
31400,23056031,Priya Verma,23056031@college.edu,ME,6,2026-04-16 16:13:15
31404,23067069,Deepak Verma,23067069@college.edu,ME,6,2026-04-16 16:13:15
31411,23063047,Manav Nair,23063047@college.edu,ME,3,2026-04-16 16:13:15
31414,23075277,Pooja Ghosh,23075277@college.edu,CSE,6,2026-04-16 16:13:15
31417,23050688,Aditi Patel,23050688@college.edu,EEE,4,2026-04-16 16:13:15
31421,23071539,Yash Choudhary,23071539@college.edu,ME,5,2026-04-16 16:13:15
31426,23078671,Varun Sharma,23078671@college.edu,ECE,2,2026-04-16 16:13:15
31432,23071353,Siddharth Gupta,23071353@college.edu,IT,6,2026-04-16 16:13:15
31435,23061525,Aditi Bansal,23061525@college.edu,IT,8,2026-04-16 16:13:15
31440,23075158,Ishaan Verma,23075158@college.edu,EEE,5,2026-04-16 16:13:15
31442,23057188,Sneha Pandey,23057188@college.edu,CSE,2,2026-04-16 16:13:15
31445,23075690,Ritesh Dubey,23075690@college.edu,ECE,7,2026-04-16 16:13:15
31453,23060582,Rahul Sinha,23060582@college.edu,EEE,4,2026-04-16 16:13:15
31458,23067952,Pooja Agarwal,23067952@college.edu,CSE,7,2026-04-16 16:13:15
31462,23060968,Mohit Sharma,23060968@college.edu,ECE,3,2026-04-16 16:13:15
31465,23058074,Aditya Ghosh,23058074@college.edu,CSE,3,2026-04-16 16:13:15
31468,23073134,Kavya Pandey,23073134@college.edu,IT,2,2026-04-16 16:13:15
31474,23074925,Nikhil Reddy,23074925@college.edu,CSE,1,2026-04-16 16:13:15
31475,23069670,Ritesh Khanna,23069670@college.edu,EEE,8,2026-04-16 16:13:15
31483,23067460,Meera Mehta,23067460@college.edu,EEE,1,2026-04-16 16:13:15
31484,23060452,Nikhil Joshi,23060452@college.edu,ECE,1,2026-04-16 16:13:15
31486,23075699,Kavya Sinha,23075699@college.edu,CSE,7,2026-04-16 16:13:15
31491,23074742,Tanmay Khanna,23074742@college.edu,CSE,4,2026-04-16 16:13:15
31492,23077346,Om Thakur,23077346@college.edu,IT,5,2026-04-16 16:13:15
31497,23067158,Nikhil Nair,23067158@college.edu,EEE,4,2026-04-16 16:13:15
31500,23074406,Aarav Menon,23074406@college.edu,ME,4,2026-04-16 16:13:15
31501,23076966,Ritika Verma,23076966@college.edu,ME,2,2026-04-16 16:13:15
31504,23077546,Arjun Ghosh,23077546@college.edu,EEE,4,2026-04-16 16:13:15
31505,23075785,Vivaan Choudhary,23075785@college.edu,ME,1,2026-04-16 16:13:15
31509,23064485,Arjun Choudhary,23064485@college.edu,EEE,3,2026-04-16 16:13:15
31512,23073953,Neha Dubey,23073953@college.edu,ECE,3,2026-04-16 16:13:15
31513,23058748,Sneha Pandey,23058748@college.edu,ME,2,2026-04-16 16:13:15
31514,23071429,Neha Kapoor,23071429@college.edu,EEE,6,2026-04-16 16:13:15
31517,23077257,Dev Joshi,23077257@college.edu,ECE,8,2026-04-16 16:13:15
31521,23060906,Mohit Das,23060906@college.edu,ECE,1,2026-04-16 16:13:15
31525,23052445,Aarav Patel,23052445@college.edu,ECE,6,2026-04-16 16:13:15
31526,23055712,Priya Sharma,23055712@college.edu,IT,6,2026-04-16 16:13:15
31531,23078978,Ritesh Agarwal,23078978@college.edu,IT,6,2026-04-16 16:13:15
31533,23071802,Vivaan Reddy,23071802@college.edu,CSE,8,2026-04-16 16:13:15
31543,23054007,Arjun Menon,23054007@college.edu,ME,1,2026-04-16 16:13:15
31550,23053990,Kavya Sinha,23053990@college.edu,IT,8,2026-04-16 16:13:15
31554,23066218,Mohit Thakur,23066218@college.edu,IT,8,2026-04-16 16:13:15
31557,23072409,Pooja Iyer,23072409@college.edu,ECE,8,2026-04-16 16:13:15
31558,23070743,Om Patel,23070743@college.edu,ME,7,2026-04-16 16:13:15
31559,23051292,Aarav Ghosh,23051292@college.edu,IT,5,2026-04-16 16:13:15
31561,23059260,Aditya Dubey,23059260@college.edu,ME,2,2026-04-16 16:13:15
31562,23058057,Neha Rao,23058057@college.edu,ECE,2,2026-04-16 16:13:15
31563,23078026,Ishaan Patel,23078026@college.edu,IT,3,2026-04-16 16:13:15
31573,23074152,Siddharth Choudhary,23074152@college.edu,ECE,6,2026-04-16 16:13:15
31576,23050224,Aman Rao,23050224@college.edu,IT,5,2026-04-16 16:13:15
31581,23073711,Ishaan Joshi,23073711@college.edu,IT,2,2026-04-16 16:13:15
31589,23069064,Varun Patel,23069064@college.edu,ME,6,2026-04-16 16:13:15
31592,23074690,Ananya Kapoor,23074690@college.edu,EEE,2,2026-04-16 16:13:15
31597,23071055,Varun Kapoor,23071055@college.edu,IT,5,2026-04-16 16:13:15
31608,23059215,Ishaan Sinha,23059215@college.edu,ECE,5,2026-04-16 16:13:15
31610,23060342,Ritesh Sinha,23060342@college.edu,EEE,5,2026-04-16 16:13:15
31617,23070219,Ishaan Mehta,23070219@college.edu,CSE,2,2026-04-16 16:13:15
31622,23071611,Meera Kapoor,23071611@college.edu,ME,3,2026-04-16 16:13:15
31627,23065826,Rohan Dubey,23065826@college.edu,ECE,5,2026-04-16 16:13:15
31630,23070234,Varun Das,23070234@college.edu,ECE,7,2026-04-16 16:13:15
31631,23075817,Mohit Choudhary,23075817@college.edu,EEE,6,2026-04-16 16:13:15
31640,23055832,Nikhil Gupta,23055832@college.edu,EEE,7,2026-04-16 16:13:15
31643,23061380,Rahul Reddy,23061380@college.edu,CSE,4,2026-04-16 16:13:15
31649,23051363,Om Iyer,23051363@college.edu,IT,3,2026-04-16 16:13:15
31651,23050915,Ananya Kapoor,23050915@college.edu,ECE,5,2026-04-16 16:13:15
31667,23079744,Manav Menon,23079744@college.edu,IT,8,2026-04-16 16:13:15
31668,23064738,Vivaan Bansal,23064738@college.edu,ECE,3,2026-04-16 16:13:15
31681,23075438,Kavya Menon,23075438@college.edu,ME,6,2026-04-16 16:13:15
31683,23052121,Aditi Nair,23052121@college.edu,IT,3,2026-04-16 16:13:15
31689,23069902,Sai Choudhary,23069902@college.edu,EEE,5,2026-04-16 16:13:15
31690,23060780,Mohit Mehta,23060780@college.edu,ECE,3,2026-04-16 16:13:15
31693,23054449,Manav Sharma,23054449@college.edu,CSE,1,2026-04-16 16:13:15
31694,23054944,Dev Iyer,23054944@college.edu,ECE,3,2026-04-16 16:13:15
31695,23051613,Harsh Rao,23051613@college.edu,EEE,4,2026-04-16 16:13:15
31698,23077913,Aditi Khanna,23077913@college.edu,EEE,5,2026-04-16 16:13:15
31699,23050903,Tanmay Iyer,23050903@college.edu,CSE,2,2026-04-16 16:13:15
31702,23054245,Aditya Joshi,23054245@college.edu,CSE,1,2026-04-16 16:13:15
31710,23051150,Priya Menon,23051150@college.edu,CSE,1,2026-04-16 16:13:15
31711,23073677,Manav Iyer,23073677@college.edu,ECE,5,2026-04-16 16:13:15
31712,23055549,Rohan Nair,23055549@college.edu,CSE,4,2026-04-16 16:13:15
31716,23061762,Dev Sharma,23061762@college.edu,IT,5,2026-04-16 16:13:15
31722,23058603,Tanmay Iyer,23058603@college.edu,ECE,2,2026-04-16 16:13:15
31729,23056432,Rahul Kapoor,23056432@college.edu,ME,8,2026-04-16 16:13:15
31736,23057587,Om Jain,23057587@college.edu,IT,2,2026-04-16 16:13:15
31739,23059943,Tanmay Rao,23059943@college.edu,CSE,4,2026-04-16 16:13:15
31745,23059812,Meera Patel,23059812@college.edu,ECE,3,2026-04-16 16:13:15
31748,23064139,Aarav Rao,23064139@college.edu,IT,6,2026-04-16 16:13:15
31756,23055421,Varun Nair,23055421@college.edu,ECE,5,2026-04-16 16:13:15
31760,23066877,Deepak Joshi,23066877@college.edu,ME,5,2026-04-16 16:13:15
31763,23074881,Ritika Iyer,23074881@college.edu,CSE,6,2026-04-16 16:13:15
31769,23059860,Sneha Iyer,23059860@college.edu,CSE,6,2026-04-16 16:13:15
31774,23070096,Aarav Dubey,23070096@college.edu,ECE,6,2026-04-16 16:13:15
31793,23075245,Priya Reddy,23075245@college.edu,ME,3,2026-04-16 16:13:15
31799,23054604,Varun Agarwal,23054604@college.edu,ECE,4,2026-04-16 16:13:15
31825,23068770,Siddharth Sinha,23068770@college.edu,ME,7,2026-04-16 16:13:15
31826,23071742,Krishna Sharma,23071742@college.edu,IT,8,2026-04-16 16:13:15
31831,23050411,Ananya Khanna,23050411@college.edu,ME,1,2026-04-16 16:13:15
31835,23073358,Aditi Thakur,23073358@college.edu,ME,5,2026-04-16 16:13:15
31837,23065015,Kavya Rao,23065015@college.edu,ME,4,2026-04-16 16:13:15
31841,23059883,Rohan Khanna,23059883@college.edu,ME,8,2026-04-16 16:13:15
31842,23064054,Mohit Reddy,23064054@college.edu,ECE,2,2026-04-16 16:13:15
31846,23051928,Aditi Sharma,23051928@college.edu,CSE,7,2026-04-16 16:13:15
31854,23051972,Siddharth Kapoor,23051972@college.edu,IT,7,2026-04-16 16:13:15
31856,23075243,Sai Choudhary,23075243@college.edu,EEE,7,2026-04-16 16:13:15
31861,23062531,Diya Verma,23062531@college.edu,IT,4,2026-04-16 16:13:15
31864,23051909,Varun Jain,23051909@college.edu,EEE,8,2026-04-16 16:13:15
31865,23072393,Sai Agarwal,23072393@college.edu,ECE,8,2026-04-16 16:13:15
31870,23072223,Diya Menon,23072223@college.edu,EEE,6,2026-04-16 16:13:15
31876,23056577,Pooja Kapoor,23056577@college.edu,EEE,3,2026-04-16 16:13:15
31886,23067110,Ananya Das,23067110@college.edu,CSE,8,2026-04-16 16:13:15
31889,23061031,Pooja Sharma,23061031@college.edu,IT,8,2026-04-16 16:13:15
31896,23070245,Rahul Jain,23070245@college.edu,ME,7,2026-04-16 16:13:15
31901,23061002,Aman Joshi,23061002@college.edu,CSE,1,2026-04-16 16:13:15
31902,23066883,Ishaan Ghosh,23066883@college.edu,EEE,6,2026-04-16 16:13:15
31906,23057388,Vivaan Joshi,23057388@college.edu,CSE,6,2026-04-16 16:13:15
31916,23058190,Sai Verma,23058190@college.edu,IT,1,2026-04-16 16:13:15
31920,23076038,Vivaan Iyer,23076038@college.edu,IT,8,2026-04-16 16:13:15
31922,23078522,Kavya Gupta,23078522@college.edu,CSE,1,2026-04-16 16:13:15
31927,23056563,Aman Dubey,23056563@college.edu,ME,5,2026-04-16 16:13:15
31930,23051135,Kunal Kapoor,23051135@college.edu,ECE,2,2026-04-16 16:13:15
31933,23063656,Meera Sinha,23063656@college.edu,EEE,4,2026-04-16 16:13:15
31935,23076558,Pooja Rao,23076558@college.edu,ME,6,2026-04-16 16:13:15
31938,23077919,Aditya Agarwal,23077919@college.edu,EEE,7,2026-04-16 16:13:15
31942,23052467,Meera Nair,23052467@college.edu,CSE,1,2026-04-16 16:13:15
31946,23072326,Aman Agarwal,23072326@college.edu,ME,7,2026-04-16 16:13:15
31949,23063617,Nikhil Sharma,23063617@college.edu,EEE,8,2026-04-16 16:13:15
31951,23060293,Meera Pandey,23060293@college.edu,CSE,6,2026-04-16 16:13:15
31952,23067450,Harsh Agarwal,23067450@college.edu,EEE,5,2026-04-16 16:13:15
31955,23054065,Meera Mehta,23054065@college.edu,IT,1,2026-04-16 16:13:15
31956,23074232,Sai Joshi,23074232@college.edu,EEE,1,2026-04-16 16:13:15
31958,23066538,Ritesh Bansal,23066538@college.edu,EEE,6,2026-04-16 16:13:15
31965,23050717,Ritesh Pandey,23050717@college.edu,ECE,2,2026-04-16 16:13:15
31972,23062221,Siddharth Pandey,23062221@college.edu,IT,3,2026-04-16 16:13:15
31973,23052237,Priya Rao,23052237@college.edu,IT,7,2026-04-16 16:13:15
31974,23062151,Krishna Pandey,23062151@college.edu,ME,8,2026-04-16 16:13:15
31977,23065182,Vivaan Patel,23065182@college.edu,EEE,4,2026-04-16 16:13:15
31980,23055787,Nikhil Khanna,23055787@college.edu,ECE,7,2026-04-16 16:13:15
31984,23065554,Ananya Agarwal,23065554@college.edu,ME,1,2026-04-16 16:13:15
31988,23069271,Vivaan Rao,23069271@college.edu,EEE,1,2026-04-16 16:13:15
31990,23070211,Arjun Gupta,23070211@college.edu,CSE,6,2026-04-16 16:13:15
31995,23068048,Harsh Pandey,23068048@college.edu,IT,6,2026-04-16 16:13:15
31997,23079722,Aarav Rao,23079722@college.edu,IT,5,2026-04-16 16:13:15
32011,23077965,Manav Dubey,23077965@college.edu,ECE,1,2026-04-16 16:13:15
32016,23057825,Ritika Khanna,23057825@college.edu,EEE,7,2026-04-16 16:13:15
32018,23076347,Ritika Reddy,23076347@college.edu,IT,7,2026-04-16 16:13:15
32019,23064148,Harsh Sharma,23064148@college.edu,IT,8,2026-04-16 16:13:15
32021,23077804,Kavya Jain,23077804@college.edu,IT,3,2026-04-16 16:13:15
32022,23055466,Aditya Bansal,23055466@college.edu,IT,7,2026-04-16 16:13:15
32031,23052780,Rahul Choudhary,23052780@college.edu,CSE,4,2026-04-16 16:13:15
32032,23071962,Siddharth Verma,23071962@college.edu,ME,5,2026-04-16 16:13:15
32033,23076135,Siddharth Sharma,23076135@college.edu,CSE,5,2026-04-16 16:13:15
32035,23075478,Siddharth Khanna,23075478@college.edu,ECE,7,2026-04-16 16:13:15
32037,23058540,Tanmay Ghosh,23058540@college.edu,EEE,6,2026-04-16 16:13:15
32038,23058499,Priya Bansal,23058499@college.edu,IT,4,2026-04-16 16:13:15
32043,23050357,Ananya Nair,23050357@college.edu,ECE,2,2026-04-16 16:13:15
32048,23076932,Siddharth Mehta,23076932@college.edu,EEE,2,2026-04-16 16:13:15
32053,23054232,Yash Joshi,23054232@college.edu,ME,6,2026-04-16 16:13:15
32056,23051260,Dev Ghosh,23051260@college.edu,IT,8,2026-04-16 16:13:15
32061,23061009,Diya Joshi,23061009@college.edu,ME,4,2026-04-16 16:13:15
32062,23078734,Priya Joshi,23078734@college.edu,ME,1,2026-04-16 16:13:15
32063,23054707,Sai Choudhary,23054707@college.edu,IT,8,2026-04-16 16:13:15
32070,23051315,Meera Menon,23051315@college.edu,CSE,5,2026-04-16 16:13:15
32071,23053976,Priya Menon,23053976@college.edu,EEE,5,2026-04-16 16:13:15
32078,23051556,Ishaan Verma,23051556@college.edu,EEE,1,2026-04-16 16:13:15
32079,23051784,Kunal Agarwal,23051784@college.edu,CSE,4,2026-04-16 16:13:15
32080,23050662,Aditya Rao,23050662@college.edu,ECE,1,2026-04-16 16:13:15
32084,23050282,Aman Ghosh,23050282@college.edu,ME,5,2026-04-16 16:13:15
32086,23055437,Neha Kapoor,23055437@college.edu,IT,1,2026-04-16 16:13:15
32092,23079866,Meera Verma,23079866@college.edu,EEE,1,2026-04-16 16:13:15
32096,23056570,Dev Patel,23056570@college.edu,IT,2,2026-04-16 16:13:15
32101,23062936,Ishaan Thakur,23062936@college.edu,IT,7,2026-04-16 16:13:15
32106,23070588,Ritika Dubey,23070588@college.edu,ME,2,2026-04-16 16:13:15
32109,23075055,Dev Dubey,23075055@college.edu,IT,2,2026-04-16 16:13:15
32119,23063218,Aman Khanna,23063218@college.edu,ECE,6,2026-04-16 16:13:15
32134,23074869,Priya Khanna,23074869@college.edu,IT,1,2026-04-16 16:13:15
32137,23065646,Mohit Gupta,23065646@college.edu,EEE,3,2026-04-16 16:13:15
32140,23074486,Priya Jain,23074486@college.edu,ECE,4,2026-04-16 16:13:15
32142,23063935,Diya Sinha,23063935@college.edu,IT,8,2026-04-16 16:13:15
32143,23066995,Siddharth Gupta,23066995@college.edu,ME,3,2026-04-16 16:13:15
32155,23068458,Tanmay Jain,23068458@college.edu,CSE,4,2026-04-16 16:13:15
32164,23050007,Aarav Verma,23050007@college.edu,IT,4,2026-04-16 16:13:15
32170,23051452,Dev Thakur,23051452@college.edu,EEE,2,2026-04-16 16:13:15
32174,23052898,Priya Dubey,23052898@college.edu,ECE,6,2026-04-16 16:13:15
32176,23072746,Harsh Verma,23072746@college.edu,ECE,8,2026-04-16 16:13:15
32191,23062480,Tanmay Patel,23062480@college.edu,ECE,6,2026-04-16 16:13:15
32197,23056955,Aditi Kapoor,23056955@college.edu,CSE,5,2026-04-16 16:13:15
32205,23070422,Siddharth Pandey,23070422@college.edu,ECE,5,2026-04-16 16:13:15
32209,23073345,Ishaan Menon,23073345@college.edu,EEE,8,2026-04-16 16:13:15
32214,23079756,Sneha Kapoor,23079756@college.edu,ECE,6,2026-04-16 16:13:15
32221,23051168,Aditi Jain,23051168@college.edu,EEE,1,2026-04-16 16:13:15
32228,23073339,Harsh Pandey,23073339@college.edu,IT,2,2026-04-16 16:13:15
32240,23053106,Manav Patel,23053106@college.edu,CSE,5,2026-04-16 16:13:15
32243,23069813,Mohit Gupta,23069813@college.edu,EEE,4,2026-04-16 16:13:15
32246,23058044,Aarav Kapoor,23058044@college.edu,EEE,8,2026-04-16 16:13:15
32266,23073035,Tanmay Menon,23073035@college.edu,CSE,7,2026-04-16 16:13:15
32267,23059084,Rohan Reddy,23059084@college.edu,CSE,3,2026-04-16 16:13:15
32269,23056129,Yash Iyer,23056129@college.edu,ME,3,2026-04-16 16:13:15
32274,23058704,Deepak Pandey,23058704@college.edu,IT,3,2026-04-16 16:13:15
32281,23079913,Ananya Jain,23079913@college.edu,EEE,8,2026-04-16 16:13:15
32282,23060372,Priya Ghosh,23060372@college.edu,ME,5,2026-04-16 16:13:15
32288,23074085,Varun Thakur,23074085@college.edu,IT,4,2026-04-16 16:13:15
32293,23051427,Ritesh Kapoor,23051427@college.edu,CSE,5,2026-04-16 16:13:15
32297,23058463,Ananya Joshi,23058463@college.edu,EEE,4,2026-04-16 16:13:15
32298,23060040,Kunal Agarwal,23060040@college.edu,ME,4,2026-04-16 16:13:15
32299,23061499,Mohit Menon,23061499@college.edu,ECE,6,2026-04-16 16:13:15
32300,23068839,Mohit Khanna,23068839@college.edu,ME,5,2026-04-16 16:13:15
32303,23079491,Siddharth Joshi,23079491@college.edu,ECE,3,2026-04-16 16:13:15
32306,23055289,Manav Bansal,23055289@college.edu,CSE,2,2026-04-16 16:13:15
32319,23059507,Diya Ghosh,23059507@college.edu,IT,3,2026-04-16 16:13:15
32320,23065553,Meera Sinha,23065553@college.edu,EEE,8,2026-04-16 16:13:15
32355,23067429,Nikhil Sharma,23067429@college.edu,ME,2,2026-04-16 16:13:15
32359,23059350,Nikhil Reddy,23059350@college.edu,CSE,3,2026-04-16 16:13:15
32365,23057184,Dev Sharma,23057184@college.edu,ECE,8,2026-04-16 16:13:15
32371,23052988,Harsh Mehta,23052988@college.edu,EEE,6,2026-04-16 16:13:15
32373,23061749,Pooja Rao,23061749@college.edu,CSE,2,2026-04-16 16:13:15
32374,23065214,Diya Patel,23065214@college.edu,ECE,6,2026-04-16 16:13:15
32379,23053167,Aditi Verma,23053167@college.edu,ECE,8,2026-04-16 16:13:15
32380,23062797,Rohan Pandey,23062797@college.edu,ME,8,2026-04-16 16:13:15
32392,23070633,Manav Pandey,23070633@college.edu,ECE,8,2026-04-16 16:13:15
32394,23052454,Ananya Das,23052454@college.edu,EEE,1,2026-04-16 16:13:15
32405,23065620,Aditya Ghosh,23065620@college.edu,ME,1,2026-04-16 16:13:15
32410,23070900,Ritika Choudhary,23070900@college.edu,EEE,8,2026-04-16 16:13:15
32414,23053574,Siddharth Nair,23053574@college.edu,ME,4,2026-04-16 16:13:15
32417,23077771,Pooja Thakur,23077771@college.edu,EEE,6,2026-04-16 16:13:15
32420,23078718,Arjun Mehta,23078718@college.edu,CSE,2,2026-04-16 16:13:15
32423,23054311,Aditi Nair,23054311@college.edu,IT,2,2026-04-16 16:13:15
32425,23064322,Dev Joshi,23064322@college.edu,IT,5,2026-04-16 16:13:15
32432,23052281,Aman Sinha,23052281@college.edu,CSE,1,2026-04-16 16:13:15
32433,23068797,Rahul Reddy,23068797@college.edu,IT,4,2026-04-16 16:13:15
32434,23061718,Om Gupta,23061718@college.edu,CSE,5,2026-04-16 16:13:15
32435,23052764,Kunal Iyer,23052764@college.edu,EEE,3,2026-04-16 16:13:15
32439,23056598,Harsh Das,23056598@college.edu,ME,8,2026-04-16 16:13:15
32440,23077742,Siddharth Iyer,23077742@college.edu,ECE,7,2026-04-16 16:13:15
32454,23078759,Neha Das,23078759@college.edu,EEE,7,2026-04-16 16:13:15
32457,23062398,Siddharth Menon,23062398@college.edu,ME,6,2026-04-16 16:13:15
32472,23062868,Yash Thakur,23062868@college.edu,ME,4,2026-04-16 16:13:15
32479,23079940,Dev Khanna,23079940@college.edu,ME,3,2026-04-16 16:13:15
32490,23068857,Varun Das,23068857@college.edu,ME,1,2026-04-16 16:13:15
32494,23068552,Manav Mehta,23068552@college.edu,ECE,1,2026-04-16 16:13:15
32508,23069213,Priya Kapoor,23069213@college.edu,CSE,8,2026-04-16 16:13:15
32509,23053070,Pooja Gupta,23053070@college.edu,ME,7,2026-04-16 16:13:15
32516,23072840,Aditi Reddy,23072840@college.edu,CSE,8,2026-04-16 16:13:15
32520,23057956,Krishna Ghosh,23057956@college.edu,IT,8,2026-04-16 16:13:15
32533,23072175,Aditi Reddy,23072175@college.edu,IT,4,2026-04-16 16:13:15
32542,23063323,Krishna Sharma,23063323@college.edu,ME,2,2026-04-16 16:13:15
32547,23055887,Ishaan Patel,23055887@college.edu,IT,6,2026-04-16 16:13:15
32549,23065309,Kavya Thakur,23065309@college.edu,ECE,3,2026-04-16 16:13:15
32553,23069638,Arjun Verma,23069638@college.edu,ECE,5,2026-04-16 16:13:15
32557,23065119,Rohan Reddy,23065119@college.edu,IT,8,2026-04-16 16:13:15
32558,23055130,Aditi Mehta,23055130@college.edu,EEE,1,2026-04-16 16:13:15
32560,23070575,Neha Pandey,23070575@college.edu,CSE,6,2026-04-16 16:13:15
32562,23071555,Arjun Iyer,23071555@college.edu,ECE,5,2026-04-16 16:13:15
32563,23057119,Om Bansal,23057119@college.edu,EEE,8,2026-04-16 16:13:15
32567,23053894,Meera Nair,23053894@college.edu,ME,1,2026-04-16 16:13:15
32570,23075554,Varun Thakur,23075554@college.edu,ME,4,2026-04-16 16:13:15
32580,23070447,Rohan Jain,23070447@college.edu,IT,5,2026-04-16 16:13:15
32591,23068176,Rohan Iyer,23068176@college.edu,IT,6,2026-04-16 16:13:15
32596,23057863,Krishna Menon,23057863@college.edu,EEE,1,2026-04-16 16:13:15
32600,23075123,Yash Sinha,23075123@college.edu,EEE,8,2026-04-16 16:13:15
32602,23066981,Mohit Reddy,23066981@college.edu,IT,8,2026-04-16 16:13:15
32611,23054344,Ritika Khanna,23054344@college.edu,ME,3,2026-04-16 16:13:15
32617,23069289,Ritesh Iyer,23069289@college.edu,EEE,6,2026-04-16 16:13:15
32623,23050685,Arjun Nair,23050685@college.edu,CSE,4,2026-04-16 16:13:15
32627,23058384,Sneha Patel,23058384@college.edu,EEE,8,2026-04-16 16:13:15
32630,23070957,Kavya Jain,23070957@college.edu,IT,8,2026-04-16 16:13:15
32631,23066319,Om Jain,23066319@college.edu,ECE,2,2026-04-16 16:13:15
32633,23071477,Tanmay Sinha,23071477@college.edu,CSE,8,2026-04-16 16:13:15
32637,23079791,Aarav Thakur,23079791@college.edu,ME,8,2026-04-16 16:13:15
32641,23062810,Nikhil Dubey,23062810@college.edu,CSE,5,2026-04-16 16:13:15
32644,23058610,Kunal Dubey,23058610@college.edu,EEE,7,2026-04-16 16:13:15
32648,23060320,Vivaan Verma,23060320@college.edu,ME,2,2026-04-16 16:13:15
32652,23056406,Tanmay Bansal,23056406@college.edu,ME,5,2026-04-16 16:13:15
32655,23071432,Varun Nair,23071432@college.edu,ME,3,2026-04-16 16:13:15
32658,23057691,Rohan Reddy,23057691@college.edu,EEE,7,2026-04-16 16:13:15
32662,23079531,Sneha Sinha,23079531@college.edu,ME,4,2026-04-16 16:13:15
32663,23075222,Kavya Menon,23075222@college.edu,ECE,5,2026-04-16 16:13:15
32664,23068278,Harsh Kapoor,23068278@college.edu,CSE,5,2026-04-16 16:13:15
32675,23072116,Manav Reddy,23072116@college.edu,IT,1,2026-04-16 16:13:15
32678,23056572,Manav Iyer,23056572@college.edu,IT,7,2026-04-16 16:13:15
32682,23064429,Kavya Pandey,23064429@college.edu,CSE,7,2026-04-16 16:13:15
32683,23051091,Kunal Menon,23051091@college.edu,IT,4,2026-04-16 16:13:15
32684,23071446,Arjun Bansal,23071446@college.edu,IT,4,2026-04-16 16:13:15
32686,23079500,Manav Joshi,23079500@college.edu,ME,3,2026-04-16 16:13:15
32692,23074390,Diya Choudhary,23074390@college.edu,ECE,1,2026-04-16 16:13:15
32693,23050891,Om Agarwal,23050891@college.edu,EEE,1,2026-04-16 16:13:15
32694,23058494,Diya Jain,23058494@college.edu,CSE,6,2026-04-16 16:13:15
32695,23057792,Manav Sharma,23057792@college.edu,CSE,8,2026-04-16 16:13:15
32697,23052223,Ananya Thakur,23052223@college.edu,ECE,4,2026-04-16 16:13:15
32701,23078774,Meera Sinha,23078774@college.edu,IT,4,2026-04-16 16:13:15
32704,23052864,Kunal Sinha,23052864@college.edu,ECE,5,2026-04-16 16:13:15
32706,23063887,Krishna Reddy,23063887@college.edu,ME,8,2026-04-16 16:13:15
32709,23070747,Aarav Verma,23070747@college.edu,IT,1,2026-04-16 16:13:15
32713,23072806,Arjun Sharma,23072806@college.edu,ME,6,2026-04-16 16:13:15
32721,23075040,Meera Reddy,23075040@college.edu,ECE,3,2026-04-16 16:13:15
32722,23064454,Rahul Rao,23064454@college.edu,CSE,4,2026-04-16 16:13:15
32734,23062028,Aditi Mehta,23062028@college.edu,IT,6,2026-04-16 16:13:15
32736,23063421,Priya Pandey,23063421@college.edu,CSE,3,2026-04-16 16:13:15
32742,23060715,Tanmay Menon,23060715@college.edu,EEE,1,2026-04-16 16:13:15
32749,23055650,Varun Khanna,23055650@college.edu,ECE,3,2026-04-16 16:13:15
32751,23076880,Sai Kapoor,23076880@college.edu,CSE,7,2026-04-16 16:13:15
32752,23050511,Arjun Nair,23050511@college.edu,EEE,6,2026-04-16 16:13:15
32754,23068613,Aman Agarwal,23068613@college.edu,IT,4,2026-04-16 16:13:15
32761,23058414,Diya Verma,23058414@college.edu,ECE,5,2026-04-16 16:13:15
32764,23058257,Kunal Pandey,23058257@college.edu,EEE,1,2026-04-16 16:13:15
32768,23065996,Ananya Gupta,23065996@college.edu,EEE,2,2026-04-16 16:13:15
32780,23076416,Aditi Verma,23076416@college.edu,IT,3,2026-04-16 16:13:15
32781,23078458,Krishna Pandey,23078458@college.edu,CSE,8,2026-04-16 16:13:15
32789,23070222,Aarav Menon,23070222@college.edu,ECE,7,2026-04-16 16:13:15
32793,23053948,Yash Reddy,23053948@college.edu,CSE,2,2026-04-16 16:13:15
32800,23061599,Varun Choudhary,23061599@college.edu,CSE,7,2026-04-16 16:13:15
32815,23067223,Ritika Sharma,23067223@college.edu,ME,2,2026-04-16 16:13:15
32820,23059583,Rohan Das,23059583@college.edu,CSE,6,2026-04-16 16:13:15
32825,23067192,Kavya Joshi,23067192@college.edu,EEE,5,2026-04-16 16:13:15
32828,23057254,Ritika Jain,23057254@college.edu,CSE,3,2026-04-16 16:13:15
32830,23067059,Krishna Thakur,23067059@college.edu,IT,4,2026-04-16 16:13:15
32832,23076418,Pooja Choudhary,23076418@college.edu,EEE,2,2026-04-16 16:13:15
32834,23065589,Kavya Reddy,23065589@college.edu,EEE,7,2026-04-16 16:13:15
32837,23073912,Nikhil Patel,23073912@college.edu,ME,1,2026-04-16 16:13:15
32856,23051759,Sneha Patel,23051759@college.edu,CSE,2,2026-04-16 16:13:15
32857,23079465,Aarav Ghosh,23079465@college.edu,ME,6,2026-04-16 16:13:15
32859,23076462,Kunal Kapoor,23076462@college.edu,ME,6,2026-04-16 16:13:15
32864,23076221,Diya Reddy,23076221@college.edu,CSE,6,2026-04-16 16:13:15
32869,23071172,Tanmay Reddy,23071172@college.edu,CSE,6,2026-04-16 16:13:15
32879,23077015,Aditi Ghosh,23077015@college.edu,ME,3,2026-04-16 16:13:15
32890,23079237,Siddharth Jain,23079237@college.edu,EEE,4,2026-04-16 16:13:15
32891,23078916,Rohan Mehta,23078916@college.edu,EEE,5,2026-04-16 16:13:15
32892,23059934,Nikhil Pandey,23059934@college.edu,CSE,4,2026-04-16 16:13:15
32898,23075759,Ritika Pandey,23075759@college.edu,ME,5,2026-04-16 16:13:15
32900,23071574,Yash Joshi,23071574@college.edu,ME,8,2026-04-16 16:13:15
32902,23075469,Ishaan Mehta,23075469@college.edu,ME,8,2026-04-16 16:13:15
32904,23056914,Nikhil Sharma,23056914@college.edu,CSE,8,2026-04-16 16:13:15
32905,23079930,Dev Ghosh,23079930@college.edu,ME,5,2026-04-16 16:13:15
32913,23063622,Krishna Joshi,23063622@college.edu,ME,2,2026-04-16 16:13:15
32916,23078964,Ritesh Joshi,23078964@college.edu,ME,7,2026-04-16 16:13:15
32923,23074178,Harsh Khanna,23074178@college.edu,ME,7,2026-04-16 16:13:15
32927,23050814,Deepak Choudhary,23050814@college.edu,CSE,5,2026-04-16 16:13:15
32937,23053052,Ritika Dubey,23053052@college.edu,IT,3,2026-04-16 16:13:15
32940,23053469,Varun Menon,23053469@college.edu,ME,2,2026-04-16 16:13:15
32942,23052672,Ritika Thakur,23052672@college.edu,ME,5,2026-04-16 16:13:15
32943,23057424,Neha Kapoor,23057424@college.edu,ECE,3,2026-04-16 16:13:15
32945,23063737,Om Verma,23063737@college.edu,EEE,3,2026-04-16 16:13:15
32947,23073243,Harsh Kapoor,23073243@college.edu,ECE,6,2026-04-16 16:13:15
32952,23057529,Deepak Choudhary,23057529@college.edu,IT,2,2026-04-16 16:13:15
32953,23060852,Rahul Nair,23060852@college.edu,ECE,1,2026-04-16 16:13:15
32960,23065367,Vivaan Jain,23065367@college.edu,EEE,8,2026-04-16 16:13:15
32968,23050185,Neha Rao,23050185@college.edu,IT,1,2026-04-16 16:13:15
32969,23050635,Sneha Verma,23050635@college.edu,ME,6,2026-04-16 16:13:15
32973,23052533,Krishna Dubey,23052533@college.edu,ECE,2,2026-04-16 16:13:15
32978,23063074,Deepak Iyer,23063074@college.edu,EEE,4,2026-04-16 16:13:15
32993,23072163,Nikhil Iyer,23072163@college.edu,EEE,5,2026-04-16 16:13:15
32997,23063411,Deepak Nair,23063411@college.edu,CSE,1,2026-04-16 16:13:15
33001,23052242,Priya Nair,23052242@college.edu,ME,7,2026-04-16 16:13:15
33012,23077694,Ritesh Khanna,23077694@college.edu,EEE,3,2026-04-16 16:13:15
33013,23067474,Nikhil Bansal,23067474@college.edu,EEE,1,2026-04-16 16:13:15
33014,23061853,Manav Rao,23061853@college.edu,EEE,3,2026-04-16 16:13:15
33015,23057396,Dev Rao,23057396@college.edu,ECE,8,2026-04-16 16:13:15
33017,23077642,Aman Choudhary,23077642@college.edu,CSE,8,2026-04-16 16:13:15
33021,23052488,Deepak Bansal,23052488@college.edu,IT,7,2026-04-16 16:13:15
33023,23078134,Rahul Pandey,23078134@college.edu,ECE,7,2026-04-16 16:13:15
33024,23066072,Varun Gupta,23066072@college.edu,IT,5,2026-04-16 16:13:15
33025,23051156,Rohan Jain,23051156@college.edu,IT,7,2026-04-16 16:13:15
33038,23056722,Meera Bansal,23056722@college.edu,EEE,3,2026-04-16 16:13:15
33045,23064415,Neha Choudhary,23064415@college.edu,IT,7,2026-04-16 16:13:15
33047,23051019,Om Bansal,23051019@college.edu,EEE,4,2026-04-16 16:13:15
33048,23068112,Ritika Das,23068112@college.edu,EEE,8,2026-04-16 16:13:15
33053,23076228,Nikhil Mehta,23076228@college.edu,CSE,4,2026-04-16 16:13:15
33055,23054625,Sai Joshi,23054625@college.edu,EEE,5,2026-04-16 16:13:15
33070,23061566,Yash Nair,23061566@college.edu,CSE,6,2026-04-16 16:13:15
33073,23053595,Vivaan Sinha,23053595@college.edu,EEE,3,2026-04-16 16:13:15
33080,23064730,Sneha Gupta,23064730@college.edu,ECE,5,2026-04-16 16:13:15
33081,23068046,Mohit Jain,23068046@college.edu,ECE,8,2026-04-16 16:13:15
33087,23064896,Vivaan Reddy,23064896@college.edu,IT,2,2026-04-16 16:13:15
33096,23053912,Aditya Choudhary,23053912@college.edu,IT,4,2026-04-16 16:13:15
33101,23069652,Manav Iyer,23069652@college.edu,EEE,4,2026-04-16 16:13:15
33102,23058575,Arjun Sinha,23058575@college.edu,IT,5,2026-04-16 16:13:15
33105,23050380,Siddharth Sinha,23050380@college.edu,CSE,6,2026-04-16 16:13:15
33106,23071848,Kunal Khanna,23071848@college.edu,CSE,7,2026-04-16 16:13:15
33138,23067871,Aman Jain,23067871@college.edu,IT,1,2026-04-16 16:13:15
33139,23079931,Ishaan Mehta,23079931@college.edu,ECE,4,2026-04-16 16:13:15
33142,23051193,Rahul Patel,23051193@college.edu,IT,1,2026-04-16 16:13:15
33152,23066214,Om Bansal,23066214@college.edu,ME,5,2026-04-16 16:13:15
33170,23079058,Dev Nair,23079058@college.edu,IT,2,2026-04-16 16:13:15
33172,23055876,Aman Dubey,23055876@college.edu,ECE,2,2026-04-16 16:13:15
33201,23073753,Yash Ghosh,23073753@college.edu,ECE,5,2026-04-16 16:13:15
33206,23076830,Rohan Das,23076830@college.edu,ECE,2,2026-04-16 16:13:15
33212,23065680,Harsh Agarwal,23065680@college.edu,CSE,7,2026-04-16 16:13:15
33216,23055771,Nikhil Bansal,23055771@college.edu,ME,3,2026-04-16 16:13:15
33219,23059463,Sai Menon,23059463@college.edu,ECE,8,2026-04-16 16:13:15
33224,23067617,Sneha Menon,23067617@college.edu,ECE,1,2026-04-16 16:13:15
33226,23070687,Aman Nair,23070687@college.edu,EEE,3,2026-04-16 16:13:15
33227,23055749,Arjun Menon,23055749@college.edu,CSE,6,2026-04-16 16:13:15
33235,23053311,Vivaan Sinha,23053311@college.edu,IT,3,2026-04-16 16:13:15
33236,23051337,Aditya Iyer,23051337@college.edu,IT,6,2026-04-16 16:13:15
33237,23056411,Deepak Joshi,23056411@college.edu,ME,5,2026-04-16 16:13:15
33240,23069028,Manav Kapoor,23069028@college.edu,ECE,8,2026-04-16 16:13:15
33244,23069754,Tanmay Thakur,23069754@college.edu,CSE,4,2026-04-16 16:13:15
33246,23063725,Priya Thakur,23063725@college.edu,CSE,5,2026-04-16 16:13:15
33248,23068076,Kunal Sharma,23068076@college.edu,EEE,4,2026-04-16 16:13:15
33264,23062284,Neha Menon,23062284@college.edu,IT,5,2026-04-16 16:13:15
33267,23077565,Dev Patel,23077565@college.edu,ME,7,2026-04-16 16:13:15
33268,23066610,Diya Menon,23066610@college.edu,ECE,2,2026-04-16 16:13:15
33279,23052410,Ritesh Joshi,23052410@college.edu,IT,2,2026-04-16 16:13:15
33284,23073886,Arjun Jain,23073886@college.edu,CSE,6,2026-04-16 16:13:15
33287,23076134,Om Jain,23076134@college.edu,EEE,6,2026-04-16 16:13:15
33302,23062241,Diya Sharma,23062241@college.edu,ECE,3,2026-04-16 16:13:15
33304,23078231,Diya Menon,23078231@college.edu,ECE,2,2026-04-16 16:13:15
33305,23068816,Ritika Choudhary,23068816@college.edu,IT,3,2026-04-16 16:13:15
33307,23053033,Manav Verma,23053033@college.edu,EEE,5,2026-04-16 16:13:15
33313,23053621,Vivaan Dubey,23053621@college.edu,CSE,6,2026-04-16 16:13:15
33319,23063359,Deepak Iyer,23063359@college.edu,EEE,7,2026-04-16 16:13:15
33332,23077560,Deepak Joshi,23077560@college.edu,ME,4,2026-04-16 16:13:15
33335,23072607,Aman Pandey,23072607@college.edu,ME,7,2026-04-16 16:13:15
33336,23062955,Deepak Verma,23062955@college.edu,ECE,5,2026-04-16 16:13:15
33339,23066508,Arjun Bansal,23066508@college.edu,IT,4,2026-04-16 16:13:15
33349,23074906,Vivaan Khanna,23074906@college.edu,IT,7,2026-04-16 16:13:15
33350,23065625,Ritesh Thakur,23065625@college.edu,CSE,4,2026-04-16 16:13:15
33351,23063659,Om Ghosh,23063659@college.edu,ECE,3,2026-04-16 16:13:15
33352,23058676,Dev Mehta,23058676@college.edu,EEE,1,2026-04-16 16:13:15
33358,23068159,Ritesh Bansal,23068159@college.edu,ME,5,2026-04-16 16:13:15
33360,23070124,Om Pandey,23070124@college.edu,EEE,8,2026-04-16 16:13:15
33369,23062369,Aditi Joshi,23062369@college.edu,CSE,3,2026-04-16 16:13:15
33372,23065603,Tanmay Thakur,23065603@college.edu,EEE,1,2026-04-16 16:13:15
33384,23064523,Aditi Sharma,23064523@college.edu,IT,4,2026-04-16 16:13:15
33385,23078113,Kavya Pandey,23078113@college.edu,EEE,5,2026-04-16 16:13:15
33387,23062830,Sai Reddy,23062830@college.edu,ECE,8,2026-04-16 16:13:15
33393,23064644,Tanmay Mehta,23064644@college.edu,ECE,1,2026-04-16 16:13:15
33395,23078054,Yash Kapoor,23078054@college.edu,ME,5,2026-04-16 16:13:15
33403,23072316,Sneha Nair,23072316@college.edu,IT,5,2026-04-16 16:13:15
33414,23060735,Ishaan Choudhary,23060735@college.edu,EEE,4,2026-04-16 16:13:15
33419,23079349,Mohit Reddy,23079349@college.edu,ME,4,2026-04-16 16:13:15
33423,23063269,Aditya Ghosh,23063269@college.edu,IT,3,2026-04-16 16:13:15
33425,23063730,Vivaan Sharma,23063730@college.edu,CSE,7,2026-04-16 16:13:15
33434,23054811,Harsh Verma,23054811@college.edu,ME,4,2026-04-16 16:13:15
33438,23070928,Ishaan Bansal,23070928@college.edu,ECE,1,2026-04-16 16:13:15
33441,23053218,Harsh Reddy,23053218@college.edu,CSE,6,2026-04-16 16:13:15
33442,23073089,Deepak Mehta,23073089@college.edu,ECE,3,2026-04-16 16:13:15
33443,23060848,Yash Agarwal,23060848@college.edu,ECE,2,2026-04-16 16:13:15
33445,23078616,Aarav Iyer,23078616@college.edu,EEE,6,2026-04-16 16:13:15
33455,23052873,Priya Agarwal,23052873@college.edu,CSE,7,2026-04-16 16:13:15
33463,23051751,Yash Sinha,23051751@college.edu,IT,1,2026-04-16 16:13:15
33474,23061984,Ishaan Rao,23061984@college.edu,ME,3,2026-04-16 16:13:15
33475,23072585,Kavya Dubey,23072585@college.edu,ECE,2,2026-04-16 16:13:15
33476,23057266,Siddharth Khanna,23057266@college.edu,ME,1,2026-04-16 16:13:15
33477,23058887,Priya Nair,23058887@college.edu,ECE,3,2026-04-16 16:13:15
33482,23073515,Yash Agarwal,23073515@college.edu,ME,6,2026-04-16 16:13:15
33488,23053224,Dev Verma,23053224@college.edu,IT,4,2026-04-16 16:13:15
33489,23058973,Tanmay Gupta,23058973@college.edu,CSE,7,2026-04-16 16:13:15
33490,23052702,Rohan Reddy,23052702@college.edu,ECE,5,2026-04-16 16:13:15
33496,23074134,Sneha Iyer,23074134@college.edu,EEE,1,2026-04-16 16:13:15
33510,23075880,Krishna Gupta,23075880@college.edu,IT,5,2026-04-16 16:13:15
33534,23056851,Nikhil Bansal,23056851@college.edu,IT,8,2026-04-16 16:13:15
33542,23079533,Dev Reddy,23079533@college.edu,EEE,4,2026-04-16 16:13:15
33547,23062169,Krishna Reddy,23062169@college.edu,ECE,3,2026-04-16 16:13:15
33553,23071454,Ritika Patel,23071454@college.edu,ECE,1,2026-04-16 16:13:15
33555,23071156,Aarav Menon,23071156@college.edu,ECE,2,2026-04-16 16:13:15
33558,23074671,Om Agarwal,23074671@college.edu,ME,6,2026-04-16 16:13:15
33563,23078973,Kavya Pandey,23078973@college.edu,ME,4,2026-04-16 16:13:15
33565,23060253,Neha Khanna,23060253@college.edu,ME,2,2026-04-16 16:13:15
33571,23075412,Kavya Ghosh,23075412@college.edu,ME,8,2026-04-16 16:13:15
33574,23076840,Ritika Sinha,23076840@college.edu,EEE,7,2026-04-16 16:13:15
33577,23067643,Mohit Rao,23067643@college.edu,EEE,7,2026-04-16 16:13:15
33579,23065135,Ritika Choudhary,23065135@college.edu,ECE,5,2026-04-16 16:13:15
33585,23071607,Ananya Jain,23071607@college.edu,ECE,3,2026-04-16 16:13:15
33602,23077646,Pooja Verma,23077646@college.edu,IT,8,2026-04-16 16:13:15
33604,23070106,Tanmay Thakur,23070106@college.edu,IT,6,2026-04-16 16:13:15
33606,23057919,Harsh Ghosh,23057919@college.edu,EEE,2,2026-04-16 16:13:15
33609,23065128,Sai Menon,23065128@college.edu,ECE,2,2026-04-16 16:13:15
33621,23064579,Kunal Choudhary,23064579@college.edu,ECE,8,2026-04-16 16:13:15
33624,23051699,Aditi Nair,23051699@college.edu,EEE,2,2026-04-16 16:13:15
33630,23067381,Yash Joshi,23067381@college.edu,ECE,2,2026-04-16 16:13:15
33638,23054637,Tanmay Choudhary,23054637@college.edu,ME,4,2026-04-16 16:13:15
33639,23076323,Aman Choudhary,23076323@college.edu,ME,7,2026-04-16 16:13:15
33640,23077825,Neha Pandey,23077825@college.edu,CSE,8,2026-04-16 16:13:15
33654,23069824,Sneha Sharma,23069824@college.edu,ECE,8,2026-04-16 16:13:15
33656,23079592,Om Choudhary,23079592@college.edu,CSE,5,2026-04-16 16:13:15
33657,23071231,Siddharth Kapoor,23071231@college.edu,EEE,3,2026-04-16 16:13:15
33660,23070572,Neha Sinha,23070572@college.edu,ECE,2,2026-04-16 16:13:15
33663,23076927,Diya Verma,23076927@college.edu,IT,5,2026-04-16 16:13:15
33668,23072851,Om Agarwal,23072851@college.edu,ECE,2,2026-04-16 16:13:15
33669,23051648,Neha Iyer,23051648@college.edu,ECE,5,2026-04-16 16:13:15
33670,23072919,Arjun Sinha,23072919@college.edu,IT,8,2026-04-16 16:13:15
33674,23077819,Sai Ghosh,23077819@college.edu,ECE,2,2026-04-16 16:13:15
33680,23053524,Priya Agarwal,23053524@college.edu,CSE,1,2026-04-16 16:13:15
33681,23058084,Rohan Rao,23058084@college.edu,EEE,7,2026-04-16 16:13:15
33688,23061873,Sneha Menon,23061873@college.edu,ECE,7,2026-04-16 16:13:15
33692,23051945,Kunal Choudhary,23051945@college.edu,EEE,7,2026-04-16 16:13:15
33694,23075993,Ritika Sharma,23075993@college.edu,ECE,2,2026-04-16 16:13:15
33701,23056985,Kavya Das,23056985@college.edu,ME,3,2026-04-16 16:13:15
33716,23070247,Yash Khanna,23070247@college.edu,ECE,7,2026-04-16 16:13:15
33720,23073495,Ishaan Ghosh,23073495@college.edu,EEE,1,2026-04-16 16:13:15
33730,23068201,Nikhil Nair,23068201@college.edu,ECE,8,2026-04-16 16:13:15
33732,23070700,Rahul Patel,23070700@college.edu,CSE,8,2026-04-16 16:13:15
33733,23066941,Nikhil Agarwal,23066941@college.edu,EEE,8,2026-04-16 16:13:15
33734,23079116,Sai Menon,23079116@college.edu,ME,7,2026-04-16 16:13:15
33738,23074663,Aditya Khanna,23074663@college.edu,ECE,5,2026-04-16 16:13:15
33753,23061988,Sneha Pandey,23061988@college.edu,EEE,3,2026-04-16 16:13:15
33756,23056176,Arjun Ghosh,23056176@college.edu,IT,4,2026-04-16 16:13:15
33786,23074313,Varun Ghosh,23074313@college.edu,CSE,2,2026-04-16 16:13:15
33787,23071581,Sai Iyer,23071581@college.edu,EEE,4,2026-04-16 16:13:15
33790,23067840,Krishna Ghosh,23067840@college.edu,IT,3,2026-04-16 16:13:15
33794,23056290,Yash Pandey,23056290@college.edu,EEE,2,2026-04-16 16:13:15
33802,23058774,Pooja Bansal,23058774@college.edu,CSE,2,2026-04-16 16:13:15
33806,23074934,Siddharth Patel,23074934@college.edu,EEE,4,2026-04-16 16:13:15
33813,23060456,Arjun Menon,23060456@college.edu,ECE,3,2026-04-16 16:13:15
33814,23050908,Rahul Khanna,23050908@college.edu,ECE,8,2026-04-16 16:13:15
33816,23066378,Krishna Nair,23066378@college.edu,CSE,4,2026-04-16 16:13:15
33821,23055369,Diya Gupta,23055369@college.edu,EEE,4,2026-04-16 16:13:15
33826,23069343,Diya Mehta,23069343@college.edu,EEE,2,2026-04-16 16:13:15
33833,23070991,Kunal Nair,23070991@college.edu,CSE,3,2026-04-16 16:13:15
33834,23053461,Manav Choudhary,23053461@college.edu,CSE,3,2026-04-16 16:13:15
33838,23059611,Krishna Joshi,23059611@college.edu,ME,7,2026-04-16 16:13:15
33840,23072146,Tanmay Rao,23072146@college.edu,ECE,5,2026-04-16 16:13:15
33843,23079196,Varun Gupta,23079196@college.edu,ECE,6,2026-04-16 16:13:15
33846,23052650,Manav Agarwal,23052650@college.edu,CSE,4,2026-04-16 16:13:15
33847,23056602,Meera Reddy,23056602@college.edu,IT,7,2026-04-16 16:13:15
33854,23056648,Nikhil Mehta,23056648@college.edu,ECE,1,2026-04-16 16:13:15
33859,23056737,Nikhil Sinha,23056737@college.edu,EEE,3,2026-04-16 16:13:15
33862,23066268,Ishaan Gupta,23066268@college.edu,ME,8,2026-04-16 16:13:15
33875,23079270,Varun Kapoor,23079270@college.edu,EEE,7,2026-04-16 16:13:15
33876,23065103,Ishaan Sinha,23065103@college.edu,ME,6,2026-04-16 16:13:15
33884,23051457,Ishaan Patel,23051457@college.edu,IT,5,2026-04-16 16:13:15
33888,23076659,Meera Kapoor,23076659@college.edu,ECE,6,2026-04-16 16:13:15
33890,23072695,Manav Dubey,23072695@college.edu,ECE,4,2026-04-16 16:13:15
33893,23060619,Mohit Verma,23060619@college.edu,CSE,3,2026-04-16 16:13:15
33894,23060089,Ritika Ghosh,23060089@college.edu,CSE,5,2026-04-16 16:13:15
33898,23062658,Deepak Thakur,23062658@college.edu,ME,6,2026-04-16 16:13:15
33901,23066095,Sneha Sharma,23066095@college.edu,CSE,4,2026-04-16 16:13:15
33902,23052009,Sai Thakur,23052009@college.edu,IT,5,2026-04-16 16:13:15
33921,23053945,Nikhil Dubey,23053945@college.edu,ME,4,2026-04-16 16:13:15
33927,23056118,Arjun Nair,23056118@college.edu,ME,8,2026-04-16 16:13:15
33930,23069846,Ananya Das,23069846@college.edu,CSE,2,2026-04-16 16:13:15
33933,23075192,Ananya Rao,23075192@college.edu,IT,2,2026-04-16 16:13:15
33940,23057320,Tanmay Nair,23057320@college.edu,ME,1,2026-04-16 16:13:15
33943,23073824,Deepak Nair,23073824@college.edu,IT,2,2026-04-16 16:13:15
33945,23071460,Aditya Thakur,23071460@college.edu,IT,5,2026-04-16 16:13:15
33949,23056264,Nikhil Thakur,23056264@college.edu,CSE,6,2026-04-16 16:13:15
33955,23054482,Yash Jain,23054482@college.edu,ME,7,2026-04-16 16:13:15
33957,23062336,Tanmay Reddy,23062336@college.edu,EEE,5,2026-04-16 16:13:15
33964,23069555,Sneha Kapoor,23069555@college.edu,ECE,2,2026-04-16 16:13:15
33981,23065294,Pooja Jain,23065294@college.edu,EEE,8,2026-04-16 16:13:15
33994,23070806,Aman Ghosh,23070806@college.edu,ME,2,2026-04-16 16:13:15
33996,23073193,Arjun Bansal,23073193@college.edu,IT,2,2026-04-16 16:13:15
34000,23058552,Manav Mehta,23058552@college.edu,IT,8,2026-04-16 16:13:15
34002,23061275,Mohit Patel,23061275@college.edu,ME,5,2026-04-16 16:13:15
34006,23055297,Tanmay Bansal,23055297@college.edu,ECE,4,2026-04-16 16:13:15
34010,23067129,Meera Verma,23067129@college.edu,IT,7,2026-04-16 16:13:15
34016,23059370,Manav Sharma,23059370@college.edu,EEE,8,2026-04-16 16:13:15
34017,23077507,Manav Choudhary,23077507@college.edu,CSE,7,2026-04-16 16:13:15
34023,23079794,Ananya Rao,23079794@college.edu,EEE,4,2026-04-16 16:13:15
34030,23067708,Ritesh Agarwal,23067708@college.edu,CSE,8,2026-04-16 16:13:15
34036,23067603,Tanmay Kapoor,23067603@college.edu,ECE,2,2026-04-16 16:13:15
34037,23057992,Rohan Joshi,23057992@college.edu,ECE,3,2026-04-16 16:13:15
34038,23058228,Sai Khanna,23058228@college.edu,IT,5,2026-04-16 16:13:15
34042,23056932,Aman Rao,23056932@college.edu,EEE,5,2026-04-16 16:13:15
34049,23079612,Deepak Choudhary,23079612@college.edu,CSE,5,2026-04-16 16:13:15
34050,23050914,Mohit Agarwal,23050914@college.edu,ECE,6,2026-04-16 16:13:15
34053,23056752,Nikhil Joshi,23056752@college.edu,CSE,1,2026-04-16 16:13:15
34054,23073997,Ritesh Iyer,23073997@college.edu,CSE,7,2026-04-16 16:13:15
34055,23055953,Tanmay Sharma,23055953@college.edu,ECE,4,2026-04-16 16:13:15
34061,23071085,Harsh Das,23071085@college.edu,ECE,3,2026-04-16 16:13:15
34062,23061639,Priya Iyer,23061639@college.edu,ECE,1,2026-04-16 16:13:15
34064,23069030,Pooja Das,23069030@college.edu,EEE,1,2026-04-16 16:13:15
34073,23069046,Priya Dubey,23069046@college.edu,ME,1,2026-04-16 16:13:15
34076,23058378,Harsh Gupta,23058378@college.edu,EEE,6,2026-04-16 16:13:15
34080,23066077,Yash Iyer,23066077@college.edu,EEE,1,2026-04-16 16:13:15
34091,23075117,Aarav Patel,23075117@college.edu,ME,4,2026-04-16 16:13:15
34112,23077975,Yash Sharma,23077975@college.edu,ME,5,2026-04-16 16:13:15
34114,23066954,Krishna Rao,23066954@college.edu,EEE,8,2026-04-16 16:13:15
34119,23052238,Rohan Dubey,23052238@college.edu,CSE,5,2026-04-16 16:13:15
34120,23055830,Priya Nair,23055830@college.edu,ECE,5,2026-04-16 16:13:15
34131,23058418,Arjun Bansal,23058418@college.edu,ECE,1,2026-04-16 16:13:15
34135,23054967,Tanmay Khanna,23054967@college.edu,EEE,2,2026-04-16 16:13:15
34136,23072040,Rohan Iyer,23072040@college.edu,ME,1,2026-04-16 16:13:15
34137,23053640,Sai Ghosh,23053640@college.edu,IT,1,2026-04-16 16:13:15
34139,23078247,Kunal Das,23078247@college.edu,ECE,6,2026-04-16 16:13:15
34153,23067111,Diya Iyer,23067111@college.edu,CSE,1,2026-04-16 16:13:15
34157,23067569,Manav Ghosh,23067569@college.edu,ME,8,2026-04-16 16:13:15
34163,23078831,Ananya Choudhary,23078831@college.edu,ECE,8,2026-04-16 16:13:15
34170,23053155,Nikhil Sinha,23053155@college.edu,ME,7,2026-04-16 16:13:15
34172,23050515,Rahul Choudhary,23050515@college.edu,ME,6,2026-04-16 16:13:15
34174,23053855,Sneha Iyer,23053855@college.edu,ME,2,2026-04-16 16:13:15
34179,23050884,Rahul Agarwal,23050884@college.edu,ECE,2,2026-04-16 16:13:15
34184,23055341,Varun Patel,23055341@college.edu,CSE,6,2026-04-16 16:13:15
34185,23070725,Rohan Ghosh,23070725@college.edu,EEE,6,2026-04-16 16:13:15
34187,23057791,Varun Patel,23057791@college.edu,IT,2,2026-04-16 16:13:15
34189,23073061,Aman Sinha,23073061@college.edu,IT,4,2026-04-16 16:13:15
34195,23065461,Ritika Verma,23065461@college.edu,CSE,7,2026-04-16 16:13:15
34196,23078269,Diya Jain,23078269@college.edu,IT,4,2026-04-16 16:13:15
34199,23050103,Harsh Dubey,23050103@college.edu,ECE,1,2026-04-16 16:13:15
34206,23055070,Harsh Jain,23055070@college.edu,EEE,1,2026-04-16 16:13:15
34219,23070956,Ishaan Kapoor,23070956@college.edu,IT,7,2026-04-16 16:13:15
34236,23078931,Vivaan Rao,23078931@college.edu,CSE,1,2026-04-16 16:13:15
34244,23064035,Aman Nair,23064035@college.edu,ME,5,2026-04-16 16:13:15
34247,23077856,Mohit Gupta,23077856@college.edu,EEE,3,2026-04-16 16:13:15
34249,23054445,Kunal Iyer,23054445@college.edu,EEE,8,2026-04-16 16:13:15
34262,23054230,Aditya Rao,23054230@college.edu,EEE,3,2026-04-16 16:13:15
34267,23062127,Ritika Reddy,23062127@college.edu,IT,6,2026-04-16 16:13:15
34274,23065839,Pooja Jain,23065839@college.edu,EEE,4,2026-04-16 16:13:15
34284,23065272,Deepak Kapoor,23065272@college.edu,IT,4,2026-04-16 16:13:15
34288,23070870,Aditya Menon,23070870@college.edu,ECE,6,2026-04-16 16:13:15
34292,23071186,Nikhil Thakur,23071186@college.edu,ME,6,2026-04-16 16:13:15
34298,23075625,Ritika Nair,23075625@college.edu,ME,4,2026-04-16 16:13:15
34299,23058692,Siddharth Thakur,23058692@college.edu,IT,6,2026-04-16 16:13:15
34300,23070406,Aditi Menon,23070406@college.edu,ME,1,2026-04-16 16:13:15
34302,23079054,Krishna Mehta,23079054@college.edu,ECE,8,2026-04-16 16:13:15
34304,23065210,Aman Das,23065210@college.edu,CSE,7,2026-04-16 16:13:15
34309,23061880,Rahul Rao,23061880@college.edu,IT,6,2026-04-16 16:13:15
34315,23058312,Ananya Dubey,23058312@college.edu,EEE,3,2026-04-16 16:13:15
34327,23075102,Tanmay Reddy,23075102@college.edu,ME,1,2026-04-16 16:13:15
34342,23061217,Nikhil Dubey,23061217@college.edu,EEE,6,2026-04-16 16:13:15
34346,23060856,Neha Gupta,23060856@college.edu,CSE,7,2026-04-16 16:13:15
34358,23064954,Rohan Nair,23064954@college.edu,ECE,5,2026-04-16 16:13:15
34359,23057656,Kunal Kapoor,23057656@college.edu,ME,4,2026-04-16 16:13:15
34361,23079763,Ritesh Verma,23079763@college.edu,EEE,2,2026-04-16 16:13:15
34374,23052337,Meera Verma,23052337@college.edu,CSE,7,2026-04-16 16:13:15
34380,23076067,Kunal Sharma,23076067@college.edu,EEE,5,2026-04-16 16:13:15
34381,23055336,Kunal Verma,23055336@college.edu,CSE,3,2026-04-16 16:13:15
34387,23070764,Ritesh Choudhary,23070764@college.edu,ECE,5,2026-04-16 16:13:15
34389,23070709,Ritesh Ghosh,23070709@college.edu,IT,7,2026-04-16 16:13:15
34399,23062707,Yash Patel,23062707@college.edu,ME,3,2026-04-16 16:13:15
34405,23058670,Priya Sinha,23058670@college.edu,EEE,7,2026-04-16 16:13:15
34410,23067025,Ananya Ghosh,23067025@college.edu,IT,6,2026-04-16 16:13:15
34415,23054214,Deepak Mehta,23054214@college.edu,CSE,3,2026-04-16 16:13:15
34426,23053676,Ananya Bansal,23053676@college.edu,IT,6,2026-04-16 16:13:15
34431,23053608,Priya Kapoor,23053608@college.edu,IT,6,2026-04-16 16:13:15
34439,23057035,Priya Das,23057035@college.edu,CSE,4,2026-04-16 16:13:15
34440,23076095,Ananya Mehta,23076095@college.edu,IT,5,2026-04-16 16:13:15
34442,23076767,Yash Rao,23076767@college.edu,CSE,5,2026-04-16 16:13:15
34444,23064765,Kavya Rao,23064765@college.edu,EEE,5,2026-04-16 16:13:15
34450,23055009,Aman Iyer,23055009@college.edu,ME,2,2026-04-16 16:13:15
34453,23062718,Varun Nair,23062718@college.edu,ECE,6,2026-04-16 16:13:15
34459,23056186,Varun Nair,23056186@college.edu,ECE,2,2026-04-16 16:13:15
34463,23051569,Dev Sinha,23051569@college.edu,ECE,1,2026-04-16 16:13:15
34465,23069327,Pooja Joshi,23069327@college.edu,ME,8,2026-04-16 16:13:15
34466,23054573,Krishna Reddy,23054573@college.edu,ME,2,2026-04-16 16:13:15
34471,23059298,Tanmay Nair,23059298@college.edu,ECE,8,2026-04-16 16:13:15
34472,23074656,Vivaan Pandey,23074656@college.edu,IT,1,2026-04-16 16:13:15
34473,23061371,Arjun Dubey,23061371@college.edu,IT,4,2026-04-16 16:13:15
34479,23073663,Om Joshi,23073663@college.edu,ME,2,2026-04-16 16:13:15
34482,23079168,Aditya Jain,23079168@college.edu,CSE,1,2026-04-16 16:13:15
34485,23066177,Kavya Reddy,23066177@college.edu,EEE,1,2026-04-16 16:13:15
34486,23054883,Ananya Iyer,23054883@college.edu,CSE,1,2026-04-16 16:13:15
34493,23062043,Ritika Jain,23062043@college.edu,ECE,2,2026-04-16 16:13:15
34497,23075297,Nikhil Kapoor,23075297@college.edu,ME,1,2026-04-16 16:13:15
34498,23079607,Mohit Pandey,23079607@college.edu,ECE,5,2026-04-16 16:13:15
34501,23053514,Vivaan Joshi,23053514@college.edu,ECE,8,2026-04-16 16:13:15
34505,23071064,Krishna Dubey,23071064@college.edu,CSE,1,2026-04-16 16:13:15
34510,23064357,Aman Agarwal,23064357@college.edu,ECE,5,2026-04-16 16:13:15
34511,23053543,Harsh Reddy,23053543@college.edu,ECE,5,2026-04-16 16:13:15
34514,23076155,Siddharth Sinha,23076155@college.edu,IT,2,2026-04-16 16:13:15
34523,23063273,Tanmay Iyer,23063273@college.edu,ECE,8,2026-04-16 16:13:15
34524,23057757,Diya Khanna,23057757@college.edu,EEE,7,2026-04-16 16:13:15
34525,23056062,Ishaan Patel,23056062@college.edu,ECE,7,2026-04-16 16:13:15
34528,23077992,Ishaan Thakur,23077992@college.edu,EEE,1,2026-04-16 16:13:15
34531,23075679,Manav Agarwal,23075679@college.edu,ECE,4,2026-04-16 16:13:15
34535,23067641,Varun Rao,23067641@college.edu,CSE,2,2026-04-16 16:13:15
34536,23055074,Aditya Jain,23055074@college.edu,ECE,7,2026-04-16 16:13:15
34537,23061384,Pooja Choudhary,23061384@college.edu,CSE,5,2026-04-16 16:13:15
34554,23058063,Kunal Patel,23058063@college.edu,CSE,7,2026-04-16 16:13:15
34560,23057994,Diya Ghosh,23057994@college.edu,ME,3,2026-04-16 16:13:15
34563,23076693,Kunal Khanna,23076693@college.edu,EEE,2,2026-04-16 16:13:15
34565,23061307,Aditya Iyer,23061307@college.edu,ME,6,2026-04-16 16:13:15
34567,23069398,Rahul Sinha,23069398@college.edu,CSE,5,2026-04-16 16:13:15
34576,23066087,Ishaan Reddy,23066087@college.edu,IT,6,2026-04-16 16:13:15
34577,23052171,Kavya Rao,23052171@college.edu,ECE,5,2026-04-16 16:13:15
34578,23070237,Neha Joshi,23070237@college.edu,IT,5,2026-04-16 16:13:15
34581,23050043,Tanmay Kapoor,23050043@college.edu,CSE,5,2026-04-16 16:13:15
34583,23066990,Harsh Sinha,23066990@college.edu,ECE,3,2026-04-16 16:13:15
34585,23063284,Aditi Verma,23063284@college.edu,EEE,7,2026-04-16 16:13:15
34591,23059421,Ritika Patel,23059421@college.edu,IT,2,2026-04-16 16:13:15
34592,23060470,Ananya Reddy,23060470@college.edu,EEE,8,2026-04-16 16:13:15
34594,23071705,Vivaan Nair,23071705@college.edu,CSE,1,2026-04-16 16:13:15
34596,23053893,Aman Menon,23053893@college.edu,EEE,4,2026-04-16 16:13:15
34601,23077491,Kavya Choudhary,23077491@college.edu,CSE,2,2026-04-16 16:13:15
34606,23051554,Pooja Verma,23051554@college.edu,CSE,7,2026-04-16 16:13:15
34612,23079867,Pooja Rao,23079867@college.edu,CSE,5,2026-04-16 16:13:15
34616,23061782,Krishna Iyer,23061782@college.edu,ECE,6,2026-04-16 16:13:15
34618,23068708,Rohan Bansal,23068708@college.edu,ECE,5,2026-04-16 16:13:15
34625,23076901,Vivaan Nair,23076901@college.edu,EEE,2,2026-04-16 16:13:15
34630,23079511,Varun Sinha,23079511@college.edu,ECE,1,2026-04-16 16:13:15
34637,23078878,Diya Verma,23078878@college.edu,CSE,5,2026-04-16 16:13:15
34638,23079779,Vivaan Nair,23079779@college.edu,EEE,2,2026-04-16 16:13:15
34640,23072633,Ritesh Patel,23072633@college.edu,IT,4,2026-04-16 16:13:15
34646,23060109,Pooja Pandey,23060109@college.edu,CSE,8,2026-04-16 16:13:15
34650,23077023,Aman Iyer,23077023@college.edu,ME,1,2026-04-16 16:13:15
34662,23069159,Manav Nair,23069159@college.edu,CSE,3,2026-04-16 16:13:15
34663,23052226,Ishaan Sinha,23052226@college.edu,ME,5,2026-04-16 16:13:15
34667,23061606,Nikhil Iyer,23061606@college.edu,EEE,1,2026-04-16 16:13:15
34670,23055507,Harsh Sharma,23055507@college.edu,CSE,8,2026-04-16 16:13:15
34674,23055112,Aditya Menon,23055112@college.edu,IT,2,2026-04-16 16:13:15
34694,23051415,Deepak Sharma,23051415@college.edu,EEE,5,2026-04-16 16:13:15
34705,23062588,Vivaan Bansal,23062588@college.edu,IT,3,2026-04-16 16:13:15
34714,23052149,Ritika Verma,23052149@college.edu,EEE,1,2026-04-16 16:13:15
34723,23075372,Rohan Das,23075372@college.edu,IT,7,2026-04-16 16:13:15
34735,23075652,Vivaan Sharma,23075652@college.edu,EEE,6,2026-04-16 16:13:15
34736,23079240,Neha Joshi,23079240@college.edu,CSE,1,2026-04-16 16:13:15
34740,23054978,Krishna Sharma,23054978@college.edu,ME,8,2026-04-16 16:13:15
34742,23050479,Ishaan Thakur,23050479@college.edu,ECE,5,2026-04-16 16:13:15
34750,23074196,Aarav Rao,23074196@college.edu,IT,8,2026-04-16 16:13:15
34755,23062642,Priya Dubey,23062642@college.edu,ECE,7,2026-04-16 16:13:15
34756,23070225,Priya Reddy,23070225@college.edu,ECE,6,2026-04-16 16:13:15
34760,23050147,Om Dubey,23050147@college.edu,CSE,3,2026-04-16 16:13:15
34768,23069486,Ananya Pandey,23069486@college.edu,EEE,5,2026-04-16 16:13:15
34770,23059140,Yash Bansal,23059140@college.edu,IT,7,2026-04-16 16:13:15
34781,23076559,Ritika Nair,23076559@college.edu,CSE,2,2026-04-16 16:13:15
34796,23057063,Nikhil Joshi,23057063@college.edu,ECE,4,2026-04-16 16:13:15
34798,23066263,Aman Pandey,23066263@college.edu,EEE,3,2026-04-16 16:13:15
34800,23072970,Om Sinha,23072970@college.edu,ECE,1,2026-04-16 16:13:15
34815,23070533,Ananya Sinha,23070533@college.edu,ME,8,2026-04-16 16:13:15
34819,23077116,Arjun Sinha,23077116@college.edu,ECE,8,2026-04-16 16:13:15
34826,23062420,Harsh Pandey,23062420@college.edu,IT,4,2026-04-16 16:13:15
34833,23073881,Ananya Agarwal,23073881@college.edu,CSE,3,2026-04-16 16:13:15
34835,23058695,Aman Gupta,23058695@college.edu,CSE,6,2026-04-16 16:13:15
34841,23077289,Harsh Agarwal,23077289@college.edu,CSE,6,2026-04-16 16:13:15
34842,23059759,Mohit Mehta,23059759@college.edu,CSE,3,2026-04-16 16:13:15
34843,23069391,Aditya Agarwal,23069391@college.edu,CSE,4,2026-04-16 16:13:15
34849,23065808,Sneha Pandey,23065808@college.edu,EEE,2,2026-04-16 16:13:15
34854,23078506,Vivaan Dubey,23078506@college.edu,CSE,2,2026-04-16 16:13:15
34855,23058397,Diya Iyer,23058397@college.edu,EEE,5,2026-04-16 16:13:15
34867,23075871,Aman Bansal,23075871@college.edu,EEE,7,2026-04-16 16:13:15
34873,23073859,Vivaan Mehta,23073859@college.edu,EEE,2,2026-04-16 16:13:15
34875,23057604,Rahul Gupta,23057604@college.edu,ECE,1,2026-04-16 16:13:15
34878,23065686,Aditi Patel,23065686@college.edu,ME,4,2026-04-16 16:13:15
34887,23061235,Aditya Choudhary,23061235@college.edu,ECE,8,2026-04-16 16:13:15
34895,23067459,Aditya Choudhary,23067459@college.edu,ME,5,2026-04-16 16:13:15
34897,23061710,Ritika Kapoor,23061710@college.edu,EEE,4,2026-04-16 16:13:15
34899,23071283,Aman Nair,23071283@college.edu,CSE,5,2026-04-16 16:13:15
34904,23072009,Pooja Kapoor,23072009@college.edu,EEE,3,2026-04-16 16:13:15
34910,23077436,Neha Pandey,23077436@college.edu,CSE,8,2026-04-16 16:13:15
34916,23071254,Rahul Verma,23071254@college.edu,IT,3,2026-04-16 16:13:15
34919,23061191,Manav Verma,23061191@college.edu,IT,8,2026-04-16 16:13:15
34921,23063496,Aman Jain,23063496@college.edu,EEE,1,2026-04-16 16:13:15
34923,23052846,Kunal Reddy,23052846@college.edu,IT,3,2026-04-16 16:13:15
34929,23061982,Aman Thakur,23061982@college.edu,EEE,5,2026-04-16 16:13:15
34933,23054537,Manav Das,23054537@college.edu,ME,5,2026-04-16 16:13:15
34939,23063865,Aditi Patel,23063865@college.edu,CSE,3,2026-04-16 16:13:15
34941,23075209,Sai Jain,23075209@college.edu,EEE,4,2026-04-16 16:13:15
34947,23061705,Rahul Verma,23061705@college.edu,EEE,6,2026-04-16 16:13:15
34956,23054089,Om Joshi,23054089@college.edu,EEE,3,2026-04-16 16:13:15
34969,23059704,Rahul Sinha,23059704@college.edu,EEE,3,2026-04-16 16:13:15
34975,23059244,Krishna Joshi,23059244@college.edu,EEE,4,2026-04-16 16:13:15
34976,23072660,Nikhil Jain,23072660@college.edu,ME,8,2026-04-16 16:13:15
34979,23052011,Rahul Sinha,23052011@college.edu,IT,6,2026-04-16 16:13:15
34992,23056550,Siddharth Bansal,23056550@college.edu,ECE,4,2026-04-16 16:13:15
34993,23059655,Harsh Sinha,23059655@college.edu,ECE,3,2026-04-16 16:13:15
34998,23076299,Aman Patel,23076299@college.edu,EEE,6,2026-04-16 16:13:15
35010,23063924,Meera Gupta,23063924@college.edu,ECE,2,2026-04-16 16:13:15
35021,23055881,Ananya Rao,23055881@college.edu,EEE,6,2026-04-16 16:13:15
35022,23052884,Arjun Ghosh,23052884@college.edu,CSE,5,2026-04-16 16:13:15
35027,23071300,Aditya Menon,23071300@college.edu,ECE,7,2026-04-16 16:13:15
35031,23071306,Manav Mehta,23071306@college.edu,EEE,3,2026-04-16 16:13:15
35040,23067935,Ritika Nair,23067935@college.edu,ECE,8,2026-04-16 16:13:15
35042,23050810,Arjun Joshi,23050810@college.edu,EEE,3,2026-04-16 16:13:15
35043,23052768,Priya Kapoor,23052768@college.edu,IT,7,2026-04-16 16:13:15
35045,23057085,Rahul Agarwal,23057085@college.edu,EEE,3,2026-04-16 16:13:15
35050,23079587,Neha Das,23079587@college.edu,ME,6,2026-04-16 16:13:15
35053,23066501,Siddharth Kapoor,23066501@college.edu,ME,4,2026-04-16 16:13:15
35059,23063787,Manav Mehta,23063787@college.edu,IT,6,2026-04-16 16:13:15
35060,23057552,Sneha Mehta,23057552@college.edu,ME,6,2026-04-16 16:13:15
35065,23079663,Ananya Kapoor,23079663@college.edu,ME,4,2026-04-16 16:13:15
35066,23055142,Ritesh Dubey,23055142@college.edu,CSE,6,2026-04-16 16:13:15
35072,23065364,Sneha Jain,23065364@college.edu,CSE,1,2026-04-16 16:13:15
35073,23052567,Nikhil Sinha,23052567@college.edu,IT,2,2026-04-16 16:13:15
35074,23050740,Krishna Patel,23050740@college.edu,CSE,4,2026-04-16 16:13:15
35077,23055172,Om Bansal,23055172@college.edu,IT,2,2026-04-16 16:13:15
35079,23052210,Vivaan Patel,23052210@college.edu,ECE,6,2026-04-16 16:13:15
35081,23078117,Deepak Khanna,23078117@college.edu,EEE,3,2026-04-16 16:13:15
35086,23069368,Yash Sinha,23069368@college.edu,EEE,5,2026-04-16 16:13:15
35088,23079365,Sai Menon,23079365@college.edu,EEE,2,2026-04-16 16:13:15
35090,23061779,Sneha Das,23061779@college.edu,ECE,2,2026-04-16 16:13:15
35100,23069195,Aman Bansal,23069195@college.edu,ECE,2,2026-04-16 16:13:15
35108,23073153,Krishna Nair,23073153@college.edu,EEE,4,2026-04-16 16:13:15
35111,23071719,Aarav Choudhary,23071719@college.edu,ECE,6,2026-04-16 16:13:15
35114,23079761,Krishna Verma,23079761@college.edu,CSE,3,2026-04-16 16:13:15
35117,23076133,Krishna Das,23076133@college.edu,CSE,5,2026-04-16 16:13:15
35122,23058789,Kunal Nair,23058789@college.edu,ECE,8,2026-04-16 16:13:15
35123,23077120,Nikhil Pandey,23077120@college.edu,EEE,3,2026-04-16 16:13:15
35125,23071845,Nikhil Khanna,23071845@college.edu,CSE,5,2026-04-16 16:13:15
35126,23065443,Neha Ghosh,23065443@college.edu,EEE,6,2026-04-16 16:13:15
35130,23050088,Mohit Iyer,23050088@college.edu,IT,4,2026-04-16 16:13:15
35135,23076720,Sneha Nair,23076720@college.edu,CSE,5,2026-04-16 16:13:15
35143,23052934,Sneha Das,23052934@college.edu,ME,1,2026-04-16 16:13:15
35148,23064030,Rahul Thakur,23064030@college.edu,ECE,1,2026-04-16 16:13:15
35157,23061821,Rahul Nair,23061821@college.edu,ECE,4,2026-04-16 16:13:15
35158,23050477,Meera Ghosh,23050477@college.edu,IT,4,2026-04-16 16:13:15
35167,23051162,Sneha Reddy,23051162@college.edu,EEE,7,2026-04-16 16:13:15
35170,23078356,Yash Gupta,23078356@college.edu,ME,6,2026-04-16 16:13:15
35172,23063653,Krishna Reddy,23063653@college.edu,CSE,4,2026-04-16 16:13:15
35174,23052725,Kavya Patel,23052725@college.edu,IT,3,2026-04-16 16:13:15
35189,23062500,Om Patel,23062500@college.edu,CSE,1,2026-04-16 16:13:15
35193,23070974,Meera Pandey,23070974@college.edu,EEE,4,2026-04-16 16:13:15
35220,23070565,Tanmay Gupta,23070565@college.edu,CSE,3,2026-04-16 16:13:15
35223,23053221,Pooja Sharma,23053221@college.edu,EEE,7,2026-04-16 16:13:15
35232,23060150,Pooja Thakur,23060150@college.edu,ECE,8,2026-04-16 16:13:15
35233,23075097,Yash Khanna,23075097@college.edu,CSE,7,2026-04-16 16:13:15
35238,23066163,Aditya Sharma,23066163@college.edu,CSE,1,2026-04-16 16:13:15
35249,23061463,Om Jain,23061463@college.edu,IT,5,2026-04-16 16:13:15
35262,23071544,Siddharth Sinha,23071544@college.edu,IT,6,2026-04-16 16:13:15
35276,23058178,Aditya Joshi,23058178@college.edu,CSE,5,2026-04-16 16:13:15
35277,23073137,Varun Iyer,23073137@college.edu,CSE,8,2026-04-16 16:13:15
35280,23066819,Deepak Khanna,23066819@college.edu,CSE,3,2026-04-16 16:13:15
35282,23060225,Diya Sharma,23060225@college.edu,IT,8,2026-04-16 16:13:15
35288,23065926,Pooja Bansal,23065926@college.edu,ECE,8,2026-04-16 16:13:15
35289,23071839,Nikhil Bansal,23071839@college.edu,EEE,5,2026-04-16 16:13:15
35295,23070419,Nikhil Verma,23070419@college.edu,CSE,6,2026-04-16 16:13:15
35298,23058007,Nikhil Nair,23058007@college.edu,CSE,8,2026-04-16 16:13:15
35299,23079707,Aditi Pandey,23079707@college.edu,ECE,8,2026-04-16 16:13:15
35300,23058267,Meera Sinha,23058267@college.edu,CSE,1,2026-04-16 16:13:15
35302,23074113,Siddharth Kapoor,23074113@college.edu,ECE,1,2026-04-16 16:13:15
35305,23052018,Neha Pandey,23052018@college.edu,CSE,6,2026-04-16 16:13:15
35311,23071096,Tanmay Gupta,23071096@college.edu,IT,3,2026-04-16 16:13:15
35315,23069117,Ishaan Rao,23069117@college.edu,ME,1,2026-04-16 16:13:15
35317,23050374,Krishna Patel,23050374@college.edu,ME,5,2026-04-16 16:13:15
35319,23072813,Tanmay Jain,23072813@college.edu,IT,3,2026-04-16 16:13:15
35320,23055035,Kavya Patel,23055035@college.edu,ME,2,2026-04-16 16:13:15
35327,23055146,Kavya Thakur,23055146@college.edu,CSE,2,2026-04-16 16:13:15
35334,23064669,Kavya Khanna,23064669@college.edu,CSE,1,2026-04-16 16:13:15
35344,23055782,Nikhil Kapoor,23055782@college.edu,CSE,7,2026-04-16 16:13:15
35356,23078301,Aditi Bansal,23078301@college.edu,CSE,7,2026-04-16 16:13:15
35360,23062345,Siddharth Reddy,23062345@college.edu,IT,5,2026-04-16 16:13:15
35366,23077758,Mohit Jain,23077758@college.edu,IT,4,2026-04-16 16:13:15
35369,23056000,Harsh Rao,23056000@college.edu,IT,1,2026-04-16 16:13:15
35370,23078537,Kavya Bansal,23078537@college.edu,IT,3,2026-04-16 16:13:15
35385,23058653,Siddharth Dubey,23058653@college.edu,ECE,7,2026-04-16 16:13:15
35388,23061908,Vivaan Nair,23061908@college.edu,CSE,5,2026-04-16 16:13:15
35395,23072509,Krishna Reddy,23072509@college.edu,IT,8,2026-04-16 16:13:15
35396,23055976,Mohit Mehta,23055976@college.edu,ME,6,2026-04-16 16:13:15
35399,23065519,Krishna Joshi,23065519@college.edu,ME,1,2026-04-16 16:13:15
35401,23056972,Aditi Iyer,23056972@college.edu,CSE,2,2026-04-16 16:13:15
35406,23079625,Deepak Joshi,23079625@college.edu,CSE,7,2026-04-16 16:13:15
35408,23057742,Kavya Menon,23057742@college.edu,ECE,3,2026-04-16 16:13:15
35412,23061079,Rohan Gupta,23061079@college.edu,ME,4,2026-04-16 16:13:15
35414,23078260,Ishaan Sinha,23078260@college.edu,ME,5,2026-04-16 16:13:15
35420,23068620,Manav Joshi,23068620@college.edu,EEE,6,2026-04-16 16:13:15
35424,23068923,Krishna Bansal,23068923@college.edu,EEE,3,2026-04-16 16:13:15
35426,23055949,Dev Reddy,23055949@college.edu,IT,6,2026-04-16 16:13:15
35431,23055119,Kunal Iyer,23055119@college.edu,ECE,6,2026-04-16 16:13:15
35436,23060048,Tanmay Nair,23060048@college.edu,IT,6,2026-04-16 16:13:15
35438,23059286,Sneha Mehta,23059286@college.edu,IT,2,2026-04-16 16:13:15
35445,23068135,Priya Sharma,23068135@college.edu,ME,1,2026-04-16 16:13:15
35447,23060792,Siddharth Menon,23060792@college.edu,CSE,4,2026-04-16 16:13:15
35448,23062473,Priya Ghosh,23062473@college.edu,CSE,7,2026-04-16 16:13:15
35450,23054399,Mohit Ghosh,23054399@college.edu,CSE,1,2026-04-16 16:13:15
35456,23053080,Sai Ghosh,23053080@college.edu,IT,6,2026-04-16 16:13:15
35463,23071298,Varun Kapoor,23071298@college.edu,ME,6,2026-04-16 16:13:15
35466,23075306,Harsh Kapoor,23075306@college.edu,CSE,4,2026-04-16 16:13:15
35467,23069879,Ananya Rao,23069879@college.edu,IT,5,2026-04-16 16:13:15
35468,23061678,Diya Sinha,23061678@college.edu,IT,4,2026-04-16 16:13:15
35470,23070952,Aditi Patel,23070952@college.edu,ECE,1,2026-04-16 16:13:15
35473,23057750,Priya Reddy,23057750@college.edu,ME,3,2026-04-16 16:13:15
35475,23051497,Priya Bansal,23051497@college.edu,ME,7,2026-04-16 16:13:15
35478,23052978,Aman Patel,23052978@college.edu,CSE,8,2026-04-16 16:13:15
35480,23071700,Rahul Gupta,23071700@college.edu,CSE,4,2026-04-16 16:13:15
35483,23055105,Yash Khanna,23055105@college.edu,ECE,3,2026-04-16 16:13:15
35489,23053714,Neha Reddy,23053714@college.edu,IT,6,2026-04-16 16:13:15
35491,23073325,Rahul Thakur,23073325@college.edu,CSE,6,2026-04-16 16:13:15
35498,23060805,Harsh Jain,23060805@college.edu,EEE,3,2026-04-16 16:13:15
35504,23063052,Sai Pandey,23063052@college.edu,ME,4,2026-04-16 16:13:15
35513,23058642,Sai Ghosh,23058642@college.edu,EEE,7,2026-04-16 16:13:15
35519,23064637,Deepak Iyer,23064637@college.edu,ECE,7,2026-04-16 16:13:15
35529,23061766,Mohit Sharma,23061766@college.edu,ME,8,2026-04-16 16:13:15
35530,23061373,Priya Reddy,23061373@college.edu,ECE,6,2026-04-16 16:13:15
35531,23064346,Om Iyer,23064346@college.edu,IT,5,2026-04-16 16:13:15
35533,23057522,Siddharth Khanna,23057522@college.edu,ECE,7,2026-04-16 16:13:15
35546,23074900,Vivaan Nair,23074900@college.edu,EEE,2,2026-04-16 16:13:15
35549,23078751,Priya Das,23078751@college.edu,IT,8,2026-04-16 16:13:15
35566,23053810,Sneha Verma,23053810@college.edu,ME,1,2026-04-16 16:13:15
35583,23055823,Pooja Kapoor,23055823@college.edu,ME,5,2026-04-16 16:13:15
35590,23079200,Kunal Pandey,23079200@college.edu,ME,1,2026-04-16 16:13:15
35593,23057027,Priya Verma,23057027@college.edu,ME,1,2026-04-16 16:13:15
35604,23074971,Harsh Pandey,23074971@college.edu,CSE,6,2026-04-16 16:13:15
35612,23051995,Dev Iyer,23051995@college.edu,ME,6,2026-04-16 16:13:15
35613,23053666,Ritesh Verma,23053666@college.edu,ME,3,2026-04-16 16:13:15
35614,23064291,Kunal Verma,23064291@college.edu,CSE,4,2026-04-16 16:13:15
35615,23059680,Deepak Reddy,23059680@college.edu,ECE,1,2026-04-16 16:13:15
35624,23072378,Sneha Menon,23072378@college.edu,ME,1,2026-04-16 16:13:15
35629,23059551,Tanmay Nair,23059551@college.edu,IT,5,2026-04-16 16:13:15
35635,23075417,Ritesh Nair,23075417@college.edu,ECE,5,2026-04-16 16:13:15
35638,23078556,Dev Joshi,23078556@college.edu,ECE,4,2026-04-16 16:13:15
35642,23053449,Ritika Menon,23053449@college.edu,ME,5,2026-04-16 16:13:15
35649,23062663,Ananya Sharma,23062663@college.edu,EEE,6,2026-04-16 16:13:15
35653,23075080,Aman Das,23075080@college.edu,IT,5,2026-04-16 16:13:15
35655,23066156,Harsh Kapoor,23066156@college.edu,ME,8,2026-04-16 16:13:15
35656,23067432,Manav Choudhary,23067432@college.edu,ECE,4,2026-04-16 16:13:15
35658,23070486,Kunal Agarwal,23070486@college.edu,ME,3,2026-04-16 16:13:15
35659,23071125,Vivaan Patel,23071125@college.edu,IT,7,2026-04-16 16:13:15
35665,23070554,Kunal Joshi,23070554@college.edu,ECE,6,2026-04-16 16:13:15
35666,23053332,Yash Khanna,23053332@college.edu,IT,2,2026-04-16 16:13:15
35669,23060312,Om Gupta,23060312@college.edu,CSE,1,2026-04-16 16:13:15
35670,23074641,Krishna Verma,23074641@college.edu,ECE,7,2026-04-16 16:13:15
35675,23060879,Ishaan Sharma,23060879@college.edu,ME,1,2026-04-16 16:13:15
35678,23061167,Dev Thakur,23061167@college.edu,ECE,5,2026-04-16 16:13:15
35679,23061849,Priya Nair,23061849@college.edu,EEE,7,2026-04-16 16:13:15
35684,23050270,Aman Das,23050270@college.edu,EEE,5,2026-04-16 16:13:15
35686,23078815,Dev Agarwal,23078815@college.edu,ME,7,2026-04-16 16:13:15
35687,23064904,Kavya Rao,23064904@college.edu,CSE,2,2026-04-16 16:13:15
35697,23071422,Vivaan Gupta,23071422@college.edu,EEE,8,2026-04-16 16:13:15
35706,23056401,Rohan Ghosh,23056401@college.edu,ME,5,2026-04-16 16:13:15
35710,23050621,Meera Khanna,23050621@college.edu,ECE,3,2026-04-16 16:13:15
35712,23065205,Tanmay Pandey,23065205@college.edu,CSE,7,2026-04-16 16:13:15
35719,23054776,Ishaan Verma,23054776@college.edu,ECE,6,2026-04-16 16:13:15
35721,23070628,Pooja Mehta,23070628@college.edu,ME,8,2026-04-16 16:13:15
35722,23065630,Pooja Iyer,23065630@college.edu,EEE,6,2026-04-16 16:13:15
35727,23064324,Krishna Sharma,23064324@college.edu,ECE,3,2026-04-16 16:13:15
35730,23059874,Om Rao,23059874@college.edu,ME,8,2026-04-16 16:13:15
35731,23056055,Ishaan Mehta,23056055@college.edu,EEE,2,2026-04-16 16:13:15
35739,23078645,Nikhil Mehta,23078645@college.edu,EEE,7,2026-04-16 16:13:15
35742,23073459,Harsh Rao,23073459@college.edu,EEE,6,2026-04-16 16:13:15
35743,23075481,Yash Sharma,23075481@college.edu,ECE,5,2026-04-16 16:13:15
35748,23057167,Kunal Joshi,23057167@college.edu,CSE,3,2026-04-16 16:13:15
35749,23079092,Varun Nair,23079092@college.edu,CSE,1,2026-04-16 16:13:15
35757,23056140,Rohan Pandey,23056140@college.edu,CSE,5,2026-04-16 16:13:15
35769,23057333,Diya Joshi,23057333@college.edu,IT,8,2026-04-16 16:13:15
35770,23055890,Vivaan Mehta,23055890@college.edu,IT,3,2026-04-16 16:13:15
35772,23066550,Arjun Reddy,23066550@college.edu,IT,6,2026-04-16 16:13:15
35778,23066634,Diya Sharma,23066634@college.edu,CSE,5,2026-04-16 16:13:15
35782,23059180,Sneha Dubey,23059180@college.edu,IT,4,2026-04-16 16:13:15
35784,23067679,Kunal Bansal,23067679@college.edu,IT,6,2026-04-16 16:13:15
35792,23051662,Ananya Sinha,23051662@college.edu,CSE,8,2026-04-16 16:13:15
35793,23070142,Dev Agarwal,23070142@college.edu,ME,3,2026-04-16 16:13:15
35796,23052078,Sai Jain,23052078@college.edu,ME,6,2026-04-16 16:13:15
35804,23067074,Ananya Verma,23067074@college.edu,ECE,4,2026-04-16 16:13:15
35805,23068451,Mohit Nair,23068451@college.edu,EEE,5,2026-04-16 16:13:15
35814,23061311,Ritika Bansal,23061311@college.edu,ECE,6,2026-04-16 16:13:15
35816,23069666,Meera Verma,23069666@college.edu,CSE,2,2026-04-16 16:13:15
35820,23051767,Meera Agarwal,23051767@college.edu,CSE,8,2026-04-16 16:13:15
35821,23066129,Yash Dubey,23066129@college.edu,CSE,4,2026-04-16 16:13:15
35823,23066928,Pooja Menon,23066928@college.edu,EEE,1,2026-04-16 16:13:15
35824,23051013,Aditi Ghosh,23051013@college.edu,ECE,5,2026-04-16 16:13:15
35830,23076652,Aditi Pandey,23076652@college.edu,ECE,2,2026-04-16 16:13:15
35839,23068284,Rahul Gupta,23068284@college.edu,ME,6,2026-04-16 16:13:15
35843,23067948,Varun Agarwal,23067948@college.edu,ME,2,2026-04-16 16:13:15
35845,23068913,Nikhil Ghosh,23068913@college.edu,IT,8,2026-04-16 16:13:15
35847,23050880,Krishna Patel,23050880@college.edu,ECE,5,2026-04-16 16:13:15
35849,23057605,Meera Thakur,23057605@college.edu,ME,5,2026-04-16 16:13:15
35852,23076173,Pooja Khanna,23076173@college.edu,CSE,8,2026-04-16 16:13:15
35863,23066950,Nikhil Mehta,23066950@college.edu,CSE,8,2026-04-16 16:13:15
35874,23061056,Meera Joshi,23061056@college.edu,ME,6,2026-04-16 16:13:15
35876,23073022,Om Khanna,23073022@college.edu,EEE,1,2026-04-16 16:13:15
35882,23056035,Priya Menon,23056035@college.edu,EEE,7,2026-04-16 16:13:15
35883,23077386,Kunal Gupta,23077386@college.edu,ECE,4,2026-04-16 16:13:15
35889,23071525,Aman Das,23071525@college.edu,ME,8,2026-04-16 16:13:15
35892,23061209,Dev Mehta,23061209@college.edu,ME,2,2026-04-16 16:13:15
35896,23073794,Yash Joshi,23073794@college.edu,ME,7,2026-04-16 16:13:15
35900,23067405,Diya Mehta,23067405@college.edu,IT,2,2026-04-16 16:13:15
35901,23050587,Deepak Rao,23050587@college.edu,ECE,4,2026-04-16 16:13:15
35904,23051420,Kunal Rao,23051420@college.edu,EEE,2,2026-04-16 16:13:15
35914,23071890,Aarav Dubey,23071890@college.edu,CSE,1,2026-04-16 16:13:15
35917,23065178,Mohit Thakur,23065178@college.edu,ME,6,2026-04-16 16:13:15
35926,23060863,Sai Sharma,23060863@college.edu,ME,7,2026-04-16 16:13:15
35936,23062281,Ritesh Iyer,23062281@college.edu,ECE,7,2026-04-16 16:13:15
35942,23076937,Deepak Joshi,23076937@college.edu,ME,1,2026-04-16 16:13:15
35953,23066711,Ishaan Sinha,23066711@college.edu,EEE,7,2026-04-16 16:13:15
35956,23073977,Kavya Iyer,23073977@college.edu,ME,1,2026-04-16 16:13:15
35968,23060324,Kunal Reddy,23060324@college.edu,ECE,6,2026-04-16 16:13:15
35972,23053740,Kunal Dubey,23053740@college.edu,IT,5,2026-04-16 16:13:15
35973,23065733,Manav Sinha,23065733@college.edu,CSE,7,2026-04-16 16:13:15
35985,23056981,Krishna Menon,23056981@college.edu,CSE,2,2026-04-16 16:13:15
35986,23076407,Siddharth Dubey,23076407@college.edu,IT,1,2026-04-16 16:13:15
35988,23069767,Rohan Agarwal,23069767@college.edu,CSE,4,2026-04-16 16:13:15
35989,23076945,Harsh Kapoor,23076945@college.edu,CSE,2,2026-04-16 16:13:15
35991,23065325,Yash Iyer,23065325@college.edu,ME,6,2026-04-16 16:13:15
35993,23077281,Aarav Gupta,23077281@college.edu,CSE,6,2026-04-16 16:13:15
36001,23068666,Yash Dubey,23068666@college.edu,ECE,3,2026-04-16 16:13:15
36012,23070416,Ritesh Joshi,23070416@college.edu,EEE,1,2026-04-16 16:13:15
36020,23064128,Deepak Pandey,23064128@college.edu,ECE,8,2026-04-16 16:13:15
36033,23056976,Ritesh Reddy,23056976@college.edu,CSE,1,2026-04-16 16:13:15
36037,23077263,Sai Rao,23077263@college.edu,ME,8,2026-04-16 16:13:15
36038,23058539,Sneha Jain,23058539@college.edu,ECE,8,2026-04-16 16:13:15
36044,23066653,Rohan Bansal,23066653@college.edu,ME,2,2026-04-16 16:13:15
36056,23055000,Rahul Pandey,23055000@college.edu,EEE,4,2026-04-16 16:13:15
36064,23060664,Kavya Pandey,23060664@college.edu,IT,8,2026-04-16 16:13:15
36070,23058616,Diya Mehta,23058616@college.edu,IT,5,2026-04-16 16:13:15
36078,23050468,Deepak Das,23050468@college.edu,IT,1,2026-04-16 16:13:15
36088,23074210,Meera Rao,23074210@college.edu,EEE,4,2026-04-16 16:13:15
36094,23076873,Varun Iyer,23076873@college.edu,EEE,8,2026-04-16 16:13:15
36095,23062966,Pooja Patel,23062966@college.edu,EEE,8,2026-04-16 16:13:15
36097,23069724,Aditi Gupta,23069724@college.edu,ECE,7,2026-04-16 16:13:15
36100,23077364,Yash Choudhary,23077364@college.edu,ME,8,2026-04-16 16:13:15
36116,23052580,Mohit Agarwal,23052580@college.edu,ECE,3,2026-04-16 16:13:15
36135,23054365,Rahul Choudhary,23054365@college.edu,EEE,7,2026-04-16 16:13:15
36139,23059269,Siddharth Das,23059269@college.edu,EEE,3,2026-04-16 16:13:15
36155,23050782,Aman Reddy,23050782@college.edu,ME,1,2026-04-16 16:13:15
36159,23054844,Tanmay Pandey,23054844@college.edu,EEE,7,2026-04-16 16:13:15
36180,23074061,Sai Jain,23074061@college.edu,EEE,6,2026-04-16 16:13:15
36186,23078680,Kunal Reddy,23078680@college.edu,IT,8,2026-04-16 16:13:15
36189,23069955,Aditi Verma,23069955@college.edu,EEE,3,2026-04-16 16:13:15
36200,23061039,Mohit Sharma,23061039@college.edu,EEE,5,2026-04-16 16:13:15
36201,23056745,Vivaan Thakur,23056745@college.edu,IT,6,2026-04-16 16:13:15
36209,23073531,Deepak Nair,23073531@college.edu,ECE,2,2026-04-16 16:13:15
36215,23059479,Krishna Verma,23059479@college.edu,CSE,8,2026-04-16 16:13:15
36217,23053609,Ritesh Jain,23053609@college.edu,CSE,4,2026-04-16 16:13:15
36218,23067508,Aman Jain,23067508@college.edu,ECE,1,2026-04-16 16:13:15
36222,23060181,Deepak Reddy,23060181@college.edu,IT,2,2026-04-16 16:13:15
36223,23052014,Vivaan Agarwal,23052014@college.edu,CSE,5,2026-04-16 16:13:15
36226,23063677,Sneha Sharma,23063677@college.edu,ECE,8,2026-04-16 16:13:15
36227,23064803,Rohan Iyer,23064803@college.edu,CSE,7,2026-04-16 16:13:15
36237,23064552,Ishaan Bansal,23064552@college.edu,ECE,2,2026-04-16 16:13:15
36238,23077394,Rahul Kapoor,23077394@college.edu,CSE,2,2026-04-16 16:13:15
36240,23079171,Manav Nair,23079171@college.edu,EEE,7,2026-04-16 16:13:15
36245,23062568,Priya Dubey,23062568@college.edu,ME,1,2026-04-16 16:13:15
36256,23050288,Rohan Menon,23050288@college.edu,ECE,1,2026-04-16 16:13:15
36257,23076253,Deepak Reddy,23076253@college.edu,ME,7,2026-04-16 16:13:15
36263,23054996,Meera Ghosh,23054996@college.edu,IT,3,2026-04-16 16:13:15
36267,23059682,Manav Rao,23059682@college.edu,CSE,1,2026-04-16 16:13:15
36270,23078087,Ishaan Mehta,23078087@college.edu,ME,1,2026-04-16 16:13:15
36273,23068073,Manav Rao,23068073@college.edu,ECE,6,2026-04-16 16:13:15
36274,23064072,Vivaan Nair,23064072@college.edu,CSE,5,2026-04-16 16:13:15
36283,23051609,Meera Rao,23051609@college.edu,IT,8,2026-04-16 16:13:15
36291,23072373,Neha Gupta,23072373@college.edu,EEE,6,2026-04-16 16:13:15
36293,23060001,Rohan Sharma,23060001@college.edu,EEE,5,2026-04-16 16:13:15
36303,23058185,Mohit Thakur,23058185@college.edu,IT,2,2026-04-16 16:13:15
36309,23064815,Manav Sinha,23064815@college.edu,CSE,4,2026-04-16 16:13:15
36319,23064914,Neha Das,23064914@college.edu,IT,1,2026-04-16 16:13:15
36329,23060298,Tanmay Nair,23060298@college.edu,EEE,5,2026-04-16 16:13:15
36330,23065473,Aditi Menon,23065473@college.edu,IT,2,2026-04-16 16:13:15
36331,23078463,Yash Joshi,23078463@college.edu,IT,1,2026-04-16 16:13:15
36333,23058924,Nikhil Nair,23058924@college.edu,CSE,2,2026-04-16 16:13:15
36335,23065451,Siddharth Pandey,23065451@college.edu,EEE,1,2026-04-16 16:13:15
36336,23073056,Diya Ghosh,23073056@college.edu,IT,4,2026-04-16 16:13:15
36338,23055617,Om Reddy,23055617@college.edu,EEE,3,2026-04-16 16:13:15
36345,23073924,Aarav Khanna,23073924@college.edu,EEE,1,2026-04-16 16:13:15
36347,23066421,Aditya Thakur,23066421@college.edu,ME,6,2026-04-16 16:13:15
36349,23068621,Siddharth Verma,23068621@college.edu,ECE,4,2026-04-16 16:13:15
36350,23071278,Sneha Pandey,23071278@college.edu,CSE,7,2026-04-16 16:13:15
36351,23060981,Ritesh Reddy,23060981@college.edu,CSE,1,2026-04-16 16:13:15
36366,23076779,Nikhil Patel,23076779@college.edu,ME,3,2026-04-16 16:13:15
36370,23074608,Sai Thakur,23074608@college.edu,CSE,3,2026-04-16 16:13:15
36371,23076040,Sneha Agarwal,23076040@college.edu,CSE,1,2026-04-16 16:13:15
36373,23073280,Arjun Choudhary,23073280@college.edu,ECE,1,2026-04-16 16:13:15
36376,23057104,Ananya Reddy,23057104@college.edu,EEE,8,2026-04-16 16:13:15
36379,23060816,Deepak Bansal,23060816@college.edu,CSE,8,2026-04-16 16:13:15
36390,23073160,Ishaan Pandey,23073160@college.edu,CSE,6,2026-04-16 16:13:15
36400,23075743,Kavya Rao,23075743@college.edu,IT,4,2026-04-16 16:13:15
36409,23074361,Om Khanna,23074361@college.edu,CSE,6,2026-04-16 16:13:15
36410,23064351,Arjun Rao,23064351@college.edu,ECE,5,2026-04-16 16:13:15
36411,23059232,Vivaan Bansal,23059232@college.edu,EEE,2,2026-04-16 16:13:15
36412,23063223,Sneha Gupta,23063223@college.edu,ECE,5,2026-04-16 16:13:15
36421,23052272,Sai Khanna,23052272@college.edu,IT,5,2026-04-16 16:13:15
36432,23061656,Rahul Das,23061656@college.edu,EEE,3,2026-04-16 16:13:15
36433,23063531,Sneha Nair,23063531@college.edu,ME,8,2026-04-16 16:13:15
36441,23062547,Mohit Nair,23062547@college.edu,ME,5,2026-04-16 16:13:15
36444,23052742,Mohit Reddy,23052742@college.edu,IT,2,2026-04-16 16:13:15
36453,23070086,Neha Verma,23070086@college.edu,IT,4,2026-04-16 16:13:15
36456,23057076,Mohit Agarwal,23057076@college.edu,EEE,1,2026-04-16 16:13:15
36457,23076364,Meera Bansal,23076364@college.edu,EEE,4,2026-04-16 16:13:15
36465,23069087,Pooja Menon,23069087@college.edu,EEE,2,2026-04-16 16:13:15
36476,23067613,Pooja Menon,23067613@college.edu,IT,4,2026-04-16 16:13:15
36477,23051723,Rahul Thakur,23051723@college.edu,ME,6,2026-04-16 16:13:15
36479,23058038,Aditi Gupta,23058038@college.edu,ME,3,2026-04-16 16:13:15
36481,23078218,Rohan Sharma,23078218@college.edu,ME,3,2026-04-16 16:13:15
36483,23072819,Ishaan Pandey,23072819@college.edu,ME,8,2026-04-16 16:13:15
36486,23070530,Aditya Agarwal,23070530@college.edu,IT,7,2026-04-16 16:13:15
36491,23063095,Arjun Das,23063095@college.edu,CSE,3,2026-04-16 16:13:15
36496,23052244,Harsh Menon,23052244@college.edu,EEE,3,2026-04-16 16:13:15
36504,23071684,Aman Agarwal,23071684@college.edu,EEE,4,2026-04-16 16:13:15
36518,23060386,Vivaan Kapoor,23060386@college.edu,CSE,1,2026-04-16 16:13:15
36529,23060333,Deepak Reddy,23060333@college.edu,CSE,4,2026-04-16 16:13:15
36546,23070664,Manav Sinha,23070664@college.edu,CSE,5,2026-04-16 16:13:15
36557,23071154,Aarav Patel,23071154@college.edu,EEE,8,2026-04-16 16:13:15
36559,23079573,Tanmay Rao,23079573@college.edu,EEE,4,2026-04-16 16:13:15
36560,23067766,Kavya Dubey,23067766@college.edu,ME,3,2026-04-16 16:13:15
36562,23075361,Ishaan Choudhary,23075361@college.edu,ECE,1,2026-04-16 16:13:15
36573,23079564,Aarav Khanna,23079564@college.edu,ME,7,2026-04-16 16:13:15
36575,23071753,Kunal Pandey,23071753@college.edu,ECE,5,2026-04-16 16:13:15
36576,23069293,Nikhil Joshi,23069293@college.edu,CSE,6,2026-04-16 16:13:15
36592,23051513,Aarav Joshi,23051513@college.edu,EEE,2,2026-04-16 16:13:15
36593,23054108,Ananya Iyer,23054108@college.edu,ME,2,2026-04-16 16:13:15
36595,23054542,Manav Nair,23054542@college.edu,CSE,8,2026-04-16 16:13:15
36598,23075982,Priya Joshi,23075982@college.edu,CSE,7,2026-04-16 16:13:15
36602,23077838,Rahul Pandey,23077838@college.edu,CSE,7,2026-04-16 16:13:15
36610,23059641,Ritika Mehta,23059641@college.edu,EEE,6,2026-04-16 16:13:15
36611,23064300,Kavya Sinha,23064300@college.edu,IT,7,2026-04-16 16:13:15
36615,23073919,Yash Reddy,23073919@college.edu,ME,8,2026-04-16 16:13:15
36621,23055214,Om Rao,23055214@college.edu,ME,7,2026-04-16 16:13:15
36628,23062597,Kavya Reddy,23062597@college.edu,EEE,2,2026-04-16 16:13:15
36639,23074306,Kavya Thakur,23074306@college.edu,ME,7,2026-04-16 16:13:15
36645,23077796,Kunal Sinha,23077796@college.edu,ME,8,2026-04-16 16:13:15
36648,23069012,Neha Kapoor,23069012@college.edu,ECE,2,2026-04-16 16:13:15
36653,23068155,Aditi Das,23068155@college.edu,EEE,6,2026-04-16 16:13:15
36657,23056733,Aditi Mehta,23056733@college.edu,EEE,5,2026-04-16 16:13:15
36667,23077956,Manav Patel,23077956@college.edu,CSE,3,2026-04-16 16:13:15
36671,23079081,Diya Dubey,23079081@college.edu,ME,1,2026-04-16 16:13:15
36673,23067863,Diya Das,23067863@college.edu,ME,1,2026-04-16 16:13:15
36678,23063369,Mohit Iyer,23063369@college.edu,ECE,7,2026-04-16 16:13:15
36680,23065536,Mohit Reddy,23065536@college.edu,EEE,7,2026-04-16 16:13:15
36683,23062415,Sai Thakur,23062415@college.edu,IT,6,2026-04-16 16:13:15
36684,23079883,Aditi Bansal,23079883@college.edu,CSE,4,2026-04-16 16:13:15
36685,23077419,Rahul Dubey,23077419@college.edu,CSE,8,2026-04-16 16:13:15
36689,23064339,Priya Gupta,23064339@college.edu,ECE,2,2026-04-16 16:13:15
36690,23058510,Om Choudhary,23058510@college.edu,IT,4,2026-04-16 16:13:15
36697,23061511,Aditya Kapoor,23061511@college.edu,CSE,4,2026-04-16 16:13:15
36704,23050181,Priya Pandey,23050181@college.edu,CSE,7,2026-04-16 16:13:15
36711,23059687,Krishna Verma,23059687@college.edu,CSE,8,2026-04-16 16:13:15
36728,23072870,Ritika Das,23072870@college.edu,ECE,3,2026-04-16 16:13:15
36731,23079107,Dev Dubey,23079107@college.edu,CSE,2,2026-04-16 16:13:15
36733,23072037,Diya Agarwal,23072037@college.edu,IT,8,2026-04-16 16:13:15
36737,23062793,Mohit Sinha,23062793@college.edu,ME,8,2026-04-16 16:13:15
36748,23056139,Rohan Pandey,23056139@college.edu,EEE,5,2026-04-16 16:13:15
36755,23070467,Dev Jain,23070467@college.edu,ME,4,2026-04-16 16:13:15
36772,23050569,Aditya Mehta,23050569@college.edu,CSE,1,2026-04-16 16:13:15
36774,23051063,Harsh Mehta,23051063@college.edu,ME,7,2026-04-16 16:13:15
36777,23055168,Krishna Mehta,23055168@college.edu,ME,1,2026-04-16 16:13:15
36783,23063512,Tanmay Ghosh,23063512@college.edu,IT,4,2026-04-16 16:13:15
36789,23054458,Ritika Sharma,23054458@college.edu,ECE,2,2026-04-16 16:13:15
36792,23073490,Tanmay Dubey,23073490@college.edu,CSE,5,2026-04-16 16:13:15
36800,23068964,Dev Ghosh,23068964@college.edu,ME,3,2026-04-16 16:13:15
36805,23051325,Aditya Verma,23051325@college.edu,CSE,6,2026-04-16 16:13:15
36812,23071657,Tanmay Khanna,23071657@college.edu,EEE,4,2026-04-16 16:13:15
36817,23052698,Aditi Ghosh,23052698@college.edu,EEE,8,2026-04-16 16:13:15
36828,23067929,Siddharth Bansal,23067929@college.edu,CSE,2,2026-04-16 16:13:15
36830,23062605,Rohan Reddy,23062605@college.edu,EEE,2,2026-04-16 16:13:15
36834,23077125,Vivaan Ghosh,23077125@college.edu,ECE,8,2026-04-16 16:13:15
36841,23065575,Priya Agarwal,23065575@college.edu,EEE,6,2026-04-16 16:13:15
36846,23051306,Ritika Sharma,23051306@college.edu,ME,6,2026-04-16 16:13:15
36847,23065678,Varun Joshi,23065678@college.edu,ME,5,2026-04-16 16:13:15
36849,23064323,Nikhil Kapoor,23064323@college.edu,CSE,6,2026-04-16 16:13:15
36856,23058051,Deepak Bansal,23058051@college.edu,IT,6,2026-04-16 16:13:15
36864,23077087,Tanmay Jain,23077087@college.edu,CSE,1,2026-04-16 16:13:15
36869,23058545,Tanmay Joshi,23058545@college.edu,ECE,4,2026-04-16 16:13:15
36874,23057359,Arjun Joshi,23057359@college.edu,CSE,3,2026-04-16 16:13:15
36875,23071911,Diya Choudhary,23071911@college.edu,CSE,6,2026-04-16 16:13:15
36880,23067374,Aman Choudhary,23067374@college.edu,IT,4,2026-04-16 16:13:15
36889,23064679,Aman Joshi,23064679@college.edu,IT,7,2026-04-16 16:13:15
36892,23072068,Kavya Bansal,23072068@college.edu,ECE,1,2026-04-16 16:13:15
36899,23073789,Diya Ghosh,23073789@college.edu,CSE,6,2026-04-16 16:13:15
36914,23058066,Sneha Khanna,23058066@college.edu,CSE,3,2026-04-16 16:13:15
36919,23051967,Kunal Sharma,23051967@college.edu,ECE,5,2026-04-16 16:13:15
36920,23063746,Priya Iyer,23063746@college.edu,CSE,1,2026-04-16 16:13:15
36921,23066482,Mohit Sinha,23066482@college.edu,CSE,6,2026-04-16 16:13:15
36926,23058118,Diya Thakur,23058118@college.edu,CSE,1,2026-04-16 16:13:15
36938,23076914,Vivaan Das,23076914@college.edu,CSE,7,2026-04-16 16:13:15
36942,23057032,Ritika Gupta,23057032@college.edu,IT,6,2026-04-16 16:13:15
36945,23060917,Aditi Jain,23060917@college.edu,EEE,2,2026-04-16 16:13:15
36948,23070744,Manav Dubey,23070744@college.edu,EEE,3,2026-04-16 16:13:15
36951,23076064,Arjun Verma,23076064@college.edu,ECE,1,2026-04-16 16:13:15
36954,23064855,Nikhil Reddy,23064855@college.edu,IT,1,2026-04-16 16:13:15
36958,23075426,Deepak Gupta,23075426@college.edu,ME,3,2026-04-16 16:13:15
36959,23066933,Mohit Bansal,23066933@college.edu,EEE,1,2026-04-16 16:13:15
36960,23061028,Rahul Pandey,23061028@college.edu,ECE,1,2026-04-16 16:13:15
36964,23060445,Dev Dubey,23060445@college.edu,EEE,4,2026-04-16 16:13:15
36966,23066202,Aditi Sharma,23066202@college.edu,EEE,2,2026-04-16 16:13:15
36972,23061863,Ritika Kapoor,23061863@college.edu,ECE,6,2026-04-16 16:13:15
36974,23053754,Kunal Jain,23053754@college.edu,EEE,2,2026-04-16 16:13:15
36975,23070387,Mohit Pandey,23070387@college.edu,EEE,5,2026-04-16 16:13:15
36979,23062407,Rohan Jain,23062407@college.edu,ECE,5,2026-04-16 16:13:15
36981,23074625,Ritika Patel,23074625@college.edu,ME,8,2026-04-16 16:13:15
36992,23054488,Pooja Patel,23054488@college.edu,CSE,3,2026-04-16 16:13:15
37002,23067578,Vivaan Das,23067578@college.edu,IT,4,2026-04-16 16:13:15
37011,23060403,Sai Choudhary,23060403@college.edu,ECE,2,2026-04-16 16:13:15
37014,23074785,Dev Verma,23074785@college.edu,EEE,8,2026-04-16 16:13:15
37020,23062181,Kavya Sharma,23062181@college.edu,CSE,2,2026-04-16 16:13:15
37021,23068444,Arjun Reddy,23068444@college.edu,ME,1,2026-04-16 16:13:15
37022,23068755,Kunal Kapoor,23068755@college.edu,ME,5,2026-04-16 16:13:15
37027,23069286,Sai Pandey,23069286@college.edu,ECE,8,2026-04-16 16:13:15
37032,23062411,Dev Kapoor,23062411@college.edu,EEE,3,2026-04-16 16:13:15
37037,23058391,Ishaan Verma,23058391@college.edu,IT,5,2026-04-16 16:13:15
37045,23063514,Nikhil Joshi,23063514@college.edu,ECE,5,2026-04-16 16:13:15
37063,23075650,Mohit Sinha,23075650@college.edu,ECE,2,2026-04-16 16:13:15
37067,23052575,Harsh Nair,23052575@college.edu,ME,8,2026-04-16 16:13:15
37069,23052426,Ritesh Sharma,23052426@college.edu,ME,5,2026-04-16 16:13:15
37080,23067019,Sai Verma,23067019@college.edu,ECE,4,2026-04-16 16:13:15
37082,23070457,Deepak Thakur,23070457@college.edu,ME,1,2026-04-16 16:13:15
37097,23053696,Sneha Iyer,23053696@college.edu,ME,1,2026-04-16 16:13:15
37103,23077038,Sai Gupta,23077038@college.edu,IT,1,2026-04-16 16:13:15
37110,23059021,Kunal Agarwal,23059021@college.edu,IT,7,2026-04-16 16:13:15
37121,23050163,Rohan Iyer,23050163@college.edu,ECE,2,2026-04-16 16:13:15
37125,23051084,Dev Pandey,23051084@college.edu,CSE,1,2026-04-16 16:13:15
37130,23054355,Aditya Kapoor,23054355@college.edu,IT,6,2026-04-16 16:13:15
37137,23075582,Ritika Thakur,23075582@college.edu,CSE,4,2026-04-16 16:13:15
37139,23060376,Arjun Patel,23060376@college.edu,EEE,6,2026-04-16 16:13:15
37140,23050138,Kavya Dubey,23050138@college.edu,IT,6,2026-04-16 16:13:15
37143,23071208,Ishaan Menon,23071208@college.edu,IT,8,2026-04-16 16:13:15
37161,23072736,Aarav Rao,23072736@college.edu,ECE,1,2026-04-16 16:13:15
37165,23079907,Aarav Sharma,23079907@college.edu,ECE,5,2026-04-16 16:13:15
37174,23069311,Aditi Khanna,23069311@college.edu,ME,5,2026-04-16 16:13:15
37188,23059587,Nikhil Joshi,23059587@college.edu,EEE,6,2026-04-16 16:13:15
37192,23054529,Aman Reddy,23054529@college.edu,CSE,5,2026-04-16 16:13:15
37206,23077894,Aditi Rao,23077894@college.edu,IT,5,2026-04-16 16:13:15
37208,23058832,Neha Mehta,23058832@college.edu,ECE,1,2026-04-16 16:13:15
37210,23074350,Ritika Patel,23074350@college.edu,IT,4,2026-04-16 16:13:15
37212,23053988,Harsh Dubey,23053988@college.edu,ECE,1,2026-04-16 16:13:15
37214,23054330,Siddharth Bansal,23054330@college.edu,CSE,6,2026-04-16 16:13:15
37226,23063460,Om Jain,23063460@college.edu,CSE,1,2026-04-16 16:13:15
37227,23051665,Ananya Joshi,23051665@college.edu,ECE,5,2026-04-16 16:13:15
37232,23054998,Arjun Sinha,23054998@college.edu,EEE,6,2026-04-16 16:13:15
37234,23057162,Priya Gupta,23057162@college.edu,ME,7,2026-04-16 16:13:15
37235,23077444,Varun Kapoor,23077444@college.edu,ECE,8,2026-04-16 16:13:15
37240,23053799,Neha Das,23053799@college.edu,IT,2,2026-04-16 16:13:15
37246,23054927,Varun Sinha,23054927@college.edu,IT,7,2026-04-16 16:13:15
37247,23071132,Aarav Verma,23071132@college.edu,IT,2,2026-04-16 16:13:15
37251,23071268,Kavya Dubey,23071268@college.edu,ME,5,2026-04-16 16:13:15
37254,23076865,Sai Das,23076865@college.edu,ME,5,2026-04-16 16:13:15
37256,23061189,Aman Reddy,23061189@college.edu,EEE,1,2026-04-16 16:13:15
37259,23067002,Sneha Kapoor,23067002@college.edu,CSE,8,2026-04-16 16:13:15
37260,23067595,Aarav Patel,23067595@college.edu,EEE,7,2026-04-16 16:13:15
37269,23058570,Siddharth Das,23058570@college.edu,IT,2,2026-04-16 16:13:15
37281,23071419,Yash Agarwal,23071419@college.edu,CSE,4,2026-04-16 16:13:15
37286,23067924,Krishna Das,23067924@college.edu,ME,1,2026-04-16 16:13:15
37291,23060069,Ritesh Reddy,23060069@college.edu,EEE,3,2026-04-16 16:13:15
37292,23058980,Pooja Joshi,23058980@college.edu,EEE,8,2026-04-16 16:13:15
37295,23067934,Dev Sinha,23067934@college.edu,EEE,1,2026-04-16 16:13:15
37304,23070148,Yash Pandey,23070148@college.edu,CSE,7,2026-04-16 16:13:15
37305,23069379,Aditi Patel,23069379@college.edu,IT,2,2026-04-16 16:13:15
37309,23054229,Arjun Das,23054229@college.edu,ECE,2,2026-04-16 16:13:15
37316,23078517,Ritika Rao,23078517@college.edu,ECE,7,2026-04-16 16:13:15
37319,23077999,Kavya Sinha,23077999@college.edu,EEE,6,2026-04-16 16:13:15
37322,23056763,Siddharth Bansal,23056763@college.edu,ECE,1,2026-04-16 16:13:15
37326,23064840,Manav Das,23064840@college.edu,CSE,4,2026-04-16 16:13:15
37328,23053367,Aditya Patel,23053367@college.edu,CSE,4,2026-04-16 16:13:15
37329,23076393,Sneha Choudhary,23076393@college.edu,ME,1,2026-04-16 16:13:15
37330,23073081,Tanmay Iyer,23073081@college.edu,CSE,5,2026-04-16 16:13:15
37331,23064085,Aditya Patel,23064085@college.edu,ME,3,2026-04-16 16:13:15
37334,23066709,Krishna Bansal,23066709@college.edu,ME,3,2026-04-16 16:13:15
37361,23071588,Deepak Kapoor,23071588@college.edu,CSE,1,2026-04-16 16:13:15
37367,23056834,Siddharth Sharma,23056834@college.edu,ECE,3,2026-04-16 16:13:15
37372,23073362,Tanmay Dubey,23073362@college.edu,ME,4,2026-04-16 16:13:15
37374,23055149,Kavya Rao,23055149@college.edu,EEE,7,2026-04-16 16:13:15
37377,23074324,Rahul Kapoor,23074324@college.edu,IT,6,2026-04-16 16:13:15
37382,23066560,Ritika Iyer,23066560@college.edu,EEE,7,2026-04-16 16:13:15
37385,23073812,Yash Reddy,23073812@college.edu,CSE,8,2026-04-16 16:13:15
37386,23078420,Rahul Gupta,23078420@college.edu,CSE,6,2026-04-16 16:13:15
37388,23052328,Priya Kapoor,23052328@college.edu,IT,2,2026-04-16 16:13:15
37389,23077778,Kunal Joshi,23077778@college.edu,ECE,4,2026-04-16 16:13:15
37391,23057397,Aditi Gupta,23057397@college.edu,ME,3,2026-04-16 16:13:15
37398,23069465,Rohan Dubey,23069465@college.edu,CSE,1,2026-04-16 16:13:15
37407,23056818,Yash Pandey,23056818@college.edu,IT,4,2026-04-16 16:13:15
37408,23079382,Sneha Joshi,23079382@college.edu,IT,4,2026-04-16 16:13:15
37413,23050636,Kavya Sharma,23050636@college.edu,ECE,8,2026-04-16 16:13:15
37421,23052787,Ritesh Jain,23052787@college.edu,IT,8,2026-04-16 16:13:15
37436,23076106,Harsh Pandey,23076106@college.edu,IT,2,2026-04-16 16:13:15
37449,23055294,Sai Bansal,23055294@college.edu,ECE,8,2026-04-16 16:13:15
37450,23064263,Priya Rao,23064263@college.edu,IT,4,2026-04-16 16:13:15
37453,23051411,Ritesh Verma,23051411@college.edu,ME,8,2026-04-16 16:13:15
37456,23060985,Vivaan Sinha,23060985@college.edu,ECE,2,2026-04-16 16:13:15
37457,23076735,Krishna Pandey,23076735@college.edu,ME,6,2026-04-16 16:13:15
37458,23054507,Aarav Rao,23054507@college.edu,IT,4,2026-04-16 16:13:15
37460,23071251,Yash Iyer,23071251@college.edu,EEE,1,2026-04-16 16:13:15
37467,23063282,Deepak Menon,23063282@college.edu,IT,7,2026-04-16 16:13:15
37471,23073032,Ritika Iyer,23073032@college.edu,EEE,6,2026-04-16 16:13:15
37482,23062253,Meera Dubey,23062253@college.edu,CSE,5,2026-04-16 16:13:15
37483,23079406,Om Menon,23079406@college.edu,CSE,3,2026-04-16 16:13:15
37487,23060056,Krishna Bansal,23060056@college.edu,ME,3,2026-04-16 16:13:15
37488,23077002,Siddharth Thakur,23077002@college.edu,ECE,2,2026-04-16 16:13:15
37490,23059303,Sneha Patel,23059303@college.edu,CSE,3,2026-04-16 16:13:15
37492,23074500,Krishna Iyer,23074500@college.edu,ECE,4,2026-04-16 16:13:15
37495,23071995,Priya Khanna,23071995@college.edu,EEE,8,2026-04-16 16:13:15
37507,23073899,Nikhil Dubey,23073899@college.edu,ECE,1,2026-04-16 16:13:15
37509,23064626,Kavya Verma,23064626@college.edu,ME,1,2026-04-16 16:13:15
37528,23055985,Rohan Sharma,23055985@college.edu,IT,7,2026-04-16 16:13:15
37532,23056343,Vivaan Sharma,23056343@college.edu,CSE,6,2026-04-16 16:13:15
37533,23075077,Aman Dubey,23075077@college.edu,ECE,8,2026-04-16 16:13:15
37534,23064908,Deepak Bansal,23064908@college.edu,EEE,2,2026-04-16 16:13:15
37537,23070517,Pooja Agarwal,23070517@college.edu,IT,6,2026-04-16 16:13:15
37542,23069002,Ritika Iyer,23069002@college.edu,EEE,4,2026-04-16 16:13:15
37544,23052007,Ananya Iyer,23052007@college.edu,ECE,6,2026-04-16 16:13:15
37547,23054557,Mohit Sharma,23054557@college.edu,ME,4,2026-04-16 16:13:15
37548,23054942,Meera Agarwal,23054942@college.edu,CSE,2,2026-04-16 16:13:15
37552,23065032,Diya Verma,23065032@college.edu,ME,5,2026-04-16 16:13:15
37556,23052224,Krishna Kapoor,23052224@college.edu,ME,2,2026-04-16 16:13:15
37559,23060540,Ritika Kapoor,23060540@college.edu,EEE,3,2026-04-16 16:13:15
37562,23064979,Nikhil Ghosh,23064979@college.edu,CSE,3,2026-04-16 16:13:15
37565,23065314,Sai Das,23065314@college.edu,IT,3,2026-04-16 16:13:15
37570,23056145,Aarav Jain,23056145@college.edu,IT,5,2026-04-16 16:13:15
37576,23050713,Sneha Gupta,23050713@college.edu,IT,5,2026-04-16 16:13:15
37583,23071087,Rohan Sinha,23071087@college.edu,ME,4,2026-04-16 16:13:15
37594,23058396,Aditya Mehta,23058396@college.edu,ECE,2,2026-04-16 16:13:15
37598,23064848,Yash Sharma,23064848@college.edu,ECE,2,2026-04-16 16:13:15
37600,23062276,Neha Ghosh,23062276@college.edu,ECE,1,2026-04-16 16:13:15
37604,23063788,Pooja Verma,23063788@college.edu,ECE,6,2026-04-16 16:13:15
37611,23059863,Dev Gupta,23059863@college.edu,IT,3,2026-04-16 16:13:15
37612,23064152,Pooja Choudhary,23064152@college.edu,ECE,6,2026-04-16 16:13:15
37613,23073144,Vivaan Choudhary,23073144@college.edu,EEE,3,2026-04-16 16:13:15
37618,23057818,Rahul Thakur,23057818@college.edu,EEE,4,2026-04-16 16:13:15
37632,23054879,Sai Patel,23054879@college.edu,EEE,7,2026-04-16 16:13:15
37633,23063276,Sneha Ghosh,23063276@college.edu,ME,3,2026-04-16 16:13:15
37634,23072051,Aditi Rao,23072051@college.edu,EEE,3,2026-04-16 16:13:15
37641,23077928,Aditi Das,23077928@college.edu,ECE,4,2026-04-16 16:13:15
37654,23051805,Sneha Sinha,23051805@college.edu,CSE,3,2026-04-16 16:13:15
37657,23063262,Meera Iyer,23063262@college.edu,ECE,2,2026-04-16 16:13:15
37660,23077655,Mohit Gupta,23077655@college.edu,EEE,8,2026-04-16 16:13:15
37668,23051861,Ritesh Pandey,23051861@college.edu,CSE,2,2026-04-16 16:13:15
37672,23058245,Aman Agarwal,23058245@college.edu,ECE,7,2026-04-16 16:13:15
37673,23067839,Rohan Bansal,23067839@college.edu,EEE,5,2026-04-16 16:13:15
37674,23054094,Dev Das,23054094@college.edu,CSE,7,2026-04-16 16:13:15
37676,23077651,Aarav Sinha,23077651@college.edu,ME,7,2026-04-16 16:13:15
37681,23070293,Tanmay Menon,23070293@college.edu,ECE,4,2026-04-16 16:13:15
37685,23076441,Vivaan Agarwal,23076441@college.edu,CSE,5,2026-04-16 16:13:15
37692,23062049,Ishaan Mehta,23062049@college.edu,EEE,2,2026-04-16 16:13:15
37696,23073937,Ritika Ghosh,23073937@college.edu,CSE,1,2026-04-16 16:13:15
37700,23075607,Meera Das,23075607@college.edu,IT,2,2026-04-16 16:13:15
37707,23059119,Deepak Reddy,23059119@college.edu,CSE,6,2026-04-16 16:13:15
37710,23060626,Mohit Bansal,23060626@college.edu,IT,7,2026-04-16 16:13:15
37715,23050852,Siddharth Rao,23050852@college.edu,EEE,8,2026-04-16 16:13:15
37721,23073971,Harsh Verma,23073971@college.edu,CSE,3,2026-04-16 16:13:15
37722,23061834,Priya Jain,23061834@college.edu,CSE,4,2026-04-16 16:13:15
37729,23062586,Aarav Patel,23062586@college.edu,ECE,7,2026-04-16 16:13:15
37739,23057924,Nikhil Khanna,23057924@college.edu,ECE,7,2026-04-16 16:13:15
37742,23066541,Ritesh Das,23066541@college.edu,CSE,7,2026-04-16 16:13:15
37751,23076423,Dev Kapoor,23076423@college.edu,EEE,3,2026-04-16 16:13:15
37764,23063007,Aman Sinha,23063007@college.edu,CSE,7,2026-04-16 16:13:15
37783,23064585,Aditi Rao,23064585@college.edu,IT,1,2026-04-16 16:13:15
37789,23067312,Vivaan Dubey,23067312@college.edu,ECE,2,2026-04-16 16:13:15
37791,23075384,Priya Nair,23075384@college.edu,IT,8,2026-04-16 16:13:15
37798,23050447,Siddharth Kapoor,23050447@college.edu,IT,4,2026-04-16 16:13:15
37804,23068288,Varun Ghosh,23068288@college.edu,EEE,4,2026-04-16 16:13:15
37805,23071624,Om Ghosh,23071624@college.edu,ME,7,2026-04-16 16:13:15
37808,23066007,Nikhil Sinha,23066007@college.edu,ECE,7,2026-04-16 16:13:15
37811,23061951,Neha Nair,23061951@college.edu,ME,7,2026-04-16 16:13:15
37814,23057533,Meera Menon,23057533@college.edu,EEE,1,2026-04-16 16:13:15
37818,23070027,Nikhil Dubey,23070027@college.edu,ECE,2,2026-04-16 16:13:15
37822,23054504,Krishna Choudhary,23054504@college.edu,IT,4,2026-04-16 16:13:15
37824,23071883,Tanmay Khanna,23071883@college.edu,EEE,1,2026-04-16 16:13:15
37825,23079051,Deepak Verma,23079051@college.edu,ME,1,2026-04-16 16:13:15
37828,23068660,Rohan Pandey,23068660@college.edu,IT,1,2026-04-16 16:13:15
37831,23064893,Dev Pandey,23064893@college.edu,ME,6,2026-04-16 16:13:15
37839,23063777,Siddharth Choudhary,23063777@college.edu,ME,6,2026-04-16 16:13:15
37856,23068581,Diya Choudhary,23068581@college.edu,CSE,2,2026-04-16 16:13:15
37859,23075991,Nikhil Choudhary,23075991@college.edu,IT,2,2026-04-16 16:13:15
37871,23061356,Kunal Thakur,23061356@college.edu,IT,5,2026-04-16 16:13:15
37872,23053178,Dev Gupta,23053178@college.edu,IT,1,2026-04-16 16:13:15
37875,23072385,Krishna Choudhary,23072385@college.edu,IT,7,2026-04-16 16:13:15
37881,23074636,Harsh Sharma,23074636@college.edu,CSE,4,2026-04-16 16:13:15
37883,23061719,Ishaan Patel,23061719@college.edu,IT,2,2026-04-16 16:13:15
37887,23072020,Varun Thakur,23072020@college.edu,ME,8,2026-04-16 16:13:15
37890,23079311,Om Thakur,23079311@college.edu,EEE,5,2026-04-16 16:13:15
37898,23055868,Kunal Khanna,23055868@college.edu,ECE,6,2026-04-16 16:13:15
37899,23052083,Dev Jain,23052083@college.edu,ECE,3,2026-04-16 16:13:15
37902,23058225,Dev Iyer,23058225@college.edu,EEE,4,2026-04-16 16:13:15
37908,23050619,Sai Nair,23050619@college.edu,ME,1,2026-04-16 16:13:15
37909,23065104,Priya Rao,23065104@college.edu,EEE,5,2026-04-16 16:13:15
37912,23054616,Aditya Nair,23054616@college.edu,CSE,6,2026-04-16 16:13:15
37918,23052296,Mohit Choudhary,23052296@college.edu,CSE,3,2026-04-16 16:13:15
37933,23073592,Manav Jain,23073592@college.edu,IT,7,2026-04-16 16:13:15
37934,23054688,Aman Pandey,23054688@college.edu,ME,1,2026-04-16 16:13:15
37935,23054877,Priya Mehta,23054877@college.edu,ME,1,2026-04-16 16:13:15
37939,23064451,Aarav Mehta,23064451@college.edu,IT,3,2026-04-16 16:13:15
37946,23052751,Kavya Nair,23052751@college.edu,ME,2,2026-04-16 16:13:15
37947,23070644,Ritesh Pandey,23070644@college.edu,ME,7,2026-04-16 16:13:15
37952,23050059,Aditya Verma,23050059@college.edu,IT,8,2026-04-16 16:13:15
37954,23068439,Meera Sharma,23068439@college.edu,ME,1,2026-04-16 16:13:15
37960,23078120,Om Jain,23078120@college.edu,CSE,2,2026-04-16 16:13:15
37967,23050055,Kavya Mehta,23050055@college.edu,CSE,5,2026-04-16 16:13:15
37968,23055719,Kunal Thakur,23055719@college.edu,IT,3,2026-04-16 16:13:15
37982,23072957,Aditya Joshi,23072957@college.edu,ECE,4,2026-04-16 16:13:15
37993,23052055,Ananya Thakur,23052055@college.edu,IT,2,2026-04-16 16:13:15
37996,23062391,Nikhil Bansal,23062391@college.edu,ME,6,2026-04-16 16:13:15
37999,23079851,Neha Dubey,23079851@college.edu,IT,8,2026-04-16 16:13:15
38003,23059432,Tanmay Thakur,23059432@college.edu,EEE,5,2026-04-16 16:13:15
38005,23060632,Kavya Patel,23060632@college.edu,EEE,2,2026-04-16 16:13:15
38006,23060654,Ananya Das,23060654@college.edu,ME,6,2026-04-16 16:13:15
38009,23069419,Aditya Choudhary,23069419@college.edu,ECE,1,2026-04-16 16:13:15
38027,23050209,Nikhil Choudhary,23050209@college.edu,ECE,1,2026-04-16 16:13:15
38030,23070163,Krishna Nair,23070163@college.edu,ECE,1,2026-04-16 16:13:15
38031,23063150,Ananya Dubey,23063150@college.edu,EEE,7,2026-04-16 16:13:15
38046,23054021,Kavya Kapoor,23054021@college.edu,ME,4,2026-04-16 16:13:15
38048,23065768,Rohan Sinha,23065768@college.edu,CSE,2,2026-04-16 16:13:15
38054,23061636,Ishaan Das,23061636@college.edu,ECE,2,2026-04-16 16:13:15
38066,23064534,Diya Das,23064534@college.edu,CSE,4,2026-04-16 16:13:15
38068,23052032,Aman Thakur,23052032@college.edu,ME,7,2026-04-16 16:13:15
38076,23061421,Kunal Khanna,23061421@college.edu,CSE,6,2026-04-16 16:13:15
38080,23053022,Tanmay Sinha,23053022@college.edu,ME,2,2026-04-16 16:13:15
38083,23051357,Ishaan Mehta,23051357@college.edu,CSE,5,2026-04-16 16:13:15
38084,23072521,Ishaan Sinha,23072521@college.edu,EEE,5,2026-04-16 16:13:15
38104,23059462,Rohan Joshi,23059462@college.edu,CSE,4,2026-04-16 16:13:15
38107,23051062,Nikhil Ghosh,23051062@college.edu,EEE,7,2026-04-16 16:13:15
38109,23060158,Arjun Reddy,23060158@college.edu,ME,4,2026-04-16 16:13:15
38127,23075279,Deepak Dubey,23075279@college.edu,EEE,3,2026-04-16 16:13:15
38128,23074394,Tanmay Kapoor,23074394@college.edu,ME,6,2026-04-16 16:13:15
38142,23055010,Vivaan Das,23055010@college.edu,ME,5,2026-04-16 16:13:15
38146,23053862,Ananya Choudhary,23053862@college.edu,IT,4,2026-04-16 16:13:15
38151,23055196,Siddharth Choudhary,23055196@college.edu,CSE,8,2026-04-16 16:13:15
38152,23071751,Aditya Das,23071751@college.edu,ME,7,2026-04-16 16:13:15
38155,23063084,Aditya Reddy,23063084@college.edu,ME,2,2026-04-16 16:13:15
38163,23065261,Sai Jain,23065261@college.edu,ME,6,2026-04-16 16:13:15
38165,23073820,Ritesh Pandey,23073820@college.edu,CSE,5,2026-04-16 16:13:15
38166,23063835,Kunal Kapoor,23063835@college.edu,EEE,8,2026-04-16 16:13:15
38168,23062550,Ishaan Patel,23062550@college.edu,ME,8,2026-04-16 16:13:15
38170,23079677,Ishaan Patel,23079677@college.edu,ECE,7,2026-04-16 16:13:15
38184,23075626,Aarav Mehta,23075626@college.edu,ECE,4,2026-04-16 16:13:15
38186,23070895,Pooja Bansal,23070895@college.edu,CSE,1,2026-04-16 16:13:15
38193,23055625,Om Bansal,23055625@college.edu,ME,2,2026-04-16 16:13:15
38194,23066793,Deepak Gupta,23066793@college.edu,EEE,4,2026-04-16 16:13:15
38202,23059365,Mohit Menon,23059365@college.edu,CSE,6,2026-04-16 16:13:15
38203,23077106,Rohan Nair,23077106@college.edu,EEE,6,2026-04-16 16:13:15
38207,23064600,Mohit Reddy,23064600@college.edu,ME,5,2026-04-16 16:13:15
38209,23063742,Om Pandey,23063742@college.edu,IT,8,2026-04-16 16:13:15
38216,23056270,Ishaan Iyer,23056270@college.edu,CSE,5,2026-04-16 16:13:15
38221,23075183,Tanmay Sinha,23075183@college.edu,EEE,3,2026-04-16 16:13:15
38224,23055436,Pooja Mehta,23055436@college.edu,CSE,8,2026-04-16 16:13:15
38229,23078745,Om Verma,23078745@college.edu,CSE,7,2026-04-16 16:13:15
38230,23060065,Nikhil Menon,23060065@college.edu,CSE,6,2026-04-16 16:13:15
38237,23061084,Neha Verma,23061084@college.edu,ECE,8,2026-04-16 16:13:15
38241,23073580,Kavya Thakur,23073580@college.edu,IT,3,2026-04-16 16:13:15
38244,23050272,Yash Thakur,23050272@college.edu,ME,3,2026-04-16 16:13:15
38246,23068897,Nikhil Menon,23068897@college.edu,EEE,3,2026-04-16 16:13:15
38250,23076877,Aman Mehta,23076877@college.edu,IT,7,2026-04-16 16:13:15
38251,23076630,Rohan Rao,23076630@college.edu,EEE,1,2026-04-16 16:13:15
38267,23058870,Meera Verma,23058870@college.edu,IT,8,2026-04-16 16:13:15
38268,23068003,Diya Jain,23068003@college.edu,IT,6,2026-04-16 16:13:15
38269,23079326,Kunal Rao,23079326@college.edu,CSE,7,2026-04-16 16:13:15
38286,23056623,Deepak Verma,23056623@college.edu,IT,3,2026-04-16 16:13:15
38288,23065567,Ritika Bansal,23065567@college.edu,IT,4,2026-04-16 16:13:15
38292,23066548,Sneha Verma,23066548@college.edu,CSE,4,2026-04-16 16:13:15
38294,23058315,Krishna Patel,23058315@college.edu,ECE,8,2026-04-16 16:13:15
38295,23050609,Arjun Sinha,23050609@college.edu,CSE,4,2026-04-16 16:13:15
38296,23050317,Kavya Kapoor,23050317@college.edu,IT,5,2026-04-16 16:13:15
38306,23068729,Yash Pandey,23068729@college.edu,CSE,4,2026-04-16 16:13:15
38311,23059829,Kunal Thakur,23059829@college.edu,EEE,4,2026-04-16 16:13:15
38314,23073709,Aditya Mehta,23073709@college.edu,ME,8,2026-04-16 16:13:15
38316,23069036,Neha Joshi,23069036@college.edu,ECE,8,2026-04-16 16:13:15
38321,23056607,Mohit Choudhary,23056607@college.edu,IT,8,2026-04-16 16:13:15
38333,23051387,Dev Nair,23051387@college.edu,ME,3,2026-04-16 16:13:15
38334,23055363,Aarav Jain,23055363@college.edu,EEE,3,2026-04-16 16:13:15
38352,23068759,Sneha Jain,23068759@college.edu,EEE,2,2026-04-16 16:13:15
38356,23078363,Neha Thakur,23078363@college.edu,IT,1,2026-04-16 16:13:15
38362,23058902,Ishaan Sharma,23058902@college.edu,CSE,5,2026-04-16 16:13:15
38363,23075603,Ritesh Iyer,23075603@college.edu,ME,1,2026-04-16 16:13:15
38364,23054685,Siddharth Bansal,23054685@college.edu,IT,6,2026-04-16 16:13:15
38367,23066736,Aarav Gupta,23066736@college.edu,ECE,1,2026-04-16 16:13:15
38372,23061047,Aarav Rao,23061047@college.edu,ME,1,2026-04-16 16:13:15
38373,23056274,Krishna Reddy,23056274@college.edu,EEE,5,2026-04-16 16:13:15
38376,23075087,Yash Jain,23075087@college.edu,ME,1,2026-04-16 16:13:15
38377,23062859,Priya Pandey,23062859@college.edu,EEE,3,2026-04-16 16:13:15
38382,23059532,Neha Choudhary,23059532@college.edu,ME,4,2026-04-16 16:13:15
38388,23078908,Sai Mehta,23078908@college.edu,IT,2,2026-04-16 16:13:15
38392,23075322,Varun Agarwal,23075322@college.edu,IT,3,2026-04-16 16:13:15
38396,23077331,Deepak Ghosh,23077331@college.edu,CSE,4,2026-04-16 16:13:15
38397,23060472,Varun Pandey,23060472@college.edu,IT,4,2026-04-16 16:13:15
38402,23053772,Nikhil Agarwal,23053772@college.edu,ME,5,2026-04-16 16:13:15
38404,23062387,Ritesh Iyer,23062387@college.edu,EEE,2,2026-04-16 16:13:15
38415,23052867,Ishaan Pandey,23052867@college.edu,ECE,3,2026-04-16 16:13:15
38422,23070346,Diya Khanna,23070346@college.edu,ME,1,2026-04-16 16:13:15
38436,23057859,Harsh Nair,23057859@college.edu,IT,7,2026-04-16 16:13:15
38440,23078875,Krishna Patel,23078875@college.edu,EEE,3,2026-04-16 16:13:15
38453,23067296,Arjun Nair,23067296@college.edu,CSE,5,2026-04-16 16:13:15
38454,23065267,Tanmay Mehta,23065267@college.edu,IT,1,2026-04-16 16:13:15
38455,23072464,Yash Bansal,23072464@college.edu,CSE,7,2026-04-16 16:13:15
38458,23073329,Diya Bansal,23073329@college.edu,EEE,2,2026-04-16 16:13:15
38465,23073087,Sneha Gupta,23073087@college.edu,ECE,2,2026-04-16 16:13:15
38468,23078550,Neha Iyer,23078550@college.edu,EEE,3,2026-04-16 16:13:15
38472,23064471,Priya Jain,23064471@college.edu,ECE,4,2026-04-16 16:13:15
38474,23063202,Mohit Thakur,23063202@college.edu,CSE,4,2026-04-16 16:13:15
38484,23061522,Varun Reddy,23061522@college.edu,ME,7,2026-04-16 16:13:15
38504,23061108,Priya Gupta,23061108@college.edu,ME,5,2026-04-16 16:13:15
38509,23070937,Meera Reddy,23070937@college.edu,ECE,6,2026-04-16 16:13:15
38510,23059318,Mohit Nair,23059318@college.edu,ECE,1,2026-04-16 16:13:15
38517,23059518,Ananya Mehta,23059518@college.edu,ME,6,2026-04-16 16:13:15
38520,23054627,Aditi Agarwal,23054627@college.edu,ME,6,2026-04-16 16:13:15
38521,23076172,Vivaan Patel,23076172@college.edu,CSE,2,2026-04-16 16:13:15
38527,23060537,Varun Iyer,23060537@college.edu,IT,1,2026-04-16 16:13:15
38529,23058517,Sai Reddy,23058517@college.edu,ME,4,2026-04-16 16:13:15
38544,23067648,Aditi Das,23067648@college.edu,ECE,8,2026-04-16 16:13:15
38551,23061838,Nikhil Thakur,23061838@college.edu,EEE,4,2026-04-16 16:13:15
38555,23077353,Ritesh Das,23077353@college.edu,CSE,6,2026-04-16 16:13:15
38558,23074681,Krishna Kapoor,23074681@college.edu,IT,7,2026-04-16 16:13:15
38566,23077802,Harsh Sharma,23077802@college.edu,EEE,8,2026-04-16 16:13:15
38567,23062069,Siddharth Gupta,23062069@college.edu,ME,3,2026-04-16 16:13:15
38569,23070986,Ananya Joshi,23070986@college.edu,CSE,6,2026-04-16 16:13:15
38571,23078185,Ritesh Gupta,23078185@college.edu,CSE,8,2026-04-16 16:13:15
38616,23074340,Yash Thakur,23074340@college.edu,CSE,3,2026-04-16 16:13:15
38617,23053353,Aditi Sharma,23053353@college.edu,IT,2,2026-04-16 16:13:15
38618,23066562,Krishna Thakur,23066562@college.edu,EEE,6,2026-04-16 16:13:15
38624,23061744,Aarav Mehta,23061744@college.edu,EEE,8,2026-04-16 16:13:15
38638,23066909,Diya Iyer,23066909@college.edu,EEE,1,2026-04-16 16:13:15
38639,23078477,Diya Pandey,23078477@college.edu,EEE,7,2026-04-16 16:13:15
38645,23055920,Tanmay Kapoor,23055920@college.edu,ME,2,2026-04-16 16:13:15
38646,23075808,Aarav Nair,23075808@college.edu,IT,4,2026-04-16 16:13:15
38651,23064406,Vivaan Menon,23064406@college.edu,CSE,1,2026-04-16 16:13:15
38653,23060857,Dev Iyer,23060857@college.edu,IT,6,2026-04-16 16:13:15
38655,23068687,Sai Das,23068687@college.edu,EEE,7,2026-04-16 16:13:15
38660,23064965,Aman Das,23064965@college.edu,IT,7,2026-04-16 16:13:15
38663,23061355,Kunal Ghosh,23061355@college.edu,EEE,7,2026-04-16 16:13:15
38664,23067464,Sneha Gupta,23067464@college.edu,CSE,1,2026-04-16 16:13:15
38667,23067448,Aditya Jain,23067448@college.edu,CSE,3,2026-04-16 16:13:15
38677,23067146,Vivaan Iyer,23067146@college.edu,IT,8,2026-04-16 16:13:15
38678,23065111,Ananya Mehta,23065111@college.edu,EEE,8,2026-04-16 16:13:15
38683,23072045,Meera Sharma,23072045@college.edu,ME,2,2026-04-16 16:13:15
38685,23060625,Aditya Agarwal,23060625@college.edu,ME,2,2026-04-16 16:13:15
38690,23054011,Sai Patel,23054011@college.edu,EEE,7,2026-04-16 16:13:15
38703,23052647,Pooja Jain,23052647@college.edu,CSE,4,2026-04-16 16:13:15
38704,23078793,Arjun Bansal,23078793@college.edu,CSE,5,2026-04-16 16:13:15
38705,23055461,Kunal Kapoor,23055461@college.edu,IT,1,2026-04-16 16:13:15
38707,23051724,Sai Gupta,23051724@college.edu,ME,6,2026-04-16 16:13:15
38711,23078780,Ritesh Joshi,23078780@college.edu,ME,5,2026-04-16 16:13:15
38715,23053440,Sai Iyer,23053440@college.edu,ECE,2,2026-04-16 16:13:15
38716,23055755,Aditi Menon,23055755@college.edu,ECE,3,2026-04-16 16:13:15
38729,23055773,Manav Patel,23055773@college.edu,ECE,7,2026-04-16 16:13:15
38735,23077462,Pooja Menon,23077462@college.edu,ECE,1,2026-04-16 16:13:15
38745,23058885,Sneha Patel,23058885@college.edu,ME,8,2026-04-16 16:13:15
38747,23064168,Krishna Dubey,23064168@college.edu,CSE,5,2026-04-16 16:13:15
38753,23062857,Ananya Thakur,23062857@college.edu,ECE,8,2026-04-16 16:13:15
38755,23066184,Ritesh Das,23066184@college.edu,EEE,1,2026-04-16 16:13:15
38765,23079003,Harsh Mehta,23079003@college.edu,IT,7,2026-04-16 16:13:15
38769,23067200,Arjun Nair,23067200@college.edu,ME,5,2026-04-16 16:13:15
38771,23061131,Priya Kapoor,23061131@college.edu,ECE,1,2026-04-16 16:13:15
38777,23058422,Ritika Bansal,23058422@college.edu,ECE,3,2026-04-16 16:13:15
38783,23059984,Ritika Sharma,23059984@college.edu,ECE,6,2026-04-16 16:13:15
38784,23064909,Krishna Joshi,23064909@college.edu,CSE,4,2026-04-16 16:13:15
38789,23074497,Yash Dubey,23074497@college.edu,CSE,7,2026-04-16 16:13:15
38798,23062983,Nikhil Thakur,23062983@college.edu,ME,7,2026-04-16 16:13:15
38806,23062309,Kunal Verma,23062309@college.edu,IT,4,2026-04-16 16:13:15
38812,23058755,Rohan Patel,23058755@college.edu,IT,6,2026-04-16 16:13:15
38818,23075120,Kavya Bansal,23075120@college.edu,CSE,1,2026-04-16 16:13:15
38824,23052038,Mohit Jain,23052038@college.edu,IT,4,2026-04-16 16:13:15
38827,23063758,Arjun Dubey,23063758@college.edu,EEE,1,2026-04-16 16:13:15
38833,23079337,Vivaan Thakur,23079337@college.edu,CSE,7,2026-04-16 16:13:15
38838,23067288,Kunal Thakur,23067288@college.edu,EEE,8,2026-04-16 16:13:15
38849,23077586,Aditya Nair,23077586@college.edu,ME,5,2026-04-16 16:13:15
38850,23052928,Ananya Thakur,23052928@college.edu,IT,1,2026-04-16 16:13:15
38851,23062709,Aditya Mehta,23062709@college.edu,ME,5,2026-04-16 16:13:15
38852,23057473,Harsh Sharma,23057473@college.edu,ME,8,2026-04-16 16:13:15
38859,23053844,Priya Sinha,23053844@college.edu,IT,6,2026-04-16 16:13:15
38861,23058370,Tanmay Reddy,23058370@college.edu,EEE,6,2026-04-16 16:13:15
38868,23069934,Harsh Verma,23069934@college.edu,EEE,7,2026-04-16 16:13:15
38886,23073366,Pooja Bansal,23073366@college.edu,EEE,3,2026-04-16 16:13:15
38890,23056962,Ritika Nair,23056962@college.edu,EEE,2,2026-04-16 16:13:15
38893,23050229,Aditya Kapoor,23050229@college.edu,ECE,2,2026-04-16 16:13:15
38895,23055527,Ananya Sinha,23055527@college.edu,IT,5,2026-04-16 16:13:15
38911,23076159,Sneha Ghosh,23076159@college.edu,EEE,2,2026-04-16 16:13:15
38917,23056197,Aditya Verma,23056197@college.edu,ECE,1,2026-04-16 16:13:15
38918,23065200,Yash Choudhary,23065200@college.edu,IT,6,2026-04-16 16:13:15
38921,23065936,Pooja Pandey,23065936@college.edu,ECE,3,2026-04-16 16:13:15
38922,23059500,Aditi Kapoor,23059500@college.edu,CSE,7,2026-04-16 16:13:15
38932,23062329,Rohan Jain,23062329@college.edu,ECE,5,2026-04-16 16:13:15
38936,23074166,Aarav Rao,23074166@college.edu,EEE,2,2026-04-16 16:13:15
38938,23053852,Ritesh Nair,23053852@college.edu,EEE,7,2026-04-16 16:13:15
38943,23066554,Ritesh Rao,23066554@college.edu,ECE,2,2026-04-16 16:13:15
38944,23050256,Sai Gupta,23050256@college.edu,EEE,8,2026-04-16 16:13:15
38952,23053056,Aditi Agarwal,23053056@college.edu,ECE,4,2026-04-16 16:13:15
38955,23076004,Sneha Gupta,23076004@college.edu,CSE,2,2026-04-16 16:13:15
38957,23076783,Meera Agarwal,23076783@college.edu,EEE,3,2026-04-16 16:13:15
38962,23073521,Arjun Ghosh,23073521@college.edu,IT,5,2026-04-16 16:13:15
38966,23065075,Ritesh Choudhary,23065075@college.edu,IT,4,2026-04-16 16:13:15
38970,23064301,Kunal Menon,23064301@college.edu,EEE,1,2026-04-16 16:13:15
38985,23059060,Nikhil Kapoor,23059060@college.edu,ME,4,2026-04-16 16:13:15
38989,23054801,Kavya Iyer,23054801@college.edu,CSE,3,2026-04-16 16:13:15
38991,23074230,Siddharth Agarwal,23074230@college.edu,ME,3,2026-04-16 16:13:15
38993,23072141,Nikhil Thakur,23072141@college.edu,EEE,8,2026-04-16 16:13:15
38994,23054674,Krishna Jain,23054674@college.edu,EEE,4,2026-04-16 16:13:15
38996,23060609,Rohan Rao,23060609@college.edu,ME,4,2026-04-16 16:13:15
38998,23061182,Yash Agarwal,23061182@college.edu,ECE,1,2026-04-16 16:13:15
38999,23069867,Ritesh Jain,23069867@college.edu,ME,2,2026-04-16 16:13:15
39000,23071167,Vivaan Khanna,23071167@college.edu,IT,5,2026-04-16 16:13:15
39002,23072990,Rahul Das,23072990@college.edu,ME,4,2026-04-16 16:13:15
39005,23072164,Dev Joshi,23072164@college.edu,ECE,4,2026-04-16 16:13:15
39010,23068646,Om Kapoor,23068646@college.edu,EEE,4,2026-04-16 16:13:15
39016,23070376,Arjun Jain,23070376@college.edu,IT,4,2026-04-16 16:13:15
39017,23072987,Pooja Jain,23072987@college.edu,IT,2,2026-04-16 16:13:15
39019,23059102,Krishna Khanna,23059102@college.edu,EEE,3,2026-04-16 16:13:15
39026,23050892,Aditi Choudhary,23050892@college.edu,CSE,6,2026-04-16 16:13:15
39049,23067726,Pooja Das,23067726@college.edu,CSE,5,2026-04-16 16:13:15
39052,23074289,Priya Agarwal,23074289@college.edu,EEE,2,2026-04-16 16:13:15
39059,23065223,Ananya Thakur,23065223@college.edu,ME,8,2026-04-16 16:13:15
39061,23056364,Sneha Das,23056364@college.edu,EEE,7,2026-04-16 16:13:15
39070,23065498,Aman Dubey,23065498@college.edu,ECE,8,2026-04-16 16:13:15
39075,23078163,Ishaan Choudhary,23078163@college.edu,EEE,1,2026-04-16 16:13:15
39078,23074474,Nikhil Sinha,23074474@college.edu,CSE,6,2026-04-16 16:13:15
39090,23073907,Krishna Joshi,23073907@college.edu,ECE,2,2026-04-16 16:13:15
39091,23057439,Yash Thakur,23057439@college.edu,ME,1,2026-04-16 16:13:15
39098,23072741,Nikhil Joshi,23072741@college.edu,CSE,1,2026-04-16 16:13:15
39105,23057968,Ritesh Sharma,23057968@college.edu,IT,5,2026-04-16 16:13:15
39112,23076247,Priya Bansal,23076247@college.edu,ECE,3,2026-04-16 16:13:15
39120,23062723,Deepak Dubey,23062723@college.edu,IT,5,2026-04-16 16:13:15
39122,23066832,Om Sharma,23066832@college.edu,EEE,3,2026-04-16 16:13:15
39129,23063850,Dev Verma,23063850@college.edu,EEE,8,2026-04-16 16:13:15
39140,23066258,Ananya Verma,23066258@college.edu,ME,4,2026-04-16 16:13:15
39154,23079787,Ritesh Nair,23079787@college.edu,CSE,2,2026-04-16 16:13:15
39166,23070435,Harsh Rao,23070435@college.edu,EEE,3,2026-04-16 16:13:15
39168,23069512,Harsh Menon,23069512@college.edu,CSE,4,2026-04-16 16:13:15
39170,23073060,Sai Jain,23073060@college.edu,ECE,5,2026-04-16 16:13:15
39181,23062783,Varun Sinha,23062783@college.edu,ME,5,2026-04-16 16:13:15
39182,23062488,Nikhil Sharma,23062488@college.edu,IT,1,2026-04-16 16:13:15
39183,23062754,Vivaan Khanna,23062754@college.edu,IT,7,2026-04-16 16:13:15
39193,23052089,Mohit Menon,23052089@college.edu,EEE,2,2026-04-16 16:13:15
39204,23060974,Aarav Mehta,23060974@college.edu,IT,6,2026-04-16 16:13:15
39205,23050233,Ananya Rao,23050233@college.edu,ME,7,2026-04-16 16:13:15
39209,23078703,Mohit Khanna,23078703@college.edu,IT,7,2026-04-16 16:13:15
39211,23053122,Ananya Choudhary,23053122@college.edu,EEE,8,2026-04-16 16:13:15
39214,23054594,Yash Gupta,23054594@college.edu,ME,6,2026-04-16 16:13:15
39226,23068502,Harsh Reddy,23068502@college.edu,ECE,8,2026-04-16 16:13:15
39234,23051075,Neha Gupta,23051075@college.edu,ECE,5,2026-04-16 16:13:15
39235,23067666,Dev Mehta,23067666@college.edu,EEE,4,2026-04-16 16:13:15
39237,23060012,Neha Joshi,23060012@college.edu,CSE,2,2026-04-16 16:13:15
39245,23062576,Dev Reddy,23062576@college.edu,ME,5,2026-04-16 16:13:15
39260,23065745,Ritika Gupta,23065745@college.edu,IT,6,2026-04-16 16:13:15
39262,23073090,Manav Thakur,23073090@college.edu,ME,8,2026-04-16 16:13:15
39263,23072257,Varun Sharma,23072257@college.edu,IT,8,2026-04-16 16:13:15
39269,23056774,Ananya Bansal,23056774@college.edu,IT,8,2026-04-16 16:13:15
39278,23061537,Tanmay Joshi,23061537@college.edu,EEE,2,2026-04-16 16:13:15
39286,23069776,Kavya Dubey,23069776@college.edu,CSE,8,2026-04-16 16:13:15
39288,23063891,Harsh Choudhary,23063891@college.edu,EEE,2,2026-04-16 16:13:15
39292,23052736,Diya Bansal,23052736@college.edu,ME,4,2026-04-16 16:13:15
39296,23055425,Diya Verma,23055425@college.edu,ECE,3,2026-04-16 16:13:15
39300,23057274,Yash Thakur,23057274@college.edu,IT,4,2026-04-16 16:13:15
39303,23051200,Kunal Menon,23051200@college.edu,ME,4,2026-04-16 16:13:15
39305,23071748,Aditi Nair,23071748@college.edu,CSE,4,2026-04-16 16:13:15
39308,23054464,Diya Agarwal,23054464@college.edu,CSE,8,2026-04-16 16:13:15
39315,23052184,Om Thakur,23052184@college.edu,CSE,1,2026-04-16 16:13:15
39318,23063406,Sneha Thakur,23063406@college.edu,CSE,3,2026-04-16 16:13:15
39320,23059992,Arjun Agarwal,23059992@college.edu,ME,3,2026-04-16 16:13:15
39321,23054595,Diya Das,23054595@college.edu,ME,2,2026-04-16 16:13:15
39334,23063046,Manav Reddy,23063046@college.edu,CSE,1,2026-04-16 16:13:15
39336,23057796,Dev Sharma,23057796@college.edu,ECE,6,2026-04-16 16:13:15
39339,23051434,Arjun Pandey,23051434@college.edu,IT,1,2026-04-16 16:13:15
39343,23060063,Meera Choudhary,23060063@college.edu,EEE,5,2026-04-16 16:13:15
39345,23053967,Sneha Dubey,23053967@college.edu,ME,3,2026-04-16 16:13:15
39355,23052998,Tanmay Sharma,23052998@college.edu,EEE,2,2026-04-16 16:13:15
39356,23050305,Dev Thakur,23050305@college.edu,ME,8,2026-04-16 16:13:15
39365,23053487,Sai Kapoor,23053487@college.edu,IT,1,2026-04-16 16:13:15
39370,23079217,Rohan Khanna,23079217@college.edu,CSE,6,2026-04-16 16:13:15
39373,23057936,Sai Das,23057936@college.edu,ECE,4,2026-04-16 16:13:15
39374,23067385,Rahul Nair,23067385@college.edu,ECE,7,2026-04-16 16:13:15
39376,23065315,Ritesh Menon,23065315@college.edu,ME,3,2026-04-16 16:13:15
39381,23052644,Aditya Choudhary,23052644@college.edu,EEE,5,2026-04-16 16:13:15
39393,23079733,Mohit Ghosh,23079733@college.edu,ME,4,2026-04-16 16:13:15
39398,23076568,Kunal Thakur,23076568@college.edu,EEE,2,2026-04-16 16:13:15
39407,23061199,Krishna Nair,23061199@college.edu,EEE,4,2026-04-16 16:13:15
39417,23071357,Diya Khanna,23071357@college.edu,ECE,5,2026-04-16 16:13:15
39420,23050758,Varun Thakur,23050758@college.edu,EEE,6,2026-04-16 16:13:15
39421,23050146,Manav Kapoor,23050146@college.edu,IT,1,2026-04-16 16:13:15
39428,23073792,Sai Agarwal,23073792@college.edu,ME,7,2026-04-16 16:13:15
39430,23073415,Aditi Ghosh,23073415@college.edu,EEE,2,2026-04-16 16:13:15
39433,23074838,Sai Thakur,23074838@college.edu,EEE,7,2026-04-16 16:13:15
39439,23079690,Rahul Menon,23079690@college.edu,ECE,2,2026-04-16 16:13:15
39442,23078799,Deepak Sharma,23078799@college.edu,ME,1,2026-04-16 16:13:15
39445,23070307,Aarav Gupta,23070307@college.edu,ECE,1,2026-04-16 16:13:15
39446,23068918,Tanmay Das,23068918@college.edu,EEE,5,2026-04-16 16:13:15
39448,23073271,Rohan Jain,23073271@college.edu,ECE,3,2026-04-16 16:13:15
39458,23053306,Tanmay Verma,23053306@college.edu,CSE,8,2026-04-16 16:13:15
39466,23057402,Ananya Menon,23057402@college.edu,IT,5,2026-04-16 16:13:15
39467,23067488,Aditi Menon,23067488@college.edu,ME,5,2026-04-16 16:13:15
39468,23069782,Tanmay Verma,23069782@college.edu,CSE,4,2026-04-16 16:13:15
39479,23079146,Arjun Iyer,23079146@college.edu,IT,4,2026-04-16 16:13:15
39480,23071656,Neha Gupta,23071656@college.edu,IT,4,2026-04-16 16:13:15
39488,23075491,Arjun Agarwal,23075491@college.edu,ME,4,2026-04-16 16:13:15
39489,23077066,Meera Patel,23077066@college.edu,EEE,6,2026-04-16 16:13:15
39490,23067077,Dev Ghosh,23067077@college.edu,ME,1,2026-04-16 16:13:15
39493,23067141,Yash Patel,23067141@college.edu,ECE,8,2026-04-16 16:13:15
39495,23053409,Sneha Choudhary,23053409@college.edu,CSE,8,2026-04-16 16:13:15
39496,23074660,Kavya Rao,23074660@college.edu,ME,3,2026-04-16 16:13:15
39499,23064562,Rohan Pandey,23064562@college.edu,EEE,1,2026-04-16 16:13:15
39505,23056726,Aditi Thakur,23056726@college.edu,IT,3,2026-04-16 16:13:15
39507,23064826,Vivaan Rao,23064826@college.edu,IT,8,2026-04-16 16:13:15
39516,23054370,Sai Kapoor,23054370@college.edu,ME,4,2026-04-16 16:13:15
39519,23078197,Meera Dubey,23078197@college.edu,ECE,4,2026-04-16 16:13:15
39532,23067720,Rohan Ghosh,23067720@college.edu,ME,4,2026-04-16 16:13:15
39537,23050143,Ritika Pandey,23050143@college.edu,ME,4,2026-04-16 16:13:15
39538,23057684,Kunal Das,23057684@college.edu,ECE,6,2026-04-16 16:13:15
39551,23077396,Vivaan Agarwal,23077396@college.edu,CSE,5,2026-04-16 16:13:15
39559,23067709,Yash Gupta,23067709@college.edu,CSE,7,2026-04-16 16:13:15
39572,23052538,Aditi Reddy,23052538@college.edu,ME,8,2026-04-16 16:13:15
39578,23073510,Ishaan Reddy,23073510@college.edu,IT,1,2026-04-16 16:13:15
39616,23072363,Aditi Reddy,23072363@college.edu,IT,4,2026-04-16 16:13:15
39617,23068033,Manav Jain,23068033@college.edu,EEE,6,2026-04-16 16:13:15
39625,23061080,Kunal Rao,23061080@college.edu,IT,5,2026-04-16 16:13:15
39632,23079085,Om Iyer,23079085@college.edu,ECE,6,2026-04-16 16:13:15
39635,23067906,Siddharth Pandey,23067906@college.edu,CSE,5,2026-04-16 16:13:15
39639,23063164,Aditya Das,23063164@college.edu,ECE,2,2026-04-16 16:13:15
39640,23059932,Yash Das,23059932@college.edu,CSE,2,2026-04-16 16:13:15
39646,23062579,Dev Choudhary,23062579@college.edu,CSE,5,2026-04-16 16:13:15
39647,23055654,Ishaan Mehta,23055654@college.edu,CSE,7,2026-04-16 16:13:15
39648,23054907,Aman Menon,23054907@college.edu,ME,3,2026-04-16 16:13:15
39651,23079324,Neha Nair,23079324@college.edu,CSE,4,2026-04-16 16:13:15
39656,23079088,Varun Rao,23079088@college.edu,IT,2,2026-04-16 16:13:15
39658,23055335,Priya Pandey,23055335@college.edu,ECE,2,2026-04-16 16:13:15
39661,23069468,Siddharth Rao,23069468@college.edu,CSE,3,2026-04-16 16:13:15
39662,23057051,Rahul Bansal,23057051@college.edu,ECE,4,2026-04-16 16:13:15
39663,23055901,Ishaan Iyer,23055901@college.edu,ECE,1,2026-04-16 16:13:15
39669,23063809,Priya Patel,23063809@college.edu,IT,3,2026-04-16 16:13:15
39671,23071263,Aditya Patel,23071263@college.edu,CSE,7,2026-04-16 16:13:15
39676,23051137,Aditya Rao,23051137@college.edu,EEE,1,2026-04-16 16:13:15
39683,23075351,Nikhil Khanna,23075351@college.edu,ECE,8,2026-04-16 16:13:15
39685,23052852,Neha Nair,23052852@college.edu,ME,2,2026-04-16 16:13:15
39691,23079138,Ishaan Jain,23079138@college.edu,ME,6,2026-04-16 16:13:15
39701,23066625,Krishna Nair,23066625@college.edu,ME,8,2026-04-16 16:13:15
39705,23063035,Pooja Agarwal,23063035@college.edu,IT,3,2026-04-16 16:13:15
39711,23068837,Aman Khanna,23068837@college.edu,ME,2,2026-04-16 16:13:15
39718,23066274,Deepak Iyer,23066274@college.edu,EEE,7,2026-04-16 16:13:15
39724,23061611,Ritesh Pandey,23061611@college.edu,ECE,6,2026-04-16 16:13:15
39727,23050545,Yash Ghosh,23050545@college.edu,ECE,2,2026-04-16 16:13:15
39728,23055851,Priya Agarwal,23055851@college.edu,IT,6,2026-04-16 16:13:15
39735,23058457,Neha Mehta,23058457@college.edu,CSE,3,2026-04-16 16:13:15
39751,23057883,Priya Iyer,23057883@college.edu,CSE,5,2026-04-16 16:13:15
39755,23064195,Mohit Rao,23064195@college.edu,ECE,4,2026-04-16 16:13:15
39759,23064624,Aman Sinha,23064624@college.edu,IT,6,2026-04-16 16:13:15
39766,23062186,Aditi Agarwal,23062186@college.edu,EEE,2,2026-04-16 16:13:15
39771,23063187,Arjun Joshi,23063187@college.edu,ECE,6,2026-04-16 16:13:15
39779,23064015,Pooja Verma,23064015@college.edu,EEE,8,2026-04-16 16:13:15
39784,23079530,Krishna Rao,23079530@college.edu,EEE,6,2026-04-16 16:13:15
39787,23066074,Sai Thakur,23066074@college.edu,IT,3,2026-04-16 16:13:15
39799,23050124,Sneha Choudhary,23050124@college.edu,ME,4,2026-04-16 16:13:15
39812,23053804,Om Bansal,23053804@college.edu,ME,5,2026-04-16 16:13:15
39813,23076002,Rahul Ghosh,23076002@college.edu,CSE,4,2026-04-16 16:13:15
39815,23072964,Vivaan Jain,23072964@college.edu,CSE,3,2026-04-16 16:13:15
39816,23054321,Krishna Dubey,23054321@college.edu,ECE,7,2026-04-16 16:13:15
39817,23078573,Kunal Choudhary,23078573@college.edu,CSE,6,2026-04-16 16:13:15
39821,23075065,Yash Dubey,23075065@college.edu,EEE,5,2026-04-16 16:13:15
39829,23063033,Varun Jain,23063033@college.edu,ECE,8,2026-04-16 16:13:15
39836,23077168,Siddharth Agarwal,23077168@college.edu,EEE,3,2026-04-16 16:13:15
39844,23056783,Aditi Choudhary,23056783@college.edu,CSE,4,2026-04-16 16:13:15
39855,23063134,Neha Sinha,23063134@college.edu,CSE,1,2026-04-16 16:13:15
39860,23059815,Dev Menon,23059815@college.edu,ME,3,2026-04-16 16:13:15
39863,23078392,Neha Ghosh,23078392@college.edu,EEE,4,2026-04-16 16:13:15
39871,23062159,Krishna Kapoor,23062159@college.edu,ECE,3,2026-04-16 16:13:15
39872,23065531,Rohan Ghosh,23065531@college.edu,ME,2,2026-04-16 16:13:15
39886,23058593,Dev Pandey,23058593@college.edu,EEE,8,2026-04-16 16:13:15
39890,23075638,Ishaan Choudhary,23075638@college.edu,ECE,7,2026-04-16 16:13:15
39893,23060800,Priya Iyer,23060800@college.edu,CSE,1,2026-04-16 16:13:15
39900,23075657,Ritika Sharma,23075657@college.edu,ME,5,2026-04-16 16:13:15
39901,23069498,Varun Ghosh,23069498@college.edu,ECE,2,2026-04-16 16:13:15
39904,23078380,Mohit Agarwal,23078380@college.edu,EEE,6,2026-04-16 16:13:15
39905,23077702,Rahul Das,23077702@college.edu,CSE,3,2026-04-16 16:13:15
39910,23055665,Ritesh Choudhary,23055665@college.edu,CSE,8,2026-04-16 16:13:15
39912,23068047,Diya Das,23068047@college.edu,ECE,3,2026-04-16 16:13:15
39913,23079864,Sneha Khanna,23079864@college.edu,ME,5,2026-04-16 16:13:15
39916,23066702,Arjun Verma,23066702@college.edu,EEE,6,2026-04-16 16:13:15
39918,23074034,Rohan Jain,23074034@college.edu,CSE,6,2026-04-16 16:13:15
39927,23072924,Siddharth Iyer,23072924@college.edu,ECE,6,2026-04-16 16:13:15
39929,23063448,Vivaan Choudhary,23063448@college.edu,CSE,7,2026-04-16 16:13:15
39938,23056039,Mohit Dubey,23056039@college.edu,ME,6,2026-04-16 16:13:15
39957,23061926,Manav Menon,23061926@college.edu,CSE,2,2026-04-16 16:13:15
39959,23059853,Sai Khanna,23059853@college.edu,ECE,5,2026-04-16 16:13:15
39960,23071723,Deepak Das,23071723@college.edu,ECE,5,2026-04-16 16:13:15
39963,23077946,Aditi Agarwal,23077946@college.edu,ECE,3,2026-04-16 16:13:15
39964,23055357,Manav Ghosh,23055357@college.edu,CSE,7,2026-04-16 16:13:15
39974,23053859,Kunal Ghosh,23053859@college.edu,EEE,1,2026-04-16 16:13:15
39979,23068870,Vivaan Khanna,23068870@college.edu,ME,7,2026-04-16 16:13:15
39986,23057665,Dev Das,23057665@college.edu,CSE,7,2026-04-16 16:13:15
39989,23067773,Manav Reddy,23067773@college.edu,ME,3,2026-04-16 16:13:15
39994,23075525,Aditya Kapoor,23075525@college.edu,CSE,5,2026-04-16 16:13:15
39998,23050774,Kunal Reddy,23050774@college.edu,IT,1,2026-04-16 16:13:15
40002,23068749,Rahul Dubey,23068749@college.edu,ME,5,2026-04-16 16:13:15
40003,23060527,Kunal Agarwal,23060527@college.edu,ECE,2,2026-04-16 16:13:15
40006,23060883,Aarav Ghosh,23060883@college.edu,CSE,6,2026-04-16 16:13:15
40009,23072749,Rahul Nair,23072749@college.edu,CSE,8,2026-04-16 16:13:15
40012,23066249,Dev Pandey,23066249@college.edu,EEE,4,2026-04-16 16:13:15
40014,23064576,Krishna Dubey,23064576@college.edu,CSE,3,2026-04-16 16:13:15
40025,23065072,Manav Agarwal,23065072@college.edu,ECE,6,2026-04-16 16:13:15
40026,23064164,Kunal Choudhary,23064164@college.edu,ECE,7,2026-04-16 16:13:15
40028,23054837,Priya Agarwal,23054837@college.edu,ME,6,2026-04-16 16:13:15
40030,23078325,Neha Nair,23078325@college.edu,CSE,1,2026-04-16 16:13:15
40034,23069828,Priya Dubey,23069828@college.edu,IT,6,2026-04-16 16:13:15
40037,23057451,Rohan Pandey,23057451@college.edu,ECE,3,2026-04-16 16:13:15
40045,23072167,Harsh Jain,23072167@college.edu,CSE,4,2026-04-16 16:13:15
40057,23071424,Aditya Ghosh,23071424@college.edu,EEE,8,2026-04-16 16:13:15
40060,23051680,Harsh Verma,23051680@college.edu,CSE,1,2026-04-16 16:13:15
40068,23057227,Sneha Bansal,23057227@college.edu,ECE,6,2026-04-16 16:13:15
40069,23070485,Varun Khanna,23070485@college.edu,IT,3,2026-04-16 16:13:15
40073,23061819,Kunal Jain,23061819@college.edu,CSE,5,2026-04-16 16:13:15
40083,23063806,Ananya Mehta,23063806@college.edu,ME,4,2026-04-16 16:13:15
40085,23061487,Om Iyer,23061487@college.edu,IT,4,2026-04-16 16:13:15
40091,23074375,Harsh Reddy,23074375@college.edu,ME,2,2026-04-16 16:13:15
40099,23050641,Diya Pandey,23050641@college.edu,IT,7,2026-04-16 16:13:15
40105,23070704,Ishaan Ghosh,23070704@college.edu,CSE,7,2026-04-16 16:13:15
40112,23078722,Sai Verma,23078722@college.edu,CSE,2,2026-04-16 16:13:15
40121,23065282,Neha Iyer,23065282@college.edu,CSE,2,2026-04-16 16:13:15
40127,23071176,Harsh Dubey,23071176@college.edu,CSE,5,2026-04-16 16:13:15
40131,23075287,Ananya Agarwal,23075287@college.edu,EEE,2,2026-04-16 16:13:15
40133,23055706,Harsh Verma,23055706@college.edu,ECE,3,2026-04-16 16:13:15
40137,23078929,Diya Joshi,23078929@college.edu,ECE,4,2026-04-16 16:13:15
40140,23062972,Ishaan Jain,23062972@college.edu,ECE,6,2026-04-16 16:13:15
40141,23057000,Kavya Patel,23057000@college.edu,CSE,4,2026-04-16 16:13:15
40151,23055493,Aman Reddy,23055493@college.edu,ME,5,2026-04-16 16:13:15
40157,23063354,Yash Choudhary,23063354@college.edu,ME,7,2026-04-16 16:13:15
40160,23075779,Arjun Gupta,23075779@college.edu,IT,7,2026-04-16 16:13:15
40163,23057596,Rahul Menon,23057596@college.edu,CSE,4,2026-04-16 16:13:15
40167,23057824,Siddharth Thakur,23057824@college.edu,ECE,4,2026-04-16 16:13:15
40168,23051623,Tanmay Agarwal,23051623@college.edu,ECE,6,2026-04-16 16:13:15
40169,23075646,Rahul Patel,23075646@college.edu,IT,4,2026-04-16 16:13:15
40176,23071491,Rohan Rao,23071491@college.edu,IT,7,2026-04-16 16:13:15
40194,23073991,Ananya Mehta,23073991@college.edu,ME,2,2026-04-16 16:13:15
40196,23077324,Siddharth Khanna,23077324@college.edu,ECE,6,2026-04-16 16:13:15
40201,23072299,Neha Verma,23072299@college.edu,IT,4,2026-04-16 16:13:15
40211,23075368,Kunal Dubey,23075368@college.edu,IT,7,2026-04-16 16:13:15
40212,23074855,Aman Iyer,23074855@college.edu,EEE,3,2026-04-16 16:13:15
40213,23050064,Nikhil Bansal,23050064@college.edu,CSE,1,2026-04-16 16:13:15
40218,23056938,Pooja Bansal,23056938@college.edu,ECE,3,2026-04-16 16:13:15
40225,23053935,Deepak Reddy,23053935@college.edu,IT,7,2026-04-16 16:13:15
40233,23065954,Deepak Iyer,23065954@college.edu,ECE,3,2026-04-16 16:13:15
40235,23073468,Om Patel,23073468@college.edu,EEE,1,2026-04-16 16:13:15
40241,23075904,Ananya Rao,23075904@college.edu,CSE,8,2026-04-16 16:13:15
40246,23058688,Dev Nair,23058688@college.edu,EEE,8,2026-04-16 16:13:15
40253,23054817,Rohan Pandey,23054817@college.edu,CSE,2,2026-04-16 16:13:15
40254,23077924,Ritesh Gupta,23077924@college.edu,ECE,8,2026-04-16 16:13:15
40260,23054030,Mohit Ghosh,23054030@college.edu,EEE,8,2026-04-16 16:13:15
40261,23059515,Deepak Mehta,23059515@college.edu,ME,2,2026-04-16 16:13:15
40262,23070721,Pooja Sinha,23070721@college.edu,ME,3,2026-04-16 16:13:15
40263,23067088,Ishaan Sinha,23067088@college.edu,EEE,2,2026-04-16 16:13:15
40266,23066926,Sai Rao,23066926@college.edu,CSE,3,2026-04-16 16:13:15
40277,23071198,Dev Rao,23071198@college.edu,ME,2,2026-04-16 16:13:15
40280,23051728,Rahul Menon,23051728@college.edu,EEE,8,2026-04-16 16:13:15
40287,23054827,Siddharth Rao,23054827@college.edu,ECE,4,2026-04-16 16:13:15
40291,23059971,Nikhil Dubey,23059971@college.edu,ECE,5,2026-04-16 16:13:15
40295,23068217,Pooja Ghosh,23068217@college.edu,ECE,6,2026-04-16 16:13:15
40303,23062006,Vivaan Ghosh,23062006@college.edu,CSE,7,2026-04-16 16:13:15
40304,23056188,Rohan Agarwal,23056188@college.edu,EEE,2,2026-04-16 16:13:15
40309,23062741,Aman Mehta,23062741@college.edu,CSE,8,2026-04-16 16:13:15
40312,23077163,Ananya Verma,23077163@college.edu,ECE,4,2026-04-16 16:13:15
40317,23055429,Ananya Gupta,23055429@college.edu,EEE,3,2026-04-16 16:13:15
40321,23076374,Meera Reddy,23076374@college.edu,ECE,6,2026-04-16 16:13:15
40322,23065959,Aarav Agarwal,23065959@college.edu,ME,4,2026-04-16 16:13:15
40331,23052349,Deepak Jain,23052349@college.edu,ECE,7,2026-04-16 16:13:15
40333,23074121,Vivaan Gupta,23074121@college.edu,EEE,5,2026-04-16 16:13:15
40344,23073499,Sai Choudhary,23073499@college.edu,CSE,3,2026-04-16 16:13:15
40347,23061847,Aditya Sharma,23061847@college.edu,IT,1,2026-04-16 16:13:15
40356,23073476,Diya Dubey,23073476@college.edu,IT,6,2026-04-16 16:13:15
40359,23054709,Rahul Choudhary,23054709@college.edu,ECE,1,2026-04-16 16:13:15
40362,23058147,Tanmay Dubey,23058147@college.edu,CSE,1,2026-04-16 16:13:15
40366,23053891,Om Rao,23053891@college.edu,EEE,1,2026-04-16 16:13:15
40375,23067753,Meera Agarwal,23067753@college.edu,IT,2,2026-04-16 16:13:15
40383,23061249,Arjun Kapoor,23061249@college.edu,ME,4,2026-04-16 16:13:15
40384,23053680,Arjun Joshi,23053680@college.edu,EEE,6,2026-04-16 16:13:15
40399,23051429,Vivaan Thakur,23051429@college.edu,IT,2,2026-04-16 16:13:15
40412,23076373,Kavya Kapoor,23076373@college.edu,CSE,2,2026-04-16 16:13:15
40414,23066332,Mohit Das,23066332@college.edu,EEE,6,2026-04-16 16:13:15
40416,23071716,Priya Das,23071716@college.edu,ME,1,2026-04-16 16:13:15
40424,23056692,Ishaan Agarwal,23056692@college.edu,IT,3,2026-04-16 16:13:15
40427,23064327,Nikhil Nair,23064327@college.edu,ECE,4,2026-04-16 16:13:15
40431,23072783,Ananya Menon,23072783@college.edu,IT,6,2026-04-16 16:13:15
40444,23077373,Krishna Rao,23077373@college.edu,ME,1,2026-04-16 16:13:15
40449,23061923,Ritesh Mehta,23061923@college.edu,ME,1,2026-04-16 16:13:15
40461,23056165,Vivaan Agarwal,23056165@college.edu,CSE,8,2026-04-16 16:13:15
40468,23067661,Yash Choudhary,23067661@college.edu,IT,3,2026-04-16 16:13:15
40479,23074135,Manav Joshi,23074135@college.edu,ME,8,2026-04-16 16:13:15
40501,23067022,Diya Jain,23067022@college.edu,EEE,5,2026-04-16 16:13:15
40504,23069855,Ananya Bansal,23069855@college.edu,EEE,2,2026-04-16 16:13:15
40506,23077842,Kavya Dubey,23077842@college.edu,CSE,1,2026-04-16 16:13:15
40516,23052095,Pooja Joshi,23052095@college.edu,EEE,8,2026-04-16 16:13:15
40520,23076571,Siddharth Verma,23076571@college.edu,ECE,4,2026-04-16 16:13:15
40522,23070279,Tanmay Rao,23070279@college.edu,ECE,3,2026-04-16 16:13:15
40534,23058957,Mohit Khanna,23058957@college.edu,ECE,1,2026-04-16 16:13:15
40539,23052663,Sneha Agarwal,23052663@college.edu,ECE,2,2026-04-16 16:13:15
40540,23071729,Ritika Reddy,23071729@college.edu,IT,7,2026-04-16 16:13:15
40545,23072230,Vivaan Agarwal,23072230@college.edu,ECE,3,2026-04-16 16:13:15
40548,23066888,Aman Dubey,23066888@college.edu,EEE,7,2026-04-16 16:13:15
40552,23073624,Aarav Choudhary,23073624@college.edu,CSE,8,2026-04-16 16:13:15
40553,23061436,Meera Patel,23061436@college.edu,CSE,2,2026-04-16 16:13:15
40560,23076939,Om Nair,23076939@college.edu,CSE,3,2026-04-16 16:13:15
40567,23059591,Ritesh Thakur,23059591@college.edu,ECE,2,2026-04-16 16:13:15
40577,23055835,Sneha Menon,23055835@college.edu,CSE,2,2026-04-16 16:13:15
40578,23078636,Kavya Khanna,23078636@college.edu,CSE,6,2026-04-16 16:13:15
40580,23071234,Mohit Patel,23071234@college.edu,EEE,4,2026-04-16 16:13:15
40592,23068602,Meera Reddy,23068602@college.edu,ECE,5,2026-04-16 16:13:15
40593,23079221,Aman Rao,23079221@college.edu,CSE,6,2026-04-16 16:13:15
40598,23066475,Mohit Agarwal,23066475@college.edu,IT,5,2026-04-16 16:13:15
40599,23076719,Mohit Sharma,23076719@college.edu,ME,2,2026-04-16 16:13:15
40606,23050580,Deepak Reddy,23050580@college.edu,ME,8,2026-04-16 16:13:15
40611,23055458,Rohan Pandey,23055458@college.edu,EEE,5,2026-04-16 16:13:15
40617,23058857,Harsh Reddy,23058857@college.edu,CSE,1,2026-04-16 16:13:15
40623,23051257,Sneha Bansal,23051257@college.edu,IT,5,2026-04-16 16:13:15
40625,23071360,Rahul Dubey,23071360@college.edu,ECE,4,2026-04-16 16:13:15
40627,23050930,Ritesh Pandey,23050930@college.edu,ECE,4,2026-04-16 16:13:15
40628,23061410,Rohan Pandey,23061410@college.edu,IT,2,2026-04-16 16:13:15
40631,23065793,Kunal Sharma,23065793@college.edu,CSE,7,2026-04-16 16:13:15
40642,23066042,Sai Khanna,23066042@college.edu,ME,8,2026-04-16 16:13:15
40645,23064303,Aditi Gupta,23064303@college.edu,EEE,4,2026-04-16 16:13:15
40646,23053467,Mohit Agarwal,23053467@college.edu,ECE,5,2026-04-16 16:13:15
40648,23050298,Neha Kapoor,23050298@college.edu,EEE,8,2026-04-16 16:13:15
40649,23073299,Vivaan Sinha,23073299@college.edu,IT,2,2026-04-16 16:13:15
40652,23055810,Aditi Khanna,23055810@college.edu,ECE,1,2026-04-16 16:13:15
40657,23078150,Varun Joshi,23078150@college.edu,CSE,7,2026-04-16 16:13:15
40658,23063358,Sneha Pandey,23063358@college.edu,ECE,6,2026-04-16 16:13:15
40660,23074431,Aditi Ghosh,23074431@college.edu,CSE,1,2026-04-16 16:13:15
40661,23054472,Rohan Agarwal,23054472@college.edu,IT,4,2026-04-16 16:13:15
40670,23067173,Varun Gupta,23067173@college.edu,EEE,7,2026-04-16 16:13:15
40672,23062401,Sneha Gupta,23062401@college.edu,ME,4,2026-04-16 16:13:15
40678,23076232,Aditya Menon,23076232@college.edu,EEE,8,2026-04-16 16:13:15
40696,23056606,Sai Mehta,23056606@college.edu,ECE,4,2026-04-16 16:13:15
40698,23060002,Manav Sharma,23060002@college.edu,EEE,5,2026-04-16 16:13:15
40712,23061776,Krishna Das,23061776@college.edu,ME,8,2026-04-16 16:13:15
40713,23058360,Ishaan Rao,23058360@college.edu,EEE,5,2026-04-16 16:13:15
40717,23072717,Aditya Thakur,23072717@college.edu,CSE,3,2026-04-16 16:13:15
40726,23059293,Manav Pandey,23059293@college.edu,EEE,3,2026-04-16 16:13:15
40735,23062988,Om Gupta,23062988@college.edu,ECE,7,2026-04-16 16:13:15
40740,23072160,Ishaan Patel,23072160@college.edu,CSE,8,2026-04-16 16:13:15
40742,23072655,Nikhil Sharma,23072655@college.edu,ECE,4,2026-04-16 16:13:15
40746,23051213,Ritika Mehta,23051213@college.edu,IT,3,2026-04-16 16:13:15
40749,23061441,Yash Thakur,23061441@college.edu,ECE,2,2026-04-16 16:13:15
40750,23050129,Kavya Reddy,23050129@college.edu,ME,5,2026-04-16 16:13:15
40752,23068752,Ritesh Jain,23068752@college.edu,EEE,2,2026-04-16 16:13:15
40761,23070002,Meera Nair,23070002@college.edu,ECE,2,2026-04-16 16:13:15
40767,23055391,Aarav Rao,23055391@college.edu,ME,1,2026-04-16 16:13:15
40769,23079877,Ritesh Jain,23079877@college.edu,EEE,3,2026-04-16 16:13:15
40771,23067452,Krishna Das,23067452@college.edu,CSE,5,2026-04-16 16:13:15
40772,23077083,Mohit Nair,23077083@college.edu,ECE,6,2026-04-16 16:13:15
40773,23052037,Manav Khanna,23052037@college.edu,ME,1,2026-04-16 16:13:15
40774,23066604,Sneha Das,23066604@college.edu,EEE,4,2026-04-16 16:13:15
40775,23056225,Om Kapoor,23056225@college.edu,CSE,1,2026-04-16 16:13:15
40779,23063976,Meera Bansal,23063976@college.edu,EEE,2,2026-04-16 16:13:15
40783,23078425,Ishaan Nair,23078425@college.edu,EEE,7,2026-04-16 16:13:15
40786,23074598,Sneha Khanna,23074598@college.edu,EEE,4,2026-04-16 16:13:15
40790,23077078,Neha Menon,23077078@college.edu,CSE,7,2026-04-16 16:13:15
40791,23051905,Kunal Thakur,23051905@college.edu,EEE,1,2026-04-16 16:13:15
40797,23078777,Aditi Thakur,23078777@college.edu,IT,6,2026-04-16 16:13:15
40799,23073359,Meera Nair,23073359@college.edu,EEE,7,2026-04-16 16:13:15
40804,23072900,Diya Agarwal,23072900@college.edu,CSE,1,2026-04-16 16:13:15
40808,23053018,Sai Patel,23053018@college.edu,ECE,8,2026-04-16 16:13:15
40814,23053005,Yash Ghosh,23053005@college.edu,IT,4,2026-04-16 16:13:15
40816,23070679,Kavya Thakur,23070679@college.edu,ME,1,2026-04-16 16:13:15
40821,23056336,Tanmay Rao,23056336@college.edu,IT,4,2026-04-16 16:13:15
40825,23053869,Kavya Nair,23053869@college.edu,CSE,8,2026-04-16 16:13:15
40839,23056808,Yash Mehta,23056808@college.edu,ECE,3,2026-04-16 16:13:15
40840,23055763,Ritesh Choudhary,23055763@college.edu,ME,5,2026-04-16 16:13:15
40844,23062885,Yash Thakur,23062885@college.edu,EEE,8,2026-04-16 16:13:15
40845,23059595,Sai Bansal,23059595@college.edu,CSE,8,2026-04-16 16:13:15
40849,23075802,Dev Thakur,23075802@college.edu,EEE,5,2026-04-16 16:13:15
40854,23074977,Mohit Rao,23074977@college.edu,EEE,2,2026-04-16 16:13:15
40855,23079130,Kunal Ghosh,23079130@college.edu,ME,6,2026-04-16 16:13:15
40862,23069772,Kunal Patel,23069772@college.edu,IT,6,2026-04-16 16:13:15
40864,23077236,Aditya Choudhary,23077236@college.edu,IT,3,2026-04-16 16:13:15
40868,23066673,Meera Rao,23066673@college.edu,ECE,6,2026-04-16 16:13:15
40870,23067436,Siddharth Sharma,23067436@college.edu,IT,3,2026-04-16 16:13:15
40874,23058438,Rohan Khanna,23058438@college.edu,CSE,6,2026-04-16 16:13:15
40884,23071813,Nikhil Sinha,23071813@college.edu,ME,3,2026-04-16 16:13:15
40885,23050167,Rohan Rao,23050167@college.edu,IT,2,2026-04-16 16:13:15
40887,23053620,Aditya Gupta,23053620@college.edu,EEE,1,2026-04-16 16:13:15
40892,23065615,Ritika Mehta,23065615@college.edu,ME,7,2026-04-16 16:13:15
40893,23056717,Aman Ghosh,23056717@college.edu,ECE,8,2026-04-16 16:13:15
40904,23072213,Manav Rao,23072213@college.edu,IT,5,2026-04-16 16:13:15
40912,23060351,Krishna Rao,23060351@college.edu,ECE,2,2026-04-16 16:13:15
40913,23066701,Aarav Gupta,23066701@college.edu,IT,3,2026-04-16 16:13:15
40915,23062177,Deepak Thakur,23062177@college.edu,ECE,3,2026-04-16 16:13:15
40916,23065990,Manav Khanna,23065990@college.edu,EEE,3,2026-04-16 16:13:15
40929,23059331,Priya Nair,23059331@college.edu,ME,3,2026-04-16 16:13:15
40932,23069661,Om Sharma,23069661@college.edu,CSE,6,2026-04-16 16:13:15
40934,23052320,Rahul Nair,23052320@college.edu,ME,1,2026-04-16 16:13:15
40943,23058505,Ishaan Thakur,23058505@college.edu,ME,3,2026-04-16 16:13:15
40945,23058816,Pooja Sharma,23058816@college.edu,EEE,5,2026-04-16 16:13:15
40956,23057961,Meera Nair,23057961@college.edu,ECE,1,2026-04-16 16:13:15
40962,23074877,Pooja Rao,23074877@college.edu,ME,5,2026-04-16 16:13:15
40972,23070123,Priya Gupta,23070123@college.edu,ME,3,2026-04-16 16:13:15
40973,23068661,Siddharth Dubey,23068661@college.edu,ME,1,2026-04-16 16:13:15
40979,23053584,Krishna Choudhary,23053584@college.edu,ECE,1,2026-04-16 16:13:15
40980,23053981,Sai Bansal,23053981@college.edu,ME,8,2026-04-16 16:13:15
40981,23074968,Kavya Sharma,23074968@college.edu,CSE,4,2026-04-16 16:13:15
40982,23053259,Aarav Ghosh,23053259@college.edu,CSE,8,2026-04-16 16:13:15
40983,23065356,Pooja Khanna,23065356@college.edu,CSE,4,2026-04-16 16:13:15
40988,23058032,Meera Choudhary,23058032@college.edu,ME,6,2026-04-16 16:13:15
40997,23074299,Aman Rao,23074299@college.edu,CSE,5,2026-04-16 16:13:15
40999,23065502,Tanmay Patel,23065502@college.edu,ME,3,2026-04-16 16:13:15
41009,23060114,Om Sharma,23060114@college.edu,ECE,3,2026-04-16 16:13:15
41013,23064884,Krishna Joshi,23064884@college.edu,EEE,8,2026-04-16 16:13:15
41015,23054565,Yash Gupta,23054565@college.edu,CSE,8,2026-04-16 16:13:15
41023,23067177,Neha Reddy,23067177@college.edu,EEE,6,2026-04-16 16:13:15
41034,23057270,Siddharth Patel,23057270@college.edu,CSE,6,2026-04-16 16:13:15
41036,23057931,Kunal Verma,23057931@college.edu,ME,2,2026-04-16 16:13:15
41041,23062539,Ananya Joshi,23062539@college.edu,EEE,5,2026-04-16 16:13:15
41043,23062895,Manav Agarwal,23062895@college.edu,EEE,5,2026-04-16 16:13:15
41045,23072291,Ishaan Mehta,23072291@college.edu,ME,5,2026-04-16 16:13:15
41048,23067367,Sai Jain,23067367@college.edu,EEE,6,2026-04-16 16:13:15
41052,23068845,Meera Menon,23068845@college.edu,ME,8,2026-04-16 16:13:15
41053,23064345,Siddharth Sinha,23064345@college.edu,ECE,2,2026-04-16 16:13:15
41056,23055882,Sneha Sharma,23055882@college.edu,IT,4,2026-04-16 16:13:15
41058,23072525,Ananya Rao,23072525@college.edu,ECE,7,2026-04-16 16:13:15
41061,23066084,Aman Pandey,23066084@college.edu,ME,2,2026-04-16 16:13:15
41065,23060217,Krishna Pandey,23060217@college.edu,ECE,3,2026-04-16 16:13:15
41080,23066649,Aarav Mehta,23066649@college.edu,CSE,6,2026-04-16 16:13:15
41087,23060520,Nikhil Pandey,23060520@college.edu,IT,5,2026-04-16 16:13:15
41104,23054050,Ananya Das,23054050@college.edu,IT,3,2026-04-16 16:13:15
41111,23072014,Mohit Das,23072014@college.edu,ECE,6,2026-04-16 16:13:15
41117,23068416,Ritesh Ghosh,23068416@college.edu,CSE,2,2026-04-16 16:13:15
41118,23066862,Aditya Sharma,23066862@college.edu,ME,4,2026-04-16 16:13:15
41119,23056596,Aarav Joshi,23056596@college.edu,EEE,7,2026-04-16 16:13:15
41120,23074708,Sai Joshi,23074708@college.edu,CSE,4,2026-04-16 16:13:15
41138,23070951,Nikhil Sinha,23070951@college.edu,ECE,4,2026-04-16 16:13:15
41142,23060994,Aditi Mehta,23060994@college.edu,EEE,4,2026-04-16 16:13:15
41147,23054130,Arjun Iyer,23054130@college.edu,ECE,6,2026-04-16 16:13:15
41157,23079948,Dev Jain,23079948@college.edu,IT,4,2026-04-16 16:13:15
41159,23073926,Ritesh Choudhary,23073926@college.edu,ECE,6,2026-04-16 16:13:15
41178,23054574,Tanmay Choudhary,23054574@college.edu,ME,6,2026-04-16 16:13:15
41180,23072356,Aditi Sinha,23072356@college.edu,CSE,4,2026-04-16 16:13:15
41186,23070671,Kavya Agarwal,23070671@college.edu,ME,4,2026-04-16 16:13:15
41190,23074325,Neha Sinha,23074325@college.edu,EEE,8,2026-04-16 16:13:15
41198,23076874,Varun Ghosh,23076874@college.edu,ECE,8,2026-04-16 16:13:15
41208,23060858,Dev Rao,23060858@college.edu,IT,7,2026-04-16 16:13:15
41216,23065728,Mohit Choudhary,23065728@college.edu,CSE,4,2026-04-16 16:13:15
41218,23067894,Aarav Kapoor,23067894@college.edu,ECE,6,2026-04-16 16:13:15
41221,23064790,Ananya Gupta,23064790@college.edu,ME,2,2026-04-16 16:13:15
41228,23062731,Priya Dubey,23062731@college.edu,CSE,4,2026-04-16 16:13:15
41231,23069232,Rahul Agarwal,23069232@college.edu,IT,3,2026-04-16 16:13:15
41234,23052645,Manav Ghosh,23052645@college.edu,ECE,5,2026-04-16 16:13:15
41235,23074079,Ishaan Agarwal,23074079@college.edu,ECE,5,2026-04-16 16:13:15
41237,23066374,Kavya Bansal,23066374@college.edu,ME,4,2026-04-16 16:13:15
41245,23074032,Sneha Kapoor,23074032@college.edu,CSE,3,2026-04-16 16:13:15
41246,23051923,Om Thakur,23051923@college.edu,IT,7,2026-04-16 16:13:15
41251,23079014,Tanmay Patel,23079014@college.edu,CSE,4,2026-04-16 16:13:15
41253,23057747,Aditya Choudhary,23057747@college.edu,IT,1,2026-04-16 16:13:15
41254,23076948,Arjun Iyer,23076948@college.edu,ECE,2,2026-04-16 16:13:15
41256,23069763,Sai Thakur,23069763@college.edu,CSE,2,2026-04-16 16:13:15
41260,23077230,Tanmay Khanna,23077230@college.edu,IT,5,2026-04-16 16:13:15
41266,23071923,Pooja Iyer,23071923@college.edu,CSE,8,2026-04-16 16:13:15
41275,23051048,Nikhil Thakur,23051048@college.edu,EEE,7,2026-04-16 16:13:15
41276,23051099,Kunal Reddy,23051099@college.edu,IT,5,2026-04-16 16:13:15
41283,23062119,Arjun Patel,23062119@college.edu,EEE,5,2026-04-16 16:13:15
41289,23053044,Tanmay Thakur,23053044@college.edu,EEE,4,2026-04-16 16:13:15
41291,23066916,Rahul Choudhary,23066916@college.edu,ME,7,2026-04-16 16:13:15
41293,23054411,Kunal Ghosh,23054411@college.edu,ECE,1,2026-04-16 16:13:15
41298,23064311,Mohit Reddy,23064311@college.edu,EEE,8,2026-04-16 16:13:15
41307,23065867,Kunal Pandey,23065867@college.edu,ME,8,2026-04-16 16:13:15
41308,23060912,Meera Verma,23060912@college.edu,CSE,1,2026-04-16 16:13:15
41320,23072179,Krishna Thakur,23072179@college.edu,IT,5,2026-04-16 16:13:15
41321,23071142,Yash Thakur,23071142@college.edu,ECE,2,2026-04-16 16:13:15
41323,23057689,Kunal Khanna,23057689@college.edu,EEE,3,2026-04-16 16:13:15
41331,23066397,Aman Rao,23066397@college.edu,CSE,3,2026-04-16 16:13:15
41332,23072479,Rahul Pandey,23072479@college.edu,ME,2,2026-04-16 16:13:15
41335,23056701,Aarav Agarwal,23056701@college.edu,IT,8,2026-04-16 16:13:15
41339,23052206,Harsh Pandey,23052206@college.edu,ECE,8,2026-04-16 16:13:15
41344,23057622,Arjun Thakur,23057622@college.edu,ECE,1,2026-04-16 16:13:15
41350,23075233,Varun Agarwal,23075233@college.edu,ME,8,2026-04-16 16:13:15
41354,23063639,Rohan Jain,23063639@college.edu,ME,7,2026-04-16 16:13:15
41358,23052274,Ananya Das,23052274@college.edu,ECE,6,2026-04-16 16:13:15
41364,23057670,Rohan Kapoor,23057670@college.edu,IT,4,2026-04-16 16:13:15
41368,23072089,Varun Sharma,23072089@college.edu,ME,4,2026-04-16 16:13:15
41371,23067761,Dev Verma,23067761@college.edu,CSE,2,2026-04-16 16:13:15
41373,23056704,Priya Sinha,23056704@college.edu,CSE,5,2026-04-16 16:13:15
41378,23055194,Sneha Choudhary,23055194@college.edu,ME,7,2026-04-16 16:13:15
41382,23055207,Ritika Ghosh,23055207@college.edu,EEE,8,2026-04-16 16:13:15
41388,23077611,Krishna Sinha,23077611@college.edu,IT,4,2026-04-16 16:13:15
41389,23053279,Siddharth Nair,23053279@college.edu,EEE,3,2026-04-16 16:13:15
41392,23052752,Kavya Sharma,23052752@college.edu,IT,3,2026-04-16 16:13:15
41393,23052599,Nikhil Kapoor,23052599@college.edu,CSE,1,2026-04-16 16:13:15
41400,23051077,Pooja Reddy,23051077@college.edu,ME,6,2026-04-16 16:13:15
41404,23058779,Siddharth Joshi,23058779@college.edu,EEE,2,2026-04-16 16:13:15
41412,23070283,Ananya Joshi,23070283@college.edu,CSE,7,2026-04-16 16:13:15
41413,23077791,Manav Iyer,23077791@college.edu,IT,6,2026-04-16 16:13:15
41414,23053531,Dev Gupta,23053531@college.edu,CSE,8,2026-04-16 16:13:15
41419,23060229,Sneha Sharma,23060229@college.edu,EEE,2,2026-04-16 16:13:15
41420,23078584,Siddharth Mehta,23078584@college.edu,IT,1,2026-04-16 16:13:15
41428,23072723,Pooja Sharma,23072723@college.edu,CSE,3,2026-04-16 16:13:15
41429,23066644,Ritika Das,23066644@college.edu,CSE,2,2026-04-16 16:13:15
41436,23078475,Priya Jain,23078475@college.edu,ECE,7,2026-04-16 16:13:15
41439,23069212,Ananya Choudhary,23069212@college.edu,ECE,5,2026-04-16 16:13:15
41440,23074907,Pooja Choudhary,23074907@college.edu,EEE,2,2026-04-16 16:13:15
41446,23056574,Rohan Pandey,23056574@college.edu,ME,2,2026-04-16 16:13:15
41447,23076163,Sai Sinha,23076163@college.edu,CSE,6,2026-04-16 16:13:15
41450,23070021,Aarav Choudhary,23070021@college.edu,IT,7,2026-04-16 16:13:15
41472,23076271,Yash Choudhary,23076271@college.edu,ECE,3,2026-04-16 16:13:15
41477,23065152,Manav Nair,23065152@college.edu,ECE,3,2026-04-16 16:13:15
41484,23069276,Ishaan Agarwal,23069276@college.edu,EEE,3,2026-04-16 16:13:15
41509,23070155,Manav Joshi,23070155@college.edu,ECE,8,2026-04-16 16:13:15
41510,23069254,Pooja Rao,23069254@college.edu,IT,2,2026-04-16 16:13:15
41511,23076398,Ritesh Jain,23076398@college.edu,EEE,8,2026-04-16 16:13:15
41512,23053547,Aditya Ghosh,23053547@college.edu,EEE,7,2026-04-16 16:13:15
41517,23050430,Meera Ghosh,23050430@college.edu,ME,1,2026-04-16 16:13:15
41530,23076913,Om Ghosh,23076913@college.edu,ME,2,2026-04-16 16:13:15
41543,23072557,Sneha Das,23072557@college.edu,ME,8,2026-04-16 16:13:15
41545,23051311,Priya Kapoor,23051311@college.edu,EEE,5,2026-04-16 16:13:15
41547,23073775,Dev Khanna,23073775@college.edu,ME,1,2026-04-16 16:13:15
41549,23067331,Vivaan Thakur,23067331@college.edu,IT,2,2026-04-16 16:13:15
41554,23056293,Pooja Jain,23056293@college.edu,CSE,7,2026-04-16 16:13:15
41558,23052074,Sai Jain,23052074@college.edu,IT,8,2026-04-16 16:13:15
41569,23065227,Priya Khanna,23065227@college.edu,ME,3,2026-04-16 16:13:15
41572,23075893,Varun Jain,23075893@college.edu,IT,3,2026-04-16 16:13:15
41583,23054404,Om Verma,23054404@college.edu,CSE,7,2026-04-16 16:13:15
41592,23069593,Rohan Choudhary,23069593@college.edu,IT,5,2026-04-16 16:13:15
41600,23056309,Yash Iyer,23056309@college.edu,EEE,7,2026-04-16 16:13:15
41601,23054587,Siddharth Joshi,23054587@college.edu,ME,2,2026-04-16 16:13:15
41611,23050770,Aarav Gupta,23050770@college.edu,CSE,5,2026-04-16 16:13:15
41617,23078234,Neha Sharma,23078234@college.edu,ME,5,2026-04-16 16:13:15
41618,23064178,Krishna Sharma,23064178@college.edu,ME,1,2026-04-16 16:13:15
41621,23056959,Aman Kapoor,23056959@college.edu,IT,5,2026-04-16 16:13:15
41624,23068228,Varun Jain,23068228@college.edu,IT,4,2026-04-16 16:13:15
41634,23071503,Siddharth Pandey,23071503@college.edu,ME,8,2026-04-16 16:13:15
41640,23055169,Om Iyer,23055169@college.edu,ECE,3,2026-04-16 16:13:15
41644,23050970,Manav Ghosh,23050970@college.edu,EEE,6,2026-04-16 16:13:15
41651,23075530,Manav Patel,23075530@college.edu,ME,7,2026-04-16 16:13:15
41656,23073748,Rahul Reddy,23073748@college.edu,IT,7,2026-04-16 16:13:15
41658,23076700,Ritika Thakur,23076700@college.edu,ME,4,2026-04-16 16:13:15
41669,23074891,Varun Khanna,23074891@college.edu,EEE,7,2026-04-16 16:13:15
41673,23071092,Aarav Kapoor,23071092@college.edu,CSE,1,2026-04-16 16:13:15
41693,23057515,Aman Das,23057515@college.edu,EEE,1,2026-04-16 16:13:15
41701,23078758,Priya Joshi,23078758@college.edu,CSE,5,2026-04-16 16:13:15
41708,23058119,Diya Menon,23058119@college.edu,ECE,1,2026-04-16 16:13:15
41710,23052348,Meera Khanna,23052348@college.edu,IT,6,2026-04-16 16:13:15
41719,23057709,Rahul Bansal,23057709@college.edu,ECE,8,2026-04-16 16:13:15
41723,23076564,Aditya Bansal,23076564@college.edu,ME,2,2026-04-16 16:13:15
41727,23076887,Yash Iyer,23076887@college.edu,CSE,2,2026-04-16 16:13:15
41728,23059539,Rahul Choudhary,23059539@college.edu,EEE,6,2026-04-16 16:13:15
41729,23061531,Pooja Khanna,23061531@college.edu,IT,2,2026-04-16 16:13:15
41731,23067675,Rahul Joshi,23067675@college.edu,ECE,5,2026-04-16 16:13:15
41739,23060795,Aman Das,23060795@college.edu,CSE,7,2026-04-16 16:13:15
41740,23053415,Aman Thakur,23053415@college.edu,ECE,3,2026-04-16 16:13:15
41742,23073384,Aditi Menon,23073384@college.edu,ECE,4,2026-04-16 16:13:15
41743,23060302,Neha Jain,23060302@college.edu,IT,4,2026-04-16 16:13:15
41749,23059850,Aditi Das,23059850@college.edu,ECE,6,2026-04-16 16:13:15
41750,23067401,Aman Verma,23067401@college.edu,CSE,3,2026-04-16 16:13:15
41760,23052802,Kavya Thakur,23052802@college.edu,EEE,2,2026-04-16 16:13:15
41763,23050954,Aditya Menon,23050954@college.edu,EEE,1,2026-04-16 16:13:15
41766,23056681,Neha Thakur,23056681@college.edu,EEE,4,2026-04-16 16:13:15
41771,23078653,Om Kapoor,23078653@college.edu,CSE,7,2026-04-16 16:13:15
41772,23057598,Deepak Joshi,23057598@college.edu,ECE,7,2026-04-16 16:13:15
41773,23075957,Om Thakur,23075957@college.edu,IT,3,2026-04-16 16:13:15
41787,23053302,Sai Agarwal,23053302@college.edu,ME,4,2026-04-16 16:13:15
41791,23067317,Krishna Joshi,23067317@college.edu,CSE,3,2026-04-16 16:13:15
41808,23062124,Ritika Sharma,23062124@college.edu,ECE,7,2026-04-16 16:13:15
41812,23059997,Sai Bansal,23059997@college.edu,ME,1,2026-04-16 16:13:15
41818,23053027,Ishaan Khanna,23053027@college.edu,ECE,1,2026-04-16 16:13:15
41819,23075684,Krishna Dubey,23075684@college.edu,ECE,6,2026-04-16 16:13:15
41821,23068327,Sai Dubey,23068327@college.edu,IT,8,2026-04-16 16:13:15
41827,23052562,Harsh Verma,23052562@college.edu,IT,7,2026-04-16 16:13:15
41831,23063702,Ritesh Iyer,23063702@college.edu,ECE,5,2026-04-16 16:13:15
41833,23063695,Aditya Thakur,23063695@college.edu,ECE,8,2026-04-16 16:13:15
41834,23078385,Nikhil Mehta,23078385@college.edu,EEE,6,2026-04-16 16:13:15
41843,23079064,Ishaan Nair,23079064@college.edu,ECE,2,2026-04-16 16:13:15
41857,23076309,Krishna Rao,23076309@college.edu,ECE,4,2026-04-16 16:13:15
41859,23064693,Aditya Mehta,23064693@college.edu,CSE,8,2026-04-16 16:13:15
41871,23050155,Om Mehta,23050155@college.edu,EEE,8,2026-04-16 16:13:15
41874,23065949,Meera Mehta,23065949@college.edu,EEE,3,2026-04-16 16:13:15
41883,23058217,Mohit Menon,23058217@college.edu,ME,5,2026-04-16 16:13:15
41887,23051814,Arjun Sharma,23051814@college.edu,CSE,7,2026-04-16 16:13:15
41888,23078443,Mohit Khanna,23078443@college.edu,IT,3,2026-04-16 16:13:15
41889,23050085,Tanmay Iyer,23050085@college.edu,ECE,7,2026-04-16 16:13:15
41896,23053771,Aarav Bansal,23053771@college.edu,IT,2,2026-04-16 16:13:15
41903,23079375,Kavya Choudhary,23079375@college.edu,EEE,2,2026-04-16 16:13:15
41919,23077688,Neha Bansal,23077688@college.edu,ME,8,2026-04-16 16:13:15
41925,23050858,Ananya Sinha,23050858@college.edu,ECE,3,2026-04-16 16:13:15
41928,23075094,Kunal Khanna,23075094@college.edu,CSE,4,2026-04-16 16:13:15
41932,23075018,Yash Verma,23075018@college.edu,ME,7,2026-04-16 16:13:15
41938,23070538,Siddharth Sharma,23070538@college.edu,ECE,8,2026-04-16 16:13:15
41940,23069017,Varun Verma,23069017@college.edu,CSE,3,2026-04-16 16:13:15
41943,23070772,Rohan Choudhary,23070772@college.edu,IT,7,2026-04-16 16:13:15
41944,23064752,Varun Gupta,23064752@college.edu,CSE,1,2026-04-16 16:13:15
41946,23068321,Varun Kapoor,23068321@college.edu,ECE,5,2026-04-16 16:13:15
41947,23063093,Ritika Mehta,23063093@college.edu,CSE,4,2026-04-16 16:13:15
41950,23060797,Kavya Nair,23060797@college.edu,ECE,8,2026-04-16 16:13:15
41964,23058169,Krishna Reddy,23058169@college.edu,ME,2,2026-04-16 16:13:15
41970,23062517,Varun Menon,23062517@college.edu,ECE,2,2026-04-16 16:13:15
41973,23076957,Aditi Dubey,23076957@college.edu,IT,1,2026-04-16 16:13:15
41974,23063628,Dev Joshi,23063628@college.edu,IT,4,2026-04-16 16:13:15
41975,23069260,Neha Kapoor,23069260@college.edu,CSE,3,2026-04-16 16:13:15
41976,23063983,Diya Verma,23063983@college.edu,IT,3,2026-04-16 16:13:15
41983,23070897,Mohit Kapoor,23070897@college.edu,EEE,8,2026-04-16 16:13:15
41993,23056557,Aarav Verma,23056557@college.edu,CSE,5,2026-04-16 16:13:15
41994,23068888,Siddharth Khanna,23068888@college.edu,ECE,2,2026-04-16 16:13:15
42001,23070145,Siddharth Dubey,23070145@college.edu,EEE,8,2026-04-16 16:13:15
42002,23062335,Krishna Bansal,23062335@college.edu,EEE,8,2026-04-16 16:13:15
42005,23054939,Mohit Mehta,23054939@college.edu,EEE,6,2026-04-16 16:13:15
42007,23075620,Ishaan Jain,23075620@college.edu,EEE,5,2026-04-16 16:13:15
42020,23050626,Ritesh Thakur,23050626@college.edu,IT,5,2026-04-16 16:13:15
42023,23056456,Arjun Sinha,23056456@college.edu,ECE,8,2026-04-16 16:13:15
42040,23067294,Tanmay Kapoor,23067294@college.edu,IT,3,2026-04-16 16:13:15
42057,23068322,Neha Reddy,23068322@college.edu,ME,8,2026-04-16 16:13:15
42060,23064167,Aarav Patel,23064167@college.edu,CSE,6,2026-04-16 16:13:15
42064,23068933,Nikhil Patel,23068933@college.edu,EEE,6,2026-04-16 16:13:15
42069,23054973,Kunal Jain,23054973@college.edu,CSE,3,2026-04-16 16:13:15
42070,23059208,Om Patel,23059208@college.edu,ECE,3,2026-04-16 16:13:15
42071,23051729,Diya Mehta,23051729@college.edu,ME,5,2026-04-16 16:13:15
42078,23053689,Ishaan Sinha,23053689@college.edu,CSE,4,2026-04-16 16:13:15
42081,23057351,Neha Sharma,23057351@college.edu,EEE,7,2026-04-16 16:13:15
42100,23077115,Manav Choudhary,23077115@college.edu,CSE,6,2026-04-16 16:13:15
42105,23074946,Aditya Reddy,23074946@college.edu,CSE,6,2026-04-16 16:13:15
42107,23067351,Mohit Choudhary,23067351@college.edu,ME,5,2026-04-16 16:13:15
42111,23054389,Aditi Agarwal,23054389@college.edu,IT,6,2026-04-16 16:13:15
42117,23076044,Sai Iyer,23076044@college.edu,IT,1,2026-04-16 16:13:15
42121,23060929,Manav Khanna,23060929@college.edu,ECE,6,2026-04-16 16:13:15
42124,23068227,Yash Iyer,23068227@college.edu,EEE,4,2026-04-16 16:13:15
42125,23071141,Ishaan Jain,23071141@college.edu,EEE,1,2026-04-16 16:13:15
42126,23074817,Aditya Menon,23074817@college.edu,EEE,4,2026-04-16 16:13:15
42127,23054419,Krishna Agarwal,23054419@college.edu,IT,6,2026-04-16 16:13:15
42136,23073231,Meera Ghosh,23073231@college.edu,IT,3,2026-04-16 16:13:15
42143,23050657,Deepak Verma,23050657@college.edu,CSE,2,2026-04-16 16:13:15
42144,23072745,Yash Sharma,23072745@college.edu,ME,2,2026-04-16 16:13:15
42153,23067498,Aditi Iyer,23067498@college.edu,ME,7,2026-04-16 16:13:15
42159,23050019,Dev Dubey,23050019@college.edu,CSE,8,2026-04-16 16:13:15
42160,23078919,Kavya Khanna,23078919@college.edu,CSE,5,2026-04-16 16:13:15
42166,23051675,Ritesh Reddy,23051675@college.edu,IT,4,2026-04-16 16:13:15
42168,23064688,Ritesh Sinha,23064688@college.edu,ME,7,2026-04-16 16:13:15
42170,23063248,Kunal Thakur,23063248@college.edu,CSE,1,2026-04-16 16:13:15
42182,23050875,Priya Verma,23050875@college.edu,ECE,7,2026-04-16 16:13:15
42185,23061361,Deepak Reddy,23061361@college.edu,ME,3,2026-04-16 16:13:15
42193,23069757,Neha Kapoor,23069757@college.edu,ECE,7,2026-04-16 16:13:15
42194,23064006,Sneha Dubey,23064006@college.edu,CSE,2,2026-04-16 16:13:15
42195,23053046,Manav Choudhary,23053046@college.edu,ECE,8,2026-04-16 16:13:15
42197,23071927,Diya Sinha,23071927@college.edu,CSE,8,2026-04-16 16:13:15
42199,23052390,Ritesh Reddy,23052390@college.edu,ME,8,2026-04-16 16:13:15
42200,23050897,Ananya Joshi,23050897@college.edu,CSE,3,2026-04-16 16:13:15
42203,23056769,Vivaan Kapoor,23056769@college.edu,EEE,7,2026-04-16 16:13:15
42205,23067371,Meera Pandey,23067371@college.edu,EEE,1,2026-04-16 16:13:15
42224,23053038,Rohan Agarwal,23053038@college.edu,ME,5,2026-04-16 16:13:15
42227,23070862,Arjun Joshi,23070862@college.edu,IT,8,2026-04-16 16:13:15
42231,23060220,Meera Das,23060220@college.edu,EEE,5,2026-04-16 16:13:15
42232,23061301,Ritesh Verma,23061301@college.edu,EEE,2,2026-04-16 16:13:15
42236,23061242,Nikhil Gupta,23061242@college.edu,ME,1,2026-04-16 16:13:15
42238,23073212,Aarav Sinha,23073212@college.edu,ME,1,2026-04-16 16:13:15
42247,23072563,Meera Reddy,23072563@college.edu,ME,2,2026-04-16 16:13:15
42248,23068052,Dev Nair,23068052@college.edu,ME,5,2026-04-16 16:13:15
42251,23064726,Manav Rao,23064726@college.edu,EEE,3,2026-04-16 16:13:15
42253,23072643,Ishaan Mehta,23072643@college.edu,EEE,4,2026-04-16 16:13:15
42255,23062724,Krishna Mehta,23062724@college.edu,IT,2,2026-04-16 16:13:15
42256,23066321,Ritesh Dubey,23066321@college.edu,ECE,7,2026-04-16 16:13:15
42259,23065718,Aditya Thakur,23065718@college.edu,IT,8,2026-04-16 16:13:15
42262,23051440,Nikhil Jain,23051440@college.edu,ECE,5,2026-04-16 16:13:15
42270,23050728,Tanmay Menon,23050728@college.edu,IT,4,2026-04-16 16:13:15
42274,23065052,Vivaan Choudhary,23065052@college.edu,ECE,8,2026-04-16 16:13:15
42276,23055571,Dev Gupta,23055571@college.edu,ME,5,2026-04-16 16:13:15
42278,23079191,Kunal Bansal,23079191@college.edu,ECE,5,2026-04-16 16:13:15
42279,23051202,Deepak Sharma,23051202@college.edu,CSE,2,2026-04-16 16:13:15
42280,23072630,Om Dubey,23072630@college.edu,ECE,6,2026-04-16 16:13:15
42289,23057541,Rahul Iyer,23057541@college.edu,ME,3,2026-04-16 16:13:15
42293,23054373,Rohan Reddy,23054373@college.edu,IT,3,2026-04-16 16:13:15
42296,23052359,Manav Mehta,23052359@college.edu,EEE,4,2026-04-16 16:13:15
42319,23060304,Aman Choudhary,23060304@college.edu,CSE,8,2026-04-16 16:13:15
42322,23054006,Krishna Khanna,23054006@college.edu,IT,7,2026-04-16 16:13:15
42323,23055278,Varun Pandey,23055278@college.edu,IT,4,2026-04-16 16:13:15
42324,23059384,Siddharth Joshi,23059384@college.edu,ECE,6,2026-04-16 16:13:15
42327,23058258,Sneha Joshi,23058258@college.edu,ECE,7,2026-04-16 16:13:15
42336,23077807,Rohan Bansal,23077807@college.edu,EEE,6,2026-04-16 16:13:15
42338,23064226,Tanmay Khanna,23064226@college.edu,EEE,7,2026-04-16 16:13:15
42343,23059272,Arjun Das,23059272@college.edu,EEE,2,2026-04-16 16:13:15
42353,23056071,Mohit Jain,23056071@college.edu,IT,8,2026-04-16 16:13:15
42368,23065943,Ishaan Reddy,23065943@college.edu,ECE,8,2026-04-16 16:13:15
42371,23056320,Ishaan Sinha,23056320@college.edu,ME,4,2026-04-16 16:13:15
42384,23058711,Diya Gupta,23058711@college.edu,EEE,8,2026-04-16 16:13:15
42386,23073554,Aman Jain,23073554@college.edu,ECE,3,2026-04-16 16:13:15
42398,23065626,Neha Reddy,23065626@college.edu,ECE,5,2026-04-16 16:13:15
42402,23058173,Aditya Dubey,23058173@college.edu,CSE,6,2026-04-16 16:13:15
42410,23058361,Sneha Jain,23058361@college.edu,ECE,7,2026-04-16 16:13:15
42414,23070383,Priya Thakur,23070383@college.edu,CSE,3,2026-04-16 16:13:15
42429,23071287,Neha Agarwal,23071287@college.edu,ME,1,2026-04-16 16:13:15
42440,23066721,Diya Dubey,23066721@college.edu,EEE,3,2026-04-16 16:13:15
42441,23050918,Manav Choudhary,23050918@college.edu,ME,3,2026-04-16 16:13:15
42445,23052550,Yash Verma,23052550@college.edu,ME,5,2026-04-16 16:13:15
42453,23065317,Aditi Gupta,23065317@college.edu,ECE,7,2026-04-16 16:13:15
42454,23077464,Harsh Choudhary,23077464@college.edu,EEE,1,2026-04-16 16:13:15
42458,23078731,Deepak Bansal,23078731@college.edu,EEE,4,2026-04-16 16:13:15
42459,23078319,Tanmay Agarwal,23078319@college.edu,ME,5,2026-04-16 16:13:15
42466,23077374,Arjun Menon,23077374@college.edu,ME,7,2026-04-16 16:13:15
42471,23078788,Nikhil Mehta,23078788@college.edu,ECE,4,2026-04-16 16:13:15
42472,23074262,Om Gupta,23074262@college.edu,ECE,1,2026-04-16 16:13:15
42474,23079148,Priya Choudhary,23079148@college.edu,CSE,7,2026-04-16 16:13:15
42479,23058919,Mohit Menon,23058919@college.edu,ME,4,2026-04-16 16:13:15
42480,23060244,Mohit Verma,23060244@college.edu,CSE,6,2026-04-16 16:13:15
42490,23060173,Sneha Bansal,23060173@college.edu,EEE,6,2026-04-16 16:13:15
42493,23078581,Sneha Kapoor,23078581@college.edu,CSE,6,2026-04-16 16:13:15
42499,23056997,Rohan Das,23056997@college.edu,ME,8,2026-04-16 16:13:15
42500,23071643,Kunal Patel,23071643@college.edu,IT,5,2026-04-16 16:13:15
42501,23066429,Arjun Dubey,23066429@college.edu,ECE,4,2026-04-16 16:13:15
42504,23066956,Yash Das,23066956@college.edu,ME,1,2026-04-16 16:13:15
42509,23053700,Varun Khanna,23053700@college.edu,IT,2,2026-04-16 16:13:15
42513,23052839,Rahul Menon,23052839@college.edu,ME,4,2026-04-16 16:13:15
42514,23070431,Deepak Pandey,23070431@college.edu,IT,5,2026-04-16 16:13:15
42515,23069799,Pooja Sharma,23069799@college.edu,ECE,1,2026-04-16 16:13:15
42522,23070066,Harsh Joshi,23070066@college.edu,ME,8,2026-04-16 16:13:15
42523,23057196,Vivaan Kapoor,23057196@college.edu,ECE,1,2026-04-16 16:13:15
42527,23072392,Aarav Das,23072392@college.edu,EEE,2,2026-04-16 16:13:15
42529,23066496,Tanmay Reddy,23066496@college.edu,ME,6,2026-04-16 16:13:15
42540,23055393,Om Iyer,23055393@college.edu,IT,8,2026-04-16 16:13:15
42543,23059937,Varun Dubey,23059937@college.edu,EEE,8,2026-04-16 16:13:15
42546,23052136,Varun Patel,23052136@college.edu,ECE,1,2026-04-16 16:13:15
42549,23075257,Tanmay Reddy,23075257@college.edu,ME,7,2026-04-16 16:13:15
42551,23062892,Aditi Jain,23062892@college.edu,IT,5,2026-04-16 16:13:15
42553,23066982,Ananya Choudhary,23066982@college.edu,EEE,5,2026-04-16 16:13:15
42555,23050464,Aman Kapoor,23050464@college.edu,IT,7,2026-04-16 16:13:15
42556,23066822,Deepak Dubey,23066822@college.edu,IT,2,2026-04-16 16:13:15
42558,23078410,Vivaan Joshi,23078410@college.edu,ME,2,2026-04-16 16:13:15
42564,23079543,Diya Ghosh,23079543@college.edu,IT,2,2026-04-16 16:13:15
42568,23058903,Neha Bansal,23058903@college.edu,ECE,6,2026-04-16 16:13:15
42581,23058745,Sai Sinha,23058745@college.edu,IT,2,2026-04-16 16:13:15
42589,23079874,Priya Joshi,23079874@college.edu,IT,3,2026-04-16 16:13:15
42596,23078109,Aditi Gupta,23078109@college.edu,IT,6,2026-04-16 16:13:15
42599,23072369,Priya Nair,23072369@college.edu,EEE,5,2026-04-16 16:13:15
42600,23077328,Om Agarwal,23077328@college.edu,EEE,3,2026-04-16 16:13:15
42606,23079828,Diya Menon,23079828@college.edu,ECE,6,2026-04-16 16:13:15
42616,23077620,Priya Joshi,23077620@college.edu,IT,8,2026-04-16 16:13:15
42619,23073647,Ritika Patel,23073647@college.edu,ECE,1,2026-04-16 16:13:15
42620,23069854,Sai Thakur,23069854@college.edu,CSE,6,2026-04-16 16:13:15
42631,23071069,Diya Jain,23071069@college.edu,CSE,8,2026-04-16 16:13:15
42633,23069496,Meera Gupta,23069496@college.edu,ECE,1,2026-04-16 16:13:15
42638,23069907,Siddharth Pandey,23069907@college.edu,IT,4,2026-04-16 16:13:15
42642,23072517,Varun Menon,23072517@college.edu,IT,7,2026-04-16 16:13:15
42644,23061141,Siddharth Jain,23061141@college.edu,CSE,1,2026-04-16 16:13:15
42649,23075610,Tanmay Menon,23075610@college.edu,IT,2,2026-04-16 16:13:15
42650,23057155,Rahul Bansal,23057155@college.edu,CSE,1,2026-04-16 16:13:15
42656,23054177,Ananya Khanna,23054177@college.edu,IT,3,2026-04-16 16:13:15
42657,23076370,Aman Agarwal,23076370@college.edu,CSE,6,2026-04-16 16:13:15
42661,23066326,Diya Kapoor,23066326@college.edu,ME,1,2026-04-16 16:13:15
42663,23058388,Mohit Reddy,23058388@college.edu,EEE,1,2026-04-16 16:13:15
42666,23074029,Harsh Khanna,23074029@college.edu,CSE,4,2026-04-16 16:13:15
42674,23065894,Sneha Sinha,23065894@college.edu,IT,8,2026-04-16 16:13:15
42678,23058339,Meera Menon,23058339@college.edu,ECE,7,2026-04-16 16:13:15
42686,23078492,Kunal Sinha,23078492@college.edu,ME,4,2026-04-16 16:13:15
42700,23075983,Ritika Reddy,23075983@college.edu,EEE,4,2026-04-16 16:13:15
42702,23057072,Deepak Verma,23057072@college.edu,IT,5,2026-04-16 16:13:15
42708,23073958,Vivaan Mehta,23073958@college.edu,IT,2,2026-04-16 16:13:15
42716,23076349,Diya Menon,23076349@college.edu,ECE,3,2026-04-16 16:13:15
42718,23066754,Mohit Nair,23066754@college.edu,ME,3,2026-04-16 16:13:15
42724,23066740,Dev Gupta,23066740@college.edu,EEE,7,2026-04-16 16:13:15
42729,23052507,Yash Agarwal,23052507@college.edu,CSE,5,2026-04-16 16:13:15
42746,23071649,Pooja Khanna,23071649@college.edu,EEE,5,2026-04-16 16:13:15
42747,23063129,Ananya Das,23063129@college.edu,ECE,2,2026-04-16 16:13:15
42756,23051711,Pooja Reddy,23051711@college.edu,EEE,6,2026-04-16 16:13:15
42757,23054956,Ritesh Gupta,23054956@college.edu,ECE,1,2026-04-16 16:13:15
42766,23067610,Pooja Ghosh,23067610@college.edu,ME,8,2026-04-16 16:13:15
42768,23076792,Neha Choudhary,23076792@college.edu,CSE,1,2026-04-16 16:13:15
42771,23079888,Arjun Sinha,23079888@college.edu,ECE,8,2026-04-16 16:13:15
42779,23068378,Kavya Patel,23068378@college.edu,CSE,4,2026-04-16 16:13:15
42786,23071034,Rohan Kapoor,23071034@college.edu,IT,1,2026-04-16 16:13:15
42788,23054721,Aditya Kapoor,23054721@college.edu,ME,5,2026-04-16 16:13:15
42803,23067329,Om Sharma,23067329@college.edu,ECE,4,2026-04-16 16:13:15
42804,23062404,Yash Verma,23062404@college.edu,CSE,6,2026-04-16 16:13:15
42821,23073051,Deepak Bansal,23073051@college.edu,EEE,1,2026-04-16 16:13:15
42834,23054348,Neha Jain,23054348@college.edu,ECE,6,2026-04-16 16:13:15
42835,23078946,Varun Verma,23078946@college.edu,ME,6,2026-04-16 16:13:15
42844,23050942,Aman Patel,23050942@college.edu,ME,8,2026-04-16 16:13:15
42859,23062342,Yash Kapoor,23062342@college.edu,EEE,8,2026-04-16 16:13:15
42860,23051649,Sneha Menon,23051649@college.edu,EEE,4,2026-04-16 16:13:15
42863,23060473,Yash Rao,23060473@college.edu,EEE,5,2026-04-16 16:13:15
42866,23054621,Mohit Nair,23054621@college.edu,EEE,5,2026-04-16 16:13:15
42875,23061254,Kavya Gupta,23061254@college.edu,IT,3,2026-04-16 16:13:15
42878,23060833,Aman Sharma,23060833@college.edu,EEE,6,2026-04-16 16:13:15
42884,23076896,Meera Patel,23076896@college.edu,CSE,4,2026-04-16 16:13:15
42891,23062479,Aman Patel,23062479@college.edu,ECE,6,2026-04-16 16:13:15
42895,23071768,Varun Menon,23071768@college.edu,CSE,1,2026-04-16 16:13:15
42896,23053849,Kavya Ghosh,23053849@college.edu,IT,5,2026-04-16 16:13:15
42914,23074959,Aditya Sharma,23074959@college.edu,ECE,3,2026-04-16 16:13:15
42915,23052066,Aman Verma,23052066@college.edu,ME,1,2026-04-16 16:13:15
42930,23071865,Kunal Rao,23071865@college.edu,ECE,3,2026-04-16 16:13:15
42951,23059437,Ananya Thakur,23059437@college.edu,CSE,2,2026-04-16 16:13:15
42955,23062484,Manav Menon,23062484@college.edu,ME,8,2026-04-16 16:13:15
42962,23072993,Nikhil Patel,23072993@college.edu,IT,2,2026-04-16 16:13:15
42963,23062454,Aditi Sinha,23062454@college.edu,ECE,4,2026-04-16 16:13:15
42965,23054117,Nikhil Mehta,23054117@college.edu,CSE,2,2026-04-16 16:13:15
42982,23064902,Meera Reddy,23064902@college.edu,CSE,8,2026-04-16 16:13:15
42989,23068970,Kavya Reddy,23068970@college.edu,IT,5,2026-04-16 16:13:15
42990,23053335,Nikhil Nair,23053335@college.edu,ECE,1,2026-04-16 16:13:15
42991,23065402,Harsh Sinha,23065402@college.edu,CSE,6,2026-04-16 16:13:15
42994,23072815,Kavya Sinha,23072815@college.edu,ECE,3,2026-04-16 16:13:15
42995,23056210,Neha Ghosh,23056210@college.edu,CSE,3,2026-04-16 16:13:15
43000,23051589,Manav Thakur,23051589@college.edu,IT,1,2026-04-16 16:13:15
43006,23069511,Arjun Thakur,23069511@college.edu,ME,1,2026-04-16 16:13:15
43007,23058908,Aditi Khanna,23058908@college.edu,ECE,4,2026-04-16 16:13:15
43012,23072192,Tanmay Das,23072192@college.edu,ECE,7,2026-04-16 16:13:15
43013,23071134,Neha Khanna,23071134@college.edu,EEE,3,2026-04-16 16:13:15
43026,23073569,Manav Jain,23073569@college.edu,CSE,5,2026-04-16 16:13:15
43031,23057865,Harsh Khanna,23057865@college.edu,IT,5,2026-04-16 16:13:15
43034,23072973,Arjun Kapoor,23072973@college.edu,ME,8,2026-04-16 16:13:15
43039,23077916,Manav Sinha,23077916@college.edu,EEE,8,2026-04-16 16:13:15
43043,23069329,Rohan Verma,23069329@college.edu,ECE,5,2026-04-16 16:13:15
43044,23060630,Aditya Sinha,23060630@college.edu,CSE,1,2026-04-16 16:13:15
43048,23076330,Harsh Pandey,23076330@college.edu,EEE,1,2026-04-16 16:13:15
43054,23062916,Ritika Thakur,23062916@college.edu,ECE,6,2026-04-16 16:13:15
43057,23064607,Kunal Iyer,23064607@college.edu,ECE,2,2026-04-16 16:13:15
43058,23078623,Varun Choudhary,23078623@college.edu,IT,2,2026-04-16 16:13:15
43059,23058649,Mohit Joshi,23058649@college.edu,ME,8,2026-04-16 16:13:15
43062,23056332,Yash Patel,23056332@college.edu,ECE,6,2026-04-16 16:13:15
43063,23069602,Vivaan Choudhary,23069602@college.edu,IT,6,2026-04-16 16:13:15
43075,23054638,Pooja Choudhary,23054638@college.edu,ME,2,2026-04-16 16:13:15
43081,23064382,Nikhil Iyer,23064382@college.edu,CSE,8,2026-04-16 16:13:15
43088,23062727,Pooja Pandey,23062727@college.edu,CSE,8,2026-04-16 16:13:15
43092,23075812,Ritika Choudhary,23075812@college.edu,IT,4,2026-04-16 16:13:15
43093,23050352,Vivaan Agarwal,23050352@college.edu,IT,3,2026-04-16 16:13:15
43096,23050997,Rohan Jain,23050997@college.edu,IT,8,2026-04-16 16:13:15
43100,23075177,Harsh Joshi,23075177@college.edu,EEE,3,2026-04-16 16:13:15
43104,23061812,Neha Das,23061812@college.edu,CSE,4,2026-04-16 16:13:15
43105,23063012,Ananya Kapoor,23063012@college.edu,EEE,7,2026-04-16 16:13:15
43107,23069497,Priya Iyer,23069497@college.edu,IT,1,2026-04-16 16:13:15
43120,23076598,Ritesh Gupta,23076598@college.edu,CSE,6,2026-04-16 16:13:15
43139,23065525,Neha Gupta,23065525@college.edu,EEE,7,2026-04-16 16:13:15
43145,23057769,Ritika Patel,23057769@college.edu,EEE,4,2026-04-16 16:13:15
43147,23051465,Mohit Dubey,23051465@college.edu,ECE,2,2026-04-16 16:13:15
43151,23062904,Sai Reddy,23062904@college.edu,EEE,5,2026-04-16 16:13:15
43159,23069184,Nikhil Agarwal,23069184@college.edu,ME,7,2026-04-16 16:13:15
43168,23067946,Ishaan Sharma,23067946@college.edu,IT,6,2026-04-16 16:13:15
43170,23070189,Aman Agarwal,23070189@college.edu,EEE,5,2026-04-16 16:13:15
43175,23052924,Deepak Pandey,23052924@college.edu,EEE,3,2026-04-16 16:13:15
43182,23061526,Aditi Choudhary,23061526@college.edu,IT,1,2026-04-16 16:13:15
43183,23056897,Kavya Nair,23056897@college.edu,IT,3,2026-04-16 16:13:15
43189,23071932,Nikhil Nair,23071932@college.edu,CSE,6,2026-04-16 16:13:15
43191,23061940,Sneha Jain,23061940@college.edu,IT,1,2026-04-16 16:13:15
43192,23059345,Vivaan Rao,23059345@college.edu,IT,6,2026-04-16 16:13:15
43198,23053215,Dev Sinha,23053215@college.edu,ME,8,2026-04-16 16:13:15
43199,23051980,Kavya Pandey,23051980@college.edu,IT,1,2026-04-16 16:13:15
43203,23069963,Diya Bansal,23069963@college.edu,ECE,7,2026-04-16 16:13:15
43204,23067438,Rahul Choudhary,23067438@college.edu,CSE,5,2026-04-16 16:13:15
43206,23079771,Priya Mehta,23079771@college.edu,ECE,7,2026-04-16 16:13:15
43208,23076881,Deepak Verma,23076881@college.edu,ME,7,2026-04-16 16:13:15
43210,23077146,Manav Bansal,23077146@college.edu,CSE,6,2026-04-16 16:13:15
43211,23074806,Mohit Das,23074806@college.edu,CSE,4,2026-04-16 16:13:15
43218,23061107,Manav Bansal,23061107@college.edu,EEE,5,2026-04-16 16:13:15
43219,23073117,Siddharth Bansal,23073117@college.edu,ME,2,2026-04-16 16:13:15
43232,23065874,Krishna Jain,23065874@college.edu,ECE,6,2026-04-16 16:13:15
43236,23054469,Vivaan Thakur,23054469@college.edu,ECE,1,2026-04-16 16:13:15
43239,23055611,Krishna Iyer,23055611@college.edu,CSE,8,2026-04-16 16:13:15
43243,23079626,Meera Pandey,23079626@college.edu,ECE,4,2026-04-16 16:13:15
43247,23073535,Neha Pandey,23073535@college.edu,ECE,8,2026-04-16 16:13:15
43248,23058685,Varun Nair,23058685@college.edu,EEE,2,2026-04-16 16:13:15
43253,23057603,Kavya Patel,23057603@college.edu,IT,7,2026-04-16 16:13:15
43260,23073444,Manav Kapoor,23073444@college.edu,CSE,2,2026-04-16 16:13:15
43266,23055443,Priya Mehta,23055443@college.edu,IT,5,2026-04-16 16:13:15
43272,23075334,Priya Das,23075334@college.edu,IT,5,2026-04-16 16:13:15
43279,23066853,Ritesh Joshi,23066853@college.edu,EEE,1,2026-04-16 16:13:15
43282,23079526,Kavya Joshi,23079526@college.edu,ME,3,2026-04-16 16:13:15
43288,23055589,Ritika Pandey,23055589@college.edu,ME,3,2026-04-16 16:13:15
43289,23065904,Mohit Pandey,23065904@college.edu,CSE,5,2026-04-16 16:13:15
43291,23079067,Om Pandey,23079067@college.edu,IT,6,2026-04-16 16:13:15
43292,23051636,Kavya Thakur,23051636@college.edu,CSE,1,2026-04-16 16:13:15
43294,23071851,Ishaan Agarwal,23071851@college.edu,EEE,2,2026-04-16 16:13:15
43296,23056515,Dev Reddy,23056515@college.edu,IT,3,2026-04-16 16:13:15
43299,23053042,Tanmay Nair,23053042@college.edu,ME,5,2026-04-16 16:13:15
43316,23059707,Neha Ghosh,23059707@college.edu,ME,6,2026-04-16 16:13:15
43318,23070313,Aman Pandey,23070313@college.edu,CSE,8,2026-04-16 16:13:15
43335,23074593,Pooja Das,23074593@college.edu,ME,5,2026-04-16 16:13:15
43338,23072997,Varun Nair,23072997@college.edu,IT,3,2026-04-16 16:13:15
43339,23056925,Rahul Choudhary,23056925@college.edu,CSE,6,2026-04-16 16:13:15
43344,23078464,Yash Kapoor,23078464@college.edu,ME,8,2026-04-16 16:13:15
43348,23079253,Harsh Iyer,23079253@college.edu,EEE,2,2026-04-16 16:13:15
43351,23064211,Aarav Iyer,23064211@college.edu,IT,3,2026-04-16 16:13:15
43373,23060999,Yash Agarwal,23060999@college.edu,EEE,2,2026-04-16 16:13:15
43374,23078320,Aditi Mehta,23078320@college.edu,IT,1,2026-04-16 16:13:15
43377,23079936,Aarav Agarwal,23079936@college.edu,ME,2,2026-04-16 16:13:15
43382,23056687,Sneha Mehta,23056687@college.edu,IT,8,2026-04-16 16:13:15
43395,23069348,Aarav Agarwal,23069348@college.edu,CSE,8,2026-04-16 16:13:15
43398,23074614,Krishna Joshi,23074614@college.edu,CSE,1,2026-04-16 16:13:15
43399,23076535,Ananya Joshi,23076535@college.edu,CSE,6,2026-04-16 16:13:15
43402,23058894,Siddharth Choudhary,23058894@college.edu,ECE,7,2026-04-16 16:13:15
43407,23060143,Kunal Iyer,23060143@college.edu,ME,1,2026-04-16 16:13:15
43423,23069539,Yash Iyer,23069539@college.edu,CSE,5,2026-04-16 16:13:15
43433,23055906,Deepak Sinha,23055906@college.edu,EEE,7,2026-04-16 16:13:15
43442,23063900,Meera Mehta,23063900@college.edu,IT,7,2026-04-16 16:13:15
43446,23064783,Yash Jain,23064783@college.edu,IT,1,2026-04-16 16:13:15
43455,23059225,Aman Jain,23059225@college.edu,ME,2,2026-04-16 16:13:15
43458,23050255,Manav Sinha,23050255@college.edu,EEE,2,2026-04-16 16:13:15
43473,23077820,Aditi Dubey,23077820@college.edu,ECE,8,2026-04-16 16:13:15
43477,23079918,Sai Verma,23079918@college.edu,EEE,8,2026-04-16 16:13:15
43490,23067396,Aarav Sharma,23067396@college.edu,IT,1,2026-04-16 16:13:15
43491,23050448,Varun Thakur,23050448@college.edu,ME,1,2026-04-16 16:13:15
43493,23075180,Dev Choudhary,23075180@college.edu,EEE,4,2026-04-16 16:13:15
43497,23050972,Deepak Sinha,23050972@college.edu,ECE,7,2026-04-16 16:13:15
43526,23066987,Sneha Das,23066987@college.edu,ECE,6,2026-04-16 16:13:15
43531,23056024,Ritika Gupta,23056024@college.edu,CSE,2,2026-04-16 16:13:15
43536,23062536,Kavya Thakur,23062536@college.edu,IT,6,2026-04-16 16:13:15
43573,23061279,Rohan Ghosh,23061279@college.edu,EEE,7,2026-04-16 16:13:15
43581,23062246,Ananya Das,23062246@college.edu,CSE,3,2026-04-16 16:13:15
43582,23059919,Priya Reddy,23059919@college.edu,ECE,5,2026-04-16 16:13:15
43585,23059212,Rahul Rao,23059212@college.edu,IT,4,2026-04-16 16:13:15
43591,23060375,Kavya Patel,23060375@college.edu,IT,6,2026-04-16 16:13:15
43601,23077730,Neha Mehta,23077730@college.edu,ECE,2,2026-04-16 16:13:15
43603,23059159,Nikhil Kapoor,23059159@college.edu,CSE,7,2026-04-16 16:13:15
43610,23052370,Yash Das,23052370@college.edu,IT,7,2026-04-16 16:13:15
43611,23055997,Vivaan Sharma,23055997@college.edu,ECE,1,2026-04-16 16:13:15
43614,23055903,Ananya Nair,23055903@college.edu,ME,4,2026-04-16 16:13:15
43625,23056930,Vivaan Mehta,23056930@college.edu,CSE,8,2026-04-16 16:13:15
43634,23060578,Aarav Khanna,23060578@college.edu,IT,5,2026-04-16 16:13:15
43635,23063453,Rohan Verma,23063453@college.edu,EEE,6,2026-04-16 16:13:15
43644,23075974,Arjun Verma,23075974@college.edu,CSE,8,2026-04-16 16:13:15
43651,23054483,Mohit Das,23054483@college.edu,EEE,2,2026-04-16 16:13:15
43654,23063390,Rohan Thakur,23063390@college.edu,ME,1,2026-04-16 16:13:15
43661,23058469,Rahul Patel,23058469@college.edu,ECE,5,2026-04-16 16:13:15
43669,23072044,Sneha Choudhary,23072044@college.edu,ECE,4,2026-04-16 16:13:15
43671,23073671,Priya Das,23073671@college.edu,IT,8,2026-04-16 16:13:15
43672,23061594,Meera Agarwal,23061594@college.edu,EEE,7,2026-04-16 16:13:15
43674,23064990,Rohan Sinha,23064990@college.edu,ECE,3,2026-04-16 16:13:15
43676,23065219,Yash Iyer,23065219@college.edu,IT,3,2026-04-16 16:13:15
43677,23076589,Kunal Sinha,23076589@college.edu,ME,4,2026-04-16 16:13:15
43678,23062058,Harsh Pandey,23062058@college.edu,ME,4,2026-04-16 16:13:15
43682,23078894,Manav Sinha,23078894@college.edu,ME,5,2026-04-16 16:13:15
43688,23063309,Aditi Agarwal,23063309@college.edu,ME,3,2026-04-16 16:13:15
43690,23061173,Mohit Khanna,23061173@college.edu,CSE,4,2026-04-16 16:13:15
43693,23059008,Kunal Verma,23059008@college.edu,ECE,2,2026-04-16 16:13:15
43695,23059758,Ananya Reddy,23059758@college.edu,ME,4,2026-04-16 16:13:15
43701,23071038,Yash Jain,23071038@college.edu,ME,1,2026-04-16 16:13:15
43705,23069021,Meera Dubey,23069021@college.edu,IT,5,2026-04-16 16:13:15
43709,23074279,Ritesh Mehta,23074279@college.edu,EEE,3,2026-04-16 16:13:15
43711,23078168,Ishaan Reddy,23078168@college.edu,IT,2,2026-04-16 16:13:15
43712,23068222,Mohit Kapoor,23068222@college.edu,ECE,2,2026-04-16 16:13:15
43716,23055447,Yash Verma,23055447@college.edu,ECE,5,2026-04-16 16:13:15
43726,23078495,Siddharth Kapoor,23078495@college.edu,IT,2,2026-04-16 16:13:15
43736,23060687,Dev Menon,23060687@college.edu,IT,6,2026-04-16 16:13:15
43744,23078314,Meera Menon,23078314@college.edu,ME,3,2026-04-16 16:13:15
43747,23063766,Krishna Patel,23063766@college.edu,IT,4,2026-04-16 16:13:15
43750,23064538,Aditi Patel,23064538@college.edu,ME,3,2026-04-16 16:13:15
43753,23066250,Yash Bansal,23066250@college.edu,CSE,5,2026-04-16 16:13:15
43754,23075915,Om Pandey,23075915@college.edu,EEE,4,2026-04-16 16:13:15
43755,23070782,Priya Mehta,23070782@college.edu,CSE,2,2026-04-16 16:13:15
43760,23058914,Mohit Verma,23058914@college.edu,ECE,2,2026-04-16 16:13:15
43763,23065908,Om Thakur,23065908@college.edu,EEE,4,2026-04-16 16:13:15
43764,23060159,Krishna Choudhary,23060159@college.edu,IT,3,2026-04-16 16:13:15
43767,23076999,Pooja Khanna,23076999@college.edu,IT,7,2026-04-16 16:13:15
43770,23058933,Ishaan Iyer,23058933@college.edu,EEE,7,2026-04-16 16:13:15
43775,23055484,Ananya Patel,23055484@college.edu,ECE,7,2026-04-16 16:13:15
43778,23055104,Kunal Ghosh,23055104@college.edu,EEE,3,2026-04-16 16:13:15
43786,23063062,Aditya Joshi,23063062@college.edu,EEE,5,2026-04-16 16:13:15
43787,23050835,Pooja Agarwal,23050835@college.edu,IT,5,2026-04-16 16:13:15
43790,23054578,Arjun Sinha,23054578@college.edu,ME,2,2026-04-16 16:13:15
43792,23062248,Tanmay Dubey,23062248@college.edu,IT,6,2026-04-16 16:13:15
43805,23056193,Yash Rao,23056193@college.edu,EEE,1,2026-04-16 16:13:15
43807,23073066,Aditi Das,23073066@college.edu,ECE,3,2026-04-16 16:13:15
43811,23074585,Krishna Joshi,23074585@college.edu,ECE,3,2026-04-16 16:13:15
43813,23050456,Pooja Dubey,23050456@college.edu,IT,1,2026-04-16 16:13:15
43816,23053083,Manav Agarwal,23053083@college.edu,IT,7,2026-04-16 16:13:15
43820,23058287,Manav Bansal,23058287@college.edu,ECE,2,2026-04-16 16:13:15
43821,23063435,Ritika Menon,23063435@college.edu,CSE,4,2026-04-16 16:13:15
43829,23068499,Meera Reddy,23068499@college.edu,EEE,5,2026-04-16 16:13:15
43834,23060339,Aditi Jain,23060339@college.edu,ECE,7,2026-04-16 16:13:15
43839,23070426,Varun Joshi,23070426@college.edu,IT,1,2026-04-16 16:13:15
43850,23070583,Sneha Rao,23070583@college.edu,CSE,1,2026-04-16 16:13:15
43855,23058718,Deepak Mehta,23058718@college.edu,ME,3,2026-04-16 16:13:15
43856,23071800,Tanmay Ghosh,23071800@college.edu,ECE,3,2026-04-16 16:13:15
43862,23076635,Deepak Choudhary,23076635@college.edu,IT,1,2026-04-16 16:13:15
43867,23051837,Arjun Nair,23051837@college.edu,ECE,2,2026-04-16 16:13:15
43873,23062749,Ananya Jain,23062749@college.edu,EEE,3,2026-04-16 16:13:15
43882,23076507,Meera Menon,23076507@college.edu,ECE,6,2026-04-16 16:13:15
43891,23062790,Dev Nair,23062790@college.edu,EEE,1,2026-04-16 16:13:15
43894,23079044,Priya Sharma,23079044@college.edu,IT,8,2026-04-16 16:13:15
43909,23063149,Om Iyer,23063149@college.edu,ECE,1,2026-04-16 16:13:15
43911,23075312,Rohan Iyer,23075312@college.edu,CSE,7,2026-04-16 16:13:15
43913,23072732,Varun Mehta,23072732@college.edu,ECE,3,2026-04-16 16:13:15
43922,23072046,Varun Pandey,23072046@college.edu,CSE,2,2026-04-16 16:13:15
43924,23062222,Deepak Agarwal,23062222@college.edu,CSE,1,2026-04-16 16:13:15
43928,23078354,Sneha Patel,23078354@college.edu,ME,8,2026-04-16 16:13:15
43936,23057580,Priya Iyer,23057580@college.edu,EEE,1,2026-04-16 16:13:15
43939,23059153,Dev Pandey,23059153@college.edu,ECE,2,2026-04-16 16:13:15
43941,23060776,Kavya Menon,23060776@college.edu,CSE,8,2026-04-16 16:13:15
43955,23062417,Manav Bansal,23062417@college.edu,CSE,6,2026-04-16 16:13:15
43956,23054452,Sai Iyer,23054452@college.edu,ME,8,2026-04-16 16:13:15
43963,23079443,Dev Menon,23079443@college.edu,IT,1,2026-04-16 16:13:15
43964,23050107,Arjun Thakur,23050107@college.edu,IT,3,2026-04-16 16:13:15
43966,23067182,Krishna Gupta,23067182@college.edu,CSE,2,2026-04-16 16:13:15
43968,23055635,Rahul Rao,23055635@college.edu,IT,6,2026-04-16 16:13:15
43974,23061928,Dev Reddy,23061928@college.edu,ECE,2,2026-04-16 16:13:15
43980,23057244,Deepak Reddy,23057244@college.edu,EEE,7,2026-04-16 16:13:15
44012,23056042,Tanmay Iyer,23056042@college.edu,CSE,6,2026-04-16 16:13:15
44020,23073722,Yash Das,23073722@college.edu,ME,3,2026-04-16 16:13:15
44034,23056153,Ritika Choudhary,23056153@college.edu,CSE,1,2026-04-16 16:13:15
44040,23051811,Vivaan Rao,23051811@college.edu,CSE,8,2026-04-16 16:13:15
44048,23073694,Rahul Pandey,23073694@college.edu,EEE,2,2026-04-16 16:13:15
44050,23079466,Deepak Thakur,23079466@college.edu,EEE,7,2026-04-16 16:13:15
44055,23060990,Aarav Khanna,23060990@college.edu,ECE,6,2026-04-16 16:13:15
44057,23053508,Nikhil Jain,23053508@college.edu,ME,4,2026-04-16 16:13:15
44060,23056359,Kavya Sharma,23056359@college.edu,EEE,6,2026-04-16 16:13:15
44075,23066970,Aarav Agarwal,23066970@college.edu,IT,3,2026-04-16 16:13:15
44077,23058562,Aarav Kapoor,23058562@college.edu,CSE,1,2026-04-16 16:13:15
44082,23054421,Aman Joshi,23054421@college.edu,ME,6,2026-04-16 16:13:15
44089,23079089,Dev Gupta,23079089@college.edu,CSE,1,2026-04-16 16:13:15
44092,23075670,Mohit Nair,23075670@college.edu,ECE,1,2026-04-16 16:13:15
44097,23076649,Ishaan Joshi,23076649@college.edu,ME,5,2026-04-16 16:13:15
44104,23076056,Aman Thakur,23076056@college.edu,EEE,4,2026-04-16 16:13:15
44105,23054281,Dev Iyer,23054281@college.edu,CSE,6,2026-04-16 16:13:15
44112,23072866,Aarav Pandey,23072866@college.edu,CSE,4,2026-04-16 16:13:15
44115,23067542,Yash Agarwal,23067542@college.edu,EEE,8,2026-04-16 16:13:15
44122,23064598,Rohan Menon,23064598@college.edu,ME,7,2026-04-16 16:13:15
44124,23057233,Deepak Ghosh,23057233@college.edu,EEE,3,2026-04-16 16:13:15
44141,23057787,Rohan Reddy,23057787@college.edu,ECE,4,2026-04-16 16:13:15
44143,23061494,Ritika Sharma,23061494@college.edu,ECE,1,2026-04-16 16:13:15
44149,23074191,Deepak Ghosh,23074191@college.edu,EEE,6,2026-04-16 16:13:15
44150,23074177,Mohit Nair,23074177@college.edu,IT,5,2026-04-16 16:13:15
44151,23053410,Pooja Pandey,23053410@college.edu,EEE,5,2026-04-16 16:13:15
44152,23067265,Neha Reddy,23067265@college.edu,ECE,3,2026-04-16 16:13:15
44158,23062232,Aditi Reddy,23062232@college.edu,EEE,5,2026-04-16 16:13:15
44166,23059195,Pooja Gupta,23059195@college.edu,ME,5,2026-04-16 16:13:15
44177,23075695,Neha Patel,23075695@college.edu,ECE,7,2026-04-16 16:13:15
44180,23054684,Mohit Joshi,23054684@college.edu,IT,8,2026-04-16 16:13:15
44187,23075550,Vivaan Menon,23075550@college.edu,ECE,3,2026-04-16 16:13:15
44191,23061727,Pooja Sharma,23061727@college.edu,ME,4,2026-04-16 16:13:15
44193,23051103,Aman Patel,23051103@college.edu,EEE,1,2026-04-16 16:13:15
44199,23050836,Sai Das,23050836@college.edu,IT,2,2026-04-16 16:13:15
44201,23078062,Ritika Menon,23078062@college.edu,EEE,7,2026-04-16 16:13:15
44206,23062686,Pooja Khanna,23062686@college.edu,EEE,7,2026-04-16 16:13:15
44208,23060806,Vivaan Pandey,23060806@college.edu,CSE,6,2026-04-16 16:13:15
44210,23067100,Sai Ghosh,23067100@college.edu,EEE,6,2026-04-16 16:13:15
44216,23072346,Diya Mehta,23072346@college.edu,ME,1,2026-04-16 16:13:15
44217,23074730,Kavya Rao,23074730@college.edu,EEE,1,2026-04-16 16:13:15
44219,23055310,Sneha Sinha,23055310@college.edu,ME,5,2026-04-16 16:13:15
44222,23076216,Harsh Bansal,23076216@college.edu,ECE,6,2026-04-16 16:13:15
44235,23073369,Aditya Dubey,23073369@college.edu,CSE,4,2026-04-16 16:13:15
44239,23076823,Ishaan Choudhary,23076823@college.edu,ECE,2,2026-04-16 16:13:15
44241,23050869,Pooja Pandey,23050869@college.edu,IT,2,2026-04-16 16:13:15
44243,23063287,Kunal Menon,23063287@college.edu,EEE,4,2026-04-16 16:13:15
44245,23073885,Neha Khanna,23073885@college.edu,ECE,7,2026-04-16 16:13:15
44249,23076380,Krishna Thakur,23076380@college.edu,ECE,3,2026-04-16 16:13:15
44251,23058307,Om Ghosh,23058307@college.edu,IT,6,2026-04-16 16:13:15
44252,23070083,Sai Nair,23070083@college.edu,IT,5,2026-04-16 16:13:15
44264,23069487,Diya Choudhary,23069487@college.edu,IT,3,2026-04-16 16:13:15
44265,23054316,Dev Sharma,23054316@college.edu,ECE,1,2026-04-16 16:13:15
44273,23079269,Aditi Agarwal,23079269@college.edu,ECE,8,2026-04-16 16:13:15
44276,23052232,Deepak Sinha,23052232@college.edu,IT,7,2026-04-16 16:13:15
44281,23052323,Ritesh Menon,23052323@college.edu,CSE,8,2026-04-16 16:13:15
44283,23068104,Rahul Sharma,23068104@college.edu,CSE,5,2026-04-16 16:13:15
44284,23069439,Siddharth Sharma,23069439@college.edu,CSE,1,2026-04-16 16:13:15
44285,23058628,Dev Rao,23058628@college.edu,EEE,3,2026-04-16 16:13:15
44287,23077096,Meera Thakur,23077096@college.edu,ECE,3,2026-04-16 16:13:15
44291,23057429,Aarav Gupta,23057429@college.edu,ECE,4,2026-04-16 16:13:15
44294,23050040,Tanmay Rao,23050040@college.edu,EEE,5,2026-04-16 16:13:15
44296,23050591,Diya Mehta,23050591@college.edu,ME,8,2026-04-16 16:13:15
44298,23071482,Rohan Dubey,23071482@college.edu,ECE,7,2026-04-16 16:13:15
44300,23057921,Pooja Pandey,23057921@college.edu,ECE,4,2026-04-16 16:13:15
44304,23069145,Vivaan Iyer,23069145@college.edu,EEE,5,2026-04-16 16:13:15
44307,23078870,Aditya Verma,23078870@college.edu,ME,7,2026-04-16 16:13:15
44310,23071634,Om Bansal,23071634@college.edu,EEE,2,2026-04-16 16:13:15
44315,23053220,Krishna Sharma,23053220@college.edu,ME,4,2026-04-16 16:13:15
44323,23068869,Aditi Verma,23068869@college.edu,CSE,2,2026-04-16 16:13:15
44326,23071695,Dev Iyer,23071695@college.edu,ECE,4,2026-04-16 16:13:15
44327,23064041,Tanmay Thakur,23064041@college.edu,IT,7,2026-04-16 16:13:15
44328,23065018,Ritika Sharma,23065018@college.edu,ME,4,2026-04-16 16:13:15
44334,23050330,Priya Iyer,23050330@college.edu,EEE,8,2026-04-16 16:13:15
44342,23053769,Aditya Reddy,23053769@college.edu,IT,5,2026-04-16 16:13:15
44344,23053380,Ananya Sharma,23053380@college.edu,ME,2,2026-04-16 16:13:15
44346,23075701,Aarav Mehta,23075701@college.edu,IT,1,2026-04-16 16:13:15
44347,23067248,Rohan Bansal,23067248@college.edu,ECE,8,2026-04-16 16:13:15
44349,23053436,Priya Choudhary,23053436@college.edu,ME,8,2026-04-16 16:13:15
44353,23050299,Manav Rao,23050299@college.edu,IT,1,2026-04-16 16:13:15
44357,23071499,Rahul Das,23071499@college.edu,ME,5,2026-04-16 16:13:15
44359,23075381,Krishna Gupta,23075381@college.edu,IT,5,2026-04-16 16:13:15
44362,23065783,Vivaan Menon,23065783@college.edu,ME,7,2026-04-16 16:13:15
44364,23050192,Sneha Das,23050192@college.edu,ME,7,2026-04-16 16:13:15
44367,23055232,Aarav Pandey,23055232@college.edu,ECE,5,2026-04-16 16:13:15
44378,23054766,Ishaan Mehta,23054766@college.edu,IT,1,2026-04-16 16:13:15
44385,23057701,Kavya Menon,23057701@college.edu,ME,6,2026-04-16 16:13:15
44387,23054165,Ishaan Patel,23054165@college.edu,EEE,2,2026-04-16 16:13:15
44394,23076664,Tanmay Pandey,23076664@college.edu,CSE,1,2026-04-16 16:13:15
44397,23056601,Aditi Das,23056601@college.edu,CSE,8,2026-04-16 16:13:15
44401,23065341,Manav Mehta,23065341@college.edu,CSE,4,2026-04-16 16:13:15
44403,23059634,Varun Jain,23059634@college.edu,EEE,6,2026-04-16 16:13:15
44406,23059690,Meera Dubey,23059690@college.edu,ECE,1,2026-04-16 16:13:15
44409,23065661,Tanmay Thakur,23065661@college.edu,EEE,3,2026-04-16 16:13:15
44414,23055801,Ritesh Khanna,23055801@college.edu,CSE,6,2026-04-16 16:13:15
44420,23059842,Rahul Patel,23059842@college.edu,IT,8,2026-04-16 16:13:15
44422,23057633,Vivaan Joshi,23057633@college.edu,CSE,5,2026-04-16 16:13:15
44424,23060683,Priya Kapoor,23060683@college.edu,ME,1,2026-04-16 16:13:15
44435,23076530,Kavya Sharma,23076530@college.edu,CSE,7,2026-04-16 16:13:15
44440,23066526,Tanmay Joshi,23066526@college.edu,EEE,7,2026-04-16 16:13:15
44449,23078025,Diya Agarwal,23078025@college.edu,CSE,3,2026-04-16 16:13:15
44458,23069246,Neha Gupta,23069246@college.edu,ME,5,2026-04-16 16:13:15
44461,23060523,Aman Nair,23060523@college.edu,ECE,3,2026-04-16 16:13:15
44468,23050754,Aditi Patel,23050754@college.edu,IT,3,2026-04-16 16:13:15
44473,23061800,Rahul Das,23061800@college.edu,IT,4,2026-04-16 16:13:15
44475,23079423,Ananya Pandey,23079423@college.edu,IT,8,2026-04-16 16:13:15
44480,23060438,Rohan Verma,23060438@college.edu,IT,8,2026-04-16 16:13:15
44484,23071858,Ritika Mehta,23071858@college.edu,EEE,2,2026-04-16 16:13:15
44491,23065964,Ishaan Choudhary,23065964@college.edu,ME,7,2026-04-16 16:13:15
44496,23050495,Pooja Das,23050495@college.edu,CSE,5,2026-04-16 16:13:15
44505,23059379,Meera Menon,23059379@college.edu,CSE,7,2026-04-16 16:13:15
44511,23058960,Ishaan Rao,23058960@college.edu,CSE,3,2026-04-16 16:13:15
44518,23062819,Yash Joshi,23062819@college.edu,EEE,5,2026-04-16 16:13:15
44519,23072010,Aditya Das,23072010@college.edu,EEE,3,2026-04-16 16:13:15
44525,23069527,Nikhil Sharma,23069527@college.edu,ECE,1,2026-04-16 16:13:15
44530,23067072,Manav Menon,23067072@college.edu,ECE,8,2026-04-16 16:13:15
44533,23057132,Neha Nair,23057132@college.edu,ECE,2,2026-04-16 16:13:15
44549,23059701,Ritika Pandey,23059701@college.edu,EEE,7,2026-04-16 16:13:15
44550,23053123,Rahul Ghosh,23053123@college.edu,IT,7,2026-04-16 16:13:15
44556,23069686,Sneha Kapoor,23069686@college.edu,EEE,6,2026-04-16 16:13:15
44563,23072208,Arjun Ghosh,23072208@college.edu,ECE,2,2026-04-16 16:13:15
44567,23062171,Tanmay Thakur,23062171@college.edu,CSE,6,2026-04-16 16:13:15
44570,23066696,Arjun Ghosh,23066696@college.edu,ECE,7,2026-04-16 16:13:15
44571,23051514,Vivaan Jain,23051514@college.edu,CSE,6,2026-04-16 16:13:15
44572,23073268,Aman Joshi,23073268@college.edu,ME,7,2026-04-16 16:13:15
44576,23066353,Aarav Verma,23066353@college.edu,ECE,6,2026-04-16 16:13:15
44577,23073981,Sneha Dubey,23073981@college.edu,EEE,4,2026-04-16 16:13:15
44578,23060323,Ananya Reddy,23060323@college.edu,ME,3,2026-04-16 16:13:15
44579,23068699,Mohit Dubey,23068699@college.edu,ECE,3,2026-04-16 16:13:15
44580,23075822,Om Bansal,23075822@college.edu,IT,3,2026-04-16 16:13:15
44584,23079073,Arjun Jain,23079073@college.edu,CSE,7,2026-04-16 16:13:15
44585,23066415,Harsh Sharma,23066415@college.edu,ECE,6,2026-04-16 16:13:15
44588,23059311,Om Choudhary,23059311@college.edu,ECE,3,2026-04-16 16:13:15
44590,23068985,Om Joshi,23068985@college.edu,ECE,3,2026-04-16 16:13:15
44595,23067797,Ishaan Kapoor,23067797@college.edu,CSE,4,2026-04-16 16:13:15
44596,23076084,Priya Thakur,23076084@college.edu,IT,5,2026-04-16 16:13:15
44597,23064356,Neha Khanna,23064356@college.edu,IT,8,2026-04-16 16:13:15
44600,23055911,Varun Dubey,23055911@college.edu,ME,4,2026-04-16 16:13:15
44604,23063691,Priya Agarwal,23063691@college.edu,ME,3,2026-04-16 16:13:15
44605,23078077,Tanmay Bansal,23078077@college.edu,ME,3,2026-04-16 16:13:15
44606,23065231,Aditya Mehta,23065231@college.edu,CSE,4,2026-04-16 16:13:15
44607,23060405,Diya Verma,23060405@college.edu,CSE,5,2026-04-16 16:13:15
44614,23053819,Sai Pandey,23053819@college.edu,CSE,2,2026-04-16 16:13:15
44621,23066239,Vivaan Reddy,23066239@college.edu,CSE,8,2026-04-16 16:13:15
44625,23059327,Krishna Kapoor,23059327@college.edu,ME,7,2026-04-16 16:13:15
44627,23075309,Harsh Thakur,23075309@college.edu,ME,1,2026-04-16 16:13:15
44629,23073865,Aditya Sinha,23073865@college.edu,IT,8,2026-04-16 16:13:15
44635,23074507,Yash Iyer,23074507@college.edu,ECE,3,2026-04-16 16:13:15
44637,23058680,Ananya Dubey,23058680@college.edu,IT,1,2026-04-16 16:13:15
44638,23057387,Aman Mehta,23057387@college.edu,EEE,2,2026-04-16 16:13:15
44642,23059647,Neha Verma,23059647@college.edu,ME,2,2026-04-16 16:13:15
44644,23075358,Kavya Mehta,23075358@college.edu,ECE,5,2026-04-16 16:13:15
44647,23059891,Ishaan Joshi,23059891@college.edu,EEE,6,2026-04-16 16:13:15
44659,23058686,Deepak Sinha,23058686@college.edu,IT,8,2026-04-16 16:13:15
44660,23055606,Harsh Dubey,23055606@college.edu,IT,2,2026-04-16 16:13:15
44670,23069249,Pooja Pandey,23069249@college.edu,CSE,1,2026-04-16 16:13:15
44671,23075943,Diya Jain,23075943@college.edu,ECE,5,2026-04-16 16:13:15
44674,23059949,Ananya Kapoor,23059949@college.edu,CSE,1,2026-04-16 16:13:15
44681,23059394,Neha Joshi,23059394@college.edu,ME,1,2026-04-16 16:13:15
44682,23060426,Siddharth Reddy,23060426@college.edu,CSE,7,2026-04-16 16:13:15
44683,23065429,Mohit Pandey,23065429@college.edu,EEE,4,2026-04-16 16:13:15
44686,23052448,Sai Reddy,23052448@college.edu,EEE,5,2026-04-16 16:13:15
44688,23071573,Ritika Reddy,23071573@college.edu,CSE,2,2026-04-16 16:13:15
44691,23063349,Kunal Dubey,23063349@college.edu,CSE,5,2026-04-16 16:13:15
44693,23070395,Kunal Menon,23070395@college.edu,IT,2,2026-04-16 16:13:15
44705,23076379,Ananya Bansal,23076379@college.edu,EEE,5,2026-04-16 16:13:15
44707,23069456,Ishaan Thakur,23069456@college.edu,IT,3,2026-04-16 16:13:15
44718,23066658,Aditi Nair,23066658@college.edu,CSE,5,2026-04-16 16:13:15
44724,23067090,Sai Kapoor,23067090@college.edu,CSE,8,2026-04-16 16:13:15
44725,23067048,Ishaan Verma,23067048@college.edu,EEE,7,2026-04-16 16:13:15
44738,23075830,Yash Menon,23075830@college.edu,ME,6,2026-04-16 16:13:15
44739,23058282,Deepak Joshi,23058282@college.edu,ME,8,2026-04-16 16:13:15
44743,23074950,Nikhil Sinha,23074950@college.edu,CSE,6,2026-04-16 16:13:15
44744,23069302,Nikhil Iyer,23069302@college.edu,IT,7,2026-04-16 16:13:15
44750,23076601,Diya Kapoor,23076601@college.edu,IT,2,2026-04-16 16:13:15
44751,23070199,Aditi Gupta,23070199@college.edu,CSE,1,2026-04-16 16:13:15
44755,23074162,Deepak Mehta,23074162@college.edu,ECE,5,2026-04-16 16:13:15
44757,23064818,Kavya Nair,23064818@college.edu,CSE,6,2026-04-16 16:13:15
44759,23054261,Aman Agarwal,23054261@college.edu,ECE,7,2026-04-16 16:13:15
44760,23058768,Vivaan Agarwal,23058768@college.edu,CSE,1,2026-04-16 16:13:15
44769,23068178,Deepak Gupta,23068178@college.edu,ECE,1,2026-04-16 16:13:15
44788,23076197,Vivaan Rao,23076197@college.edu,CSE,7,2026-04-16 16:13:15
44790,23053672,Siddharth Rao,23053672@college.edu,ME,8,2026-04-16 16:13:15
44803,23072200,Pooja Nair,23072200@college.edu,ECE,8,2026-04-16 16:13:15
44804,23071047,Nikhil Gupta,23071047@college.edu,CSE,2,2026-04-16 16:13:15
44806,23069804,Deepak Reddy,23069804@college.edu,EEE,1,2026-04-16 16:13:15
44807,23079697,Siddharth Reddy,23079697@college.edu,ECE,1,2026-04-16 16:13:15
44809,23051726,Rohan Agarwal,23051726@college.edu,CSE,6,2026-04-16 16:13:15
44817,23057763,Sneha Nair,23057763@college.edu,ECE,7,2026-04-16 16:13:15
44820,23061394,Priya Ghosh,23061394@college.edu,EEE,3,2026-04-16 16:13:15
44821,23052743,Aarav Thakur,23052743@college.edu,ME,3,2026-04-16 16:13:15
44823,23063115,Varun Ghosh,23063115@college.edu,CSE,1,2026-04-16 16:13:15
44831,23067987,Diya Rao,23067987@college.edu,IT,1,2026-04-16 16:13:15
44837,23079330,Aman Khanna,23079330@college.edu,EEE,7,2026-04-16 16:13:15
44841,23054209,Ritesh Bansal,23054209@college.edu,ECE,8,2026-04-16 16:13:15
44842,23065584,Tanmay Das,23065584@college.edu,ECE,7,2026-04-16 16:13:15
44843,23053878,Pooja Khanna,23053878@college.edu,EEE,3,2026-04-16 16:13:15
44849,23074858,Ritika Patel,23074858@college.edu,ECE,6,2026-04-16 16:13:15
44853,23067057,Kunal Sharma,23067057@college.edu,ECE,7,2026-04-16 16:13:15
44863,23064784,Ishaan Kapoor,23064784@college.edu,EEE,8,2026-04-16 16:13:15
44865,23075926,Om Pandey,23075926@college.edu,ME,8,2026-04-16 16:13:15
44868,23069727,Meera Das,23069727@college.edu,ME,7,2026-04-16 16:13:15
44877,23077359,Arjun Joshi,23077359@college.edu,ME,1,2026-04-16 16:13:15
44885,23072274,Ritesh Menon,23072274@college.edu,EEE,3,2026-04-16 16:13:15
44886,23056868,Ishaan Bansal,23056868@college.edu,IT,8,2026-04-16 16:13:15
44887,23079364,Dev Ghosh,23079364@college.edu,IT,7,2026-04-16 16:13:15
44904,23074809,Kavya Menon,23074809@college.edu,ECE,7,2026-04-16 16:13:15
44905,23065421,Meera Agarwal,23065421@college.edu,ME,6,2026-04-16 16:13:15
44911,23055732,Siddharth Jain,23055732@college.edu,IT,5,2026-04-16 16:13:15
44914,23056248,Sneha Gupta,23056248@college.edu,ECE,3,2026-04-16 16:13:15
44922,23051161,Rohan Verma,23051161@college.edu,IT,2,2026-04-16 16:13:15
44926,23050761,Aditya Thakur,23050761@college.edu,IT,6,2026-04-16 16:13:15
44927,23073004,Ishaan Bansal,23073004@college.edu,CSE,2,2026-04-16 16:13:15
44931,23071826,Arjun Das,23071826@college.edu,IT,4,2026-04-16 16:13:15
44932,23056060,Mohit Sharma,23056060@college.edu,CSE,5,2026-04-16 16:13:15
44938,23063401,Deepak Agarwal,23063401@college.edu,EEE,2,2026-04-16 16:13:15
44940,23073998,Aditya Jain,23073998@college.edu,EEE,7,2026-04-16 16:13:15
44944,23071009,Pooja Ghosh,23071009@college.edu,ECE,7,2026-04-16 16:13:15
44946,23051079,Nikhil Iyer,23051079@college.edu,ECE,8,2026-04-16 16:13:15
44948,23055682,Aarav Reddy,23055682@college.edu,ECE,1,2026-04-16 16:13:15
44957,23076126,Tanmay Pandey,23076126@college.edu,ME,6,2026-04-16 16:13:15
44958,23063489,Ritesh Mehta,23063489@college.edu,ECE,3,2026-04-16 16:13:15
44959,23072182,Meera Kapoor,23072182@college.edu,EEE,3,2026-04-16 16:13:15
44961,23053136,Kunal Reddy,23053136@college.edu,ECE,3,2026-04-16 16:13:15
44963,23073448,Nikhil Das,23073448@college.edu,IT,8,2026-04-16 16:13:15
44976,23063458,Nikhil Joshi,23063458@college.edu,ECE,6,2026-04-16 16:13:15
44977,23076855,Deepak Iyer,23076855@college.edu,ECE,2,2026-04-16 16:13:15
44978,23066902,Ananya Menon,23066902@college.edu,ME,4,2026-04-16 16:13:15
44992,23066679,Ananya Nair,23066679@college.edu,ECE,7,2026-04-16 16:13:15
44996,23066409,Deepak Ghosh,23066409@college.edu,ECE,1,2026-04-16 16:13:15
45000,23073176,Aarav Rao,23073176@college.edu,IT,8,2026-04-16 16:13:15
45001,23052335,Aditya Sinha,23052335@college.edu,ME,2,2026-04-16 16:13:15
45003,23050824,Aarav Bansal,23050824@college.edu,CSE,7,2026-04-16 16:13:15
45005,23054717,Kunal Mehta,23054717@college.edu,CSE,1,2026-04-16 16:13:15
45012,23052543,Kunal Reddy,23052543@college.edu,EEE,8,2026-04-16 16:13:15
45014,23061953,Ananya Menon,23061953@college.edu,IT,7,2026-04-16 16:13:15
45018,23059765,Sneha Nair,23059765@college.edu,ECE,3,2026-04-16 16:13:15
45020,23053873,Rohan Nair,23053873@college.edu,EEE,7,2026-04-16 16:13:15
45027,23070409,Ishaan Agarwal,23070409@college.edu,EEE,3,2026-04-16 16:13:15
45035,23072619,Kavya Rao,23072619@college.edu,ECE,5,2026-04-16 16:13:15
45039,23053275,Aarav Pandey,23053275@college.edu,EEE,1,2026-04-16 16:13:15
45044,23074461,Priya Iyer,23074461@college.edu,IT,8,2026-04-16 16:13:15
45051,23055326,Tanmay Iyer,23055326@college.edu,IT,6,2026-04-16 16:13:15
45061,23068148,Rohan Bansal,23068148@college.edu,ECE,7,2026-04-16 16:13:15
45067,23078882,Dev Menon,23078882@college.edu,ECE,2,2026-04-16 16:13:15
45068,23071636,Arjun Agarwal,23071636@college.edu,EEE,4,2026-04-16 16:13:15
45075,23073602,Siddharth Nair,23073602@college.edu,ECE,1,2026-04-16 16:13:15
45076,23055621,Varun Pandey,23055621@college.edu,EEE,2,2026-04-16 16:13:15
45086,23057290,Mohit Agarwal,23057290@college.edu,IT,8,2026-04-16 16:13:15
45091,23062304,Kunal Iyer,23062304@college.edu,ME,5,2026-04-16 16:13:15
45097,23050320,Tanmay Dubey,23050320@college.edu,CSE,1,2026-04-16 16:13:15
45099,23072147,Aman Khanna,23072147@college.edu,IT,5,2026-04-16 16:13:15
45107,23064837,Arjun Agarwal,23064837@college.edu,CSE,5,2026-04-16 16:13:15
45109,23064866,Kunal Bansal,23064866@college.edu,IT,7,2026-04-16 16:13:15
45115,23051264,Mohit Nair,23051264@college.edu,EEE,7,2026-04-16 16:13:15
45118,23078587,Tanmay Joshi,23078587@college.edu,ME,1,2026-04-16 16:13:15
45119,23078740,Harsh Sinha,23078740@college.edu,IT,1,2026-04-16 16:13:15
45126,23070126,Harsh Mehta,23070126@college.edu,CSE,2,2026-04-16 16:13:15
45131,23076994,Mohit Mehta,23076994@college.edu,CSE,1,2026-04-16 16:13:15
45132,23079306,Kunal Ghosh,23079306@college.edu,EEE,5,2026-04-16 16:13:15
45139,23062110,Manav Pandey,23062110@college.edu,IT,3,2026-04-16 16:13:15
45146,23073195,Harsh Choudhary,23073195@college.edu,CSE,4,2026-04-16 16:13:15
45155,23069118,Rohan Joshi,23069118@college.edu,ECE,3,2026-04-16 16:13:15
45160,23053521,Mohit Joshi,23053521@college.edu,IT,2,2026-04-16 16:13:15
45170,23076342,Om Agarwal,23076342@college.edu,ECE,6,2026-04-16 16:13:15
45171,23051253,Arjun Jain,23051253@college.edu,EEE,2,2026-04-16 16:13:15
45182,23051272,Ananya Bansal,23051272@college.edu,IT,2,2026-04-16 16:13:15
45183,23076252,Meera Nair,23076252@college.edu,EEE,2,2026-04-16 16:13:15
45189,23066416,Kunal Sinha,23066416@college.edu,ME,4,2026-04-16 16:13:15
45200,23078030,Varun Jain,23078030@college.edu,CSE,7,2026-04-16 16:13:15
45201,23069056,Aarav Ghosh,23069056@college.edu,ECE,4,2026-04-16 16:13:15
45203,23056156,Dev Ghosh,23056156@college.edu,EEE,7,2026-04-16 16:13:15
45204,23067349,Ananya Iyer,23067349@college.edu,EEE,7,2026-04-16 16:13:15
45209,23075239,Krishna Verma,23075239@college.edu,ME,6,2026-04-16 16:13:15
45213,23064795,Priya Iyer,23064795@college.edu,EEE,5,2026-04-16 16:13:15
45216,23055432,Tanmay Das,23055432@college.edu,CSE,1,2026-04-16 16:13:15
45218,23065171,Ishaan Dubey,23065171@college.edu,EEE,1,2026-04-16 16:13:15
45222,23070388,Diya Jain,23070388@college.edu,IT,2,2026-04-16 16:13:15
45225,23051955,Diya Jain,23051955@college.edu,CSE,7,2026-04-16 16:13:15
45227,23052347,Priya Kapoor,23052347@college.edu,IT,3,2026-04-16 16:13:15
45238,23070407,Rohan Sharma,23070407@college.edu,ECE,4,2026-04-16 16:13:15
45244,23050303,Tanmay Jain,23050303@college.edu,ME,2,2026-04-16 16:13:15
45245,23068800,Rohan Sinha,23068800@college.edu,CSE,2,2026-04-16 16:13:15
45248,23053773,Harsh Jain,23053773@college.edu,ME,1,2026-04-16 16:13:15
45255,23058484,Krishna Mehta,23058484@college.edu,CSE,6,2026-04-16 16:13:15
45259,23068806,Krishna Nair,23068806@college.edu,ECE,6,2026-04-16 16:13:15
45274,23050301,Tanmay Dubey,23050301@college.edu,ME,2,2026-04-16 16:13:15
45280,23072505,Manav Khanna,23072505@college.edu,ECE,1,2026-04-16 16:13:15
45281,23062142,Aarav Kapoor,23062142@college.edu,CSE,4,2026-04-16 16:13:15
45283,23069259,Varun Pandey,23069259@college.edu,EEE,2,2026-04-16 16:13:15
45293,23063899,Tanmay Menon,23063899@college.edu,IT,8,2026-04-16 16:13:15
45312,23070722,Kavya Thakur,23070722@college.edu,CSE,5,2026-04-16 16:13:15
45313,23066219,Rohan Choudhary,23066219@college.edu,IT,3,2026-04-16 16:13:15
45314,23053956,Varun Menon,23053956@college.edu,CSE,5,2026-04-16 16:13:15
45328,23079285,Pooja Bansal,23079285@college.edu,CSE,6,2026-04-16 16:13:15
45334,23079548,Nikhil Das,23079548@college.edu,EEE,3,2026-04-16 16:13:15
45338,23064843,Priya Pandey,23064843@college.edu,CSE,2,2026-04-16 16:13:15
45341,23055066,Rohan Ghosh,23055066@college.edu,ME,4,2026-04-16 16:13:15
45342,23065399,Aman Dubey,23065399@college.edu,CSE,8,2026-04-16 16:13:15
45351,23061628,Diya Agarwal,23061628@college.edu,ME,7,2026-04-16 16:13:15
45359,23065811,Diya Joshi,23065811@college.edu,IT,1,2026-04-16 16:13:15
45360,23060925,Nikhil Patel,23060925@college.edu,ME,8,2026-04-16 16:13:15
45361,23065724,Deepak Pandey,23065724@college.edu,EEE,7,2026-04-16 16:13:15
45362,23054794,Krishna Das,23054794@college.edu,EEE,5,2026-04-16 16:13:15
45364,23076562,Ananya Ghosh,23076562@college.edu,IT,1,2026-04-16 16:13:15
45367,23050765,Priya Sharma,23050765@college.edu,ME,5,2026-04-16 16:13:15
45368,23070194,Aarav Iyer,23070194@college.edu,EEE,8,2026-04-16 16:13:15
45381,23070374,Ritesh Kapoor,23070374@college.edu,CSE,1,2026-04-16 16:13:15
45391,23074780,Aditi Khanna,23074780@college.edu,CSE,5,2026-04-16 16:13:15
45399,23067913,Manav Rao,23067913@college.edu,EEE,6,2026-04-16 16:13:15
45400,23056677,Tanmay Agarwal,23056677@college.edu,ME,4,2026-04-16 16:13:15
45401,23073614,Meera Pandey,23073614@college.edu,IT,7,2026-04-16 16:13:15
45405,23051180,Aditi Verma,23051180@college.edu,CSE,3,2026-04-16 16:13:15
45407,23066039,Tanmay Jain,23066039@college.edu,ME,6,2026-04-16 16:13:15
45410,23054002,Sai Choudhary,23054002@college.edu,CSE,1,2026-04-16 16:13:15
45413,23068408,Rahul Sharma,23068408@college.edu,ME,1,2026-04-16 16:13:15
45416,23071999,Yash Patel,23071999@college.edu,ME,8,2026-04-16 16:13:15
45419,23078852,Deepak Iyer,23078852@college.edu,EEE,4,2026-04-16 16:13:15
45425,23054324,Aman Dubey,23054324@college.edu,IT,4,2026-04-16 16:13:15
45432,23069819,Ananya Ghosh,23069819@college.edu,EEE,4,2026-04-16 16:13:15
45433,23076326,Yash Sharma,23076326@college.edu,IT,7,2026-04-16 16:13:15
45440,23077947,Aditi Thakur,23077947@college.edu,CSE,7,2026-04-16 16:13:15
45443,23075501,Rahul Choudhary,23075501@college.edu,CSE,2,2026-04-16 16:13:15
45446,23052331,Sneha Dubey,23052331@college.edu,ME,6,2026-04-16 16:13:15
45452,23064470,Dev Mehta,23064470@college.edu,IT,4,2026-04-16 16:13:15
45456,23052173,Dev Joshi,23052173@college.edu,CSE,2,2026-04-16 16:13:15
45459,23060485,Meera Patel,23060485@college.edu,EEE,3,2026-04-16 16:13:15
45466,23059737,Aarav Iyer,23059737@college.edu,ME,3,2026-04-16 16:13:15
45471,23067784,Sneha Patel,23067784@college.edu,IT,3,2026-04-16 16:13:15
45472,23078006,Diya Reddy,23078006@college.edu,IT,7,2026-04-16 16:13:15
45483,23060978,Siddharth Das,23060978@college.edu,ECE,2,2026-04-16 16:13:15
45485,23069102,Ananya Reddy,23069102@college.edu,CSE,3,2026-04-16 16:13:15
45488,23064344,Yash Bansal,23064344@college.edu,EEE,1,2026-04-16 16:13:15
45490,23056334,Sneha Gupta,23056334@college.edu,EEE,2,2026-04-16 16:13:15
45496,23063491,Aman Patel,23063491@college.edu,IT,7,2026-04-16 16:13:15
45499,23061960,Pooja Thakur,23061960@college.edu,IT,8,2026-04-16 16:13:15
45510,23076048,Kunal Sinha,23076048@college.edu,ECE,5,2026-04-16 16:13:15
45520,23078836,Sneha Mehta,23078836@college.edu,CSE,5,2026-04-16 16:13:15
45523,23074916,Yash Choudhary,23074916@college.edu,ME,6,2026-04-16 16:13:15
45531,23058188,Pooja Thakur,23058188@college.edu,IT,7,2026-04-16 16:13:15
45532,23079161,Priya Gupta,23079161@college.edu,ECE,3,2026-04-16 16:13:15
45535,23060593,Dev Dubey,23060593@college.edu,CSE,5,2026-04-16 16:13:15
45538,23064105,Varun Choudhary,23064105@college.edu,ECE,5,2026-04-16 16:13:15
45541,23078326,Deepak Das,23078326@college.edu,ECE,5,2026-04-16 16:13:15
45550,23051282,Varun Bansal,23051282@college.edu,CSE,4,2026-04-16 16:13:15
45558,23073804,Kunal Joshi,23073804@college.edu,CSE,5,2026-04-16 16:13:15
45566,23072452,Nikhil Kapoor,23072452@college.edu,CSE,3,2026-04-16 16:13:15
45568,23079439,Kavya Verma,23079439@college.edu,ECE,7,2026-04-16 16:13:15
45571,23064748,Krishna Nair,23064748@college.edu,EEE,5,2026-04-16 16:13:15
45572,23052380,Vivaan Thakur,23052380@college.edu,ME,8,2026-04-16 16:13:15
45576,23079012,Kunal Menon,23079012@college.edu,ME,7,2026-04-16 16:13:15
45581,23056355,Siddharth Nair,23056355@college.edu,EEE,8,2026-04-16 16:13:15
45597,23061583,Kavya Ghosh,23061583@college.edu,IT,3,2026-04-16 16:13:15
45602,23073930,Om Dubey,23073930@college.edu,CSE,6,2026-04-16 16:13:15
45619,23063520,Om Verma,23063520@college.edu,IT,1,2026-04-16 16:13:15
45620,23061429,Aarav Menon,23061429@college.edu,EEE,7,2026-04-16 16:13:15
45624,23074023,Kunal Nair,23074023@college.edu,IT,6,2026-04-16 16:13:15
45627,23056821,Ritesh Nair,23056821@college.edu,EEE,4,2026-04-16 16:13:15
45633,23066272,Meera Gupta,23066272@college.edu,ME,6,2026-04-16 16:13:15
45638,23075862,Rohan Mehta,23075862@college.edu,IT,7,2026-04-16 16:13:15
45640,23063337,Varun Reddy,23063337@college.edu,EEE,5,2026-04-16 16:13:15
45644,23066910,Om Choudhary,23066910@college.edu,ECE,4,2026-04-16 16:13:15
45647,23054969,Nikhil Verma,23054969@college.edu,IT,6,2026-04-16 16:13:15
45662,23063686,Aditi Pandey,23063686@college.edu,ME,1,2026-04-16 16:13:15
45669,23055925,Kavya Nair,23055925@college.edu,CSE,7,2026-04-16 16:13:15
45677,23075112,Vivaan Choudhary,23075112@college.edu,CSE,5,2026-04-16 16:13:15
45681,23079275,Yash Thakur,23079275@college.edu,CSE,6,2026-04-16 16:13:15
45691,23069097,Vivaan Khanna,23069097@college.edu,CSE,2,2026-04-16 16:13:15
45692,23071114,Kavya Kapoor,23071114@college.edu,ME,3,2026-04-16 16:13:15
45697,23053957,Varun Pandey,23053957@college.edu,ME,3,2026-04-16 16:13:15
45698,23061229,Mohit Dubey,23061229@college.edu,CSE,8,2026-04-16 16:13:15
45701,23051252,Varun Jain,23051252@college.edu,CSE,5,2026-04-16 16:13:15
45702,23077830,Varun Jain,23077830@college.edu,EEE,2,2026-04-16 16:13:15
45708,23062557,Aditya Gupta,23062557@college.edu,IT,5,2026-04-16 16:13:15
45723,23066767,Ritika Sinha,23066767@college.edu,IT,3,2026-04-16 16:13:15
45724,23068339,Aman Nair,23068339@college.edu,ECE,1,2026-04-16 16:13:15
45729,23075969,Meera Rao,23075969@college.edu,IT,5,2026-04-16 16:13:15
45730,23063706,Ritesh Choudhary,23063706@college.edu,ME,5,2026-04-16 16:13:15
45733,23073029,Deepak Thakur,23073029@college.edu,ECE,4,2026-04-16 16:13:15
45735,23070496,Varun Mehta,23070496@college.edu,ME,7,2026-04-16 16:13:15
45737,23079372,Diya Choudhary,23079372@college.edu,ECE,2,2026-04-16 16:13:15
45740,23058204,Tanmay Khanna,23058204@college.edu,ECE,8,2026-04-16 16:13:15
45745,23073363,Yash Patel,23073363@college.edu,EEE,5,2026-04-16 16:13:15
45750,23071635,Meera Mehta,23071635@college.edu,IT,6,2026-04-16 16:13:15
45757,23066716,Rahul Sharma,23066716@college.edu,ME,5,2026-04-16 16:13:15
45762,23077072,Siddharth Verma,23077072@college.edu,ECE,4,2026-04-16 16:13:15
45770,23073897,Ritesh Menon,23073897@college.edu,ME,8,2026-04-16 16:13:15
45771,23068867,Tanmay Mehta,23068867@college.edu,CSE,1,2026-04-16 16:13:15
45773,23057145,Aditya Agarwal,23057145@college.edu,ME,2,2026-04-16 16:13:15
45781,23072963,Ritika Das,23072963@college.edu,EEE,7,2026-04-16 16:13:15
45788,23066277,Sai Reddy,23066277@college.edu,ECE,7,2026-04-16 16:13:15
45791,23068627,Harsh Iyer,23068627@college.edu,ECE,6,2026-04-16 16:13:15
45795,23067588,Manav Gupta,23067588@college.edu,ECE,6,2026-04-16 16:13:15
45812,23055601,Krishna Menon,23055601@college.edu,CSE,3,2026-04-16 16:13:15
45814,23078442,Pooja Reddy,23078442@college.edu,ME,4,2026-04-16 16:13:15
45816,23075473,Aditya Das,23075473@college.edu,IT,6,2026-04-16 16:13:15
45821,23051498,Arjun Agarwal,23051498@college.edu,CSE,6,2026-04-16 16:13:15
45824,23066870,Aman Joshi,23066870@college.edu,ME,1,2026-04-16 16:13:15
45825,23052591,Meera Choudhary,23052591@college.edu,EEE,6,2026-04-16 16:13:15
45826,23079737,Varun Sharma,23079737@college.edu,ECE,2,2026-04-16 16:13:15
45827,23059397,Ritika Jain,23059397@college.edu,ME,4,2026-04-16 16:13:15
45838,23063792,Ishaan Reddy,23063792@college.edu,ME,7,2026-04-16 16:13:15
45845,23077056,Kavya Choudhary,23077056@college.edu,IT,4,2026-04-16 16:13:15
45846,23072567,Aditi Thakur,23072567@college.edu,EEE,1,2026-04-16 16:13:15
45847,23077790,Ananya Pandey,23077790@college.edu,CSE,3,2026-04-16 16:13:15
45851,23076689,Manav Dubey,23076689@college.edu,CSE,3,2026-04-16 16:13:15
45857,23060607,Meera Gupta,23060607@college.edu,ECE,8,2026-04-16 16:13:15
45860,23053719,Neha Iyer,23053719@college.edu,ME,3,2026-04-16 16:13:15
45862,23070254,Aarav Verma,23070254@college.edu,ECE,7,2026-04-16 16:13:15
45863,23058504,Rahul Verma,23058504@college.edu,ME,5,2026-04-16 16:13:15
45868,23066895,Arjun Sinha,23066895@college.edu,IT,3,2026-04-16 16:13:15
45870,23066345,Siddharth Dubey,23066345@college.edu,IT,8,2026-04-16 16:13:15
45871,23053688,Meera Pandey,23053688@college.edu,EEE,5,2026-04-16 16:13:15
45872,23075259,Sai Gupta,23075259@college.edu,IT,6,2026-04-16 16:13:15
45877,23051321,Harsh Iyer,23051321@college.edu,IT,1,2026-04-16 16:13:15
45882,23052158,Dev Patel,23052158@college.edu,ECE,4,2026-04-16 16:13:15
45884,23067777,Nikhil Khanna,23067777@college.edu,IT,4,2026-04-16 16:13:15
45909,23051472,Kavya Iyer,23051472@college.edu,ECE,6,2026-04-16 16:13:15
45921,23078925,Rahul Mehta,23078925@college.edu,CSE,7,2026-04-16 16:13:15
45927,23073609,Sai Iyer,23073609@college.edu,IT,6,2026-04-16 16:13:15
45928,23052124,Ritesh Mehta,23052124@college.edu,EEE,2,2026-04-16 16:13:15
45930,23070649,Krishna Iyer,23070649@college.edu,EEE,8,2026-04-16 16:13:15
45936,23076435,Kavya Rao,23076435@college.edu,EEE,2,2026-04-16 16:13:15
45948,23067998,Kunal Iyer,23067998@college.edu,EEE,4,2026-04-16 16:13:15
45955,23053626,Sai Ghosh,23053626@college.edu,IT,3,2026-04-16 16:13:15
45964,23058326,Meera Gupta,23058326@college.edu,ECE,5,2026-04-16 16:13:15
45967,23058309,Neha Dubey,23058309@college.edu,IT,4,2026-04-16 16:13:15
45973,23069228,Sai Gupta,23069228@college.edu,ECE,8,2026-04-16 16:13:15
45979,23065914,Rohan Patel,23065914@college.edu,ECE,3,2026-04-16 16:13:15
45980,23061366,Kavya Dubey,23061366@college.edu,IT,8,2026-04-16 16:13:15
45982,23066780,Krishna Choudhary,23066780@college.edu,ME,1,2026-04-16 16:13:15
45983,23067422,Deepak Kapoor,23067422@college.edu,EEE,2,2026-04-16 16:13:15
45991,23077470,Harsh Iyer,23077470@college.edu,IT,2,2026-04-16 16:13:15
45999,23075197,Kunal Das,23075197@college.edu,ME,2,2026-04-16 16:13:15
46000,23077981,Yash Jain,23077981@college.edu,CSE,2,2026-04-16 16:13:15
46001,23063029,Ritesh Ghosh,23063029@college.edu,ME,4,2026-04-16 16:13:15
46003,23064570,Arjun Bansal,23064570@college.edu,CSE,1,2026-04-16 16:13:15
46008,23070666,Dev Bansal,23070666@college.edu,EEE,6,2026-04-16 16:13:15
46012,23057975,Aman Das,23057975@college.edu,IT,3,2026-04-16 16:13:15
46015,23060053,Rohan Khanna,23060053@college.edu,ME,3,2026-04-16 16:13:15
46023,23063125,Rahul Sharma,23063125@college.edu,IT,7,2026-04-16 16:13:15
46028,23068163,Sai Nair,23068163@college.edu,ME,4,2026-04-16 16:13:15
46032,23075907,Priya Reddy,23075907@college.edu,IT,7,2026-04-16 16:13:15
46035,23066810,Yash Rao,23066810@college.edu,CSE,4,2026-04-16 16:13:15
46038,23064317,Deepak Iyer,23064317@college.edu,ME,5,2026-04-16 16:13:15
46044,23066357,Pooja Agarwal,23066357@college.edu,ECE,5,2026-04-16 16:13:15
46046,23060258,Tanmay Joshi,23060258@college.edu,ME,3,2026-04-16 16:13:15
46048,23054786,Ritika Rao,23054786@college.edu,CSE,3,2026-04-16 16:13:15
46050,23066170,Manav Gupta,23066170@college.edu,ECE,2,2026-04-16 16:13:15
46053,23052602,Varun Bansal,23052602@college.edu,ECE,1,2026-04-16 16:13:15
46062,23062787,Tanmay Verma,23062787@college.edu,ME,3,2026-04-16 16:13:15
46065,23064017,Meera Reddy,23064017@college.edu,EEE,2,2026-04-16 16:13:15
46067,23078273,Sai Das,23078273@college.edu,ME,4,2026-04-16 16:13:15
46069,23074886,Ishaan Jain,23074886@college.edu,ME,2,2026-04-16 16:13:15
46074,23054308,Manav Das,23054308@college.edu,CSE,6,2026-04-16 16:13:15
46077,23060799,Rahul Nair,23060799@college.edu,ECE,7,2026-04-16 16:13:15
46080,23051899,Ritika Khanna,23051899@college.edu,EEE,6,2026-04-16 16:13:15
46081,23067440,Ritesh Verma,23067440@college.edu,EEE,7,2026-04-16 16:13:15
46084,23067870,Yash Dubey,23067870@college.edu,IT,7,2026-04-16 16:13:15
46088,23061624,Harsh Iyer,23061624@college.edu,CSE,5,2026-04-16 16:13:15
46089,23072910,Aman Joshi,23072910@college.edu,IT,8,2026-04-16 16:13:15
46093,23075955,Ritika Das,23075955@college.edu,ME,8,2026-04-16 16:13:15
46098,23072742,Varun Gupta,23072742@college.edu,CSE,5,2026-04-16 16:13:15
46100,23057978,Om Menon,23057978@college.edu,EEE,5,2026-04-16 16:13:15
46116,23059050,Manav Patel,23059050@college.edu,EEE,1,2026-04-16 16:13:15
46124,23058723,Mohit Choudhary,23058723@college.edu,ECE,3,2026-04-16 16:13:15
46126,23056560,Om Mehta,23056560@college.edu,CSE,5,2026-04-16 16:13:15
46127,23056075,Mohit Das,23056075@college.edu,CSE,2,2026-04-16 16:13:15
46135,23075772,Manav Thakur,23075772@college.edu,EEE,5,2026-04-16 16:13:15
46143,23074038,Varun Rao,23074038@college.edu,ME,4,2026-04-16 16:13:15
46150,23055671,Aarav Nair,23055671@college.edu,IT,3,2026-04-16 16:13:15
46151,23072233,Ishaan Joshi,23072233@college.edu,IT,2,2026-04-16 16:13:15
46154,23057780,Rahul Joshi,23057780@college.edu,ECE,5,2026-04-16 16:13:15
46162,23055286,Siddharth Mehta,23055286@college.edu,ECE,6,2026-04-16 16:13:15
46176,23058223,Meera Kapoor,23058223@college.edu,CSE,4,2026-04-16 16:13:15
46181,23059990,Rahul Jain,23059990@college.edu,EEE,2,2026-04-16 16:13:15
46182,23070994,Kunal Mehta,23070994@college.edu,ME,5,2026-04-16 16:13:15
46190,23060535,Krishna Bansal,23060535@college.edu,IT,3,2026-04-16 16:13:15
46192,23052859,Arjun Rao,23052859@college.edu,EEE,7,2026-04-16 16:13:15
46198,23072618,Ritesh Sharma,23072618@college.edu,ECE,6,2026-04-16 16:13:15
46206,23059445,Aditya Kapoor,23059445@college.edu,IT,5,2026-04-16 16:13:15
46212,23052807,Sai Sharma,23052807@college.edu,ME,5,2026-04-16 16:13:15
46214,23053264,Priya Patel,23053264@college.edu,IT,6,2026-04-16 16:13:15
46219,23061017,Ritesh Patel,23061017@college.edu,EEE,2,2026-04-16 16:13:15
46224,23078451,Aditi Dubey,23078451@college.edu,ME,3,2026-04-16 16:13:15
46226,23056511,Nikhil Sharma,23056511@college.edu,ECE,5,2026-04-16 16:13:15
46227,23076168,Tanmay Nair,23076168@college.edu,ME,4,2026-04-16 16:13:15
46229,23057829,Om Das,23057829@college.edu,EEE,6,2026-04-16 16:13:15
46233,23068595,Kunal Kapoor,23068595@college.edu,ME,1,2026-04-16 16:13:15
46236,23071909,Aditi Pandey,23071909@college.edu,ME,1,2026-04-16 16:13:15
46238,23054046,Priya Patel,23054046@college.edu,CSE,4,2026-04-16 16:13:15
46245,23065062,Diya Reddy,23065062@college.edu,ECE,5,2026-04-16 16:13:15
46250,23064912,Dev Mehta,23064912@college.edu,CSE,6,2026-04-16 16:13:15
46258,23071675,Kunal Jain,23071675@college.edu,IT,6,2026-04-16 16:13:15
46259,23059031,Ritika Choudhary,23059031@college.edu,EEE,5,2026-04-16 16:13:15
46260,23051733,Neha Jain,23051733@college.edu,EEE,4,2026-04-16 16:13:15
46264,23054963,Varun Sharma,23054963@college.edu,EEE,8,2026-04-16 16:13:15
46270,23055674,Varun Joshi,23055674@college.edu,ME,5,2026-04-16 16:13:15
46271,23058970,Meera Agarwal,23058970@college.edu,ECE,5,2026-04-16 16:13:15
46286,23066684,Nikhil Sharma,23066684@college.edu,CSE,4,2026-04-16 16:13:15
46287,23072676,Yash Sharma,23072676@college.edu,CSE,1,2026-04-16 16:13:15
46288,23062075,Deepak Das,23062075@college.edu,EEE,2,2026-04-16 16:13:15
46290,23058928,Ishaan Joshi,23058928@college.edu,IT,6,2026-04-16 16:13:15
46293,23072016,Mohit Joshi,23072016@college.edu,EEE,6,2026-04-16 16:13:15
46298,23076673,Deepak Reddy,23076673@college.edu,EEE,3,2026-04-16 16:13:15
46299,23060971,Nikhil Dubey,23060971@college.edu,CSE,5,2026-04-16 16:13:15
46300,23058479,Aarav Joshi,23058479@college.edu,CSE,1,2026-04-16 16:13:15
46311,23054830,Manav Gupta,23054830@college.edu,IT,3,2026-04-16 16:13:15
46315,23066062,Priya Khanna,23066062@college.edu,CSE,5,2026-04-16 16:13:15
46318,23077221,Siddharth Bansal,23077221@college.edu,CSE,1,2026-04-16 16:13:15
46329,23076869,Kunal Nair,23076869@college.edu,ECE,8,2026-04-16 16:13:15
46330,23057698,Sneha Agarwal,23057698@college.edu,ME,6,2026-04-16 16:13:15
46332,23055668,Neha Bansal,23055668@college.edu,EEE,4,2026-04-16 16:13:15
46335,23073177,Deepak Iyer,23073177@college.edu,ME,7,2026-04-16 16:13:15
46339,23070791,Rahul Jain,23070791@college.edu,CSE,6,2026-04-16 16:13:15
46341,23061507,Diya Rao,23061507@college.edu,EEE,5,2026-04-16 16:13:15
46345,23054841,Neha Pandey,23054841@college.edu,CSE,1,2026-04-16 16:13:15
46346,23072603,Harsh Kapoor,23072603@college.edu,IT,1,2026-04-16 16:13:15
46349,23059395,Nikhil Ghosh,23059395@college.edu,CSE,8,2026-04-16 16:13:15
46355,23078446,Ritesh Das,23078446@college.edu,ECE,1,2026-04-16 16:13:15
46363,23062823,Yash Gupta,23062823@college.edu,EEE,3,2026-04-16 16:13:15
46365,23060154,Nikhil Gupta,23060154@college.edu,ECE,4,2026-04-16 16:13:15
46366,23063857,Pooja Choudhary,23063857@college.edu,CSE,6,2026-04-16 16:13:15
46370,23062951,Kunal Gupta,23062951@college.edu,CSE,7,2026-04-16 16:13:15
46379,23052398,Vivaan Sharma,23052398@college.edu,IT,7,2026-04-16 16:13:15
46381,23061866,Dev Choudhary,23061866@college.edu,EEE,7,2026-04-16 16:13:15
46393,23053248,Kavya Bansal,23053248@college.edu,IT,8,2026-04-16 16:13:15
46403,23067759,Vivaan Khanna,23067759@college.edu,IT,4,2026-04-16 16:13:15
46404,23052784,Harsh Reddy,23052784@college.edu,ME,6,2026-04-16 16:13:15
46406,23067308,Aman Jain,23067308@college.edu,ME,8,2026-04-16 16:13:15
46411,23079824,Deepak Nair,23079824@college.edu,ECE,6,2026-04-16 16:13:15
46414,23058775,Ritesh Verma,23058775@college.edu,CSE,3,2026-04-16 16:13:15
46423,23062680,Ananya Agarwal,23062680@college.edu,ECE,4,2026-04-16 16:13:15
46424,23067391,Manav Choudhary,23067391@college.edu,EEE,5,2026-04-16 16:13:15
46427,23068116,Aman Sinha,23068116@college.edu,IT,1,2026-04-16 16:13:15
46437,23058703,Om Sinha,23058703@college.edu,CSE,4,2026-04-16 16:13:15
46438,23058102,Siddharth Choudhary,23058102@college.edu,ECE,6,2026-04-16 16:13:15
46442,23074711,Yash Dubey,23074711@college.edu,IT,7,2026-04-16 16:13:15
46446,23068560,Aarav Reddy,23068560@college.edu,ME,4,2026-04-16 16:13:15
46456,23052357,Sai Menon,23052357@college.edu,EEE,8,2026-04-16 16:13:15
46458,23061018,Mohit Choudhary,23061018@college.edu,EEE,2,2026-04-16 16:13:15
46459,23067303,Ritesh Agarwal,23067303@college.edu,EEE,6,2026-04-16 16:13:15
46463,23070252,Deepak Khanna,23070252@college.edu,EEE,3,2026-04-16 16:13:15
46467,23055850,Tanmay Nair,23055850@college.edu,ME,2,2026-04-16 16:13:15
46468,23064104,Harsh Bansal,23064104@college.edu,IT,7,2026-04-16 16:13:15
46473,23057169,Aman Patel,23057169@college.edu,CSE,8,2026-04-16 16:13:15
46483,23079844,Aman Agarwal,23079844@college.edu,EEE,8,2026-04-16 16:13:15
46486,23070658,Rahul Pandey,23070658@college.edu,ME,5,2026-04-16 16:13:15
46489,23050901,Ishaan Dubey,23050901@college.edu,IT,8,2026-04-16 16:13:15
46502,23069396,Aman Gupta,23069396@college.edu,ECE,7,2026-04-16 16:13:15
46503,23052815,Aditi Sharma,23052815@college.edu,EEE,1,2026-04-16 16:13:15
46504,23073057,Meera Nair,23073057@college.edu,EEE,5,2026-04-16 16:13:15
46516,23053268,Mohit Nair,23053268@college.edu,ME,1,2026-04-16 16:13:15
46529,23075797,Ritesh Pandey,23075797@college.edu,CSE,2,2026-04-16 16:13:15
46537,23069582,Om Choudhary,23069582@college.edu,ECE,6,2026-04-16 16:13:15
46538,23070523,Rahul Thakur,23070523@college.edu,IT,5,2026-04-16 16:13:15
46539,23060515,Meera Nair,23060515@college.edu,CSE,3,2026-04-16 16:13:15
46541,23059424,Yash Bansal,23059424@college.edu,ME,5,2026-04-16 16:13:15
46543,23078913,Varun Menon,23078913@college.edu,IT,1,2026-04-16 16:13:15
46544,23063174,Siddharth Pandey,23063174@college.edu,CSE,3,2026-04-16 16:13:15
46548,23059729,Krishna Khanna,23059729@college.edu,CSE,2,2026-04-16 16:13:15
46567,23059733,Aditya Jain,23059733@college.edu,ECE,1,2026-04-16 16:13:15
46569,23056010,Aman Thakur,23056010@college.edu,CSE,5,2026-04-16 16:13:15
46571,23079645,Aditi Pandey,23079645@college.edu,CSE,4,2026-04-16 16:13:15
46578,23064262,Deepak Choudhary,23064262@college.edu,IT,1,2026-04-16 16:13:15
46585,23057993,Harsh Ghosh,23057993@college.edu,ECE,5,2026-04-16 16:13:15
46587,23065320,Aditya Nair,23065320@college.edu,ECE,3,2026-04-16 16:13:15
46589,23065665,Arjun Bansal,23065665@college.edu,EEE,3,2026-04-16 16:13:15
46591,23064480,Vivaan Agarwal,23064480@college.edu,ECE,2,2026-04-16 16:13:15
46596,23058946,Krishna Dubey,23058946@college.edu,ME,6,2026-04-16 16:13:15
46601,23077808,Siddharth Joshi,23077808@college.edu,ME,2,2026-04-16 16:13:15
46607,23050365,Ananya Patel,23050365@college.edu,CSE,2,2026-04-16 16:13:15
46608,23051584,Arjun Sinha,23051584@college.edu,IT,3,2026-04-16 16:13:15
46616,23069013,Aditi Ghosh,23069013@college.edu,IT,6,2026-04-16 16:13:15
46617,23079515,Aman Joshi,23079515@college.edu,ECE,2,2026-04-16 16:13:15
46618,23074643,Diya Gupta,23074643@college.edu,IT,4,2026-04-16 16:13:15
46621,23064245,Ishaan Patel,23064245@college.edu,CSE,2,2026-04-16 16:13:15
46622,23055500,Krishna Thakur,23055500@college.edu,EEE,1,2026-04-16 16:13:15
46625,23069083,Mohit Bansal,23069083@college.edu,ME,5,2026-04-16 16:13:15
46629,23069149,Yash Kapoor,23069149@college.edu,CSE,1,2026-04-16 16:13:15
46632,23065995,Ritesh Iyer,23065995@college.edu,ECE,7,2026-04-16 16:13:15
46633,23071266,Aditi Rao,23071266@college.edu,ECE,8,2026-04-16 16:13:15
46634,23057614,Varun Jain,23057614@college.edu,ECE,3,2026-04-16 16:13:15
46640,23057354,Aditi Choudhary,23057354@college.edu,EEE,2,2026-04-16 16:13:15
46643,23062331,Ritika Ghosh,23062331@college.edu,IT,2,2026-04-16 16:13:15
46644,23065019,Diya Das,23065019@college.edu,ME,8,2026-04-16 16:13:15
46653,23071418,Harsh Gupta,23071418@college.edu,CSE,1,2026-04-16 16:13:15
46655,23064047,Om Gupta,23064047@college.edu,ME,4,2026-04-16 16:13:15
46663,23078578,Deepak Choudhary,23078578@college.edu,CSE,8,2026-04-16 16:13:15
46665,23053362,Sneha Jain,23053362@college.edu,ME,2,2026-04-16 16:13:15
46668,23071404,Ritika Dubey,23071404@college.edu,ME,2,2026-04-16 16:13:15
46669,23064223,Aditi Dubey,23064223@college.edu,IT,6,2026-04-16 16:13:15
46673,23051218,Aarav Verma,23051218@college.edu,IT,4,2026-04-16 16:13:15
46674,23062289,Aarav Bansal,23062289@college.edu,ECE,4,2026-04-16 16:13:15
46686,23064932,Aarav Kapoor,23064932@college.edu,IT,4,2026-04-16 16:13:15
46687,23072475,Ishaan Thakur,23072475@college.edu,IT,7,2026-04-16 16:13:15
46693,23062735,Pooja Reddy,23062735@college.edu,ME,8,2026-04-16 16:13:15
46704,23053780,Manav Agarwal,23053780@college.edu,ME,3,2026-04-16 16:13:15
46710,23064028,Krishna Verma,23064028@college.edu,ECE,2,2026-04-16 16:13:15
46717,23059871,Manav Joshi,23059871@college.edu,IT,7,2026-04-16 16:13:15
46724,23072096,Aditi Reddy,23072096@college.edu,ME,8,2026-04-16 16:13:15
46725,23059067,Diya Joshi,23059067@college.edu,ECE,6,2026-04-16 16:13:15
46731,23050686,Sneha Patel,23050686@college.edu,EEE,2,2026-04-16 16:13:15
46736,23061898,Siddharth Verma,23061898@college.edu,EEE,5,2026-04-16 16:13:15
46737,23053877,Vivaan Iyer,23053877@college.edu,IT,1,2026-04-16 16:13:15
46745,23058940,Harsh Agarwal,23058940@college.edu,CSE,3,2026-04-16 16:13:15
46750,23059477,Neha Kapoor,23059477@college.edu,EEE,5,2026-04-16 16:13:15
46756,23057951,Nikhil Thakur,23057951@college.edu,ME,1,2026-04-16 16:13:15
46758,23061902,Aarav Khanna,23061902@college.edu,CSE,5,2026-04-16 16:13:15
46760,23058143,Dev Ghosh,23058143@college.edu,IT,7,2026-04-16 16:13:15
46765,23061814,Rahul Das,23061814@college.edu,ME,2,2026-04-16 16:13:15
46770,23067677,Tanmay Rao,23067677@college.edu,EEE,8,2026-04-16 16:13:15
46773,23070153,Vivaan Sinha,23070153@college.edu,ME,7,2026-04-16 16:13:15
46780,23064873,Siddharth Sinha,23064873@college.edu,ME,3,2026-04-16 16:13:15
46783,23059112,Priya Kapoor,23059112@college.edu,ME,4,2026-04-16 16:13:15
46785,23069740,Siddharth Choudhary,23069740@college.edu,ECE,5,2026-04-16 16:13:15
46797,23074042,Sneha Mehta,23074042@college.edu,ME,7,2026-04-16 16:13:15
46798,23060433,Mohit Agarwal,23060433@college.edu,IT,2,2026-04-16 16:13:15
46803,23079450,Manav Kapoor,23079450@college.edu,EEE,5,2026-04-16 16:13:15
46805,23056250,Sneha Dubey,23056250@college.edu,ECE,4,2026-04-16 16:13:15
46816,23062084,Nikhil Nair,23062084@college.edu,EEE,1,2026-04-16 16:13:15
46820,23069900,Sneha Jain,23069900@college.edu,ECE,6,2026-04-16 16:13:15
46824,23052773,Aarav Rao,23052773@college.edu,CSE,2,2026-04-16 16:13:15
46829,23059336,Arjun Kapoor,23059336@college.edu,ME,1,2026-04-16 16:13:15
46832,23072576,Aman Reddy,23072576@college.edu,CSE,8,2026-04-16 16:13:15
46833,23076111,Sneha Reddy,23076111@college.edu,CSE,4,2026-04-16 16:13:15
46834,23050785,Krishna Sharma,23050785@college.edu,ME,7,2026-04-16 16:13:15
46837,23077515,Krishna Iyer,23077515@college.edu,EEE,7,2026-04-16 16:13:15
46838,23072077,Manav Choudhary,23072077@college.edu,CSE,1,2026-04-16 16:13:15
46839,23054658,Aarav Jain,23054658@college.edu,ME,3,2026-04-16 16:13:15
46848,23075970,Sai Menon,23075970@college.edu,ECE,4,2026-04-16 16:13:15
46870,23058083,Aman Ghosh,23058083@college.edu,CSE,1,2026-04-16 16:13:15
46872,23077687,Dev Das,23077687@college.edu,IT,2,2026-04-16 16:13:15
46873,23050779,Pooja Agarwal,23050779@college.edu,ECE,5,2026-04-16 16:13:15
46883,23077333,Diya Iyer,23077333@college.edu,CSE,8,2026-04-16 16:13:15
46886,23079797,Kavya Patel,23079797@college.edu,IT,5,2026-04-16 16:13:15
46887,23054915,Kavya Dubey,23054915@college.edu,IT,3,2026-04-16 16:13:15
46889,23075382,Priya Thakur,23075382@college.edu,ECE,1,2026-04-16 16:13:15
46898,23071943,Meera Joshi,23071943@college.edu,CSE,5,2026-04-16 16:13:15
46899,23077480,Kunal Sharma,23077480@college.edu,ECE,1,2026-04-16 16:13:15
46907,23059754,Meera Mehta,23059754@college.edu,IT,8,2026-04-16 16:13:15
46908,23054442,Ritika Dubey,23054442@college.edu,ME,5,2026-04-16 16:13:15
46912,23050419,Ritesh Bansal,23050419@college.edu,ME,6,2026-04-16 16:13:15
46913,23068136,Rahul Patel,23068136@college.edu,EEE,3,2026-04-16 16:13:15
46915,23061641,Tanmay Dubey,23061641@college.edu,IT,8,2026-04-16 16:13:15
46924,23065057,Vivaan Agarwal,23065057@college.edu,ME,1,2026-04-16 16:13:15
46927,23079178,Ritesh Iyer,23079178@college.edu,ECE,4,2026-04-16 16:13:15
46939,23057436,Deepak Reddy,23057436@college.edu,EEE,4,2026-04-16 16:13:15
46948,23056208,Sneha Iyer,23056208@college.edu,EEE,1,2026-04-16 16:13:15
46952,23063214,Ishaan Reddy,23063214@college.edu,IT,2,2026-04-16 16:13:15
46953,23058049,Harsh Thakur,23058049@college.edu,EEE,1,2026-04-16 16:13:15
46955,23064646,Ananya Bansal,23064646@college.edu,CSE,7,2026-04-16 16:13:15
46956,23068674,Mohit Menon,23068674@college.edu,ME,4,2026-04-16 16:13:15
46958,23067722,Ritesh Pandey,23067722@college.edu,IT,3,2026-04-16 16:13:15
46963,23066722,Rohan Choudhary,23066722@college.edu,ME,4,2026-04-16 16:13:15
46964,23073250,Kavya Gupta,23073250@college.edu,CSE,4,2026-04-16 16:13:15
46972,23073125,Kavya Rao,23073125@college.edu,ME,1,2026-04-16 16:13:15
46984,23079901,Ananya Kapoor,23079901@college.edu,EEE,8,2026-04-16 16:13:15
46985,23062083,Arjun Das,23062083@college.edu,CSE,2,2026-04-16 16:13:15
46990,23063831,Manav Joshi,23063831@college.edu,EEE,1,2026-04-16 16:13:15
46991,23075921,Sneha Gupta,23075921@college.edu,IT,7,2026-04-16 16:13:15
46996,23052381,Aarav Choudhary,23052381@college.edu,EEE,4,2026-04-16 16:13:15
46997,23055482,Dev Agarwal,23055482@college.edu,ME,3,2026-04-16 16:13:15
47000,23056848,Deepak Gupta,23056848@college.edu,ME,5,2026-04-16 16:13:15
47019,23054100,Kavya Nair,23054100@college.edu,ECE,5,2026-04-16 16:13:15
47021,23051631,Sai Pandey,23051631@college.edu,ECE,7,2026-04-16 16:13:15
47026,23054949,Dev Ghosh,23054949@college.edu,ME,8,2026-04-16 16:13:15
47028,23075264,Meera Gupta,23075264@college.edu,IT,8,2026-04-16 16:13:15
47033,23075615,Meera Bansal,23075615@college.edu,IT,3,2026-04-16 16:13:15
47038,23051755,Manav Sinha,23051755@college.edu,ME,5,2026-04-16 16:13:15
47047,23060363,Arjun Choudhary,23060363@college.edu,CSE,5,2026-04-16 16:13:15
47049,23069580,Arjun Dubey,23069580@college.edu,EEE,6,2026-04-16 16:13:15
47052,23062504,Ritika Verma,23062504@college.edu,ECE,6,2026-04-16 16:13:15
47056,23054958,Yash Rao,23054958@college.edu,IT,7,2026-04-16 16:13:15
47072,23074344,Rahul Iyer,23074344@college.edu,ECE,5,2026-04-16 16:13:15
47073,23063860,Neha Dubey,23063860@college.edu,EEE,8,2026-04-16 16:13:15
47089,23058956,Kunal Ghosh,23058956@college.edu,ME,8,2026-04-16 16:13:15
47090,23059898,Ananya Verma,23059898@college.edu,ME,6,2026-04-16 16:13:15
47091,23070521,Ritesh Iyer,23070521@college.edu,ME,1,2026-04-16 16:13:15
47094,23066612,Arjun Choudhary,23066612@college.edu,CSE,8,2026-04-16 16:13:15
47095,23069609,Om Pandey,23069609@college.edu,EEE,1,2026-04-16 16:13:15
47109,23062999,Ananya Khanna,23062999@college.edu,EEE,2,2026-04-16 16:13:15
47121,23074937,Diya Sharma,23074937@college.edu,CSE,2,2026-04-16 16:13:15
47124,23077832,Deepak Sharma,23077832@college.edu,EEE,8,2026-04-16 16:13:15
47143,23070543,Rohan Dubey,23070543@college.edu,ME,4,2026-04-16 16:13:15
47147,23061327,Krishna Bansal,23061327@college.edu,IT,8,2026-04-16 16:13:15
47148,23069993,Kavya Agarwal,23069993@college.edu,ECE,8,2026-04-16 16:13:15
47149,23077313,Ritika Verma,23077313@college.edu,ME,2,2026-04-16 16:13:15
47155,23061201,Ishaan Bansal,23061201@college.edu,EEE,1,2026-04-16 16:13:15
47156,23078500,Kavya Menon,23078500@college.edu,CSE,8,2026-04-16 16:13:15
47158,23062801,Rahul Nair,23062801@college.edu,CSE,4,2026-04-16 16:13:15
47163,23068501,Varun Reddy,23068501@college.edu,ECE,7,2026-04-16 16:13:15
47169,23050436,Mohit Khanna,23050436@college.edu,CSE,7,2026-04-16 16:13:15
47170,23076162,Diya Bansal,23076162@college.edu,ECE,1,2026-04-16 16:13:15
47171,23063147,Aman Jain,23063147@college.edu,ECE,5,2026-04-16 16:13:15
47175,23069280,Pooja Menon,23069280@college.edu,EEE,3,2026-04-16 16:13:15
47176,23062299,Pooja Jain,23062299@college.edu,ME,4,2026-04-16 16:13:15
47177,23052756,Meera Rao,23052756@college.edu,ME,1,2026-04-16 16:13:15
47178,23069301,Vivaan Bansal,23069301@college.edu,CSE,3,2026-04-16 16:13:15
47180,23063634,Kunal Choudhary,23063634@college.edu,CSE,8,2026-04-16 16:13:15
47184,23071221,Siddharth Pandey,23071221@college.edu,ECE,1,2026-04-16 16:13:15
47188,23072875,Pooja Bansal,23072875@college.edu,CSE,7,2026-04-16 16:13:15
47194,23050020,Pooja Kapoor,23050020@college.edu,CSE,5,2026-04-16 16:13:15
47198,23065464,Ritika Joshi,23065464@college.edu,IT,5,2026-04-16 16:13:15
47204,23063412,Vivaan Dubey,23063412@college.edu,CSE,7,2026-04-16 16:13:15
47208,23061761,Tanmay Jain,23061761@college.edu,CSE,1,2026-04-16 16:13:15
47210,23063870,Manav Nair,23063870@college.edu,EEE,7,2026-04-16 16:13:15
47212,23077416,Aditi Choudhary,23077416@college.edu,EEE,2,2026-04-16 16:13:15
47216,23059526,Diya Nair,23059526@college.edu,ME,7,2026-04-16 16:13:15
47218,23071296,Ritika Sinha,23071296@college.edu,CSE,4,2026-04-16 16:13:15
47225,23073290,Pooja Mehta,23073290@college.edu,IT,6,2026-04-16 16:13:15
47231,23061102,Rahul Dubey,23061102@college.edu,IT,1,2026-04-16 16:13:15
47232,23079728,Sai Sinha,23079728@college.edu,ECE,5,2026-04-16 16:13:15
47237,23076607,Kunal Gupta,23076607@college.edu,IT,8,2026-04-16 16:13:15
47239,23074570,Aditi Sinha,23074570@college.edu,CSE,4,2026-04-16 16:13:15
47241,23068261,Siddharth Thakur,23068261@college.edu,CSE,4,2026-04-16 16:13:15
47242,23068720,Diya Jain,23068720@college.edu,CSE,2,2026-04-16 16:13:15
47244,23073509,Sneha Verma,23073509@college.edu,EEE,3,2026-04-16 16:13:15
47269,23073517,Ananya Reddy,23073517@college.edu,ECE,1,2026-04-16 16:13:15
47276,23054113,Ishaan Dubey,23054113@college.edu,ECE,6,2026-04-16 16:13:15
47285,23050630,Arjun Reddy,23050630@college.edu,IT,7,2026-04-16 16:13:15
47287,23072609,Meera Agarwal,23072609@college.edu,ECE,2,2026-04-16 16:13:15
47288,23065638,Nikhil Reddy,23065638@college.edu,CSE,5,2026-04-16 16:13:15
47306,23074187,Arjun Choudhary,23074187@college.edu,ME,2,2026-04-16 16:13:15
47318,23060135,Kunal Patel,23060135@college.edu,IT,3,2026-04-16 16:13:15
47332,23050804,Yash Joshi,23050804@college.edu,CSE,7,2026-04-16 16:13:15
47333,23060418,Rohan Pandey,23060418@college.edu,ECE,4,2026-04-16 16:13:15
47336,23058409,Diya Menon,23058409@college.edu,IT,3,2026-04-16 16:13:15
47337,23058425,Rohan Choudhary,23058425@college.edu,CSE,1,2026-04-16 16:13:15
47340,23052729,Aditya Ghosh,23052729@college.edu,EEE,3,2026-04-16 16:13:15
47349,23055154,Siddharth Bansal,23055154@college.edu,ECE,6,2026-04-16 16:13:15
47364,23060674,Ananya Pandey,23060674@college.edu,EEE,5,2026-04-16 16:13:15
47372,23068731,Nikhil Joshi,23068731@college.edu,CSE,8,2026-04-16 16:13:15
47374,23074343,Ishaan Joshi,23074343@college.edu,ECE,2,2026-04-16 16:13:15
47375,23051492,Krishna Sinha,23051492@college.edu,ECE,2,2026-04-16 16:13:15
47390,23055845,Yash Patel,23055845@college.edu,IT,6,2026-04-16 16:13:15
47394,23067274,Rohan Rao,23067274@college.edu,CSE,6,2026-04-16 16:13:15
47397,23069783,Sai Thakur,23069783@college.edu,EEE,2,2026-04-16 16:13:15
47398,23060963,Priya Rao,23060963@college.edu,EEE,4,2026-04-16 16:13:15
47402,23069178,Dev Joshi,23069178@college.edu,EEE,3,2026-04-16 16:13:15
47406,23059296,Rahul Das,23059296@college.edu,ECE,1,2026-04-16 16:13:15
47410,23074931,Aarav Gupta,23074931@college.edu,IT,2,2026-04-16 16:13:15
47411,23072671,Priya Sharma,23072671@college.edu,CSE,8,2026-04-16 16:13:15
47414,23050506,Neha Kapoor,23050506@college.edu,ME,7,2026-04-16 16:13:15
47416,23074912,Varun Choudhary,23074912@college.edu,ECE,6,2026-04-16 16:13:15
47422,23074297,Aarav Pandey,23074297@college.edu,ME,1,2026-04-16 16:13:15
47426,23057881,Aditi Nair,23057881@college.edu,CSE,7,2026-04-16 16:13:15
47430,23054735,Manav Ghosh,23054735@college.edu,ME,3,2026-04-16 16:13:15
47434,23075163,Diya Kapoor,23075163@college.edu,ECE,8,2026-04-16 16:13:15
47443,23078050,Pooja Rao,23078050@college.edu,IT,2,2026-04-16 16:13:15
47447,23050523,Ananya Nair,23050523@college.edu,ECE,1,2026-04-16 16:13:15
47451,23079103,Ishaan Agarwal,23079103@college.edu,EEE,2,2026-04-16 16:13:15
47459,23073105,Mohit Iyer,23073105@college.edu,ECE,3,2026-04-16 16:13:15
47464,23078013,Vivaan Joshi,23078013@college.edu,EEE,3,2026-04-16 16:13:15
47469,23072120,Krishna Jain,23072120@college.edu,ECE,5,2026-04-16 16:13:15
47471,23072431,Rohan Joshi,23072431@college.edu,ECE,1,2026-04-16 16:13:15
47473,23065834,Priya Choudhary,23065834@college.edu,EEE,1,2026-04-16 16:13:15
47474,23064163,Ritesh Kapoor,23064163@college.edu,IT,6,2026-04-16 16:13:15
47476,23060466,Pooja Joshi,23060466@college.edu,IT,8,2026-04-16 16:13:15
47483,23079418,Rahul Ghosh,23079418@college.edu,IT,1,2026-04-16 16:13:15
47496,23069039,Ishaan Iyer,23069039@college.edu,CSE,5,2026-04-16 16:13:15
47502,23051467,Harsh Khanna,23051467@college.edu,IT,4,2026-04-16 16:13:15
47503,23071395,Krishna Reddy,23071395@college.edu,CSE,8,2026-04-16 16:13:15
47506,23075567,Yash Choudhary,23075567@college.edu,ECE,2,2026-04-16 16:13:15
47507,23053305,Kunal Gupta,23053305@college.edu,ECE,5,2026-04-16 16:13:15
47511,23077654,Mohit Joshi,23077654@college.edu,ECE,8,2026-04-16 16:13:15
47512,23074546,Mohit Reddy,23074546@college.edu,ECE,6,2026-04-16 16:13:15
47517,23052549,Aman Ghosh,23052549@college.edu,ECE,7,2026-04-16 16:13:15
47522,23064660,Pooja Agarwal,23064660@college.edu,ECE,8,2026-04-16 16:13:15
47534,23058824,Deepak Menon,23058824@college.edu,CSE,5,2026-04-16 16:13:15
47536,23057329,Om Iyer,23057329@college.edu,ME,8,2026-04-16 16:13:15
47537,23058727,Yash Joshi,23058727@college.edu,EEE,4,2026-04-16 16:13:15
47538,23054036,Aditi Choudhary,23054036@college.edu,ECE,8,2026-04-16 16:13:15
47542,23077383,Kavya Khanna,23077383@college.edu,ME,2,2026-04-16 16:13:15
47545,23059668,Pooja Gupta,23059668@college.edu,ME,7,2026-04-16 16:13:15
47550,23078406,Ananya Verma,23078406@college.edu,ME,1,2026-04-16 16:13:15
47554,23069034,Neha Agarwal,23069034@college.edu,CSE,3,2026-04-16 16:13:15
47555,23064969,Sneha Khanna,23064969@college.edu,CSE,1,2026-04-16 16:13:15
47563,23077049,Aman Jain,23077049@college.edu,IT,1,2026-04-16 16:13:15
47565,23063133,Aman Ghosh,23063133@college.edu,ECE,5,2026-04-16 16:13:15
47568,23069563,Mohit Dubey,23069563@college.edu,ME,8,2026-04-16 16:13:15
47578,23070103,Aditya Sinha,23070103@college.edu,ECE,5,2026-04-16 16:13:15
47589,23055056,Kunal Sharma,23055056@college.edu,EEE,5,2026-04-16 16:13:15
47590,23074964,Harsh Verma,23074964@college.edu,ECE,3,2026-04-16 16:13:15
47600,23054652,Om Agarwal,23054652@college.edu,EEE,1,2026-04-16 16:13:15
47607,23070018,Aman Joshi,23070018@college.edu,CSE,3,2026-04-16 16:13:15
47608,23058851,Kavya Khanna,23058851@college.edu,CSE,7,2026-04-16 16:13:15
47610,23071342,Siddharth Reddy,23071342@college.edu,ME,8,2026-04-16 16:13:15
47616,23072189,Nikhil Das,23072189@college.edu,EEE,1,2026-04-16 16:13:15
47620,23061347,Kunal Bansal,23061347@college.edu,EEE,7,2026-04-16 16:13:15
47621,23062046,Ritesh Khanna,23062046@college.edu,ME,8,2026-04-16 16:13:15
47627,23059402,Kunal Rao,23059402@college.edu,CSE,1,2026-04-16 16:13:15
47632,23077865,Krishna Ghosh,23077865@college.edu,IT,5,2026-04-16 16:13:15
47633,23050745,Aman Rao,23050745@college.edu,CSE,8,2026-04-16 16:13:15
47635,23055581,Mohit Thakur,23055581@college.edu,ECE,1,2026-04-16 16:13:15
47642,23068766,Kunal Sharma,23068766@college.edu,ECE,2,2026-04-16 16:13:15
47646,23069977,Diya Thakur,23069977@college.edu,EEE,4,2026-04-16 16:13:15
47648,23076494,Nikhil Reddy,23076494@college.edu,ECE,6,2026-04-16 16:13:15
47653,23062077,Rohan Rao,23062077@college.edu,ECE,5,2026-04-16 16:13:15
47657,23070557,Ritika Mehta,23070557@college.edu,EEE,3,2026-04-16 16:13:15
47661,23061918,Kavya Mehta,23061918@college.edu,EEE,1,2026-04-16 16:13:15
47666,23052709,Diya Thakur,23052709@college.edu,CSE,1,2026-04-16 16:13:15
47680,23066370,Om Sharma,23066370@college.edu,ME,7,2026-04-16 16:13:15
47682,23067836,Pooja Choudhary,23067836@college.edu,ME,6,2026-04-16 16:13:15
47685,23053165,Ananya Iyer,23053165@college.edu,ECE,4,2026-04-16 16:13:15
47690,23059089,Kunal Verma,23059089@college.edu,CSE,6,2026-04-16 16:13:15
47699,23058375,Ishaan Khanna,23058375@college.edu,ME,1,2026-04-16 16:13:15
47702,23065370,Nikhil Thakur,23065370@college.edu,EEE,1,2026-04-16 16:13:15
47706,23070039,Krishna Ghosh,23070039@college.edu,ME,8,2026-04-16 16:13:15
47716,23062293,Deepak Mehta,23062293@college.edu,IT,5,2026-04-16 16:13:15
47717,23065800,Rohan Khanna,23065800@college.edu,CSE,4,2026-04-16 16:13:15
47718,23064201,Aman Patel,23064201@college.edu,CSE,6,2026-04-16 16:13:15
47722,23062451,Siddharth Bansal,23062451@college.edu,ME,6,2026-04-16 16:13:15
47732,23064036,Om Das,23064036@college.edu,IT,6,2026-04-16 16:13:15
47735,23059074,Aman Thakur,23059074@college.edu,ECE,6,2026-04-16 16:13:15
47738,23059151,Aditi Khanna,23059151@college.edu,ECE,3,2026-04-16 16:13:15
47739,23061155,Sneha Mehta,23061155@college.edu,IT,2,2026-04-16 16:13:15
47740,23071273,Nikhil Pandey,23071273@college.edu,EEE,1,2026-04-16 16:13:15
47753,23075936,Siddharth Das,23075936@college.edu,IT,8,2026-04-16 16:13:15
47755,23075516,Om Dubey,23075516@college.edu,ME,1,2026-04-16 16:13:15
47764,23079764,Rahul Menon,23079764@college.edu,CSE,1,2026-04-16 16:13:15
47771,23064369,Aditi Patel,23064369@college.edu,IT,7,2026-04-16 16:13:15
47775,23061884,Aman Das,23061884@college.edu,ME,6,2026-04-16 16:13:15
47778,23078373,Siddharth Ghosh,23078373@college.edu,ECE,6,2026-04-16 16:13:15
47782,23064997,Mohit Ghosh,23064997@college.edu,EEE,6,2026-04-16 16:13:15
47789,23074693,Om Dubey,23074693@college.edu,EEE,6,2026-04-16 16:13:15
47791,23079209,Aarav Joshi,23079209@college.edu,ME,1,2026-04-16 16:13:15
47792,23058304,Ritesh Rao,23058304@college.edu,EEE,8,2026-04-16 16:13:15
47797,23053125,Ishaan Jain,23053125@college.edu,CSE,5,2026-04-16 16:13:15
47799,23051740,Neha Choudhary,23051740@college.edu,ME,7,2026-04-16 16:13:15
47800,23058875,Neha Ghosh,23058875@college.edu,EEE,8,2026-04-16 16:13:15
47804,23070858,Tanmay Patel,23070858@college.edu,EEE,6,2026-04-16 16:13:15
47806,23073598,Nikhil Sinha,23073598@college.edu,ME,7,2026-04-16 16:13:15
47814,23073628,Pooja Mehta,23073628@college.edu,IT,5,2026-04-16 16:13:15
47817,23057845,Kunal Choudhary,23057845@college.edu,ME,3,2026-04-16 16:13:15
47823,23056844,Aman Jain,23056844@college.edu,ECE,7,2026-04-16 16:13:15
47824,23067815,Ritesh Thakur,23067815@college.edu,IT,7,2026-04-16 16:13:15
47825,23058620,Om Bansal,23058620@college.edu,ECE,4,2026-04-16 16:13:15
47830,23076602,Nikhil Reddy,23076602@college.edu,IT,1,2026-04-16 16:13:15
47840,23051632,Kavya Agarwal,23051632@college.edu,CSE,8,2026-04-16 16:13:15
47857,23071105,Sneha Gupta,23071105@college.edu,IT,1,2026-04-16 16:13:15
47858,23061544,Sneha Dubey,23061544@college.edu,ME,1,2026-04-16 16:13:15
47861,23059449,Yash Mehta,23059449@college.edu,ECE,8,2026-04-16 16:13:15
47867,23075193,Sai Iyer,23075193@college.edu,ME,2,2026-04-16 16:13:15
47870,23059796,Pooja Sharma,23059796@college.edu,CSE,3,2026-04-16 16:13:15
47871,23076739,Harsh Choudhary,23076739@college.edu,IT,4,2026-04-16 16:13:15
47877,23061856,Ishaan Jain,23061856@college.edu,CSE,7,2026-04-16 16:13:15
47882,23063988,Ishaan Choudhary,23063988@college.edu,ECE,8,2026-04-16 16:13:15
47883,23062317,Mohit Sinha,23062317@college.edu,ECE,8,2026-04-16 16:13:15
47886,23062872,Krishna Mehta,23062872@college.edu,CSE,6,2026-04-16 16:13:15
47895,23071877,Manav Nair,23071877@college.edu,EEE,4,2026-04-16 16:13:15
47896,23065046,Aditi Kapoor,23065046@college.edu,ME,3,2026-04-16 16:13:15
47902,23079651,Yash Rao,23079651@college.edu,ME,7,2026-04-16 16:13:15
47915,23069615,Meera Agarwal,23069615@college.edu,ME,1,2026-04-16 16:13:15
47917,23076809,Yash Agarwal,23076809@college.edu,CSE,2,2026-04-16 16:13:15
47918,23065149,Ritika Nair,23065149@college.edu,ECE,4,2026-04-16 16:13:15
47923,23079509,Arjun Sharma,23079509@college.edu,EEE,8,2026-04-16 16:13:15
47941,23074130,Meera Jain,23074130@college.edu,IT,3,2026-04-16 16:13:15
47950,23067605,Rahul Pandey,23067605@college.edu,IT,8,2026-04-16 16:13:15
47951,23050420,Arjun Choudhary,23050420@college.edu,ECE,6,2026-04-16 16:13:15
47961,23066028,Siddharth Kapoor,23066028@college.edu,CSE,2,2026-04-16 16:13:15
47966,23066422,Rohan Bansal,23066422@college.edu,IT,7,2026-04-16 16:13:15
47967,23075586,Ananya Khanna,23075586@college.edu,EEE,1,2026-04-16 16:13:15
47972,23067712,Varun Dubey,23067712@college.edu,CSE,4,2026-04-16 16:13:15
47992,23055534,Ananya Rao,23055534@college.edu,IT,8,2026-04-16 16:13:15
48001,23054400,Krishna Thakur,23054400@college.edu,ME,3,2026-04-16 16:13:15
48002,23079205,Siddharth Nair,23079205@college.edu,EEE,8,2026-04-16 16:13:15
48004,23066399,Nikhil Kapoor,23066399@college.edu,IT,7,2026-04-16 16:13:15
48005,23067484,Dev Bansal,23067484@college.edu,EEE,5,2026-04-16 16:13:15
48013,23050046,Ishaan Nair,23050046@college.edu,ECE,5,2026-04-16 16:13:15
48031,23062260,Ishaan Kapoor,23062260@college.edu,ME,1,2026-04-16 16:13:15
48036,23069489,Aditya Choudhary,23069489@college.edu,EEE,5,2026-04-16 16:13:15
48038,23064938,Meera Menon,23064938@college.edu,ME,8,2026-04-16 16:13:15
48041,23062447,Aditya Patel,23062447@college.edu,ECE,7,2026-04-16 16:13:15
48042,23078046,Sai Dubey,23078046@college.edu,ECE,4,2026-04-16 16:13:15
48043,23052163,Kunal Kapoor,23052163@college.edu,ME,7,2026-04-16 16:13:15
48047,23059474,Sneha Reddy,23059474@college.edu,ECE,3,2026-04-16 16:13:15
48057,23061882,Harsh Nair,23061882@college.edu,IT,3,2026-04-16 16:13:15
48060,23074251,Siddharth Ghosh,23074251@college.edu,IT,6,2026-04-16 16:13:15
48062,23057392,Harsh Sharma,23057392@college.edu,ECE,8,2026-04-16 16:13:15
48065,23077901,Aman Agarwal,23077901@college.edu,IT,8,2026-04-16 16:13:15
48069,23062667,Kavya Das,23062667@college.edu,EEE,5,2026-04-16 16:13:15
48081,23072349,Rohan Reddy,23072349@college.edu,ECE,8,2026-04-16 16:13:15
48094,23064424,Kunal Sharma,23064424@college.edu,IT,3,2026-04-16 16:13:15
48095,23074699,Om Iyer,23074699@college.edu,ME,5,2026-04-16 16:13:15
48104,23061783,Ritika Thakur,23061783@college.edu,CSE,3,2026-04-16 16:13:15
48106,23071029,Pooja Mehta,23071029@college.edu,EEE,3,2026-04-16 16:13:15
48112,23050485,Om Mehta,23050485@college.edu,EEE,8,2026-04-16 16:13:15
48115,23070699,Yash Agarwal,23070699@college.edu,ECE,2,2026-04-16 16:13:15
48121,23078359,Sai Joshi,23078359@college.edu,ME,1,2026-04-16 16:13:15
48122,23054633,Manav Pandey,23054633@college.edu,ME,3,2026-04-16 16:13:15
48125,23075205,Krishna Menon,23075205@college.edu,CSE,2,2026-04-16 16:13:15
48144,23064641,Meera Thakur,23064641@college.edu,IT,4,2026-04-16 16:13:15
48151,23078265,Meera Rao,23078265@college.edu,IT,5,2026-04-16 16:13:15
48154,23053241,Pooja Menon,23053241@college.edu,ME,2,2026-04-16 16:13:15
48164,23059565,Deepak Reddy,23059565@college.edu,IT,2,2026-04-16 16:13:15
48165,23077573,Aditya Choudhary,23077573@college.edu,IT,8,2026-04-16 16:13:15
48170,23065433,Kunal Nair,23065433@college.edu,ECE,8,2026-04-16 16:13:15
48177,23069862,Kunal Ghosh,23069862@college.edu,EEE,8,2026-04-16 16:13:15
48179,23053711,Nikhil Ghosh,23053711@college.edu,EEE,7,2026-04-16 16:13:15
48182,23071455,Pooja Agarwal,23071455@college.edu,ME,7,2026-04-16 16:13:15
48189,23060310,Dev Joshi,23060310@college.edu,CSE,5,2026-04-16 16:13:15
48195,23061955,Siddharth Ghosh,23061955@college.edu,EEE,4,2026-04-16 16:13:15
48198,23060641,Sneha Sharma,23060641@college.edu,IT,1,2026-04-16 16:13:15
48202,23078049,Neha Thakur,23078049@college.edu,CSE,2,2026-04-16 16:13:15
48205,23056778,Aditya Choudhary,23056778@college.edu,CSE,6,2026-04-16 16:13:15
48211,23073277,Diya Sinha,23073277@college.edu,CSE,8,2026-04-16 16:13:15
48219,23068671,Deepak Bansal,23068671@college.edu,IT,6,2026-04-16 16:13:15
48222,23052523,Siddharth Joshi,23052523@college.edu,CSE,4,2026-04-16 16:13:15
48223,23058784,Tanmay Reddy,23058784@college.edu,IT,5,2026-04-16 16:13:15
48224,23075854,Krishna Mehta,23075854@college.edu,IT,6,2026-04-16 16:13:15
48225,23066470,Dev Joshi,23066470@college.edu,ME,6,2026-04-16 16:13:15
48234,23067014,Deepak Menon,23067014@college.edu,CSE,1,2026-04-16 16:13:15
48241,23073839,Meera Das,23073839@college.edu,ECE,7,2026-04-16 16:13:15
48246,23074702,Sai Jain,23074702@college.edu,ME,6,2026-04-16 16:13:15
48248,23058327,Diya Ghosh,23058327@college.edu,ECE,2,2026-04-16 16:13:15
48254,23075011,Neha Kapoor,23075011@college.edu,EEE,4,2026-04-16 16:13:15
48265,23077524,Pooja Dubey,23077524@college.edu,CSE,2,2026-04-16 16:13:15
48266,23055566,Om Reddy,23055566@college.edu,IT,1,2026-04-16 16:13:15
48267,23073786,Aditya Choudhary,23073786@college.edu,EEE,1,2026-04-16 16:13:15
48270,23054971,Om Ghosh,23054971@college.edu,EEE,3,2026-04-16 16:13:15
48280,23062146,Nikhil Menon,23062146@college.edu,EEE,7,2026-04-16 16:13:15
48282,23057811,Deepak Verma,23057811@college.edu,ECE,7,2026-04-16 16:13:15
48283,23068368,Manav Patel,23068368@college.edu,ECE,2,2026-04-16 16:13:15
48284,23053117,Rahul Joshi,23053117@college.edu,ME,3,2026-04-16 16:13:15
48286,23054849,Kavya Dubey,23054849@college.edu,IT,6,2026-04-16 16:13:15
48287,23074170,Rohan Rao,23074170@college.edu,IT,4,2026-04-16 16:13:15
48290,23073206,Rahul Agarwal,23073206@college.edu,EEE,7,2026-04-16 16:13:15
48310,23051102,Krishna Ghosh,23051102@college.edu,EEE,4,2026-04-16 16:13:15
48314,23060703,Varun Jain,23060703@college.edu,IT,5,2026-04-16 16:13:15
48315,23070217,Kavya Verma,23070217@college.edu,ECE,4,2026-04-16 16:13:15
48329,23060365,Sneha Patel,23060365@college.edu,EEE,3,2026-04-16 16:13:15
48332,23053592,Siddharth Ghosh,23053592@college.edu,ECE,5,2026-04-16 16:13:15
48336,23061792,Aman Ghosh,23061792@college.edu,CSE,5,2026-04-16 16:13:15
48337,23055091,Rahul Joshi,23055091@college.edu,CSE,6,2026-04-16 16:13:15
48341,23065187,Manav Reddy,23065187@college.edu,ME,5,2026-04-16 16:13:15
48342,23077042,Vivaan Iyer,23077042@college.edu,CSE,8,2026-04-16 16:13:15
48346,23079166,Sai Choudhary,23079166@college.edu,IT,8,2026-04-16 16:13:15
48347,23072823,Sneha Joshi,23072823@college.edu,EEE,1,2026-04-16 16:13:15
48351,23064787,Sai Mehta,23064787@college.edu,EEE,1,2026-04-16 16:13:15
48354,23064897,Om Verma,23064897@college.edu,CSE,2,2026-04-16 16:13:15
48362,23072335,Diya Ghosh,23072335@college.edu,ECE,3,2026-04-16 16:13:15
48365,23071407,Meera Bansal,23071407@college.edu,CSE,3,2026-04-16 16:13:15
48375,23063279,Nikhil Menon,23063279@college.edu,EEE,7,2026-04-16 16:13:15
48383,23061549,Sai Iyer,23061549@college.edu,EEE,3,2026-04-16 16:13:15
48384,23068012,Aditya Joshi,23068012@college.edu,ECE,3,2026-04-16 16:13:15
48385,23058849,Pooja Dubey,23058849@college.edu,ME,6,2026-04-16 16:13:15
48386,23078045,Sai Pandey,23078045@college.edu,EEE,1,2026-04-16 16:13:15
48389,23068782,Sai Kapoor,23068782@college.edu,ECE,3,2026-04-16 16:13:15
48396,23055329,Harsh Iyer,23055329@college.edu,ECE,6,2026-04-16 16:13:15
48401,23055245,Varun Sharma,23055245@college.edu,ECE,3,2026-04-16 16:13:15
48405,23056480,Tanmay Gupta,23056480@college.edu,EEE,7,2026-04-16 16:13:15
48418,23065579,Yash Das,23065579@college.edu,CSE,2,2026-04-16 16:13:15
48426,23057129,Om Sinha,23057129@college.edu,CSE,8,2026-04-16 16:13:15
48428,23050564,Sneha Agarwal,23050564@college.edu,EEE,2,2026-04-16 16:13:15
48429,23063991,Manav Sharma,23063991@college.edu,IT,3,2026-04-16 16:13:15
48432,23078848,Dev Bansal,23078848@college.edu,EEE,1,2026-04-16 16:13:15
48437,23051596,Vivaan Khanna,23051596@college.edu,ME,4,2026-04-16 16:13:15
48447,23065204,Vivaan Pandey,23065204@college.edu,ME,1,2026-04-16 16:13:15
48451,23050911,Yash Agarwal,23050911@college.edu,ECE,3,2026-04-16 16:13:15
48455,23077814,Deepak Gupta,23077814@college.edu,EEE,4,2026-04-16 16:13:15
48469,23074747,Aditya Iyer,23074747@college.edu,ECE,1,2026-04-16 16:13:15
48476,23070818,Krishna Kapoor,23070818@college.edu,ME,3,2026-04-16 16:13:15
48484,23075984,Ritesh Agarwal,23075984@college.edu,EEE,7,2026-04-16 16:13:15
48489,23068069,Priya Pandey,23068069@college.edu,EEE,7,2026-04-16 16:13:15
48496,23054141,Aditi Mehta,23054141@college.edu,CSE,5,2026-04-16 16:13:15
48503,23064527,Meera Bansal,23064527@college.edu,ECE,1,2026-04-16 16:13:15
48507,23079328,Krishna Thakur,23079328@college.edu,ECE,5,2026-04-16 16:13:15
48511,23068522,Kunal Choudhary,23068522@college.edu,EEE,5,2026-04-16 16:13:15
48517,23073172,Ananya Menon,23073172@college.edu,CSE,2,2026-04-16 16:13:15
48527,23071133,Manav Sharma,23071133@college.edu,ECE,6,2026-04-16 16:13:15
48535,23050245,Ishaan Patel,23050245@college.edu,ECE,6,2026-04-16 16:13:15
48536,23072583,Siddharth Patel,23072583@college.edu,EEE,4,2026-04-16 16:13:15
48537,23050006,Aditya Choudhary,23050006@college.edu,ME,8,2026-04-16 16:13:15
48543,23055353,Ananya Jain,23055353@college.edu,ME,2,2026-04-16 16:13:15
48546,23078069,Sai Nair,23078069@college.edu,ECE,2,2026-04-16 16:13:15
48555,23050778,Ritika Ghosh,23050778@college.edu,ME,3,2026-04-16 16:13:15
48568,23060725,Krishna Nair,23060725@college.edu,CSE,4,2026-04-16 16:13:15
48585,23051918,Sneha Agarwal,23051918@college.edu,EEE,1,2026-04-16 16:13:15
48588,23055988,Manav Rao,23055988@college.edu,CSE,1,2026-04-16 16:13:15
48590,23074284,Om Thakur,23074284@college.edu,IT,6,2026-04-16 16:13:15
48594,23073606,Ishaan Pandey,23073606@college.edu,CSE,3,2026-04-16 16:13:15
48602,23050603,Om Rao,23050603@college.edu,ME,7,2026-04-16 16:13:15
48617,23055970,Dev Ghosh,23055970@college.edu,ME,2,2026-04-16 16:13:15
48636,23067896,Ritika Patel,23067896@college.edu,ME,5,2026-04-16 16:13:15
48642,23073245,Aman Gupta,23073245@college.edu,ME,6,2026-04-16 16:13:15
48646,23071479,Rahul Gupta,23071479@college.edu,EEE,7,2026-04-16 16:13:15
48649,23068926,Tanmay Dubey,23068926@college.edu,ECE,6,2026-04-16 16:13:15
48651,23061492,Harsh Das,23061492@college.edu,ME,8,2026-04-16 16:13:15
48663,23076593,Priya Iyer,23076593@college.edu,ECE,6,2026-04-16 16:13:15
48666,23059314,Kunal Verma,23059314@college.edu,EEE,2,2026-04-16 16:13:15
48667,23052099,Deepak Gupta,23052099@college.edu,CSE,8,2026-04-16 16:13:15
48669,23071202,Harsh Joshi,23071202@college.edu,IT,1,2026-04-16 16:13:15
48678,23069794,Diya Khanna,23069794@college.edu,CSE,2,2026-04-16 16:13:15
48680,23068367,Sneha Das,23068367@college.edu,IT,3,2026-04-16 16:13:15
48685,23052559,Sneha Bansal,23052559@college.edu,ME,6,2026-04-16 16:13:15
48686,23051190,Dev Das,23051190@college.edu,ME,6,2026-04-16 16:13:15
48687,23073486,Ritesh Agarwal,23073486@college.edu,CSE,6,2026-04-16 16:13:15
48697,23062853,Siddharth Rao,23062853@college.edu,ECE,2,2026-04-16 16:13:15
48700,23072702,Krishna Kapoor,23072702@college.edu,CSE,8,2026-04-16 16:13:15
48702,23062641,Dev Dubey,23062641@college.edu,IT,8,2026-04-16 16:13:15
48706,23056998,Om Agarwal,23056998@college.edu,EEE,8,2026-04-16 16:13:15
48709,23072353,Om Sinha,23072353@college.edu,CSE,4,2026-04-16 16:13:15
48712,23073629,Sneha Reddy,23073629@college.edu,ECE,7,2026-04-16 16:13:15
48713,23074454,Ritika Sharma,23074454@college.edu,IT,4,2026-04-16 16:13:15
48714,23077715,Neha Sharma,23077715@college.edu,IT,6,2026-04-16 16:13:15
48726,23075099,Sai Agarwal,23075099@college.edu,ME,8,2026-04-16 16:13:15
48732,23077764,Tanmay Sharma,23077764@college.edu,IT,7,2026-04-16 16:13:15
48734,23072616,Ritesh Menon,23072616@college.edu,CSE,2,2026-04-16 16:13:15
48738,23073229,Aditya Pandey,23073229@college.edu,IT,2,2026-04-16 16:13:15
48753,23065986,Varun Bansal,23065986@college.edu,ME,4,2026-04-16 16:13:15
48757,23073779,Ritesh Kapoor,23073779@college.edu,CSE,4,2026-04-16 16:13:15
48758,23058000,Ritika Sharma,23058000@college.edu,ME,4,2026-04-16 16:13:15
48767,23057609,Ananya Jain,23057609@college.edu,ME,7,2026-04-16 16:13:15
48772,23061541,Aditya Sharma,23061541@college.edu,EEE,4,2026-04-16 16:13:15
48774,23054080,Vivaan Ghosh,23054080@college.edu,ECE,1,2026-04-16 16:13:15
48783,23072751,Siddharth Verma,23072751@college.edu,IT,2,2026-04-16 16:13:15
48789,23064633,Ananya Reddy,23064633@college.edu,CSE,7,2026-04-16 16:13:15
48790,23079594,Rahul Choudhary,23079594@college.edu,ECE,4,2026-04-16 16:13:15
48792,23054552,Ananya Joshi,23054552@college.edu,IT,7,2026-04-16 16:13:15
48795,23067869,Aditi Gupta,23067869@college.edu,ECE,6,2026-04-16 16:13:15
48801,23056259,Yash Choudhary,23056259@college.edu,CSE,6,2026-04-16 16:13:15
48807,23051503,Ritika Bansal,23051503@college.edu,IT,7,2026-04-16 16:13:15
48815,23072876,Harsh Nair,23072876@college.edu,CSE,5,2026-04-16 16:13:15
48820,23068090,Om Dubey,23068090@college.edu,IT,2,2026-04-16 16:13:15
48824,23060730,Dev Iyer,23060730@college.edu,IT,5,2026-04-16 16:13:15
48828,23056377,Ishaan Pandey,23056377@college.edu,IT,5,2026-04-16 16:13:15
48839,23076515,Ananya Khanna,23076515@college.edu,CSE,4,2026-04-16 16:13:15
48849,23053797,Tanmay Reddy,23053797@college.edu,CSE,1,2026-04-16 16:13:15
48856,23066141,Aman Jain,23066141@college.edu,CSE,3,2026-04-16 16:13:15
48862,23077670,Varun Agarwal,23077670@college.edu,ECE,5,2026-04-16 16:13:15
48863,23078106,Aditya Joshi,23078106@college.edu,ECE,6,2026-04-16 16:13:15
48865,23072792,Arjun Joshi,23072792@college.edu,ECE,1,2026-04-16 16:13:15
48878,23071931,Ishaan Menon,23071931@college.edu,ME,5,2026-04-16 16:13:15
48885,23073639,Om Thakur,23073639@college.edu,CSE,7,2026-04-16 16:13:15
48887,23060867,Vivaan Jain,23060867@college.edu,ME,6,2026-04-16 16:13:15
48889,23070762,Diya Joshi,23070762@college.edu,EEE,4,2026-04-16 16:13:15
48890,23057772,Manav Patel,23057772@college.edu,ME,6,2026-04-16 16:13:15
48894,23072459,Dev Iyer,23072459@college.edu,IT,6,2026-04-16 16:13:15
48898,23067510,Aarav Verma,23067510@college.edu,EEE,8,2026-04-16 16:13:15
48903,23059773,Ishaan Thakur,23059773@college.edu,ME,5,2026-04-16 16:13:15
48904,23060589,Sneha Rao,23060589@college.edu,ME,4,2026-04-16 16:13:15
48911,23055088,Ananya Dubey,23055088@college.edu,IT,3,2026-04-16 16:13:15
48914,23071591,Meera Verma,23071591@college.edu,ECE,6,2026-04-16 16:13:15
48919,23052167,Manav Mehta,23052167@college.edu,EEE,3,2026-04-16 16:13:15
48921,23075848,Sai Sharma,23075848@college.edu,ME,5,2026-04-16 16:13:15
48922,23057641,Priya Patel,23057641@college.edu,IT,7,2026-04-16 16:13:15
48925,23075868,Aarav Pandey,23075868@college.edu,ECE,2,2026-04-16 16:13:15
48926,23051715,Harsh Sinha,23051715@college.edu,ECE,2,2026-04-16 16:13:15
48927,23063055,Mohit Mehta,23063055@college.edu,IT,4,2026-04-16 16:13:15
48929,23052097,Ritesh Iyer,23052097@college.edu,IT,8,2026-04-16 16:13:15
48937,23079932,Varun Jain,23079932@college.edu,ECE,8,2026-04-16 16:13:15
48941,23066852,Arjun Khanna,23066852@college.edu,IT,1,2026-04-16 16:13:15
48948,23077308,Priya Iyer,23077308@college.edu,ME,6,2026-04-16 16:13:15
48957,23057965,Tanmay Jain,23057965@college.edu,CSE,6,2026-04-16 16:13:15
48963,23056301,Ritika Kapoor,23056301@college.edu,ME,3,2026-04-16 16:13:15
48969,23055740,Ananya Kapoor,23055740@college.edu,IT,8,2026-04-16 16:13:15
48972,23068478,Ritesh Choudhary,23068478@college.edu,EEE,7,2026-04-16 16:13:15
48973,23079224,Aman Khanna,23079224@college.edu,CSE,5,2026-04-16 16:13:15
48989,23059828,Vivaan Rao,23059828@college.edu,ME,1,2026-04-16 16:13:15
48990,23059007,Priya Nair,23059007@college.edu,ME,2,2026-04-16 16:13:15
49000,23051192,Rahul Gupta,23051192@college.edu,CSE,6,2026-04-16 16:13:15
49003,23070178,Yash Thakur,23070178@college.edu,IT,3,2026-04-16 16:13:15
49005,23066779,Pooja Mehta,23066779@college.edu,CSE,1,2026-04-16 16:13:15
49011,23072856,Krishna Gupta,23072856@college.edu,ECE,6,2026-04-16 16:13:15
49014,23064724,Deepak Agarwal,23064724@college.edu,ECE,8,2026-04-16 16:13:15
49015,23054545,Diya Gupta,23054545@college.edu,ECE,8,2026-04-16 16:13:15
49023,23057305,Om Mehta,23057305@college.edu,CSE,8,2026-04-16 16:13:15
49036,23056748,Ritika Das,23056748@college.edu,IT,8,2026-04-16 16:13:15
49038,23059557,Aman Iyer,23059557@college.edu,ECE,1,2026-04-16 16:13:15
49039,23065274,Rohan Iyer,23065274@college.edu,EEE,8,2026-04-16 16:13:15
49044,23068576,Manav Agarwal,23068576@college.edu,ME,4,2026-04-16 16:13:15
49045,23067853,Arjun Gupta,23067853@college.edu,EEE,8,2026-04-16 16:13:15
49047,23076413,Deepak Dubey,23076413@college.edu,EEE,4,2026-04-16 16:13:15
49061,23061966,Siddharth Kapoor,23061966@college.edu,CSE,4,2026-04-16 16:13:15
49062,23065048,Ritesh Sinha,23065048@college.edu,ME,5,2026-04-16 16:13:15
49067,23074828,Yash Gupta,23074828@college.edu,EEE,6,2026-04-16 16:13:15
49072,23076567,Rohan Bansal,23076567@college.edu,ECE,2,2026-04-16 16:13:15
49083,23061166,Mohit Kapoor,23061166@college.edu,CSE,7,2026-04-16 16:13:15
49085,23058230,Yash Khanna,23058230@college.edu,ECE,3,2026-04-16 16:13:15
49086,23078034,Siddharth Sharma,23078034@college.edu,ME,3,2026-04-16 16:13:15
49087,23072540,Kunal Pandey,23072540@college.edu,EEE,5,2026-04-16 16:13:15
49089,23050674,Nikhil Reddy,23050674@college.edu,EEE,4,2026-04-16 16:13:15
49090,23063159,Kunal Gupta,23063159@college.edu,ECE,7,2026-04-16 16:13:15
49093,23078941,Tanmay Agarwal,23078941@college.edu,ECE,1,2026-04-16 16:13:15
49096,23061978,Krishna Kapoor,23061978@college.edu,CSE,3,2026-04-16 16:13:15
49098,23069054,Tanmay Nair,23069054@college.edu,ECE,8,2026-04-16 16:13:15
49103,23067855,Diya Sharma,23067855@college.edu,IT,5,2026-04-16 16:13:15
49106,23051235,Dev Ghosh,23051235@college.edu,IT,5,2026-04-16 16:13:15
49108,23053756,Deepak Mehta,23053756@college.edu,CSE,3,2026-04-16 16:13:15
49111,23052831,Om Rao,23052831@college.edu,IT,6,2026-04-16 16:13:15
49113,23077746,Kavya Khanna,23077746@college.edu,CSE,7,2026-04-16 16:13:15
49114,23057341,Ishaan Gupta,23057341@college.edu,ECE,1,2026-04-16 16:13:15
49125,23073719,Aman Choudhary,23073719@college.edu,ME,6,2026-04-16 16:13:15
49128,23061740,Harsh Pandey,23061740@college.edu,ECE,2,2026-04-16 16:13:15
49133,23055478,Kunal Kapoor,23055478@college.edu,ECE,1,2026-04-16 16:13:15
49136,23077344,Aarav Pandey,23077344@college.edu,CSE,7,2026-04-16 16:13:15
49149,23076013,Ishaan Rao,23076013@college.edu,ME,7,2026-04-16 16:13:15
49157,23072571,Arjun Sinha,23072571@college.edu,IT,5,2026-04-16 16:13:15
49162,23056516,Vivaan Gupta,23056516@college.edu,CSE,1,2026-04-16 16:13:15
49165,23074466,Tanmay Bansal,23074466@college.edu,CSE,4,2026-04-16 16:13:15
49167,23079568,Sneha Jain,23079568@college.edu,CSE,1,2026-04-16 16:13:15
49175,23060891,Ananya Iyer,23060891@college.edu,CSE,8,2026-04-16 16:13:15
49177,23055378,Aditya Gupta,23055378@college.edu,CSE,8,2026-04-16 16:13:15
49180,23073682,Aman Das,23073682@college.edu,CSE,2,2026-04-16 16:13:15
49183,23078903,Sai Rao,23078903@college.edu,IT,2,2026-04-16 16:13:15
49198,23050289,Vivaan Sinha,23050289@college.edu,CSE,6,2026-04-16 16:13:15
49199,23078613,Arjun Mehta,23078613@college.edu,ECE,3,2026-04-16 16:13:15
49206,23068878,Sneha Verma,23068878@college.edu,ME,1,2026-04-16 16:13:15
49213,23054455,Kavya Dubey,23054455@college.edu,IT,1,2026-04-16 16:13:15
49216,23064531,Ritika Jain,23064531@college.edu,ME,3,2026-04-16 16:13:15
49223,23067591,Tanmay Joshi,23067591@college.edu,CSE,5,2026-04-16 16:13:15
49225,23058995,Priya Sharma,23058995@college.edu,ECE,5,2026-04-16 16:13:15
49230,23051650,Pooja Gupta,23051650@college.edu,CSE,5,2026-04-16 16:13:15
49234,23053884,Siddharth Kapoor,23053884@college.edu,ME,3,2026-04-16 16:13:15
49236,23052911,Deepak Gupta,23052911@college.edu,EEE,8,2026-04-16 16:13:15
49237,23077327,Sai Reddy,23077327@college.edu,EEE,8,2026-04-16 16:13:15
49261,23077212,Ritesh Thakur,23077212@college.edu,ME,2,2026-04-16 16:13:15
49264,23068358,Kunal Reddy,23068358@college.edu,CSE,6,2026-04-16 16:13:15
49272,23060958,Ritika Ghosh,23060958@college.edu,CSE,5,2026-04-16 16:13:15
49281,23066280,Harsh Pandey,23066280@college.edu,CSE,5,2026-04-16 16:13:15
49283,23066599,Ritika Iyer,23066599@college.edu,ECE,7,2026-04-16 16:13:15
49288,23059024,Sai Ghosh,23059024@college.edu,IT,5,2026-04-16 16:13:15
49291,23069425,Neha Sharma,23069425@college.edu,IT,4,2026-04-16 16:13:15
49295,23054777,Ananya Menon,23054777@college.edu,ECE,1,2026-04-16 16:13:15
49301,23057342,Nikhil Gupta,23057342@college.edu,IT,2,2026-04-16 16:13:15
49306,23055023,Aman Thakur,23055023@college.edu,IT,2,2026-04-16 16:13:15
49311,23075104,Neha Choudhary,23075104@college.edu,ME,4,2026-04-16 16:13:15
49312,23074515,Ritika Kapoor,23074515@college.edu,EEE,1,2026-04-16 16:13:15
49316,23059944,Dev Ghosh,23059944@college.edu,IT,5,2026-04-16 16:13:15
49319,23065844,Rahul Patel,23065844@college.edu,EEE,3,2026-04-16 16:13:15
49324,23053562,Kunal Mehta,23053562@college.edu,CSE,4,2026-04-16 16:13:15
49327,23076569,Harsh Gupta,23076569@college.edu,IT,1,2026-04-16 16:13:15
49329,23062521,Kavya Verma,23062521@college.edu,ME,3,2026-04-16 16:13:15
49334,23059663,Pooja Pandey,23059663@college.edu,CSE,8,2026-04-16 16:13:15
49339,23079156,Om Verma,23079156@college.edu,IT,2,2026-04-16 16:13:15
49346,23071954,Rohan Das,23071954@college.edu,CSE,5,2026-04-16 16:13:15
49347,23062182,Ananya Menon,23062182@college.edu,ME,2,2026-04-16 16:13:15
49349,23059427,Diya Sharma,23059427@college.edu,CSE,3,2026-04-16 16:13:15
49350,23074220,Arjun Sharma,23074220@college.edu,IT,3,2026-04-16 16:13:15
49363,23068655,Harsh Verma,23068655@college.edu,ME,6,2026-04-16 16:13:15
49368,23051435,Aarav Sinha,23051435@college.edu,ECE,5,2026-04-16 16:13:15
49384,23053199,Sai Gupta,23053199@college.edu,ME,1,2026-04-16 16:13:15
49390,23074469,Pooja Bansal,23074469@college.edu,IT,1,2026-04-16 16:13:15
49393,23064760,Ishaan Gupta,23064760@college.edu,ME,1,2026-04-16 16:13:15
49398,23055452,Sneha Verma,23055452@college.edu,IT,2,2026-04-16 16:13:15
49400,23066309,Krishna Jain,23066309@college.edu,ECE,8,2026-04-16 16:13:15
49403,23065007,Pooja Kapoor,23065007@college.edu,CSE,6,2026-04-16 16:13:15
49408,23059169,Arjun Dubey,23059169@college.edu,ME,3,2026-04-16 16:13:15
49409,23069181,Aman Thakur,23069181@college.edu,ME,6,2026-04-16 16:13:15
49416,23072536,Aman Choudhary,23072536@college.edu,ME,1,2026-04-16 16:13:15
49420,23054226,Neha Patel,23054226@college.edu,CSE,1,2026-04-16 16:13:15
49421,23079513,Vivaan Ghosh,23079513@college.edu,ME,1,2026-04-16 16:13:15
49426,23077488,Ritesh Khanna,23077488@college.edu,IT,3,2026-04-16 16:13:15
49427,23053517,Sneha Bansal,23053517@college.edu,IT,1,2026-04-16 16:13:15
49431,23067458,Ananya Kapoor,23067458@college.edu,EEE,6,2026-04-16 16:13:15
49436,23061434,Dev Nair,23061434@college.edu,CSE,3,2026-04-16 16:13:15
49442,23073944,Dev Nair,23073944@college.edu,CSE,6,2026-04-16 16:13:15
49445,23065656,Om Patel,23065656@college.edu,ECE,1,2026-04-16 16:13:15
49453,23071870,Rahul Mehta,23071870@college.edu,EEE,8,2026-04-16 16:13:15
49456,23065947,Nikhil Kapoor,23065947@college.edu,CSE,8,2026-04-16 16:13:15
49464,23072939,Aditya Das,23072939@college.edu,EEE,6,2026-04-16 16:13:15
49472,23073861,Krishna Verma,23073861@college.edu,EEE,2,2026-04-16 16:13:15
49485,23060306,Varun Sinha,23060306@college.edu,CSE,1,2026-04-16 16:13:15
49488,23070343,Pooja Iyer,23070343@college.edu,ECE,3,2026-04-16 16:13:15
49489,23065167,Neha Dubey,23065167@college.edu,ME,1,2026-04-16 16:13:15
49490,23066564,Mohit Bansal,23066564@college.edu,EEE,3,2026-04-16 16:13:15
49491,23056084,Aman Pandey,23056084@college.edu,ECE,6,2026-04-16 16:13:15
49503,23076337,Siddharth Nair,23076337@college.edu,ECE,7,2026-04-16 16:13:15
49505,23068702,Sai Khanna,23068702@college.edu,CSE,2,2026-04-16 16:13:15
49517,23052895,Tanmay Pandey,23052895@college.edu,EEE,7,2026-04-16 16:13:15
49520,23056759,Yash Khanna,23056759@college.edu,IT,7,2026-04-16 16:13:15
49521,23056485,Meera Sharma,23056485@college.edu,CSE,6,2026-04-16 16:13:15
49525,23078365,Diya Gupta,23078365@college.edu,EEE,4,2026-04-16 16:13:15
49527,23069124,Ritesh Khanna,23069124@college.edu,CSE,6,2026-04-16 16:13:15
49539,23058709,Om Das,23058709@college.edu,CSE,5,2026-04-16 16:13:15
49540,23061137,Rohan Choudhary,23061137@college.edu,ME,3,2026-04-16 16:13:15
49545,23063916,Ritika Sharma,23063916@college.edu,EEE,8,2026-04-16 16:13:15
49553,23073756,Ritesh Agarwal,23073756@college.edu,ECE,3,2026-04-16 16:13:15
49555,23068973,Vivaan Rao,23068973@college.edu,CSE,4,2026-04-16 16:13:15
49560,23065235,Ritika Khanna,23065235@college.edu,ECE,3,2026-04-16 16:13:15
49561,23053020,Kavya Iyer,23053020@college.edu,IT,6,2026-04-16 16:13:15
49566,23054121,Aman Thakur,23054121@college.edu,ME,1,2026-04-16 16:13:15
49577,23064134,Harsh Agarwal,23064134@college.edu,ECE,4,2026-04-16 16:13:15
49578,23066911,Diya Pandey,23066911@college.edu,IT,7,2026-04-16 16:13:15
49580,23072358,Aditya Dubey,23072358@college.edu,EEE,8,2026-04-16 16:13:15
49587,23059511,Rohan Sharma,23059511@college.edu,ME,5,2026-04-16 16:13:15
49597,23078488,Pooja Thakur,23078488@college.edu,CSE,5,2026-04-16 16:13:15
49599,23065977,Mohit Agarwal,23065977@college.edu,ECE,1,2026-04-16 16:13:15
49600,23055273,Ananya Nair,23055273@college.edu,CSE,8,2026-04-16 16:13:15
49602,23068382,Ritesh Bansal,23068382@college.edu,CSE,7,2026-04-16 16:13:15
49605,23077411,Siddharth Mehta,23077411@college.edu,CSE,5,2026-04-16 16:13:15
49606,23070642,Dev Agarwal,23070642@college.edu,EEE,6,2026-04-16 16:13:15
49611,23063234,Krishna Verma,23063234@college.edu,EEE,2,2026-04-16 16:13:15
49618,23050112,Kunal Mehta,23050112@college.edu,CSE,7,2026-04-16 16:13:15
49623,23062313,Aman Verma,23062313@college.edu,ME,7,2026-04-16 16:13:15
49625,23068393,Sai Verma,23068393@college.edu,ME,2,2026-04-16 16:13:15
49628,23050718,Diya Ghosh,23050718@college.edu,ECE,6,2026-04-16 16:13:15
49631,23061057,Varun Bansal,23061057@college.edu,EEE,5,2026-04-16 16:13:15
49642,23070132,Meera Menon,23070132@college.edu,ME,2,2026-04-16 16:13:15
49649,23060633,Ananya Sharma,23060633@college.edu,CSE,2,2026-04-16 16:13:15
49653,23051317,Mohit Dubey,23051317@college.edu,EEE,2,2026-04-16 16:13:15
49661,23056323,Mohit Kapoor,23056323@college.edu,IT,3,2026-04-16 16:13:15
49664,23059230,Rohan Agarwal,23059230@college.edu,ME,7,2026-04-16 16:13:15
49673,23056785,Om Pandey,23056785@college.edu,ME,6,2026-04-16 16:13:15
49682,23056470,Priya Agarwal,23056470@college.edu,CSE,7,2026-04-16 16:13:15
49683,23062493,Sai Joshi,23062493@college.edu,ME,8,2026-04-16 16:13:15
49686,23063570,Mohit Reddy,23063570@college.edu,IT,4,2026-04-16 16:13:15
49703,23053814,Krishna Das,23053814@college.edu,ME,3,2026-04-16 16:13:15
49705,23079005,Neha Sinha,23079005@college.edu,CSE,4,2026-04-16 16:13:15
49709,23052907,Kunal Choudhary,23052907@college.edu,ECE,6,2026-04-16 16:13:15
49713,23074647,Aman Sharma,23074647@college.edu,CSE,8,2026-04-16 16:13:15
49717,23055971,Krishna Kapoor,23055971@college.edu,CSE,4,2026-04-16 16:13:15
49723,23060708,Ananya Iyer,23060708@college.edu,IT,1,2026-04-16 16:13:15
49724,23063449,Aman Sinha,23063449@college.edu,IT,8,2026-04-16 16:13:15
49728,23064377,Varun Sharma,23064377@college.edu,CSE,4,2026-04-16 16:13:15
49731,23057106,Neha Thakur,23057106@college.edu,EEE,8,2026-04-16 16:13:15
49738,23067862,Nikhil Rao,23067862@college.edu,ECE,1,2026-04-16 16:13:15
49739,23051083,Diya Menon,23051083@college.edu,EEE,3,2026-04-16 16:13:15
49745,23075175,Neha Verma,23075175@college.edu,EEE,4,2026-04-16 16:13:15
49751,23057608,Tanmay Choudhary,23057608@college.edu,ME,5,2026-04-16 16:13:15
49752,23060255,Harsh Ghosh,23060255@college.edu,ME,5,2026-04-16 16:13:15
49755,23066439,Mohit Verma,23066439@college.edu,IT,7,2026-04-16 16:13:15
49763,23073218,Nikhil Sinha,23073218@college.edu,ME,6,2026-04-16 16:13:15
49771,23068959,Kunal Jain,23068959@college.edu,IT,8,2026-04-16 16:13:15
49775,23051892,Krishna Mehta,23051892@college.edu,EEE,2,2026-04-16 16:13:15
49777,23071936,Aman Sinha,23071936@college.edu,ME,4,2026-04-16 16:13:15
49786,23077341,Kunal Sinha,23077341@college.edu,EEE,6,2026-04-16 16:13:15
49789,23060516,Sai Menon,23060516@college.edu,ME,1,2026-04-16 16:13:15
49791,23055071,Dev Bansal,23055071@college.edu,CSE,3,2026-04-16 16:13:15
49797,23051536,Rohan Choudhary,23051536@college.edu,ME,1,2026-04-16 16:13:15
49799,23067764,Vivaan Mehta,23067764@college.edu,IT,5,2026-04-16 16:13:15
49804,23055133,Siddharth Rao,23055133@college.edu,IT,2,2026-04-16 16:13:15
49805,23068243,Diya Verma,23068243@college.edu,ME,3,2026-04-16 16:13:15
49808,23059057,Mohit Rao,23059057@college.edu,IT,1,2026-04-16 16:13:15
49812,23070450,Aditya Thakur,23070450@college.edu,ECE,3,2026-04-16 16:13:15
49814,23061696,Harsh Joshi,23061696@college.edu,IT,3,2026-04-16 16:13:15
49819,23057806,Meera Das,23057806@college.edu,ME,1,2026-04-16 16:13:15
49824,23057091,Yash Reddy,23057091@college.edu,ME,1,2026-04-16 16:13:15
49843,23071020,Aditya Iyer,23071020@college.edu,ECE,3,2026-04-16 16:13:15
49846,23072382,Priya Jain,23072382@college.edu,IT,1,2026-04-16 16:13:15
49847,23054560,Aarav Agarwal,23054560@college.edu,ECE,8,2026-04-16 16:13:15
49863,23067393,Sai Menon,23067393@college.edu,IT,6,2026-04-16 16:13:15
49867,23078845,Kunal Khanna,23078845@college.edu,CSE,3,2026-04-16 16:13:15
49869,23069981,Pooja Nair,23069981@college.edu,ECE,8,2026-04-16 16:13:15
49870,23056800,Nikhil Agarwal,23056800@college.edu,ME,5,2026-04-16 16:13:15
49871,23071668,Siddharth Verma,23071668@college.edu,CSE,6,2026-04-16 16:13:15
49883,23062912,Harsh Kapoor,23062912@college.edu,CSE,3,2026-04-16 16:13:15
49884,23067705,Meera Reddy,23067705@college.edu,IT,4,2026-04-16 16:13:15
49887,23079320,Sai Verma,23079320@college.edu,CSE,8,2026-04-16 16:13:15
49890,23051243,Ishaan Gupta,23051243@college.edu,CSE,2,2026-04-16 16:13:15
49898,23072091,Aditya Bansal,23072091@college.edu,ME,5,2026-04-16 16:13:15
49899,23052546,Pooja Rao,23052546@college.edu,EEE,8,2026-04-16 16:13:15
49920,23064723,Om Joshi,23064723@college.edu,IT,5,2026-04-16 16:13:15
49921,23060413,Yash Nair,23060413@college.edu,ME,6,2026-04-16 16:13:15
49930,23071325,Ishaan Ghosh,23071325@college.edu,IT,5,2026-04-16 16:13:15
49932,23077024,Siddharth Khanna,23077024@college.edu,ECE,6,2026-04-16 16:13:15
49937,23064919,Ritika Iyer,23064919@college.edu,ECE,5,2026-04-16 16:13:15
49938,23060480,Yash Thakur,23060480@college.edu,IT,1,2026-04-16 16:13:15
49941,23060547,Pooja Menon,23060547@college.edu,CSE,4,2026-04-16 16:13:15
49947,23072913,Nikhil Menon,23072913@college.edu,CSE,6,2026-04-16 16:13:15
49948,23053424,Krishna Jain,23053424@college.edu,EEE,6,2026-04-16 16:13:15
49952,23079122,Dev Sinha,23079122@college.edu,IT,6,2026-04-16 16:13:15
49954,23077593,Arjun Khanna,23077593@college.edu,ECE,4,2026-04-16 16:13:15
49958,23075733,Priya Reddy,23075733@college.edu,CSE,8,2026-04-16 16:13:15
49959,23065289,Sneha Reddy,23065289@college.edu,ME,5,2026-04-16 16:13:15
49963,23066846,Aarav Bansal,23066846@college.edu,EEE,8,2026-04-16 16:13:15
49968,23056109,Priya Choudhary,23056109@college.edu,ME,3,2026-04-16 16:13:15
49969,23074583,Yash Sharma,23074583@college.edu,EEE,3,2026-04-16 16:13:15
49975,23058580,Priya Dubey,23058580@college.edu,IT,1,2026-04-16 16:13:15
49986,23071815,Diya Ghosh,23071815@college.edu,ME,1,2026-04-16 16:13:15
49991,23053061,Aarav Gupta,23053061@college.edu,ECE,2,2026-04-16 16:13:15
49998,23052491,Sai Iyer,23052491@college.edu,CSE,6,2026-04-16 16:13:15
