attendance_id,student_id,course_id,attendance_date,status,recorded_at
1,12648,1960,2026-03-01,Present,"2026-04-18 17:23:03"
2,25218,1670,2026-03-02,Absent,"2026-04-18 17:23:03"
3,42995,1496,2026-03-04,Present,"2026-04-18 17:23:03"
4,46889,575,2026-03-10,Present,"2026-04-18 17:23:03"
5,12673,858,2026-03-08,Present,"2026-04-18 17:23:03"
6,24108,735,2026-03-08,Present,"2026-04-18 17:23:03"
7,34055,1974,2026-03-08,Absent,"2026-04-18 17:23:03"
8,36728,1587,2026-03-01,Present,"2026-04-18 17:23:03"
9,41307,1057,2026-03-01,Absent,"2026-04-18 17:23:03"
10,23744,794,2026-03-10,Present,"2026-04-18 17:23:03"
11,4857,1202,2026-03-03,Present,"2026-04-18 17:23:03"
12,15930,618,2026-03-06,Present,"2026-04-18 17:23:03"
13,31247,1974,2026-03-08,Present,"2026-04-18 17:23:03"
14,42078,624,2026-03-07,Present,"2026-04-18 17:23:03"
15,36291,1524,2026-03-10,Present,"2026-04-18 17:23:03"
16,6429,1951,2026-03-05,Present,"2026-04-18 17:23:03"
17,17563,1487,2026-03-01,Present,"2026-04-18 17:23:03"
18,30819,759,2026-03-08,Present,"2026-04-18 17:23:03"
19,18528,858,2026-03-01,Absent,"2026-04-18 17:23:03"
20,32018,618,2026-03-07,Present,"2026-04-18 17:23:03"
21,44362,1830,2026-03-05,Present,"2026-04-18 17:23:03"
22,10622,1948,2026-03-06,Absent,"2026-04-18 17:23:03"
23,13839,906,2026-03-09,Present,"2026-04-18 17:23:03"
24,44738,584,2026-03-08,Present,"2026-04-18 17:23:03"
25,12054,1675,2026-03-05,Absent,"2026-04-18 17:23:03"
26,21366,964,2026-03-02,Present,"2026-04-18 17:23:03"
27,39365,1374,2026-03-07,Present,"2026-04-18 17:23:03"
28,34667,624,2026-03-07,Present,"2026-04-18 17:23:03"
29,33563,766,2026-03-09,Present,"2026-04-18 17:23:03"
30,49867,1365,2026-03-09,Present,"2026-04-18 17:23:03"
31,15124,881,2026-03-06,Present,"2026-04-18 17:23:03"
32,31414,1587,2026-03-02,Absent,"2026-04-18 17:23:03"
33,4893,618,2026-03-06,Present,"2026-04-18 17:23:03"
34,42322,1553,2026-03-09,Absent,"2026-04-18 17:23:03"
35,865,858,2026-03-10,Present,"2026-04-18 17:23:03"
36,22337,1170,2026-03-09,Present,"2026-04-18 17:23:03"
37,8293,1374,2026-03-04,Present,"2026-04-18 17:23:03"
38,16820,1960,2026-03-02,Present,"2026-04-18 17:23:03"
39,22561,1482,2026-03-02,Present,"2026-04-18 17:23:03"
40,17853,1951,2026-03-08,Present,"2026-04-18 17:23:03"
41,6210,654,2026-03-08,Present,"2026-04-18 17:23:03"
42,3060,1343,2026-03-04,Present,"2026-04-18 17:23:03"
43,26873,1974,2026-03-10,Present,"2026-04-18 17:23:03"
44,30204,808,2026-03-08,Present,"2026-04-18 17:23:03"
45,36201,1202,2026-03-01,Present,"2026-04-18 17:23:03"
46,28031,712,2026-03-08,Present,"2026-04-18 17:23:03"
47,18281,1060,2026-03-02,Present,"2026-04-18 17:23:03"
48,36777,1517,2026-03-09,Present,"2026-04-18 17:23:03"
49,41558,876,2026-03-07,Present,"2026-04-18 17:23:03"
50,49445,735,2026-03-06,Present,"2026-04-18 17:23:03"
51,38989,1914,2026-03-01,Present,"2026-04-18 17:23:03"
52,33730,858,2026-03-05,Present,"2026-04-18 17:23:03"
53,36410,998,2026-03-06,Present,"2026-04-18 17:23:03"
54,40752,1951,2026-03-03,Present,"2026-04-18 17:23:03"
55,46785,1913,2026-03-01,Absent,"2026-04-18 17:23:03"
56,22910,1587,2026-03-03,Present,"2026-04-18 17:23:03"
57,12608,973,2026-03-08,Present,"2026-04-18 17:23:03"
58,32752,1670,2026-03-02,Present,"2026-04-18 17:23:03"
59,12582,1300,2026-03-04,Absent,"2026-04-18 17:23:03"
60,41186,1830,2026-03-08,Present,"2026-04-18 17:23:03"
61,47451,701,2026-03-06,Present,"2026-04-18 17:23:03"
62,2116,1102,2026-03-03,Present,"2026-04-18 17:23:03"
63,40322,1374,2026-03-07,Absent,"2026-04-18 17:23:03"
64,45538,881,2026-03-08,Present,"2026-04-18 17:23:03"
65,18770,794,2026-03-06,Present,"2026-04-18 17:23:03"
66,17140,1055,2026-03-07,Present,"2026-04-18 17:23:03"
67,5158,901,2026-03-10,Present,"2026-04-18 17:23:03"
68,6424,1571,2026-03-04,Present,"2026-04-18 17:23:03"
69,25258,1987,2026-03-01,Present,"2026-04-18 17:23:03"
70,26897,947,2026-03-02,Present,"2026-04-18 17:23:03"
71,45644,1055,2026-03-08,Present,"2026-04-18 17:23:03"
72,14043,712,2026-03-05,Present,"2026-04-18 17:23:03"
73,23801,1004,2026-03-05,Present,"2026-04-18 17:23:03"
74,33756,1057,2026-03-08,Present,"2026-04-18 17:23:03"
75,48469,1787,2026-03-06,Present,"2026-04-18 17:23:03"
76,15395,876,2026-03-08,Absent,"2026-04-18 17:23:03"
77,41308,915,2026-03-09,Present,"2026-04-18 17:23:03"
78,8463,998,2026-03-06,Present,"2026-04-18 17:23:03"
79,7964,559,2026-03-04,Absent,"2026-04-18 17:23:03"
80,8538,573,2026-03-02,Present,"2026-04-18 17:23:03"
81,4857,906,2026-03-07,Present,"2026-04-18 17:23:03"
82,15083,1913,2026-03-01,Present,"2026-04-18 17:23:03"
83,36504,1216,2026-03-07,Absent,"2026-04-18 17:23:03"
84,26991,1974,2026-03-02,Present,"2026-04-18 17:23:03"
85,18477,624,2026-03-05,Present,"2026-04-18 17:23:03"
86,32600,1340,2026-03-05,Present,"2026-04-18 17:23:03"
87,39090,1352,2026-03-02,Present,"2026-04-18 17:23:03"
88,32320,792,2026-03-04,Present,"2026-04-18 17:23:03"
89,14416,1073,2026-03-08,Absent,"2026-04-18 17:23:03"
90,36680,575,2026-03-06,Present,"2026-04-18 17:23:03"
91,27899,1908,2026-03-01,Present,"2026-04-18 17:23:03"
92,9516,792,2026-03-06,Present,"2026-04-18 17:23:03"
93,33339,1422,2026-03-08,Absent,"2026-04-18 17:23:03"
94,4104,814,2026-03-07,Present,"2026-04-18 17:23:03"
95,21255,759,2026-03-10,Absent,"2026-04-18 17:23:03"
96,31592,964,2026-03-01,Absent,"2026-04-18 17:23:03"
97,13079,1060,2026-03-09,Absent,"2026-04-18 17:23:03"
98,7859,1435,2026-03-02,Present,"2026-04-18 17:23:03"
99,27115,915,2026-03-04,Present,"2026-04-18 17:23:03"
100,23969,766,2026-03-04,Present,"2026-04-18 17:23:03"
101,10470,712,2026-03-02,Present,"2026-04-18 17:23:03"
102,3447,1787,2026-03-03,Present,"2026-04-18 17:23:03"
103,21443,618,2026-03-02,Present,"2026-04-18 17:23:03"
104,49824,1184,2026-03-10,Present,"2026-04-18 17:23:03"
105,29552,1004,2026-03-07,Present,"2026-04-18 17:23:03"
106,33352,1253,2026-03-01,Present,"2026-04-18 17:23:03"
107,12552,1675,2026-03-03,Present,"2026-04-18 17:23:03"
108,48144,1055,2026-03-01,Present,"2026-04-18 17:23:03"
109,15323,1216,2026-03-02,Present,"2026-04-18 17:23:03"
110,10559,1170,2026-03-05,Present,"2026-04-18 17:23:03"
111,16364,1202,2026-03-06,Absent,"2026-04-18 17:23:03"
112,48234,1409,2026-03-05,Present,"2026-04-18 17:23:03"
113,22039,1102,2026-03-09,Absent,"2026-04-18 17:23:03"
114,20225,1365,2026-03-07,Present,"2026-04-18 17:23:03"
115,25537,1913,2026-03-02,Present,"2026-04-18 17:23:03"
116,16983,964,2026-03-06,Present,"2026-04-18 17:23:03"
117,47522,1170,2026-03-04,Absent,"2026-04-18 17:23:03"
118,1884,1487,2026-03-05,Present,"2026-04-18 17:23:03"
119,15557,998,2026-03-02,Present,"2026-04-18 17:23:03"
120,31117,1228,2026-03-02,Present,"2026-04-18 17:23:03"
121,34585,618,2026-03-02,Absent,"2026-04-18 17:23:03"
122,7006,1700,2026-03-01,Present,"2026-04-18 17:23:03"
123,47049,998,2026-03-03,Present,"2026-04-18 17:23:03"
124,31247,1974,2026-03-04,Present,"2026-04-18 17:23:03"
125,6563,1754,2026-03-07,Present,"2026-04-18 17:23:03"
126,20611,1834,2026-03-06,Present,"2026-04-18 17:23:03"
127,25878,881,2026-03-05,Present,"2026-04-18 17:23:03"
128,4448,1960,2026-03-04,Present,"2026-04-18 17:23:03"
129,40331,1984,2026-03-02,Present,"2026-04-18 17:23:03"
130,37456,915,2026-03-04,Absent,"2026-04-18 17:23:03"
131,40658,531,2026-03-10,Present,"2026-04-18 17:23:03"
132,9759,1435,2026-03-02,Present,"2026-04-18 17:23:03"
133,15662,1487,2026-03-04,Present,"2026-04-18 17:23:03"
134,11788,916,2026-03-10,Present,"2026-04-18 17:23:03"
135,40988,584,2026-03-03,Present,"2026-04-18 17:23:03"
136,6650,1522,2026-03-08,Present,"2026-04-18 17:23:03"
137,12166,1202,2026-03-04,Present,"2026-04-18 17:23:03"
138,5983,573,2026-03-06,Absent,"2026-04-18 17:23:03"
139,43924,1176,2026-03-04,Present,"2026-04-18 17:23:03"
140,17822,1060,2026-03-06,Absent,"2026-04-18 17:23:03"
141,30130,1757,2026-03-02,Present,"2026-04-18 17:23:03"
142,29694,834,2026-03-05,Present,"2026-04-18 17:23:03"
143,40026,573,2026-03-10,Present,"2026-04-18 17:23:03"
144,17615,1754,2026-03-06,Present,"2026-04-18 17:23:03"
145,38551,906,2026-03-01,Present,"2026-04-18 17:23:03"
146,45602,1292,2026-03-07,Present,"2026-04-18 17:23:03"
147,3294,794,2026-03-07,Present,"2026-04-18 17:23:03"
148,11024,712,2026-03-02,Present,"2026-04-18 17:23:03"
149,7572,947,2026-03-10,Present,"2026-04-18 17:23:03"
150,38402,998,2026-03-09,Present,"2026-04-18 17:23:03"
151,16399,1435,2026-03-07,Present,"2026-04-18 17:23:03"
152,20448,1300,2026-03-07,Present,"2026-04-18 17:23:03"
153,13786,669,2026-03-06,Present,"2026-04-18 17:23:03"
154,7971,531,2026-03-05,Present,"2026-04-18 17:23:03"
155,31468,961,2026-03-08,Present,"2026-04-18 17:23:03"
156,47717,712,2026-03-06,Absent,"2026-04-18 17:23:03"
157,1163,947,2026-03-05,Present,"2026-04-18 17:23:03"
158,43338,1571,2026-03-03,Present,"2026-04-18 17:23:03"
159,16106,794,2026-03-09,Present,"2026-04-18 17:23:03"
160,3239,1060,2026-03-06,Present,"2026-04-18 17:23:03"
161,34359,1333,2026-03-04,Present,"2026-04-18 17:23:03"
162,12195,1787,2026-03-09,Present,"2026-04-18 17:23:03"
163,38999,1913,2026-03-07,Present,"2026-04-18 17:23:03"
164,24344,814,2026-03-09,Present,"2026-04-18 17:23:03"
165,48094,1057,2026-03-02,Present,"2026-04-18 17:23:03"
166,6607,1553,2026-03-01,Present,"2026-04-18 17:23:03"
167,44670,1908,2026-03-06,Absent,"2026-04-18 17:23:03"
168,25026,1228,2026-03-02,Present,"2026-04-18 17:23:03"
169,26649,915,2026-03-03,Present,"2026-04-18 17:23:03"
170,43839,531,2026-03-01,Present,"2026-04-18 17:23:03"
171,10208,1359,2026-03-01,Present,"2026-04-18 17:23:03"
172,46442,1830,2026-03-06,Present,"2026-04-18 17:23:03"
173,962,1914,2026-03-10,Present,"2026-04-18 17:23:03"
174,36245,1060,2026-03-04,Absent,"2026-04-18 17:23:03"
175,12846,1184,2026-03-07,Present,"2026-04-18 17:23:03"
176,5108,1253,2026-03-06,Absent,"2026-04-18 17:23:03"
177,26754,916,2026-03-04,Present,"2026-04-18 17:23:03"
178,18456,901,2026-03-08,Present,"2026-04-18 17:23:03"
179,16866,624,2026-03-01,Present,"2026-04-18 17:23:03"
180,1435,1571,2026-03-03,Present,"2026-04-18 17:23:03"
181,39235,1524,2026-03-01,Present,"2026-04-18 17:23:03"
182,43716,1522,2026-03-06,Present,"2026-04-18 17:23:03"
183,23289,618,2026-03-07,Present,"2026-04-18 17:23:03"
184,16570,756,2026-03-08,Present,"2026-04-18 17:23:03"
185,42500,1292,2026-03-04,Present,"2026-04-18 17:23:03"
186,44572,1184,2026-03-06,Present,"2026-04-18 17:23:03"
187,31649,1538,2026-03-05,Present,"2026-04-18 17:23:03"
188,44718,947,2026-03-06,Present,"2026-04-18 17:23:03"
189,35593,1060,2026-03-05,Present,"2026-04-18 17:23:03"
190,32432,1333,2026-03-06,Present,"2026-04-18 17:23:03"
191,42490,1974,2026-03-01,Present,"2026-04-18 17:23:03"
192,23001,1984,2026-03-07,Present,"2026-04-18 17:23:03"
193,9906,915,2026-03-09,Present,"2026-04-18 17:23:03"
194,42199,1778,2026-03-03,Present,"2026-04-18 17:23:03"
195,37822,1170,2026-03-02,Present,"2026-04-18 17:23:03"
196,43711,584,2026-03-01,Present,"2026-04-18 17:23:03"
197,23868,712,2026-03-05,Present,"2026-04-18 17:23:03"
198,19624,1374,2026-03-06,Present,"2026-04-18 17:23:03"
199,10397,1677,2026-03-09,Present,"2026-04-18 17:23:03"
200,12568,1374,2026-03-05,Present,"2026-04-18 17:23:03"
201,28562,1974,2026-03-06,Absent,"2026-04-18 17:23:03"
202,2520,1571,2026-03-05,Present,"2026-04-18 17:23:03"
203,7794,1184,2026-03-02,Present,"2026-04-18 17:23:03"
204,5475,1340,2026-03-10,Present,"2026-04-18 17:23:03"
205,9028,1216,2026-03-03,Absent,"2026-04-18 17:23:03"
206,6512,916,2026-03-07,Present,"2026-04-18 17:23:03"
207,21228,1524,2026-03-02,Present,"2026-04-18 17:23:03"
208,31558,669,2026-03-07,Present,"2026-04-18 17:23:03"
209,8958,1340,2026-03-02,Present,"2026-04-18 17:23:03"
210,40501,1055,2026-03-10,Present,"2026-04-18 17:23:03"
211,22725,1333,2026-03-09,Present,"2026-04-18 17:23:03"
212,31146,624,2026-03-03,Absent,"2026-04-18 17:23:03"
213,34137,881,2026-03-07,Present,"2026-04-18 17:23:03"
214,23339,1004,2026-03-01,Present,"2026-04-18 17:23:03"
215,1527,756,2026-03-05,Present,"2026-04-18 17:23:03"
216,45005,1482,2026-03-03,Present,"2026-04-18 17:23:03"
217,49368,947,2026-03-06,Present,"2026-04-18 17:23:03"
218,22165,575,2026-03-04,Present,"2026-04-18 17:23:03"
219,49797,1787,2026-03-06,Present,"2026-04-18 17:23:03"
220,40233,1176,2026-03-08,Present,"2026-04-18 17:23:03"
221,19608,794,2026-03-02,Present,"2026-04-18 17:23:03"
222,31946,1034,2026-03-10,Present,"2026-04-18 17:23:03"
223,29578,1055,2026-03-06,Present,"2026-04-18 17:23:03"
224,43716,1522,2026-03-10,Present,"2026-04-18 17:23:03"
225,16232,1571,2026-03-06,Absent,"2026-04-18 17:23:03"
226,37583,794,2026-03-06,Present,"2026-04-18 17:23:03"
227,40085,1984,2026-03-05,Present,"2026-04-18 17:23:03"
228,32562,1524,2026-03-03,Present,"2026-04-18 17:23:03"
229,11029,575,2026-03-01,Absent,"2026-04-18 17:23:03"
230,46162,911,2026-03-03,Present,"2026-04-18 17:23:03"
231,3831,794,2026-03-09,Present,"2026-04-18 17:23:03"
232,47506,1057,2026-03-03,Present,"2026-04-18 17:23:03"
233,20851,1228,2026-03-07,Present,"2026-04-18 17:23:03"
234,9885,573,2026-03-05,Present,"2026-04-18 17:23:03"
235,25930,759,2026-03-08,Present,"2026-04-18 17:23:03"
236,15119,808,2026-03-03,Present,"2026-04-18 17:23:03"
237,31426,1754,2026-03-08,Absent,"2026-04-18 17:23:03"
238,10822,1913,2026-03-01,Present,"2026-04-18 17:23:03"
239,11824,618,2026-03-09,Present,"2026-04-18 17:23:03"
240,31710,1754,2026-03-05,Present,"2026-04-18 17:23:03"
241,20029,1292,2026-03-04,Present,"2026-04-18 17:23:03"
242,15496,962,2026-03-04,Absent,"2026-04-18 17:23:03"
243,1426,1987,2026-03-08,Present,"2026-04-18 17:23:03"
244,13684,1678,2026-03-07,Present,"2026-04-18 17:23:03"
245,42555,1343,2026-03-05,Present,"2026-04-18 17:23:03"
246,9612,513,2026-03-10,Absent,"2026-04-18 17:23:03"
247,23157,1036,2026-03-01,Present,"2026-04-18 17:23:03"
248,21706,1409,2026-03-03,Present,"2026-04-18 17:23:03"
249,3340,1343,2026-03-06,Present,"2026-04-18 17:23:03"
250,5353,1036,2026-03-07,Present,"2026-04-18 17:23:03"
251,6461,858,2026-03-04,Present,"2026-04-18 17:23:03"
252,40261,669,2026-03-07,Present,"2026-04-18 17:23:03"
253,9459,1949,2026-03-03,Present,"2026-04-18 17:23:03"
254,12357,834,2026-03-02,Present,"2026-04-18 17:23:03"
255,26127,575,2026-03-05,Present,"2026-04-18 17:23:03"
256,2063,1700,2026-03-01,Present,"2026-04-18 17:23:03"
257,473,1170,2026-03-03,Present,"2026-04-18 17:23:03"
258,6235,1036,2026-03-09,Absent,"2026-04-18 17:23:03"
259,32084,858,2026-03-08,Absent,"2026-04-18 17:23:03"
260,33235,1960,2026-03-02,Present,"2026-04-18 17:23:03"
261,21814,1170,2026-03-06,Present,"2026-04-18 17:23:03"
262,22070,1422,2026-03-09,Present,"2026-04-18 17:23:03"
263,4032,1670,2026-03-03,Present,"2026-04-18 17:23:03"
264,34038,1834,2026-03-01,Absent,"2026-04-18 17:23:03"
265,48283,573,2026-03-07,Present,"2026-04-18 17:23:03"
266,20697,1678,2026-03-09,Absent,"2026-04-18 17:23:03"
267,16105,962,2026-03-07,Absent,"2026-04-18 17:23:03"
268,35130,808,2026-03-07,Present,"2026-04-18 17:23:03"
269,46832,1677,2026-03-03,Present,"2026-04-18 17:23:03"
270,211,1487,2026-03-03,Present,"2026-04-18 17:23:03"
271,10983,876,2026-03-05,Present,"2026-04-18 17:23:03"
272,19874,669,2026-03-04,Present,"2026-04-18 17:23:03"
273,12768,1787,2026-03-05,Present,"2026-04-18 17:23:03"
274,10653,1677,2026-03-04,Present,"2026-04-18 17:23:03"
275,49921,1300,2026-03-09,Absent,"2026-04-18 17:23:03"
276,49938,1374,2026-03-08,Present,"2026-04-18 17:23:03"
277,12074,1677,2026-03-08,Absent,"2026-04-18 17:23:03"
278,15127,1374,2026-03-06,Absent,"2026-04-18 17:23:03"
279,10858,669,2026-03-08,Present,"2026-04-18 17:23:03"
280,26754,1102,2026-03-03,Present,"2026-04-18 17:23:03"
281,21030,1036,2026-03-09,Present,"2026-04-18 17:23:03"
282,29300,1960,2026-03-07,Present,"2026-04-18 17:23:03"
283,13053,961,2026-03-09,Present,"2026-04-18 17:23:03"
284,22407,1670,2026-03-05,Present,"2026-04-18 17:23:03"
285,15623,1202,2026-03-03,Absent,"2026-04-18 17:23:03"
286,2442,1102,2026-03-07,Present,"2026-04-18 17:23:03"
287,25602,1987,2026-03-01,Present,"2026-04-18 17:23:03"
288,48646,1164,2026-03-10,Present,"2026-04-18 17:23:03"
289,6890,1830,2026-03-04,Present,"2026-04-18 17:23:03"
290,13884,792,2026-03-10,Present,"2026-04-18 17:23:03"
291,47764,1951,2026-03-08,Absent,"2026-04-18 17:23:03"
292,14675,759,2026-03-06,Absent,"2026-04-18 17:23:03"
293,650,1034,2026-03-08,Present,"2026-04-18 17:23:03"
294,49083,962,2026-03-08,Present,"2026-04-18 17:23:03"
295,36222,947,2026-03-03,Absent,"2026-04-18 17:23:03"
296,23961,1914,2026-03-06,Present,"2026-04-18 17:23:03"
297,8336,1571,2026-03-07,Present,"2026-04-18 17:23:03"
298,23889,1913,2026-03-03,Present,"2026-04-18 17:23:03"
299,25005,1340,2026-03-03,Present,"2026-04-18 17:23:03"
300,31799,1974,2026-03-05,Present,"2026-04-18 17:23:03"
301,16477,1538,2026-03-06,Present,"2026-04-18 17:23:03"
302,11596,573,2026-03-09,Present,"2026-04-18 17:23:03"
303,13249,756,2026-03-06,Absent,"2026-04-18 17:23:03"
304,44606,766,2026-03-09,Present,"2026-04-18 17:23:03"
305,20483,1913,2026-03-01,Present,"2026-04-18 17:23:03"
306,11118,756,2026-03-09,Present,"2026-04-18 17:23:03"
307,18712,1228,2026-03-01,Absent,"2026-04-18 17:23:03"
308,10671,911,2026-03-02,Absent,"2026-04-18 17:23:03"
309,33070,1524,2026-03-01,Present,"2026-04-18 17:23:03"
310,9113,1913,2026-03-08,Present,"2026-04-18 17:23:03"
311,29101,1184,2026-03-03,Absent,"2026-04-18 17:23:03"
312,6847,1677,2026-03-09,Present,"2026-04-18 17:23:03"
313,3618,1675,2026-03-02,Present,"2026-04-18 17:23:03"
314,9859,712,2026-03-09,Present,"2026-04-18 17:23:03"
315,39572,1517,2026-03-01,Present,"2026-04-18 17:23:03"
316,11869,759,2026-03-01,Absent,"2026-04-18 17:23:03"
317,9776,1057,2026-03-07,Absent,"2026-04-18 17:23:03"
318,12759,1374,2026-03-10,Present,"2026-04-18 17:23:03"
319,5287,1057,2026-03-09,Present,"2026-04-18 17:23:03"
320,31186,1951,2026-03-01,Present,"2026-04-18 17:23:03"
321,11940,1778,2026-03-08,Present,"2026-04-18 17:23:03"
322,35697,1333,2026-03-01,Present,"2026-04-18 17:23:03"
323,9177,915,2026-03-08,Present,"2026-04-18 17:23:03"
324,5328,1834,2026-03-06,Absent,"2026-04-18 17:23:03"
325,2360,1914,2026-03-01,Present,"2026-04-18 17:23:03"
326,13411,1700,2026-03-01,Present,"2026-04-18 17:23:03"
327,7810,1184,2026-03-05,Present,"2026-04-18 17:23:03"
328,3340,1974,2026-03-03,Absent,"2026-04-18 17:23:03"
329,1912,1333,2026-03-04,Present,"2026-04-18 17:23:03"
330,16673,1212,2026-03-03,Present,"2026-04-18 17:23:03"
331,28729,1677,2026-03-04,Present,"2026-04-18 17:23:03"
332,44193,998,2026-03-02,Present,"2026-04-18 17:23:03"
333,11678,1409,2026-03-08,Absent,"2026-04-18 17:23:03"
334,26318,1176,2026-03-01,Present,"2026-04-18 17:23:03"
335,16622,1587,2026-03-03,Absent,"2026-04-18 17:23:03"
336,1299,735,2026-03-09,Absent,"2026-04-18 17:23:03"
337,18879,1670,2026-03-02,Present,"2026-04-18 17:23:03"
338,34887,1292,2026-03-02,Absent,"2026-04-18 17:23:03"
339,22147,964,2026-03-06,Present,"2026-04-18 17:23:03"
340,46953,759,2026-03-07,Absent,"2026-04-18 17:23:03"
341,12115,1374,2026-03-09,Present,"2026-04-18 17:23:03"
342,49682,1352,2026-03-02,Present,"2026-04-18 17:23:03"
343,35280,1974,2026-03-09,Present,"2026-04-18 17:23:03"
344,3703,1184,2026-03-03,Present,"2026-04-18 17:23:03"
345,31955,669,2026-03-08,Present,"2026-04-18 17:23:03"
346,35669,876,2026-03-06,Present,"2026-04-18 17:23:03"
347,28530,1055,2026-03-05,Present,"2026-04-18 17:23:03"
348,28809,915,2026-03-05,Present,"2026-04-18 17:23:03"
349,36704,1948,2026-03-02,Present,"2026-04-18 17:23:03"
350,4889,1359,2026-03-10,Present,"2026-04-18 17:23:03"
351,48336,1184,2026-03-10,Absent,"2026-04-18 17:23:03"
352,23489,1435,2026-03-05,Present,"2026-04-18 17:23:03"
353,15228,759,2026-03-08,Present,"2026-04-18 17:23:03"
354,10191,1005,2026-03-07,Present,"2026-04-18 17:23:03"
355,5622,1300,2026-03-02,Present,"2026-04-18 17:23:03"
356,48144,1055,2026-03-10,Present,"2026-04-18 17:23:03"
357,21649,1571,2026-03-06,Present,"2026-04-18 17:23:03"
358,7211,1352,2026-03-06,Present,"2026-04-18 17:23:03"
359,31191,559,2026-03-06,Present,"2026-04-18 17:23:03"
360,31514,1340,2026-03-04,Present,"2026-04-18 17:23:03"
361,37457,947,2026-03-05,Present,"2026-04-18 17:23:03"
362,13092,1677,2026-03-02,Present,"2026-04-18 17:23:03"
363,36805,1060,2026-03-03,Present,"2026-04-18 17:23:03"
364,45698,947,2026-03-10,Present,"2026-04-18 17:23:03"
365,7213,766,2026-03-09,Present,"2026-04-18 17:23:03"
366,10191,1005,2026-03-01,Present,"2026-04-18 17:23:03"
367,49738,1754,2026-03-03,Present,"2026-04-18 17:23:03"
368,37633,766,2026-03-08,Absent,"2026-04-18 17:23:03"
369,14927,961,2026-03-03,Absent,"2026-04-18 17:23:03"
370,8833,947,2026-03-01,Absent,"2026-04-18 17:23:03"
371,19263,1034,2026-03-06,Present,"2026-04-18 17:23:03"
372,247,792,2026-03-09,Absent,"2026-04-18 17:23:03"
373,17737,1101,2026-03-09,Present,"2026-04-18 17:23:03"
374,31287,712,2026-03-10,Present,"2026-04-18 17:23:03"
375,43591,1700,2026-03-07,Present,"2026-04-18 17:23:03"
376,4804,1757,2026-03-02,Present,"2026-04-18 17:23:03"
377,5372,1524,2026-03-10,Present,"2026-04-18 17:23:03"
378,4128,766,2026-03-04,Present,"2026-04-18 17:23:03"
379,31973,1522,2026-03-02,Present,"2026-04-18 17:23:03"
380,13947,794,2026-03-09,Present,"2026-04-18 17:23:03"
381,13724,1365,2026-03-07,Present,"2026-04-18 17:23:03"
382,44315,1292,2026-03-10,Absent,"2026-04-18 17:23:03"
383,17344,1960,2026-03-03,Present,"2026-04-18 17:23:03"
384,19590,1333,2026-03-01,Present,"2026-04-18 17:23:03"
385,8573,962,2026-03-03,Present,"2026-04-18 17:23:03"
386,46745,1974,2026-03-04,Absent,"2026-04-18 17:23:03"
387,43063,1834,2026-03-08,Absent,"2026-04-18 17:23:03"
388,34139,1176,2026-03-08,Present,"2026-04-18 17:23:03"
389,40774,1300,2026-03-03,Present,"2026-04-18 17:23:03"
390,18237,1253,2026-03-08,Present,"2026-04-18 17:23:03"
391,1368,876,2026-03-09,Present,"2026-04-18 17:23:03"
392,19484,756,2026-03-07,Present,"2026-04-18 17:23:03"
393,21724,1754,2026-03-01,Absent,"2026-04-18 17:23:03"
394,40849,701,2026-03-08,Present,"2026-04-18 17:23:03"
395,5353,1914,2026-03-08,Present,"2026-04-18 17:23:03"
396,49728,1949,2026-03-04,Absent,"2026-04-18 17:23:03"
397,38382,1216,2026-03-09,Present,"2026-04-18 17:23:03"
398,9398,712,2026-03-03,Present,"2026-04-18 17:23:03"
399,10107,1101,2026-03-06,Present,"2026-04-18 17:23:03"
400,40366,998,2026-03-02,Present,"2026-04-18 17:23:03"
401,15932,1073,2026-03-02,Present,"2026-04-18 17:23:03"
402,11366,1587,2026-03-01,Present,"2026-04-18 17:23:03"
403,35830,964,2026-03-07,Present,"2026-04-18 17:23:03"
404,48225,1553,2026-03-05,Present,"2026-04-18 17:23:03"
405,5475,1170,2026-03-06,Present,"2026-04-18 17:23:03"
406,26151,1987,2026-03-01,Present,"2026-04-18 17:23:03"
407,43100,1778,2026-03-01,Absent,"2026-04-18 17:23:03"
408,27822,1522,2026-03-04,Absent,"2026-04-18 17:23:03"
409,10494,916,2026-03-07,Present,"2026-04-18 17:23:03"
410,23132,1228,2026-03-05,Present,"2026-04-18 17:23:03"
411,19614,1670,2026-03-04,Present,"2026-04-18 17:23:03"
412,8170,911,2026-03-03,Present,"2026-04-18 17:23:03"
413,9008,1036,2026-03-06,Absent,"2026-04-18 17:23:03"
414,47563,1340,2026-03-06,Present,"2026-04-18 17:23:03"
415,3944,1787,2026-03-09,Absent,"2026-04-18 17:23:03"
416,38009,911,2026-03-06,Absent,"2026-04-18 17:23:03"
417,35546,756,2026-03-02,Present,"2026-04-18 17:23:03"
418,46955,1677,2026-03-05,Present,"2026-04-18 17:23:03"
419,42384,1202,2026-03-09,Present,"2026-04-18 17:23:03"
420,18433,915,2026-03-03,Present,"2026-04-18 17:23:03"
421,21071,1300,2026-03-08,Present,"2026-04-18 17:23:03"
422,18098,1913,2026-03-02,Present,"2026-04-18 17:23:03"
423,6229,1949,2026-03-02,Absent,"2026-04-18 17:23:03"
424,14586,814,2026-03-08,Absent,"2026-04-18 17:23:03"
425,20834,1598,2026-03-03,Present,"2026-04-18 17:23:03"
426,10539,794,2026-03-09,Present,"2026-04-18 17:23:03"
427,48013,1184,2026-03-07,Present,"2026-04-18 17:23:03"
428,42338,584,2026-03-04,Present,"2026-04-18 17:23:03"
429,9993,1522,2026-03-10,Present,"2026-04-18 17:23:03"
430,37067,1787,2026-03-01,Present,"2026-04-18 17:23:03"
431,23196,1176,2026-03-04,Absent,"2026-04-18 17:23:03"
432,47902,1435,2026-03-01,Present,"2026-04-18 17:23:03"
433,23336,1212,2026-03-03,Present,"2026-04-18 17:23:03"
434,14682,1176,2026-03-10,Absent,"2026-04-18 17:23:03"
435,21426,559,2026-03-06,Present,"2026-04-18 17:23:03"
436,34694,654,2026-03-02,Present,"2026-04-18 17:23:03"
437,47517,1830,2026-03-09,Present,"2026-04-18 17:23:03"
438,22014,947,2026-03-03,Present,"2026-04-18 17:23:03"
439,47517,1102,2026-03-03,Present,"2026-04-18 17:23:03"
440,30338,961,2026-03-10,Absent,"2026-04-18 17:23:03"
441,2880,756,2026-03-04,Absent,"2026-04-18 17:23:03"
442,3912,669,2026-03-03,Present,"2026-04-18 17:23:03"
443,23506,1757,2026-03-10,Present,"2026-04-18 17:23:03"
444,30844,1757,2026-03-04,Present,"2026-04-18 17:23:03"
445,36792,1102,2026-03-08,Present,"2026-04-18 17:23:03"
446,14678,1951,2026-03-05,Present,"2026-04-18 17:23:03"
447,46693,1834,2026-03-03,Present,"2026-04-18 17:23:03"
448,12519,1757,2026-03-02,Present,"2026-04-18 17:23:03"
449,17485,973,2026-03-02,Present,"2026-04-18 17:23:03"
450,37382,1036,2026-03-10,Absent,"2026-04-18 17:23:03"
451,24740,756,2026-03-05,Present,"2026-04-18 17:23:03"
452,12066,1060,2026-03-07,Present,"2026-04-18 17:23:03"
453,20756,1409,2026-03-05,Present,"2026-04-18 17:23:03"
454,41710,1101,2026-03-01,Present,"2026-04-18 17:23:03"
455,15597,1409,2026-03-04,Absent,"2026-04-18 17:23:03"
456,29021,1292,2026-03-02,Present,"2026-04-18 17:23:03"
457,39129,1202,2026-03-02,Absent,"2026-04-18 17:23:03"
458,11407,1598,2026-03-04,Present,"2026-04-18 17:23:03"
459,15604,1948,2026-03-06,Present,"2026-04-18 17:23:03"
460,36869,906,2026-03-03,Present,"2026-04-18 17:23:03"
461,41354,916,2026-03-10,Absent,"2026-04-18 17:23:03"
462,42001,794,2026-03-10,Present,"2026-04-18 17:23:03"
463,44364,1960,2026-03-07,Present,"2026-04-18 17:23:03"
464,19884,1555,2026-03-07,Present,"2026-04-18 17:23:03"
465,9374,998,2026-03-07,Present,"2026-04-18 17:23:03"
466,9782,1675,2026-03-10,Present,"2026-04-18 17:23:03"
467,14389,1949,2026-03-04,Absent,"2026-04-18 17:23:03"
468,24863,1951,2026-03-05,Present,"2026-04-18 17:23:03"
469,32701,1948,2026-03-05,Present,"2026-04-18 17:23:03"
470,49456,792,2026-03-09,Present,"2026-04-18 17:23:03"
471,44755,1757,2026-03-05,Present,"2026-04-18 17:23:03"
472,29963,1553,2026-03-07,Present,"2026-04-18 17:23:03"
473,24399,1949,2026-03-01,Present,"2026-04-18 17:23:03"
474,41644,1216,2026-03-09,Present,"2026-04-18 17:23:03"
475,18202,1055,2026-03-02,Present,"2026-04-18 17:23:03"
476,13525,1359,2026-03-04,Present,"2026-04-18 17:23:03"
477,31610,1164,2026-03-10,Present,"2026-04-18 17:23:03"
478,18759,1677,2026-03-05,Present,"2026-04-18 17:23:03"
479,11969,1974,2026-03-03,Present,"2026-04-18 17:23:03"
480,19141,1228,2026-03-04,Present,"2026-04-18 17:23:03"
481,5387,1435,2026-03-06,Present,"2026-04-18 17:23:03"
482,43446,559,2026-03-10,Absent,"2026-04-18 17:23:03"
483,41883,962,2026-03-07,Absent,"2026-04-18 17:23:03"
484,20292,858,2026-03-10,Absent,"2026-04-18 17:23:03"
485,41723,1960,2026-03-07,Present,"2026-04-18 17:23:03"
486,46824,794,2026-03-07,Present,"2026-04-18 17:23:03"
487,9802,961,2026-03-01,Present,"2026-04-18 17:23:03"
488,23023,901,2026-03-05,Present,"2026-04-18 17:23:03"
489,14479,1004,2026-03-09,Present,"2026-04-18 17:23:03"
490,13461,1522,2026-03-02,Present,"2026-04-18 17:23:03"
491,43755,1359,2026-03-04,Present,"2026-04-18 17:23:03"
492,48057,701,2026-03-07,Present,"2026-04-18 17:23:03"
493,1469,1228,2026-03-01,Present,"2026-04-18 17:23:03"
494,34112,1984,2026-03-01,Present,"2026-04-18 17:23:03"
495,6704,1409,2026-03-01,Present,"2026-04-18 17:23:03"
496,16840,1517,2026-03-05,Present,"2026-04-18 17:23:03"
497,42656,1987,2026-03-09,Present,"2026-04-18 17:23:03"
498,19319,906,2026-03-04,Absent,"2026-04-18 17:23:03"
499,36186,756,2026-03-06,Present,"2026-04-18 17:23:03"
500,883,1908,2026-03-03,Present,"2026-04-18 17:23:03"
501,12674,712,2026-03-03,Present,"2026-04-18 17:23:03"
502,36376,947,2026-03-05,Present,"2026-04-18 17:23:03"
503,38453,1830,2026-03-09,Present,"2026-04-18 17:23:03"
504,29327,1073,2026-03-09,Present,"2026-04-18 17:23:03"
505,21309,1164,2026-03-09,Absent,"2026-04-18 17:23:03"
506,5287,1834,2026-03-05,Absent,"2026-04-18 17:23:03"
507,15993,1352,2026-03-08,Absent,"2026-04-18 17:23:03"
508,8758,1677,2026-03-09,Present,"2026-04-18 17:23:03"
509,35122,669,2026-03-06,Present,"2026-04-18 17:23:03"
510,11139,584,2026-03-06,Absent,"2026-04-18 17:23:03"
511,1302,1700,2026-03-03,Present,"2026-04-18 17:23:03"
512,48594,1951,2026-03-01,Present,"2026-04-18 17:23:03"
513,27585,1522,2026-03-10,Present,"2026-04-18 17:23:03"
514,47771,1517,2026-03-08,Present,"2026-04-18 17:23:03"
515,23411,1333,2026-03-08,Present,"2026-04-18 17:23:03"
516,49941,1908,2026-03-10,Present,"2026-04-18 17:23:03"
517,5017,712,2026-03-08,Absent,"2026-04-18 17:23:03"
518,15943,766,2026-03-10,Present,"2026-04-18 17:23:03"
519,14398,584,2026-03-10,Present,"2026-04-18 17:23:03"
520,41821,792,2026-03-05,Present,"2026-04-18 17:23:03"
521,21463,1834,2026-03-03,Present,"2026-04-18 17:23:03"
522,25935,759,2026-03-05,Present,"2026-04-18 17:23:03"
523,44853,1914,2026-03-05,Present,"2026-04-18 17:23:03"
524,18843,1522,2026-03-09,Present,"2026-04-18 17:23:03"
525,47732,1524,2026-03-03,Present,"2026-04-18 17:23:03"
526,3843,735,2026-03-05,Present,"2026-04-18 17:23:03"
527,2370,1055,2026-03-06,Present,"2026-04-18 17:23:03"
528,24504,1055,2026-03-08,Absent,"2026-04-18 17:23:03"
529,43339,1101,2026-03-02,Present,"2026-04-18 17:23:03"
530,26689,1496,2026-03-09,Present,"2026-04-18 17:23:03"
531,17678,962,2026-03-09,Present,"2026-04-18 17:23:03"
532,42251,961,2026-03-08,Present,"2026-04-18 17:23:03"
533,31525,947,2026-03-04,Present,"2026-04-18 17:23:03"
534,31597,1987,2026-03-08,Present,"2026-04-18 17:23:03"
535,48929,1834,2026-03-03,Present,"2026-04-18 17:23:03"
536,2107,1587,2026-03-09,Present,"2026-04-18 17:23:03"
537,44644,1184,2026-03-01,Absent,"2026-04-18 17:23:03"
538,15309,669,2026-03-09,Absent,"2026-04-18 17:23:03"
539,20986,1422,2026-03-02,Present,"2026-04-18 17:23:03"
540,37367,1352,2026-03-03,Present,"2026-04-18 17:23:03"
541,47830,712,2026-03-09,Absent,"2026-04-18 17:23:03"
542,15239,1949,2026-03-06,Present,"2026-04-18 17:23:03"
543,589,1677,2026-03-03,Present,"2026-04-18 17:23:03"
544,47797,1216,2026-03-08,Present,"2026-04-18 17:23:03"
545,28143,1300,2026-03-07,Present,"2026-04-18 17:23:03"
546,14671,701,2026-03-02,Present,"2026-04-18 17:23:03"
547,16160,1754,2026-03-08,Absent,"2026-04-18 17:23:03"
548,28358,575,2026-03-09,Absent,"2026-04-18 17:23:03"
549,23971,1948,2026-03-06,Present,"2026-04-18 17:23:03"
550,8576,973,2026-03-03,Present,"2026-04-18 17:23:03"
551,31902,1553,2026-03-05,Present,"2026-04-18 17:23:03"
552,44820,1678,2026-03-10,Present,"2026-04-18 17:23:03"
553,22874,712,2026-03-07,Absent,"2026-04-18 17:23:03"
554,43455,1212,2026-03-04,Present,"2026-04-18 17:23:03"
555,49623,1571,2026-03-02,Present,"2026-04-18 17:23:03"
556,38917,961,2026-03-02,Present,"2026-04-18 17:23:03"
557,16217,1984,2026-03-08,Present,"2026-04-18 17:23:03"
558,22364,1754,2026-03-09,Present,"2026-04-18 17:23:03"
559,2628,1487,2026-03-09,Present,"2026-04-18 17:23:03"
560,7021,624,2026-03-09,Present,"2026-04-18 17:23:03"
561,32214,1292,2026-03-05,Present,"2026-04-18 17:23:03"
562,10641,1913,2026-03-08,Present,"2026-04-18 17:23:03"
563,40611,1482,2026-03-01,Present,"2026-04-18 17:23:03"
564,44518,1914,2026-03-03,Present,"2026-04-18 17:23:03"
565,8038,1409,2026-03-10,Present,"2026-04-18 17:23:03"
566,8517,669,2026-03-09,Absent,"2026-04-18 17:23:03"
567,22688,1352,2026-03-08,Absent,"2026-04-18 17:23:03"
568,32062,1754,2026-03-10,Present,"2026-04-18 17:23:03"
569,1720,1005,2026-03-01,Present,"2026-04-18 17:23:03"
570,24504,1524,2026-03-01,Present,"2026-04-18 17:23:03"
571,16470,654,2026-03-10,Present,"2026-04-18 17:23:03"
572,3806,1374,2026-03-07,Present,"2026-04-18 17:23:03"
573,32319,1060,2026-03-08,Absent,"2026-04-18 17:23:03"
574,2346,947,2026-03-03,Absent,"2026-04-18 17:23:03"
575,37828,1951,2026-03-10,Present,"2026-04-18 17:23:03"
576,11314,1152,2026-03-04,Present,"2026-04-18 17:23:03"
577,18237,1212,2026-03-01,Present,"2026-04-18 17:23:03"
578,44963,1365,2026-03-09,Absent,"2026-04-18 17:23:03"
579,23659,1984,2026-03-09,Present,"2026-04-18 17:23:03"
580,34768,1987,2026-03-05,Present,"2026-04-18 17:23:03"
581,12444,1553,2026-03-10,Present,"2026-04-18 17:23:03"
582,13270,1352,2026-03-08,Present,"2026-04-18 17:23:03"
583,19088,1333,2026-03-10,Present,"2026-04-18 17:23:03"
584,10546,858,2026-03-01,Absent,"2026-04-18 17:23:03"
585,38314,1176,2026-03-09,Present,"2026-04-18 17:23:03"
586,18989,1055,2026-03-04,Present,"2026-04-18 17:23:03"
587,38436,1170,2026-03-07,Present,"2026-04-18 17:23:03"
588,45872,834,2026-03-06,Present,"2026-04-18 17:23:03"
589,10536,1034,2026-03-08,Absent,"2026-04-18 17:23:03"
590,18526,961,2026-03-09,Present,"2026-04-18 17:23:03"
591,43614,1757,2026-03-08,Present,"2026-04-18 17:23:03"
592,7063,584,2026-03-10,Present,"2026-04-18 17:23:03"
593,47735,766,2026-03-10,Present,"2026-04-18 17:23:03"
594,25692,759,2026-03-09,Absent,"2026-04-18 17:23:03"
595,3000,1598,2026-03-03,Present,"2026-04-18 17:23:03"
596,45099,1352,2026-03-05,Present,"2026-04-18 17:23:03"
597,40598,1754,2026-03-02,Present,"2026-04-18 17:23:03"
598,19791,1984,2026-03-02,Present,"2026-04-18 17:23:03"
599,22407,1409,2026-03-08,Absent,"2026-04-18 17:23:03"
600,11407,1598,2026-03-06,Present,"2026-04-18 17:23:03"
601,14005,1949,2026-03-04,Present,"2026-04-18 17:23:03"
602,45183,1517,2026-03-03,Present,"2026-04-18 17:23:03"
603,41045,792,2026-03-01,Present,"2026-04-18 17:23:03"
604,40504,1202,2026-03-05,Present,"2026-04-18 17:23:03"
605,3806,1164,2026-03-01,Present,"2026-04-18 17:23:03"
606,12381,906,2026-03-09,Absent,"2026-04-18 17:23:03"
607,30140,1409,2026-03-08,Present,"2026-04-18 17:23:03"
608,11502,584,2026-03-01,Present,"2026-04-18 17:23:03"
609,9790,1670,2026-03-05,Present,"2026-04-18 17:23:03"
610,2351,1374,2026-03-09,Present,"2026-04-18 17:23:03"
611,29116,701,2026-03-05,Present,"2026-04-18 17:23:03"
612,23708,766,2026-03-09,Present,"2026-04-18 17:23:03"
613,15979,962,2026-03-02,Present,"2026-04-18 17:23:03"
614,2526,1778,2026-03-03,Present,"2026-04-18 17:23:03"
615,33216,701,2026-03-05,Present,"2026-04-18 17:23:03"
616,2178,1101,2026-03-09,Present,"2026-04-18 17:23:03"
617,47398,1598,2026-03-08,Absent,"2026-04-18 17:23:03"
618,41157,559,2026-03-01,Absent,"2026-04-18 17:23:03"
619,23697,1004,2026-03-10,Present,"2026-04-18 17:23:03"
620,31071,915,2026-03-10,Present,"2026-04-18 17:23:03"
621,14601,858,2026-03-09,Present,"2026-04-18 17:23:03"
622,33014,1830,2026-03-10,Present,"2026-04-18 17:23:03"
623,35066,1216,2026-03-07,Present,"2026-04-18 17:23:03"
624,29126,1212,2026-03-08,Present,"2026-04-18 17:23:03"
625,23637,575,2026-03-03,Present,"2026-04-18 17:23:03"
626,25000,1678,2026-03-02,Present,"2026-04-18 17:23:03"
627,28787,916,2026-03-05,Present,"2026-04-18 17:23:03"
628,21350,1951,2026-03-10,Present,"2026-04-18 17:23:03"
629,32557,1787,2026-03-10,Present,"2026-04-18 17:23:03"
630,46765,1496,2026-03-01,Absent,"2026-04-18 17:23:03"
631,12118,1960,2026-03-05,Present,"2026-04-18 17:23:03"
632,33463,1176,2026-03-06,Present,"2026-04-18 17:23:03"
633,19796,1060,2026-03-09,Present,"2026-04-18 17:23:03"
634,12077,559,2026-03-09,Present,"2026-04-18 17:23:03"
635,3830,1949,2026-03-01,Present,"2026-04-18 17:23:03"
636,35388,573,2026-03-07,Present,"2026-04-18 17:23:03"
637,2218,1102,2026-03-04,Present,"2026-04-18 17:23:03"
638,12386,1787,2026-03-03,Present,"2026-04-18 17:23:03"
639,32832,573,2026-03-09,Present,"2026-04-18 17:23:03"
640,47923,1522,2026-03-09,Present,"2026-04-18 17:23:03"
641,2685,1202,2026-03-02,Present,"2026-04-18 17:23:03"
642,9390,962,2026-03-07,Absent,"2026-04-18 17:23:03"
643,17957,1974,2026-03-02,Absent,"2026-04-18 17:23:03"
644,36611,1216,2026-03-08,Absent,"2026-04-18 17:23:03"
645,22119,1913,2026-03-01,Absent,"2026-04-18 17:23:03"
646,22403,618,2026-03-06,Present,"2026-04-18 17:23:03"
647,22949,1571,2026-03-03,Present,"2026-04-18 17:23:03"
648,33284,1538,2026-03-06,Present,"2026-04-18 17:23:03"
649,371,669,2026-03-06,Present,"2026-04-18 17:23:03"
650,49846,808,2026-03-08,Present,"2026-04-18 17:23:03"
651,6806,973,2026-03-09,Present,"2026-04-18 17:23:03"
652,40627,1352,2026-03-07,Present,"2026-04-18 17:23:03"
653,34415,1496,2026-03-03,Present,"2026-04-18 17:23:03"
654,32704,1340,2026-03-03,Present,"2026-04-18 17:23:03"
655,26649,559,2026-03-03,Present,"2026-04-18 17:23:03"
656,5758,808,2026-03-05,Present,"2026-04-18 17:23:03"
657,13770,1333,2026-03-01,Absent,"2026-04-18 17:23:03"
658,26131,1553,2026-03-10,Absent,"2026-04-18 17:23:03"
659,40773,973,2026-03-06,Present,"2026-04-18 17:23:03"
660,31162,1487,2026-03-04,Absent,"2026-04-18 17:23:03"
661,38009,1212,2026-03-01,Absent,"2026-04-18 17:23:03"
662,209,1553,2026-03-02,Absent,"2026-04-18 17:23:03"
663,18302,1908,2026-03-05,Present,"2026-04-18 17:23:03"
664,44688,916,2026-03-10,Present,"2026-04-18 17:23:03"
665,40504,906,2026-03-01,Absent,"2026-04-18 17:23:03"
666,18040,1571,2026-03-09,Present,"2026-04-18 17:23:03"
667,897,1164,2026-03-09,Present,"2026-04-18 17:23:03"
668,32591,1524,2026-03-07,Present,"2026-04-18 17:23:03"
669,26254,1422,2026-03-06,Absent,"2026-04-18 17:23:03"
670,32693,735,2026-03-09,Present,"2026-04-18 17:23:03"
671,48527,1987,2026-03-04,Present,"2026-04-18 17:23:03"
672,20214,964,2026-03-04,Present,"2026-04-18 17:23:03"
673,37996,1253,2026-03-09,Present,"2026-04-18 17:23:03"
674,8758,1343,2026-03-04,Present,"2026-04-18 17:23:03"
675,31153,1055,2026-03-01,Present,"2026-04-18 17:23:03"
676,26323,1555,2026-03-02,Absent,"2026-04-18 17:23:03"
677,10328,915,2026-03-10,Present,"2026-04-18 17:23:03"
678,44530,1176,2026-03-01,Present,"2026-04-18 17:23:03"
679,24427,1834,2026-03-06,Present,"2026-04-18 17:23:03"
680,29522,1678,2026-03-04,Present,"2026-04-18 17:23:03"
681,23187,1170,2026-03-10,Absent,"2026-04-18 17:23:03"
682,33476,1496,2026-03-09,Present,"2026-04-18 17:23:03"
683,19257,1253,2026-03-08,Present,"2026-04-18 17:23:03"
684,35804,906,2026-03-02,Present,"2026-04-18 17:23:03"
685,35796,1212,2026-03-07,Present,"2026-04-18 17:23:03"
686,5327,1949,2026-03-04,Present,"2026-04-18 17:23:03"
687,49503,901,2026-03-04,Present,"2026-04-18 17:23:03"
688,2337,916,2026-03-02,Present,"2026-04-18 17:23:03"
689,8576,1101,2026-03-02,Present,"2026-04-18 17:23:03"
690,40623,1948,2026-03-01,Present,"2026-04-18 17:23:03"
691,15481,1700,2026-03-06,Present,"2026-04-18 17:23:03"
692,8900,1184,2026-03-01,Present,"2026-04-18 17:23:03"
693,18275,1253,2026-03-01,Present,"2026-04-18 17:23:03"
694,3448,1598,2026-03-07,Present,"2026-04-18 17:23:03"
695,15499,1228,2026-03-01,Present,"2026-04-18 17:23:03"
696,11291,834,2026-03-05,Present,"2026-04-18 17:23:03"
697,16904,1700,2026-03-10,Present,"2026-04-18 17:23:03"
698,29934,947,2026-03-02,Present,"2026-04-18 17:23:03"
699,20721,1060,2026-03-04,Present,"2026-04-18 17:23:03"
700,9071,1524,2026-03-09,Present,"2026-04-18 17:23:03"
701,49103,1333,2026-03-09,Present,"2026-04-18 17:23:03"
702,44285,906,2026-03-06,Present,"2026-04-18 17:23:03"
703,39300,1060,2026-03-06,Present,"2026-04-18 17:23:03"
704,11214,1435,2026-03-04,Present,"2026-04-18 17:23:03"
705,45245,1830,2026-03-07,Present,"2026-04-18 17:23:03"
706,8132,1914,2026-03-04,Present,"2026-04-18 17:23:03"
707,23498,1073,2026-03-05,Present,"2026-04-18 17:23:03"
708,3505,964,2026-03-08,Present,"2026-04-18 17:23:03"
709,10215,1517,2026-03-05,Present,"2026-04-18 17:23:03"
710,26709,1422,2026-03-06,Present,"2026-04-18 17:23:03"
711,12062,1036,2026-03-03,Present,"2026-04-18 17:23:03"
712,2894,1055,2026-03-06,Present,"2026-04-18 17:23:03"
713,1490,735,2026-03-09,Absent,"2026-04-18 17:23:03"
714,23424,1834,2026-03-01,Present,"2026-04-18 17:23:03"
715,33558,559,2026-03-01,Present,"2026-04-18 17:23:03"
716,40196,961,2026-03-02,Absent,"2026-04-18 17:23:03"
717,47522,1300,2026-03-08,Present,"2026-04-18 17:23:03"
718,40416,858,2026-03-07,Present,"2026-04-18 17:23:03"
719,10837,964,2026-03-02,Present,"2026-04-18 17:23:03"
720,26545,1571,2026-03-07,Absent,"2026-04-18 17:23:03"
721,10804,1482,2026-03-07,Present,"2026-04-18 17:23:03"
722,47565,1487,2026-03-03,Absent,"2026-04-18 17:23:03"
723,47422,1553,2026-03-08,Present,"2026-04-18 17:23:03"
724,31222,962,2026-03-02,Present,"2026-04-18 17:23:03"
725,35830,1422,2026-03-08,Present,"2026-04-18 17:23:03"
726,32170,1700,2026-03-02,Present,"2026-04-18 17:23:03"
727,40660,1216,2026-03-06,Present,"2026-04-18 17:23:03"
728,47732,1787,2026-03-05,Present,"2026-04-18 17:23:03"
729,13359,1670,2026-03-09,Present,"2026-04-18 17:23:03"
730,17440,575,2026-03-06,Present,"2026-04-18 17:23:03"
731,25176,1487,2026-03-07,Present,"2026-04-18 17:23:03"
732,8970,1834,2026-03-03,Present,"2026-04-18 17:23:03"
733,44458,961,2026-03-04,Present,"2026-04-18 17:23:03"
734,18841,901,2026-03-02,Present,"2026-04-18 17:23:03"
735,25602,1914,2026-03-03,Present,"2026-04-18 17:23:03"
736,1869,906,2026-03-06,Present,"2026-04-18 17:23:03"
737,16730,1553,2026-03-01,Present,"2026-04-18 17:23:03"
738,26089,1409,2026-03-10,Absent,"2026-04-18 17:23:03"
739,45200,1757,2026-03-03,Absent,"2026-04-18 17:23:03"
740,46907,947,2026-03-05,Present,"2026-04-18 17:23:03"
741,1426,1987,2026-03-01,Present,"2026-04-18 17:23:03"
742,45213,559,2026-03-06,Absent,"2026-04-18 17:23:03"
743,19001,1960,2026-03-04,Present,"2026-04-18 17:23:03"
744,10240,1913,2026-03-06,Present,"2026-04-18 17:23:03"
745,41701,1343,2026-03-02,Present,"2026-04-18 17:23:03"
746,11808,1216,2026-03-07,Present,"2026-04-18 17:23:03"
747,35298,584,2026-03-05,Present,"2026-04-18 17:23:03"
748,9263,1170,2026-03-07,Present,"2026-04-18 17:23:03"
749,29262,1675,2026-03-01,Present,"2026-04-18 17:23:03"
750,26978,1409,2026-03-03,Absent,"2026-04-18 17:23:03"
751,7599,1984,2026-03-03,Present,"2026-04-18 17:23:03"
752,1637,669,2026-03-07,Present,"2026-04-18 17:23:03"
753,13597,1057,2026-03-07,Present,"2026-04-18 17:23:03"
754,46067,1073,2026-03-01,Absent,"2026-04-18 17:23:03"
755,11276,1571,2026-03-05,Absent,"2026-04-18 17:23:03"
756,47590,1538,2026-03-01,Present,"2026-04-18 17:23:03"
757,28085,1005,2026-03-07,Absent,"2026-04-18 17:23:03"
758,10052,559,2026-03-07,Present,"2026-04-18 17:23:03"
759,29710,1908,2026-03-09,Present,"2026-04-18 17:23:03"
760,34361,998,2026-03-10,Present,"2026-04-18 17:23:03"
761,31610,964,2026-03-10,Present,"2026-04-18 17:23:03"
762,39154,1152,2026-03-09,Absent,"2026-04-18 17:23:03"
763,25239,1333,2026-03-01,Present,"2026-04-18 17:23:03"
764,8018,1340,2026-03-01,Present,"2026-04-18 17:23:03"
765,20811,531,2026-03-04,Present,"2026-04-18 17:23:03"
766,47633,1409,2026-03-10,Present,"2026-04-18 17:23:03"
767,18007,1778,2026-03-01,Present,"2026-04-18 17:23:03"
768,30383,915,2026-03-07,Present,"2026-04-18 17:23:03"
769,28507,1176,2026-03-08,Present,"2026-04-18 17:23:03"
770,7110,1004,2026-03-04,Present,"2026-04-18 17:23:03"
771,14659,1830,2026-03-10,Present,"2026-04-18 17:23:03"
772,15922,1102,2026-03-07,Present,"2026-04-18 17:23:03"
773,49472,808,2026-03-01,Present,"2026-04-18 17:23:03"
774,35665,792,2026-03-06,Absent,"2026-04-18 17:23:03"
775,45227,1101,2026-03-06,Present,"2026-04-18 17:23:03"
776,41994,712,2026-03-02,Present,"2026-04-18 17:23:03"
777,39070,964,2026-03-05,Present,"2026-04-18 17:23:03"
778,34450,1292,2026-03-05,Absent,"2026-04-18 17:23:03"
779,21732,1164,2026-03-05,Present,"2026-04-18 17:23:03"
780,39122,712,2026-03-08,Present,"2026-04-18 17:23:03"
781,36479,1073,2026-03-03,Present,"2026-04-18 17:23:03"
782,23137,964,2026-03-05,Present,"2026-04-18 17:23:03"
783,13562,1340,2026-03-08,Absent,"2026-04-18 17:23:03"
784,30387,906,2026-03-09,Absent,"2026-04-18 17:23:03"
785,48772,1184,2026-03-01,Absent,"2026-04-18 17:23:03"
786,10866,1292,2026-03-04,Present,"2026-04-18 17:23:03"
787,8613,1517,2026-03-04,Present,"2026-04-18 17:23:03"
788,49898,1152,2026-03-07,Present,"2026-04-18 17:23:03"
789,25676,1216,2026-03-08,Present,"2026-04-18 17:23:03"
790,34288,1960,2026-03-05,Absent,"2026-04-18 17:23:03"
791,32016,624,2026-03-01,Present,"2026-04-18 17:23:03"
792,32859,1055,2026-03-04,Absent,"2026-04-18 17:23:03"
793,47244,1365,2026-03-09,Present,"2026-04-18 17:23:03"
794,13140,1343,2026-03-10,Present,"2026-04-18 17:23:03"
795,47210,1598,2026-03-08,Absent,"2026-04-18 17:23:03"
796,14184,701,2026-03-07,Present,"2026-04-18 17:23:03"
797,35426,947,2026-03-09,Absent,"2026-04-18 17:23:03"
798,3132,1212,2026-03-01,Present,"2026-04-18 17:23:03"
799,17782,1216,2026-03-02,Absent,"2026-04-18 17:23:03"
800,23326,794,2026-03-08,Present,"2026-04-18 17:23:03"
801,5240,1435,2026-03-08,Absent,"2026-04-18 17:23:03"
802,27235,964,2026-03-04,Present,"2026-04-18 17:23:03"
803,48758,1778,2026-03-05,Present,"2026-04-18 17:23:03"
804,24593,906,2026-03-08,Absent,"2026-04-18 17:23:03"
805,31799,1538,2026-03-03,Present,"2026-04-18 17:23:03"
806,7342,735,2026-03-07,Present,"2026-04-18 17:23:03"
807,25057,624,2026-03-03,Present,"2026-04-18 17:23:03"
808,42875,794,2026-03-02,Present,"2026-04-18 17:23:03"
809,33579,575,2026-03-09,Absent,"2026-04-18 17:23:03"
810,30180,1170,2026-03-09,Present,"2026-04-18 17:23:03"
811,48342,584,2026-03-08,Present,"2026-04-18 17:23:03"
812,2612,792,2026-03-04,Present,"2026-04-18 17:23:03"
813,43182,1754,2026-03-07,Present,"2026-04-18 17:23:03"
814,37330,1553,2026-03-03,Present,"2026-04-18 17:23:03"
815,9361,916,2026-03-07,Present,"2026-04-18 17:23:03"
816,6263,1034,2026-03-01,Present,"2026-04-18 17:23:03"
817,29541,1517,2026-03-05,Present,"2026-04-18 17:23:03"
818,14064,1757,2026-03-01,Present,"2026-04-18 17:23:03"
819,45155,1598,2026-03-10,Present,"2026-04-18 17:23:03"
820,29536,1757,2026-03-10,Present,"2026-04-18 17:23:03"
821,2744,1960,2026-03-04,Present,"2026-04-18 17:23:03"
822,31281,701,2026-03-03,Present,"2026-04-18 17:23:03"
823,48280,1754,2026-03-05,Present,"2026-04-18 17:23:03"
824,7841,1524,2026-03-03,Present,"2026-04-18 17:23:03"
825,26047,1212,2026-03-08,Present,"2026-04-18 17:23:03"
826,23788,911,2026-03-10,Present,"2026-04-18 17:23:03"
827,11706,1228,2026-03-02,Present,"2026-04-18 17:23:03"
828,622,973,2026-03-05,Absent,"2026-04-18 17:23:03"
829,34992,1487,2026-03-09,Present,"2026-04-18 17:23:03"
830,15272,1487,2026-03-01,Present,"2026-04-18 17:23:03"
831,39489,1176,2026-03-04,Present,"2026-04-18 17:23:03"
832,34929,1482,2026-03-04,Present,"2026-04-18 17:23:03"
833,1751,1913,2026-03-07,Present,"2026-04-18 17:23:03"
834,44549,834,2026-03-03,Present,"2026-04-18 17:23:03"
835,298,1409,2026-03-02,Present,"2026-04-18 17:23:03"
836,14671,701,2026-03-09,Present,"2026-04-18 17:23:03"
837,1542,1055,2026-03-10,Present,"2026-04-18 17:23:03"
838,37808,881,2026-03-03,Present,"2026-04-18 17:23:03"
839,47545,1757,2026-03-02,Absent,"2026-04-18 17:23:03"
840,36201,906,2026-03-02,Present,"2026-04-18 17:23:03"
841,17768,624,2026-03-05,Present,"2026-04-18 17:23:03"
842,4036,1555,2026-03-09,Present,"2026-04-18 17:23:03"
843,36621,916,2026-03-06,Present,"2026-04-18 17:23:03"
844,48106,1757,2026-03-03,Present,"2026-04-18 17:23:03"
845,40611,1228,2026-03-07,Present,"2026-04-18 17:23:03"
846,46693,559,2026-03-05,Absent,"2026-04-18 17:23:03"
847,11167,964,2026-03-07,Present,"2026-04-18 17:23:03"
848,25218,911,2026-03-07,Absent,"2026-04-18 17:23:03"
849,8905,1170,2026-03-05,Present,"2026-04-18 17:23:03"
850,45209,701,2026-03-05,Present,"2026-04-18 17:23:03"
851,8619,1352,2026-03-04,Present,"2026-04-18 17:23:03"
852,35327,1365,2026-03-06,Present,"2026-04-18 17:23:03"
853,18509,1300,2026-03-06,Present,"2026-04-18 17:23:03"
854,21243,1908,2026-03-04,Present,"2026-04-18 17:23:03"
855,27285,669,2026-03-08,Absent,"2026-04-18 17:23:03"
856,12028,1352,2026-03-10,Present,"2026-04-18 17:23:03"
857,2063,1700,2026-03-02,Present,"2026-04-18 17:23:03"
858,8905,1170,2026-03-02,Absent,"2026-04-18 17:23:03"
859,36373,1670,2026-03-04,Present,"2026-04-18 17:23:03"
860,23917,1913,2026-03-01,Present,"2026-04-18 17:23:03"
861,36349,881,2026-03-02,Present,"2026-04-18 17:23:03"
862,4149,1914,2026-03-02,Absent,"2026-04-18 17:23:03"
863,16710,669,2026-03-06,Present,"2026-04-18 17:23:03"
864,32508,1538,2026-03-06,Present,"2026-04-18 17:23:03"
865,45155,1409,2026-03-08,Present,"2026-04-18 17:23:03"
866,28889,906,2026-03-10,Present,"2026-04-18 17:23:03"
867,41719,1170,2026-03-06,Absent,"2026-04-18 17:23:03"
868,431,858,2026-03-01,Absent,"2026-04-18 17:23:03"
869,24335,1102,2026-03-09,Present,"2026-04-18 17:23:03"
870,777,1060,2026-03-04,Absent,"2026-04-18 17:23:03"
871,3199,1152,2026-03-08,Present,"2026-04-18 17:23:03"
872,37641,1152,2026-03-04,Present,"2026-04-18 17:23:03"
873,4804,1216,2026-03-02,Present,"2026-04-18 17:23:03"
874,6907,1184,2026-03-08,Present,"2026-04-18 17:23:03"
875,48890,1598,2026-03-08,Present,"2026-04-18 17:23:03"
876,49731,1101,2026-03-10,Present,"2026-04-18 17:23:03"
877,32293,1778,2026-03-09,Present,"2026-04-18 17:23:03"
878,6047,808,2026-03-02,Present,"2026-04-18 17:23:03"
879,41970,575,2026-03-01,Absent,"2026-04-18 17:23:03"
880,37710,876,2026-03-07,Present,"2026-04-18 17:23:03"
881,8594,1340,2026-03-02,Present,"2026-04-18 17:23:03"
882,49540,1184,2026-03-06,Present,"2026-04-18 17:23:03"
883,22165,973,2026-03-03,Present,"2026-04-18 17:23:03"
884,38237,1700,2026-03-05,Present,"2026-04-18 17:23:03"
885,44578,1359,2026-03-09,Present,"2026-04-18 17:23:03"
886,4846,961,2026-03-09,Present,"2026-04-18 17:23:03"
887,39964,1101,2026-03-02,Present,"2026-04-18 17:23:03"
888,35065,962,2026-03-05,Present,"2026-04-18 17:23:03"
889,44124,1555,2026-03-08,Present,"2026-04-18 17:23:03"
890,34299,901,2026-03-02,Present,"2026-04-18 17:23:03"
891,34036,1060,2026-03-10,Present,"2026-04-18 17:23:03"
892,5926,654,2026-03-05,Present,"2026-04-18 17:23:03"
893,37188,794,2026-03-04,Present,"2026-04-18 17:23:03"
894,26425,531,2026-03-09,Present,"2026-04-18 17:23:03"
895,26786,973,2026-03-01,Present,"2026-04-18 17:23:03"
896,39320,1913,2026-03-03,Absent,"2026-04-18 17:23:03"
897,38048,701,2026-03-02,Present,"2026-04-18 17:23:03"
898,44948,1170,2026-03-07,Absent,"2026-04-18 17:23:03"
899,29788,618,2026-03-05,Present,"2026-04-18 17:23:03"
900,1757,1365,2026-03-09,Present,"2026-04-18 17:23:03"
901,34525,735,2026-03-06,Present,"2026-04-18 17:23:03"
902,11342,1948,2026-03-01,Absent,"2026-04-18 17:23:03"
903,2210,766,2026-03-07,Absent,"2026-04-18 17:23:03"
904,33279,906,2026-03-03,Present,"2026-04-18 17:23:03"
905,30179,1974,2026-03-02,Present,"2026-04-18 17:23:03"
906,44597,1292,2026-03-01,Absent,"2026-04-18 17:23:03"
907,46190,1212,2026-03-07,Present,"2026-04-18 17:23:03"
908,44614,906,2026-03-02,Present,"2026-04-18 17:23:03"
909,9299,1553,2026-03-10,Absent,"2026-04-18 17:23:03"
910,7494,1005,2026-03-08,Present,"2026-04-18 17:23:03"
911,26180,1365,2026-03-05,Present,"2026-04-18 17:23:03"
912,39334,1553,2026-03-08,Present,"2026-04-18 17:23:03"
913,32830,1948,2026-03-04,Present,"2026-04-18 17:23:03"
914,3506,1482,2026-03-07,Present,"2026-04-18 17:23:03"
915,7595,1482,2026-03-04,Present,"2026-04-18 17:23:03"
916,8417,735,2026-03-07,Present,"2026-04-18 17:23:03"
917,26089,618,2026-03-04,Present,"2026-04-18 17:23:03"
918,43974,1352,2026-03-06,Present,"2026-04-18 17:23:03"
919,26436,1343,2026-03-01,Present,"2026-04-18 17:23:03"
920,36159,834,2026-03-06,Present,"2026-04-18 17:23:03"
921,38685,808,2026-03-01,Present,"2026-04-18 17:23:03"
922,48588,1524,2026-03-04,Absent,"2026-04-18 17:23:03"
923,29596,1960,2026-03-05,Present,"2026-04-18 17:23:03"
924,25185,559,2026-03-09,Present,"2026-04-18 17:23:03"
925,33927,1754,2026-03-01,Present,"2026-04-18 17:23:03"
926,34855,1678,2026-03-04,Present,"2026-04-18 17:23:03"
927,33738,973,2026-03-01,Present,"2026-04-18 17:23:03"
928,5029,814,2026-03-10,Present,"2026-04-18 17:23:03"
929,44590,1004,2026-03-04,Present,"2026-04-18 17:23:03"
930,4102,1757,2026-03-05,Absent,"2026-04-18 17:23:03"
931,37295,1700,2026-03-08,Present,"2026-04-18 17:23:03"
932,30700,1300,2026-03-10,Absent,"2026-04-18 17:23:03"
933,21923,1524,2026-03-08,Present,"2026-04-18 17:23:03"
934,40461,1960,2026-03-04,Present,"2026-04-18 17:23:03"
935,33733,1553,2026-03-01,Present,"2026-04-18 17:23:03"
936,41701,618,2026-03-03,Present,"2026-04-18 17:23:03"
937,26730,1004,2026-03-05,Present,"2026-04-18 17:23:03"
938,46537,808,2026-03-03,Present,"2026-04-18 17:23:03"
939,27045,794,2026-03-02,Present,"2026-04-18 17:23:03"
940,17308,1102,2026-03-10,Present,"2026-04-18 17:23:03"
941,919,1553,2026-03-07,Present,"2026-04-18 17:23:03"
942,17388,1253,2026-03-07,Present,"2026-04-18 17:23:03"
943,31990,1176,2026-03-07,Present,"2026-04-18 17:23:03"
944,19928,1333,2026-03-01,Present,"2026-04-18 17:23:03"
945,15649,962,2026-03-02,Present,"2026-04-18 17:23:03"
946,49797,1102,2026-03-09,Present,"2026-04-18 17:23:03"
947,2390,1949,2026-03-07,Present,"2026-04-18 17:23:03"
948,37251,1034,2026-03-09,Absent,"2026-04-18 17:23:03"
949,44750,1228,2026-03-08,Present,"2026-04-18 17:23:03"
950,3402,1212,2026-03-08,Present,"2026-04-18 17:23:03"
951,35189,1055,2026-03-08,Absent,"2026-04-18 17:23:03"
952,8472,947,2026-03-05,Present,"2026-04-18 17:23:03"
953,16246,573,2026-03-08,Present,"2026-04-18 17:23:03"
954,10859,1300,2026-03-02,Present,"2026-04-18 17:23:03"
955,2708,1949,2026-03-05,Present,"2026-04-18 17:23:03"
956,12144,1517,2026-03-10,Absent,"2026-04-18 17:23:03"
957,23753,1487,2026-03-01,Present,"2026-04-18 17:23:03"
958,4292,712,2026-03-07,Absent,"2026-04-18 17:23:03"
959,19438,1555,2026-03-02,Present,"2026-04-18 17:23:03"
960,46414,915,2026-03-02,Absent,"2026-04-18 17:23:03"
961,20438,1598,2026-03-08,Absent,"2026-04-18 17:23:03"
962,45762,1571,2026-03-04,Present,"2026-04-18 17:23:03"
963,17196,1553,2026-03-07,Present,"2026-04-18 17:23:03"
964,2302,1184,2026-03-09,Present,"2026-04-18 17:23:03"
965,46829,1787,2026-03-08,Present,"2026-04-18 17:23:03"
966,24372,735,2026-03-07,Absent,"2026-04-18 17:23:03"
967,29414,575,2026-03-09,Present,"2026-04-18 17:23:03"
968,35467,1253,2026-03-10,Present,"2026-04-18 17:23:03"
969,6858,916,2026-03-04,Present,"2026-04-18 17:23:03"
970,26527,1677,2026-03-04,Present,"2026-04-18 17:23:03"
971,38269,1670,2026-03-01,Present,"2026-04-18 17:23:03"
972,39617,575,2026-03-06,Present,"2026-04-18 17:23:03"
973,40892,1343,2026-03-07,Absent,"2026-04-18 17:23:03"
974,46797,1073,2026-03-02,Present,"2026-04-18 17:23:03"
975,49334,1787,2026-03-05,Present,"2026-04-18 17:23:03"
976,23641,1482,2026-03-02,Present,"2026-04-18 17:23:03"
977,7303,1212,2026-03-09,Present,"2026-04-18 17:23:03"
978,4831,1005,2026-03-07,Absent,"2026-04-18 17:23:03"
979,33443,1587,2026-03-01,Absent,"2026-04-18 17:23:03"
980,4769,1598,2026-03-05,Absent,"2026-04-18 17:23:03"
981,44296,1184,2026-03-05,Present,"2026-04-18 17:23:03"
982,11843,1598,2026-03-09,Present,"2026-04-18 17:23:03"
983,22911,881,2026-03-09,Present,"2026-04-18 17:23:03"
984,36456,1333,2026-03-10,Present,"2026-04-18 17:23:03"
985,38529,1587,2026-03-08,Present,"2026-04-18 17:23:03"
986,25574,858,2026-03-09,Absent,"2026-04-18 17:23:03"
987,18365,1004,2026-03-04,Present,"2026-04-18 17:23:03"
988,19703,1333,2026-03-01,Present,"2026-04-18 17:23:03"
989,21795,1057,2026-03-04,Present,"2026-04-18 17:23:03"
990,43026,1587,2026-03-06,Present,"2026-04-18 17:23:03"
991,32520,513,2026-03-04,Absent,"2026-04-18 17:23:03"
992,40225,1598,2026-03-10,Present,"2026-04-18 17:23:03"
993,48081,1587,2026-03-02,Present,"2026-04-18 17:23:03"
994,36293,834,2026-03-05,Present,"2026-04-18 17:23:03"
995,46956,1228,2026-03-08,Present,"2026-04-18 17:23:03"
996,7599,1984,2026-03-05,Present,"2026-04-18 17:23:03"
997,49472,1553,2026-03-02,Present,"2026-04-18 17:23:03"
998,3723,794,2026-03-07,Present,"2026-04-18 17:23:03"
999,44769,1517,2026-03-08,Present,"2026-04-18 17:23:03"
1000,37909,1700,2026-03-09,Present,"2026-04-18 17:23:03"
1001,47496,808,2026-03-01,Present,"2026-04-18 17:23:03"
1002,31563,669,2026-03-05,Present,"2026-04-18 17:23:03"
1003,13816,1435,2026-03-10,Present,"2026-04-18 17:23:03"
1004,42914,531,2026-03-01,Present,"2026-04-18 17:23:03"
1005,13053,961,2026-03-08,Absent,"2026-04-18 17:23:03"
1006,2650,961,2026-03-04,Present,"2026-04-18 17:23:03"
1007,24925,513,2026-03-07,Absent,"2026-04-18 17:23:03"
1008,29394,1343,2026-03-06,Present,"2026-04-18 17:23:03"
1009,19203,1587,2026-03-03,Present,"2026-04-18 17:23:03"
1010,45770,1004,2026-03-06,Present,"2026-04-18 17:23:03"
1011,10625,1005,2026-03-02,Absent,"2026-04-18 17:23:03"
1012,2444,1374,2026-03-06,Present,"2026-04-18 17:23:03"
1013,2369,1228,2026-03-03,Present,"2026-04-18 17:23:03"
1014,39381,1176,2026-03-02,Absent,"2026-04-18 17:23:03"
1015,43088,1101,2026-03-10,Present,"2026-04-18 17:23:03"
1016,29630,1538,2026-03-01,Absent,"2026-04-18 17:23:03"
1017,3469,1538,2026-03-01,Absent,"2026-04-18 17:23:03"
1018,49234,735,2026-03-08,Present,"2026-04-18 17:23:03"
1019,982,998,2026-03-06,Present,"2026-04-18 17:23:03"
1020,25997,701,2026-03-04,Present,"2026-04-18 17:23:03"
1021,3495,876,2026-03-03,Absent,"2026-04-18 17:23:03"
1022,42336,1216,2026-03-08,Absent,"2026-04-18 17:23:03"
1023,22071,916,2026-03-03,Present,"2026-04-18 17:23:03"
1024,13838,1212,2026-03-06,Present,"2026-04-18 17:23:03"
1025,20712,735,2026-03-04,Absent,"2026-04-18 17:23:03"
1026,24041,759,2026-03-07,Present,"2026-04-18 17:23:03"
1027,24165,1184,2026-03-01,Present,"2026-04-18 17:23:03"
1028,25358,1754,2026-03-07,Absent,"2026-04-18 17:23:03"
1029,643,1754,2026-03-05,Present,"2026-04-18 17:23:03"
1030,8416,964,2026-03-04,Present,"2026-04-18 17:23:03"
1031,33624,1960,2026-03-08,Present,"2026-04-18 17:23:03"
1032,19654,1517,2026-03-05,Present,"2026-04-18 17:23:03"
1033,4756,1538,2026-03-02,Present,"2026-04-18 17:23:03"
1034,31837,1202,2026-03-04,Present,"2026-04-18 17:23:03"
1035,14184,973,2026-03-05,Present,"2026-04-18 17:23:03"
1036,44397,962,2026-03-09,Present,"2026-04-18 17:23:03"
1037,18514,1482,2026-03-05,Present,"2026-04-18 17:23:03"
1038,45620,1670,2026-03-07,Present,"2026-04-18 17:23:03"
1039,4468,575,2026-03-05,Present,"2026-04-18 17:23:03"
1040,3751,1343,2026-03-02,Present,"2026-04-18 17:23:03"
1041,47225,1951,2026-03-05,Present,"2026-04-18 17:23:03"
1042,22184,1176,2026-03-02,Present,"2026-04-18 17:23:03"
1043,45691,559,2026-03-02,Present,"2026-04-18 17:23:03"
1044,35174,1834,2026-03-10,Present,"2026-04-18 17:23:03"
1045,41773,766,2026-03-03,Present,"2026-04-18 17:23:03"
1046,25185,559,2026-03-07,Absent,"2026-04-18 17:23:03"
1047,39070,1787,2026-03-06,Present,"2026-04-18 17:23:03"
1048,20904,1253,2026-03-01,Present,"2026-04-18 17:23:03"
1049,21025,1522,2026-03-07,Present,"2026-04-18 17:23:03"
1050,49937,1787,2026-03-09,Present,"2026-04-18 17:23:03"
1051,35158,759,2026-03-09,Present,"2026-04-18 17:23:03"
1052,32892,1757,2026-03-08,Present,"2026-04-18 17:23:03"
1053,19254,1212,2026-03-03,Present,"2026-04-18 17:23:03"
1054,39070,1787,2026-03-04,Present,"2026-04-18 17:23:03"
1055,10268,759,2026-03-08,Absent,"2026-04-18 17:23:03"
1056,541,1216,2026-03-03,Present,"2026-04-18 17:23:03"
1057,26997,1184,2026-03-05,Absent,"2026-04-18 17:23:03"
1058,49384,531,2026-03-06,Present,"2026-04-18 17:23:03"
1059,4953,911,2026-03-02,Present,"2026-04-18 17:23:03"
1060,9192,792,2026-03-05,Present,"2026-04-18 17:23:03"
1061,20685,1060,2026-03-09,Present,"2026-04-18 17:23:03"
1062,38373,575,2026-03-02,Present,"2026-04-18 17:23:03"
1063,27186,1571,2026-03-08,Present,"2026-04-18 17:23:03"
1064,25702,712,2026-03-09,Present,"2026-04-18 17:23:03"
1065,38146,669,2026-03-10,Present,"2026-04-18 17:23:03"
1066,13239,1951,2026-03-04,Present,"2026-04-18 17:23:03"
1067,22147,814,2026-03-10,Present,"2026-04-18 17:23:03"
1068,24577,1830,2026-03-01,Present,"2026-04-18 17:23:03"
1069,9251,876,2026-03-08,Present,"2026-04-18 17:23:03"
1070,7598,808,2026-03-10,Present,"2026-04-18 17:23:03"
1071,14887,624,2026-03-09,Absent,"2026-04-18 17:23:03"
1072,22531,1073,2026-03-04,Present,"2026-04-18 17:23:03"
1073,33474,911,2026-03-07,Present,"2026-04-18 17:23:03"
1074,1886,792,2026-03-02,Present,"2026-04-18 17:23:03"
1075,11422,1987,2026-03-06,Present,"2026-04-18 17:23:03"
1076,13849,1677,2026-03-09,Absent,"2026-04-18 17:23:03"
1077,23994,1700,2026-03-01,Present,"2026-04-18 17:23:03"
1078,1751,901,2026-03-09,Present,"2026-04-18 17:23:03"
1079,44614,973,2026-03-07,Present,"2026-04-18 17:23:03"
1080,16588,584,2026-03-09,Present,"2026-04-18 17:23:03"
1081,7014,1004,2026-03-01,Present,"2026-04-18 17:23:03"
1082,40774,1300,2026-03-06,Present,"2026-04-18 17:23:03"
1083,45838,808,2026-03-08,Absent,"2026-04-18 17:23:03"
1084,688,1587,2026-03-10,Absent,"2026-04-18 17:23:03"
1085,49986,1435,2026-03-08,Present,"2026-04-18 17:23:03"
1086,28032,513,2026-03-02,Present,"2026-04-18 17:23:03"
1087,48922,1524,2026-03-07,Present,"2026-04-18 17:23:03"
1088,42153,1670,2026-03-02,Present,"2026-04-18 17:23:03"
1089,44886,1496,2026-03-08,Absent,"2026-04-18 17:23:03"
1090,34410,1101,2026-03-08,Present,"2026-04-18 17:23:03"
1091,4647,1913,2026-03-01,Present,"2026-04-18 17:23:03"
1092,4128,1482,2026-03-06,Absent,"2026-04-18 17:23:03"
1093,9299,1300,2026-03-03,Absent,"2026-04-18 17:23:03"
1094,38397,881,2026-03-06,Present,"2026-04-18 17:23:03"
1095,48270,1176,2026-03-07,Present,"2026-04-18 17:23:03"
1096,24544,1908,2026-03-01,Present,"2026-04-18 17:23:03"
1097,34899,961,2026-03-06,Present,"2026-04-18 17:23:03"
1098,3703,1060,2026-03-01,Present,"2026-04-18 17:23:03"
1099,42125,531,2026-03-06,Present,"2026-04-18 17:23:03"
1100,48926,573,2026-03-05,Present,"2026-04-18 17:23:03"
1101,9626,1374,2026-03-05,Present,"2026-04-18 17:23:03"
1102,41964,1987,2026-03-08,Present,"2026-04-18 17:23:03"
1103,36671,1055,2026-03-06,Present,"2026-04-18 17:23:03"
1104,28852,1073,2026-03-09,Present,"2026-04-18 17:23:03"
1105,8028,654,2026-03-10,Present,"2026-04-18 17:23:03"
1106,2145,1292,2026-03-06,Present,"2026-04-18 17:23:03"
1107,2321,814,2026-03-02,Present,"2026-04-18 17:23:03"
1108,14421,1300,2026-03-07,Present,"2026-04-18 17:23:03"
1109,34485,1524,2026-03-06,Present,"2026-04-18 17:23:03"
1110,22531,1292,2026-03-10,Present,"2026-04-18 17:23:03"
1111,19724,1152,2026-03-04,Present,"2026-04-18 17:23:03"
1112,30806,1228,2026-03-09,Present,"2026-04-18 17:23:03"
1113,11875,1435,2026-03-07,Absent,"2026-04-18 17:23:03"
1114,48957,1987,2026-03-06,Present,"2026-04-18 17:23:03"
1115,6886,1487,2026-03-04,Present,"2026-04-18 17:23:03"
1116,21399,712,2026-03-04,Present,"2026-04-18 17:23:03"
1117,40127,1778,2026-03-01,Present,"2026-04-18 17:23:03"
1118,34929,618,2026-03-08,Present,"2026-04-18 17:23:03"
1119,31745,1587,2026-03-03,Present,"2026-04-18 17:23:03"
1120,47021,1152,2026-03-04,Present,"2026-04-18 17:23:03"
1121,9556,531,2026-03-02,Present,"2026-04-18 17:23:03"
1122,10373,1292,2026-03-08,Present,"2026-04-18 17:23:03"
1123,40516,1340,2026-03-04,Present,"2026-04-18 17:23:03"
1124,32079,1496,2026-03-06,Present,"2026-04-18 17:23:03"
1125,21615,1949,2026-03-06,Present,"2026-04-18 17:23:03"
1126,32053,1060,2026-03-04,Present,"2026-04-18 17:23:03"
1127,26441,1292,2026-03-05,Absent,"2026-04-18 17:23:03"
1128,22087,1333,2026-03-03,Present,"2026-04-18 17:23:03"
1129,10557,906,2026-03-03,Absent,"2026-04-18 17:23:03"
1130,7148,1228,2026-03-02,Present,"2026-04-18 17:23:03"
1131,46502,901,2026-03-04,Present,"2026-04-18 17:23:03"
1132,14415,1365,2026-03-05,Absent,"2026-04-18 17:23:03"
1133,40331,881,2026-03-01,Present,"2026-04-18 17:23:03"
1134,28675,1571,2026-03-03,Present,"2026-04-18 17:23:03"
1135,37457,1949,2026-03-09,Present,"2026-04-18 17:23:03"
1136,22380,1553,2026-03-02,Present,"2026-04-18 17:23:03"
1137,21711,1340,2026-03-10,Present,"2026-04-18 17:23:03"
1138,23142,1522,2026-03-07,Present,"2026-04-18 17:23:03"
1139,10021,1073,2026-03-08,Present,"2026-04-18 17:23:03"
1140,9928,1004,2026-03-02,Present,"2026-04-18 17:23:03"
1141,40241,618,2026-03-04,Absent,"2026-04-18 17:23:03"
1142,25190,1987,2026-03-05,Absent,"2026-04-18 17:23:03"
1143,32927,624,2026-03-09,Present,"2026-04-18 17:23:03"
1144,41517,573,2026-03-10,Absent,"2026-04-18 17:23:03"
1145,43913,915,2026-03-02,Present,"2026-04-18 17:23:03"
1146,24058,1914,2026-03-08,Absent,"2026-04-18 17:23:03"
1147,31342,1152,2026-03-06,Present,"2026-04-18 17:23:03"
1148,46424,1538,2026-03-07,Present,"2026-04-18 17:23:03"
1149,17815,1435,2026-03-06,Present,"2026-04-18 17:23:03"
1150,7367,1036,2026-03-07,Absent,"2026-04-18 17:23:03"
1151,11647,513,2026-03-01,Absent,"2026-04-18 17:23:03"
1152,298,1496,2026-03-01,Present,"2026-04-18 17:23:03"
1153,7599,1202,2026-03-03,Present,"2026-04-18 17:23:03"
1154,30167,1700,2026-03-02,Present,"2026-04-18 17:23:03"
1155,28621,1555,2026-03-07,Present,"2026-04-18 17:23:03"
1156,24331,915,2026-03-02,Present,"2026-04-18 17:23:03"
1157,12247,1960,2026-03-06,Present,"2026-04-18 17:23:03"
1158,37450,1170,2026-03-10,Absent,"2026-04-18 17:23:03"
1159,20886,794,2026-03-04,Present,"2026-04-18 17:23:03"
1160,34465,669,2026-03-03,Present,"2026-04-18 17:23:03"
1161,40121,1487,2026-03-01,Present,"2026-04-18 17:23:03"
1162,18832,1754,2026-03-07,Present,"2026-04-18 17:23:03"
1163,5504,1004,2026-03-06,Present,"2026-04-18 17:23:03"
1164,18268,1102,2026-03-01,Present,"2026-04-18 17:23:03"
1165,16311,1951,2026-03-04,Present,"2026-04-18 17:23:03"
1166,40168,1787,2026-03-07,Absent,"2026-04-18 17:23:03"
1167,45407,834,2026-03-10,Present,"2026-04-18 17:23:03"
1168,11566,531,2026-03-08,Absent,"2026-04-18 17:23:03"
1169,37674,1164,2026-03-05,Present,"2026-04-18 17:23:03"
1170,28852,1984,2026-03-07,Present,"2026-04-18 17:23:03"
1171,35830,1184,2026-03-08,Absent,"2026-04-18 17:23:03"
1172,44235,1073,2026-03-03,Present,"2026-04-18 17:23:03"
1173,8123,1834,2026-03-07,Present,"2026-04-18 17:23:03"
1174,35904,1984,2026-03-06,Absent,"2026-04-18 17:23:03"
1175,39718,1073,2026-03-10,Present,"2026-04-18 17:23:03"
1176,19720,1678,2026-03-03,Present,"2026-04-18 17:23:03"
1177,13442,1960,2026-03-10,Present,"2026-04-18 17:23:03"
1178,47867,1292,2026-03-09,Present,"2026-04-18 17:23:03"
1179,11854,901,2026-03-10,Present,"2026-04-18 17:23:03"
1180,40870,881,2026-03-05,Present,"2026-04-18 17:23:03"
1181,35968,876,2026-03-07,Present,"2026-04-18 17:23:03"
1182,17857,1212,2026-03-05,Present,"2026-04-18 17:23:03"
1183,8358,876,2026-03-03,Absent,"2026-04-18 17:23:03"
1184,43882,1571,2026-03-04,Absent,"2026-04-18 17:23:03"
1185,21492,1914,2026-03-08,Present,"2026-04-18 17:23:03"
1186,34650,1034,2026-03-10,Present,"2026-04-18 17:23:03"
1187,20242,618,2026-03-07,Present,"2026-04-18 17:23:03"
1188,12781,1951,2026-03-10,Present,"2026-04-18 17:23:03"
1189,39755,618,2026-03-01,Present,"2026-04-18 17:23:03"
1190,1624,814,2026-03-06,Present,"2026-04-18 17:23:03"
1191,3357,1830,2026-03-04,Present,"2026-04-18 17:23:03"
1192,49755,1948,2026-03-07,Absent,"2026-04-18 17:23:03"
1193,48283,1212,2026-03-06,Absent,"2026-04-18 17:23:03"
1194,30292,1670,2026-03-07,Absent,"2026-04-18 17:23:03"
1195,13141,1164,2026-03-07,Present,"2026-04-18 17:23:03"
1196,9358,814,2026-03-06,Present,"2026-04-18 17:23:03"
1197,7565,735,2026-03-07,Present,"2026-04-18 17:23:03"
1198,1249,1496,2026-03-02,Present,"2026-04-18 17:23:03"
1199,26377,1212,2026-03-09,Present,"2026-04-18 17:23:03"
1200,43442,1524,2026-03-08,Present,"2026-04-18 17:23:03"
1201,37214,759,2026-03-06,Present,"2026-04-18 17:23:03"
1202,9544,1365,2026-03-06,Present,"2026-04-18 17:23:03"
1203,15165,1675,2026-03-03,Present,"2026-04-18 17:23:03"
1204,31988,947,2026-03-08,Absent,"2026-04-18 17:23:03"
1205,20038,1333,2026-03-03,Present,"2026-04-18 17:23:03"
1206,37326,911,2026-03-07,Absent,"2026-04-18 17:23:03"
1207,39365,911,2026-03-07,Present,"2026-04-18 17:23:03"
1208,21724,1060,2026-03-03,Present,"2026-04-18 17:23:03"
1209,24593,618,2026-03-10,Present,"2026-04-18 17:23:03"
1210,24389,1787,2026-03-08,Present,"2026-04-18 17:23:03"
1211,48537,1333,2026-03-04,Present,"2026-04-18 17:23:03"
1212,13317,766,2026-03-02,Present,"2026-04-18 17:23:03"
1213,11984,654,2026-03-09,Present,"2026-04-18 17:23:03"
1214,29006,915,2026-03-05,Present,"2026-04-18 17:23:03"
1215,20190,584,2026-03-04,Present,"2026-04-18 17:23:03"
1216,35914,973,2026-03-07,Present,"2026-04-18 17:23:03"
1217,41253,911,2026-03-06,Present,"2026-04-18 17:23:03"
1218,12730,858,2026-03-06,Present,"2026-04-18 17:23:03"
1219,29247,701,2026-03-06,Absent,"2026-04-18 17:23:03"
1220,10452,1754,2026-03-08,Present,"2026-04-18 17:23:03"
1221,17124,1202,2026-03-05,Present,"2026-04-18 17:23:03"
1222,5249,1754,2026-03-03,Present,"2026-04-18 17:23:03"
1223,15493,756,2026-03-10,Present,"2026-04-18 17:23:03"
1224,37721,712,2026-03-08,Absent,"2026-04-18 17:23:03"
1225,7298,513,2026-03-08,Present,"2026-04-18 17:23:03"
1226,36777,559,2026-03-02,Present,"2026-04-18 17:23:03"
1227,36240,1908,2026-03-07,Absent,"2026-04-18 17:23:03"
1228,47210,1598,2026-03-02,Present,"2026-04-18 17:23:03"
1229,28625,1700,2026-03-01,Present,"2026-04-18 17:23:03"
1230,45723,513,2026-03-09,Present,"2026-04-18 17:23:03"
1231,644,531,2026-03-08,Present,"2026-04-18 17:23:03"
1232,35852,654,2026-03-06,Absent,"2026-04-18 17:23:03"
1233,29312,1517,2026-03-02,Present,"2026-04-18 17:23:03"
1234,8270,947,2026-03-10,Present,"2026-04-18 17:23:03"
1235,49421,1757,2026-03-08,Present,"2026-04-18 17:23:03"
1236,43611,1004,2026-03-02,Present,"2026-04-18 17:23:03"
1237,34157,1034,2026-03-01,Absent,"2026-04-18 17:23:03"
1238,33933,1152,2026-03-06,Present,"2026-04-18 17:23:03"
1239,31191,906,2026-03-10,Present,"2026-04-18 17:23:03"
1240,18663,573,2026-03-06,Present,"2026-04-18 17:23:03"
1241,30125,876,2026-03-08,Present,"2026-04-18 17:23:03"
1242,3232,1571,2026-03-02,Present,"2026-04-18 17:23:03"
1243,21912,1571,2026-03-09,Absent,"2026-04-18 17:23:03"
1244,37212,1571,2026-03-03,Absent,"2026-04-18 17:23:03"
1245,5107,1524,2026-03-03,Present,"2026-04-18 17:23:03"
1246,37707,1522,2026-03-04,Present,"2026-04-18 17:23:03"
1247,41429,1482,2026-03-06,Absent,"2026-04-18 17:23:03"
1248,27338,1300,2026-03-08,Present,"2026-04-18 17:23:03"
1249,28852,1073,2026-03-10,Present,"2026-04-18 17:23:03"
1250,27244,834,2026-03-07,Present,"2026-04-18 17:23:03"
1251,3199,1677,2026-03-05,Present,"2026-04-18 17:23:03"
1252,14169,1538,2026-03-08,Present,"2026-04-18 17:23:03"
1253,1527,1914,2026-03-02,Present,"2026-04-18 17:23:03"
1254,27057,962,2026-03-01,Present,"2026-04-18 17:23:03"
1255,25954,915,2026-03-10,Present,"2026-04-18 17:23:03"
1256,47607,1422,2026-03-10,Present,"2026-04-18 17:23:03"
1257,10794,1675,2026-03-06,Present,"2026-04-18 17:23:03"
1258,5997,1176,2026-03-02,Present,"2026-04-18 17:23:03"
1259,16695,1496,2026-03-02,Present,"2026-04-18 17:23:03"
1260,4013,1216,2026-03-09,Present,"2026-04-18 17:23:03"
1261,6165,881,2026-03-09,Present,"2026-04-18 17:23:03"
1262,16252,964,2026-03-07,Present,"2026-04-18 17:23:03"
1263,12981,792,2026-03-09,Present,"2026-04-18 17:23:03"
1264,45076,1057,2026-03-04,Absent,"2026-04-18 17:23:03"
1265,2863,1553,2026-03-05,Present,"2026-04-18 17:23:03"
1266,34567,973,2026-03-06,Present,"2026-04-18 17:23:03"
1267,25605,916,2026-03-03,Present,"2026-04-18 17:23:03"
1268,16289,858,2026-03-01,Present,"2026-04-18 17:23:03"
1269,5685,1960,2026-03-03,Absent,"2026-04-18 17:23:03"
1270,29896,559,2026-03-06,Present,"2026-04-18 17:23:03"
1271,27961,1948,2026-03-02,Present,"2026-04-18 17:23:03"
1272,2107,1553,2026-03-03,Present,"2026-04-18 17:23:03"
1273,666,1202,2026-03-09,Absent,"2026-04-18 17:23:03"
1274,1694,1987,2026-03-07,Present,"2026-04-18 17:23:03"
1275,3992,1677,2026-03-08,Present,"2026-04-18 17:23:03"
1276,5372,1538,2026-03-09,Present,"2026-04-18 17:23:03"
1277,47178,1914,2026-03-01,Absent,"2026-04-18 17:23:03"
1278,9151,916,2026-03-03,Present,"2026-04-18 17:23:03"
1279,49709,1598,2026-03-07,Present,"2026-04-18 17:23:03"
1280,24016,1587,2026-03-01,Present,"2026-04-18 17:23:03"
1281,40821,1951,2026-03-02,Absent,"2026-04-18 17:23:03"
1282,14377,911,2026-03-05,Present,"2026-04-18 17:23:03"
1283,11865,1598,2026-03-05,Present,"2026-04-18 17:23:03"
1284,23339,1004,2026-03-10,Present,"2026-04-18 17:23:03"
1285,2139,1073,2026-03-01,Present,"2026-04-18 17:23:03"
1286,44241,1343,2026-03-10,Present,"2026-04-18 17:23:03"
1287,32267,531,2026-03-03,Present,"2026-04-18 17:23:03"
1288,21017,1757,2026-03-05,Present,"2026-04-18 17:23:03"
1289,25183,1677,2026-03-10,Present,"2026-04-18 17:23:03"
1290,47109,1359,2026-03-10,Present,"2026-04-18 17:23:03"
1291,11974,1164,2026-03-10,Present,"2026-04-18 17:23:03"
1292,21884,947,2026-03-07,Absent,"2026-04-18 17:23:03"
1293,4238,1216,2026-03-03,Present,"2026-04-18 17:23:03"
1294,30447,1487,2026-03-10,Present,"2026-04-18 17:23:03"
1295,25595,1571,2026-03-01,Present,"2026-04-18 17:23:03"
1296,48165,906,2026-03-09,Present,"2026-04-18 17:23:03"
1297,26332,1216,2026-03-05,Present,"2026-04-18 17:23:03"
1298,436,1914,2026-03-04,Present,"2026-04-18 17:23:03"
1299,41013,1914,2026-03-03,Present,"2026-04-18 17:23:03"
1300,23161,1700,2026-03-08,Present,"2026-04-18 17:23:03"
1301,22830,1538,2026-03-10,Present,"2026-04-18 17:23:03"
1302,4152,584,2026-03-04,Absent,"2026-04-18 17:23:03"
1303,9556,1496,2026-03-03,Present,"2026-04-18 17:23:03"
1304,2934,618,2026-03-05,Present,"2026-04-18 17:23:03"
1305,8018,1834,2026-03-10,Present,"2026-04-18 17:23:03"
1306,33949,1435,2026-03-02,Present,"2026-04-18 17:23:03"
1307,33395,1555,2026-03-10,Absent,"2026-04-18 17:23:03"
1308,32288,1374,2026-03-10,Present,"2026-04-18 17:23:03"
1309,24418,701,2026-03-09,Absent,"2026-04-18 17:23:03"
1310,19656,1487,2026-03-03,Present,"2026-04-18 17:23:03"
1311,19791,1101,2026-03-03,Present,"2026-04-18 17:23:03"
1312,4125,756,2026-03-07,Present,"2026-04-18 17:23:03"
1313,27836,759,2026-03-02,Present,"2026-04-18 17:23:03"
1314,46958,1778,2026-03-10,Absent,"2026-04-18 17:23:03"
1315,38364,756,2026-03-10,Present,"2026-04-18 17:23:03"
1316,35436,1908,2026-03-04,Present,"2026-04-18 17:23:03"
1317,31382,712,2026-03-05,Present,"2026-04-18 17:23:03"
1318,27926,998,2026-03-02,Present,"2026-04-18 17:23:03"
1319,31400,1974,2026-03-04,Present,"2026-04-18 17:23:03"
1320,45360,1216,2026-03-06,Present,"2026-04-18 17:23:03"
1321,21703,1202,2026-03-05,Absent,"2026-04-18 17:23:03"
1322,13801,916,2026-03-06,Present,"2026-04-18 17:23:03"
1323,43442,1216,2026-03-10,Present,"2026-04-18 17:23:03"
1324,19257,1435,2026-03-03,Present,"2026-04-18 17:23:03"
1325,23815,1914,2026-03-01,Absent,"2026-04-18 17:23:03"
1326,5014,1340,2026-03-05,Absent,"2026-04-18 17:23:03"
1327,42589,1482,2026-03-06,Present,"2026-04-18 17:23:03"
1328,20108,1984,2026-03-02,Present,"2026-04-18 17:23:03"
1329,14662,1778,2026-03-03,Absent,"2026-04-18 17:23:03"
1330,6266,559,2026-03-10,Present,"2026-04-18 17:23:03"
1331,2225,1757,2026-03-07,Present,"2026-04-18 17:23:03"
1332,19495,1170,2026-03-01,Present,"2026-04-18 17:23:03"
1333,43661,766,2026-03-10,Present,"2026-04-18 17:23:03"
1334,20438,1598,2026-03-03,Absent,"2026-04-18 17:23:03"
1335,1332,1778,2026-03-09,Present,"2026-04-18 17:23:03"
1336,14755,756,2026-03-06,Present,"2026-04-18 17:23:03"
1337,43007,834,2026-03-04,Absent,"2026-04-18 17:23:03"
1338,37032,1496,2026-03-03,Present,"2026-04-18 17:23:03"
1339,6436,1300,2026-03-03,Present,"2026-04-18 17:23:03"
1340,47056,559,2026-03-03,Present,"2026-04-18 17:23:03"
1341,45845,1754,2026-03-09,Present,"2026-04-18 17:23:03"
1342,35079,1422,2026-03-02,Absent,"2026-04-18 17:23:03"
1343,5007,1678,2026-03-09,Absent,"2026-04-18 17:23:03"
1344,6689,1960,2026-03-05,Present,"2026-04-18 17:23:03"
1345,26280,1034,2026-03-10,Absent,"2026-04-18 17:23:03"
1346,14377,1073,2026-03-09,Present,"2026-04-18 17:23:03"
1347,45871,1036,2026-03-04,Present,"2026-04-18 17:23:03"
1348,1794,947,2026-03-02,Present,"2026-04-18 17:23:03"
1349,7650,911,2026-03-06,Present,"2026-04-18 17:23:03"
1350,18000,1913,2026-03-02,Present,"2026-04-18 17:23:03"
1351,45847,1496,2026-03-02,Present,"2026-04-18 17:23:03"
1352,43654,1422,2026-03-10,Absent,"2026-04-18 17:23:03"
1353,35463,573,2026-03-06,Absent,"2026-04-18 17:23:03"
1354,1220,712,2026-03-01,Present,"2026-04-18 17:23:03"
1355,8600,814,2026-03-07,Present,"2026-04-18 17:23:03"
1356,16146,1757,2026-03-06,Absent,"2026-04-18 17:23:03"
1357,37490,901,2026-03-04,Present,"2026-04-18 17:23:03"
1358,872,712,2026-03-05,Present,"2026-04-18 17:23:03"
1359,8876,1913,2026-03-06,Present,"2026-04-18 17:23:03"
1360,24892,1757,2026-03-08,Present,"2026-04-18 17:23:03"
1361,26125,1292,2026-03-08,Present,"2026-04-18 17:23:03"
1362,25909,1757,2026-03-05,Present,"2026-04-18 17:23:03"
1363,33305,1913,2026-03-05,Present,"2026-04-18 17:23:03"
1364,42718,1587,2026-03-04,Present,"2026-04-18 17:23:03"
1365,26234,1587,2026-03-02,Present,"2026-04-18 17:23:03"
1366,46100,794,2026-03-08,Present,"2026-04-18 17:23:03"
1367,9585,1538,2026-03-02,Present,"2026-04-18 17:23:03"
1368,32084,1908,2026-03-05,Present,"2026-04-18 17:23:03"
1369,46773,575,2026-03-01,Present,"2026-04-18 17:23:03"
1370,12722,964,2026-03-06,Absent,"2026-04-18 17:23:03"
1371,11083,1524,2026-03-03,Present,"2026-04-18 17:23:03"
1372,47534,906,2026-03-03,Present,"2026-04-18 17:23:03"
1373,37408,1524,2026-03-05,Present,"2026-04-18 17:23:03"
1374,46459,1228,2026-03-05,Present,"2026-04-18 17:23:03"
1375,45483,766,2026-03-06,Absent,"2026-04-18 17:23:03"
1376,7300,735,2026-03-10,Present,"2026-04-18 17:23:03"
1377,41511,1004,2026-03-01,Present,"2026-04-18 17:23:03"
1378,34139,1960,2026-03-08,Absent,"2026-04-18 17:23:03"
1379,172,618,2026-03-10,Present,"2026-04-18 17:23:03"
1380,16344,1057,2026-03-05,Present,"2026-04-18 17:23:03"
1381,44422,1496,2026-03-01,Present,"2026-04-18 17:23:03"
1382,45872,1754,2026-03-01,Present,"2026-04-18 17:23:03"
1383,1677,1055,2026-03-07,Present,"2026-04-18 17:23:03"
1384,1637,1202,2026-03-03,Present,"2026-04-18 17:23:03"
1385,23772,712,2026-03-01,Absent,"2026-04-18 17:23:03"
1386,18890,559,2026-03-01,Present,"2026-04-18 17:23:03"
1387,38569,1060,2026-03-03,Present,"2026-04-18 17:23:03"
1388,35739,961,2026-03-07,Absent,"2026-04-18 17:23:03"
1389,5392,1987,2026-03-06,Present,"2026-04-18 17:23:03"
1390,32945,513,2026-03-07,Present,"2026-04-18 17:23:03"
1391,6008,1677,2026-03-07,Present,"2026-04-18 17:23:03"
1392,37450,1435,2026-03-04,Present,"2026-04-18 17:23:03"
1393,5772,1352,2026-03-03,Present,"2026-04-18 17:23:03"
1394,34511,814,2026-03-09,Absent,"2026-04-18 17:23:03"
1395,28919,559,2026-03-08,Present,"2026-04-18 17:23:03"
1396,662,1422,2026-03-04,Present,"2026-04-18 17:23:03"
1397,31391,1984,2026-03-09,Present,"2026-04-18 17:23:03"
1398,44751,1700,2026-03-05,Present,"2026-04-18 17:23:03"
1399,41656,1036,2026-03-01,Absent,"2026-04-18 17:23:03"
1400,37103,1678,2026-03-03,Present,"2026-04-18 17:23:03"
1401,7090,1524,2026-03-02,Absent,"2026-04-18 17:23:03"
1402,23203,1949,2026-03-02,Present,"2026-04-18 17:23:03"
1403,32558,1587,2026-03-07,Present,"2026-04-18 17:23:03"
1404,36186,1343,2026-03-09,Present,"2026-04-18 17:23:03"
1405,35748,1343,2026-03-01,Present,"2026-04-18 17:23:03"
1406,45360,834,2026-03-10,Present,"2026-04-18 17:23:03"
1407,45245,1754,2026-03-10,Present,"2026-04-18 17:23:03"
1408,23914,911,2026-03-07,Absent,"2026-04-18 17:23:03"
1409,46591,1951,2026-03-09,Present,"2026-04-18 17:23:03"
1410,11083,1060,2026-03-05,Absent,"2026-04-18 17:23:03"
1411,30700,1834,2026-03-10,Present,"2026-04-18 17:23:03"
1412,39960,1482,2026-03-03,Present,"2026-04-18 17:23:03"
1413,29336,1522,2026-03-09,Present,"2026-04-18 17:23:03"
1414,10035,1908,2026-03-03,Present,"2026-04-18 17:23:03"
1415,49540,1184,2026-03-09,Absent,"2026-04-18 17:23:03"
1416,32056,915,2026-03-04,Present,"2026-04-18 17:23:03"
1417,30652,1359,2026-03-09,Present,"2026-04-18 17:23:03"
1418,5190,1951,2026-03-06,Present,"2026-04-18 17:23:03"
1419,23750,624,2026-03-08,Present,"2026-04-18 17:23:03"
1420,33268,669,2026-03-02,Present,"2026-04-18 17:23:03"
1421,16904,573,2026-03-08,Present,"2026-04-18 17:23:03"
1422,43182,1184,2026-03-09,Present,"2026-04-18 17:23:03"
1423,2173,1987,2026-03-06,Absent,"2026-04-18 17:23:03"
1424,13494,1435,2026-03-06,Present,"2026-04-18 17:23:03"
1425,31504,947,2026-03-10,Present,"2026-04-18 17:23:03"
1426,2000,1004,2026-03-02,Present,"2026-04-18 17:23:03"
1427,49804,1343,2026-03-02,Present,"2026-04-18 17:23:03"
1428,2421,766,2026-03-07,Absent,"2026-04-18 17:23:03"
1429,809,531,2026-03-08,Present,"2026-04-18 17:23:03"
1430,2206,1913,2026-03-09,Present,"2026-04-18 17:23:03"
1431,38142,1675,2026-03-08,Present,"2026-04-18 17:23:03"
1432,25185,1757,2026-03-05,Absent,"2026-04-18 17:23:03"
1433,37490,901,2026-03-08,Absent,"2026-04-18 17:23:03"
1434,29072,1913,2026-03-06,Absent,"2026-04-18 17:23:03"
1435,9538,573,2026-03-06,Present,"2026-04-18 17:23:03"
1436,45201,1102,2026-03-09,Present,"2026-04-18 17:23:03"
1437,14049,1352,2026-03-02,Absent,"2026-04-18 17:23:03"
1438,13421,669,2026-03-06,Absent,"2026-04-18 17:23:03"
1439,7066,1435,2026-03-06,Absent,"2026-04-18 17:23:03"
1440,37993,911,2026-03-02,Present,"2026-04-18 17:23:03"
1441,14747,1343,2026-03-07,Present,"2026-04-18 17:23:03"
1442,38453,1830,2026-03-10,Present,"2026-04-18 17:23:03"
1443,28342,1102,2026-03-10,Present,"2026-04-18 17:23:03"
1444,37385,1005,2026-03-03,Present,"2026-04-18 17:23:03"
1445,8552,881,2026-03-02,Present,"2026-04-18 17:23:03"
1446,46617,1482,2026-03-05,Present,"2026-04-18 17:23:03"
1447,41583,1974,2026-03-10,Present,"2026-04-18 17:23:03"
1448,5328,973,2026-03-01,Present,"2026-04-18 17:23:03"
1449,41404,1004,2026-03-03,Present,"2026-04-18 17:23:03"
1450,15538,1571,2026-03-03,Absent,"2026-04-18 17:23:03"
1451,17303,1435,2026-03-01,Absent,"2026-04-18 17:23:03"
1452,22026,1517,2026-03-06,Present,"2026-04-18 17:23:03"
1453,19071,1587,2026-03-08,Present,"2026-04-18 17:23:03"
1454,29492,1102,2026-03-05,Present,"2026-04-18 17:23:03"
1455,16688,1212,2026-03-03,Present,"2026-04-18 17:23:03"
1456,41874,1948,2026-03-03,Present,"2026-04-18 17:23:03"
1457,12402,1202,2026-03-01,Present,"2026-04-18 17:23:03"
1458,11238,792,2026-03-01,Present,"2026-04-18 17:23:03"
1459,24022,1482,2026-03-05,Absent,"2026-04-18 17:23:03"
1460,16505,1152,2026-03-06,Present,"2026-04-18 17:23:03"
1461,43764,575,2026-03-09,Present,"2026-04-18 17:23:03"
1462,622,1538,2026-03-01,Present,"2026-04-18 17:23:03"
1463,14671,701,2026-03-03,Absent,"2026-04-18 17:23:03"
1464,36683,808,2026-03-03,Present,"2026-04-18 17:23:03"
1465,6237,1228,2026-03-09,Present,"2026-04-18 17:23:03"
1466,21178,1555,2026-03-04,Absent,"2026-04-18 17:23:03"
1467,9049,973,2026-03-05,Present,"2026-04-18 17:23:03"
1468,31144,1517,2026-03-09,Present,"2026-04-18 17:23:03"
1469,22437,876,2026-03-01,Present,"2026-04-18 17:23:03"
1470,42895,531,2026-03-02,Present,"2026-04-18 17:23:03"
1471,33105,1951,2026-03-07,Present,"2026-04-18 17:23:03"
1472,21900,559,2026-03-04,Present,"2026-04-18 17:23:03"
1473,5042,1482,2026-03-05,Present,"2026-04-18 17:23:03"
1474,37251,964,2026-03-10,Present,"2026-04-18 17:23:03"
1475,376,1202,2026-03-03,Present,"2026-04-18 17:23:03"
1476,4414,1482,2026-03-03,Absent,"2026-04-18 17:23:03"
1477,5348,906,2026-03-05,Present,"2026-04-18 17:23:03"
1478,12003,1517,2026-03-03,Absent,"2026-04-18 17:23:03"
1479,33488,1340,2026-03-09,Present,"2026-04-18 17:23:03"
1480,24137,1005,2026-03-09,Present,"2026-04-18 17:23:03"
1481,24832,1435,2026-03-06,Present,"2026-04-18 17:23:03"
1482,15005,808,2026-03-05,Present,"2026-04-18 17:23:03"
1483,34919,1359,2026-03-08,Present,"2026-04-18 17:23:03"
1484,1220,1908,2026-03-10,Absent,"2026-04-18 17:23:03"
1485,9312,1212,2026-03-09,Absent,"2026-04-18 17:23:03"
1486,8943,1675,2026-03-01,Present,"2026-04-18 17:23:03"
1487,11308,618,2026-03-08,Present,"2026-04-18 17:23:03"
1488,643,1754,2026-03-01,Present,"2026-04-18 17:23:03"
1489,42493,1951,2026-03-10,Present,"2026-04-18 17:23:03"
1490,21649,1202,2026-03-08,Present,"2026-04-18 17:23:03"
1491,35988,1553,2026-03-04,Absent,"2026-04-18 17:23:03"
1492,41673,559,2026-03-10,Present,"2026-04-18 17:23:03"
1493,5280,1987,2026-03-08,Present,"2026-04-18 17:23:03"
1494,1915,618,2026-03-02,Absent,"2026-04-18 17:23:03"
1495,44868,1212,2026-03-02,Present,"2026-04-18 17:23:03"
1496,40648,1482,2026-03-04,Present,"2026-04-18 17:23:03"
1497,2814,573,2026-03-08,Present,"2026-04-18 17:23:03"
1498,12218,973,2026-03-03,Present,"2026-04-18 17:23:03"
1499,15329,792,2026-03-01,Present,"2026-04-18 17:23:03"
1500,45927,916,2026-03-03,Present,"2026-04-18 17:23:03"
1501,3934,1700,2026-03-10,Absent,"2026-04-18 17:23:03"
1502,37822,1176,2026-03-10,Present,"2026-04-18 17:23:03"
1503,30130,531,2026-03-02,Present,"2026-04-18 17:23:03"
1504,43294,1340,2026-03-10,Present,"2026-04-18 17:23:03"
1505,44298,1487,2026-03-04,Present,"2026-04-18 17:23:03"
1506,16818,1538,2026-03-09,Present,"2026-04-18 17:23:03"
1507,30899,1409,2026-03-10,Present,"2026-04-18 17:23:03"
1508,36562,1787,2026-03-03,Present,"2026-04-18 17:23:03"
1509,9358,1374,2026-03-03,Absent,"2026-04-18 17:23:03"
1510,24860,735,2026-03-03,Present,"2026-04-18 17:23:03"
1511,33720,1553,2026-03-04,Present,"2026-04-18 17:23:03"
1512,36376,766,2026-03-01,Present,"2026-04-18 17:23:03"
1513,5957,1102,2026-03-01,Present,"2026-04-18 17:23:03"
1514,24512,1422,2026-03-05,Present,"2026-04-18 17:23:03"
1515,43682,911,2026-03-02,Present,"2026-04-18 17:23:03"
1516,46886,1292,2026-03-01,Present,"2026-04-18 17:23:03"
1517,42638,1340,2026-03-04,Present,"2026-04-18 17:23:03"
1518,3533,1057,2026-03-05,Present,"2026-04-18 17:23:03"
1519,47459,1787,2026-03-08,Present,"2026-04-18 17:23:03"
1520,39625,1700,2026-03-06,Present,"2026-04-18 17:23:03"
1521,34036,669,2026-03-07,Present,"2026-04-18 17:23:03"
1522,9455,973,2026-03-01,Present,"2026-04-18 17:23:03"
1523,25907,1005,2026-03-01,Absent,"2026-04-18 17:23:03"
1524,34596,1073,2026-03-03,Absent,"2026-04-18 17:23:03"
1525,10515,915,2026-03-09,Absent,"2026-04-18 17:23:03"
1526,33445,1374,2026-03-07,Present,"2026-04-18 17:23:03"
1527,32789,1598,2026-03-10,Present,"2026-04-18 17:23:03"
1528,10826,962,2026-03-05,Present,"2026-04-18 17:23:03"
1529,27074,1482,2026-03-08,Present,"2026-04-18 17:23:03"
1530,10924,756,2026-03-07,Present,"2026-04-18 17:23:03"
1531,29581,911,2026-03-06,Present,"2026-04-18 17:23:03"
1532,2152,1202,2026-03-04,Present,"2026-04-18 17:23:03"
1533,41400,1340,2026-03-05,Present,"2026-04-18 17:23:03"
1534,40034,584,2026-03-02,Absent,"2026-04-18 17:23:03"
1535,13580,1670,2026-03-01,Present,"2026-04-18 17:23:03"
1536,49083,759,2026-03-09,Present,"2026-04-18 17:23:03"
1537,46663,1598,2026-03-05,Present,"2026-04-18 17:23:03"
1538,16945,1359,2026-03-02,Absent,"2026-04-18 17:23:03"
1539,865,964,2026-03-07,Present,"2026-04-18 17:23:03"
1540,38006,1787,2026-03-05,Present,"2026-04-18 17:23:03"
1541,11118,756,2026-03-04,Present,"2026-04-18 17:23:03"
1542,33840,916,2026-03-03,Present,"2026-04-18 17:23:03"
1543,25728,834,2026-03-04,Absent,"2026-04-18 17:23:03"
1544,3777,1073,2026-03-06,Present,"2026-04-18 17:23:03"
1545,47188,901,2026-03-10,Absent,"2026-04-18 17:23:03"
1546,44644,1300,2026-03-09,Present,"2026-04-18 17:23:03"
1547,31589,1057,2026-03-01,Present,"2026-04-18 17:23:03"
1548,40761,1228,2026-03-06,Present,"2026-04-18 17:23:03"
1549,44977,1292,2026-03-06,Present,"2026-04-18 17:23:03"
1550,15867,1482,2026-03-05,Present,"2026-04-18 17:23:03"
1551,33476,1553,2026-03-07,Absent,"2026-04-18 17:23:03"
1552,27247,1482,2026-03-05,Present,"2026-04-18 17:23:03"
1553,16901,1176,2026-03-03,Present,"2026-04-18 17:23:03"
1554,1912,1359,2026-03-08,Present,"2026-04-18 17:23:03"
1555,8501,1435,2026-03-02,Present,"2026-04-18 17:23:03"
1556,20005,1913,2026-03-09,Present,"2026-04-18 17:23:03"
1557,16976,513,2026-03-09,Present,"2026-04-18 17:23:03"
1558,37295,1228,2026-03-07,Present,"2026-04-18 17:23:03"
1559,37598,1060,2026-03-10,Absent,"2026-04-18 17:23:03"
1560,19025,1101,2026-03-01,Present,"2026-04-18 17:23:03"
1561,45568,1830,2026-03-02,Present,"2026-04-18 17:23:03"
1562,16428,901,2026-03-04,Present,"2026-04-18 17:23:03"
1563,38184,531,2026-03-10,Present,"2026-04-18 17:23:03"
1564,9038,1057,2026-03-04,Present,"2026-04-18 17:23:03"
1565,42231,915,2026-03-01,Present,"2026-04-18 17:23:03"
1566,21387,808,2026-03-04,Present,"2026-04-18 17:23:03"
1567,24884,1538,2026-03-06,Present,"2026-04-18 17:23:03"
1568,39421,1553,2026-03-09,Present,"2026-04-18 17:23:03"
1569,8188,906,2026-03-08,Present,"2026-04-18 17:23:03"
1570,43790,1948,2026-03-06,Present,"2026-04-18 17:23:03"
1571,1024,808,2026-03-06,Absent,"2026-04-18 17:23:03"
1572,28897,1987,2026-03-09,Present,"2026-04-18 17:23:03"
1573,2390,1670,2026-03-03,Absent,"2026-04-18 17:23:03"
1574,6416,1057,2026-03-08,Present,"2026-04-18 17:23:03"
1575,1057,1152,2026-03-07,Present,"2026-04-18 17:23:03"
1576,48219,1908,2026-03-07,Present,"2026-04-18 17:23:03"
1577,8426,998,2026-03-06,Present,"2026-04-18 17:23:03"
1578,20751,1914,2026-03-09,Present,"2026-04-18 17:23:03"
1579,44744,1034,2026-03-08,Absent,"2026-04-18 17:23:03"
1580,47176,962,2026-03-04,Present,"2026-04-18 17:23:03"
1581,4403,1004,2026-03-08,Absent,"2026-04-18 17:23:03"
1582,30025,1253,2026-03-03,Absent,"2026-04-18 17:23:03"
1583,14409,961,2026-03-07,Present,"2026-04-18 17:23:03"
1584,28515,1522,2026-03-05,Present,"2026-04-18 17:23:03"
1585,30839,1212,2026-03-04,Present,"2026-04-18 17:23:03"
1586,32547,1055,2026-03-10,Absent,"2026-04-18 17:23:03"
1587,20667,1787,2026-03-01,Absent,"2026-04-18 17:23:03"
1588,39784,814,2026-03-08,Present,"2026-04-18 17:23:03"
1589,47755,1951,2026-03-10,Present,"2026-04-18 17:23:03"
1590,38127,881,2026-03-10,Present,"2026-04-18 17:23:03"
1591,47149,1365,2026-03-03,Absent,"2026-04-18 17:23:03"
1592,14266,1102,2026-03-06,Present,"2026-04-18 17:23:03"
1593,6467,1170,2026-03-01,Present,"2026-04-18 17:23:03"
1594,38660,1057,2026-03-07,Present,"2026-04-18 17:23:03"
1595,25171,1778,2026-03-04,Present,"2026-04-18 17:23:03"
1596,41975,654,2026-03-09,Present,"2026-04-18 17:23:03"
1597,41364,961,2026-03-07,Present,"2026-04-18 17:23:03"
1598,20455,1057,2026-03-10,Present,"2026-04-18 17:23:03"
1599,22329,618,2026-03-01,Present,"2026-04-18 17:23:03"
1600,20068,1754,2026-03-02,Present,"2026-04-18 17:23:03"
1601,21598,1102,2026-03-01,Present,"2026-04-18 17:23:03"
1602,32927,1057,2026-03-02,Present,"2026-04-18 17:23:03"
1603,16823,1216,2026-03-05,Absent,"2026-04-18 17:23:03"
1604,9852,1352,2026-03-02,Present,"2026-04-18 17:23:03"
1605,22260,881,2026-03-02,Present,"2026-04-18 17:23:03"
1606,18782,814,2026-03-04,Present,"2026-04-18 17:23:03"
1607,34723,911,2026-03-04,Present,"2026-04-18 17:23:03"
1608,46150,1202,2026-03-02,Present,"2026-04-18 17:23:03"
1609,24731,1184,2026-03-07,Present,"2026-04-18 17:23:03"
1610,42786,575,2026-03-04,Present,"2026-04-18 17:23:03"
1611,37881,1036,2026-03-01,Present,"2026-04-18 17:23:03"
1612,32627,915,2026-03-05,Absent,"2026-04-18 17:23:03"
1613,7181,1164,2026-03-06,Absent,"2026-04-18 17:23:03"
1614,35830,1036,2026-03-10,Absent,"2026-04-18 17:23:03"
1615,31514,1984,2026-03-07,Absent,"2026-04-18 17:23:03"
1616,27519,1951,2026-03-09,Absent,"2026-04-18 17:23:03"
1617,47778,962,2026-03-02,Absent,"2026-04-18 17:23:03"
1618,6870,998,2026-03-08,Present,"2026-04-18 17:23:03"
1619,19319,961,2026-03-04,Present,"2026-04-18 17:23:03"
1620,10908,792,2026-03-02,Present,"2026-04-18 17:23:03"
1621,18308,906,2026-03-05,Present,"2026-04-18 17:23:03"
1622,48535,1524,2026-03-05,Absent,"2026-04-18 17:23:03"
1623,48211,1073,2026-03-07,Present,"2026-04-18 17:23:03"
1624,23284,1036,2026-03-03,Present,"2026-04-18 17:23:03"
1625,46674,1482,2026-03-10,Absent,"2026-04-18 17:23:03"
1626,44556,513,2026-03-02,Absent,"2026-04-18 17:23:03"
1627,18554,1101,2026-03-03,Present,"2026-04-18 17:23:03"
1628,43850,1524,2026-03-10,Present,"2026-04-18 17:23:03"
1629,8237,1359,2026-03-10,Present,"2026-04-18 17:23:03"
1630,2992,1036,2026-03-07,Present,"2026-04-18 17:23:03"
1631,20732,1517,2026-03-06,Present,"2026-04-18 17:23:03"
1632,11959,1073,2026-03-05,Present,"2026-04-18 17:23:03"
1633,11111,654,2026-03-07,Present,"2026-04-18 17:23:03"
1634,49311,1913,2026-03-05,Present,"2026-04-18 17:23:03"
1635,49442,962,2026-03-07,Present,"2026-04-18 17:23:03"
1636,17132,794,2026-03-02,Present,"2026-04-18 17:23:03"
1637,2761,1292,2026-03-02,Present,"2026-04-18 17:23:03"
1638,23961,712,2026-03-07,Present,"2026-04-18 17:23:03"
1639,46803,1700,2026-03-10,Absent,"2026-04-18 17:23:03"
1640,24956,998,2026-03-04,Present,"2026-04-18 17:23:03"
1641,34482,1675,2026-03-07,Present,"2026-04-18 17:23:03"
1642,40804,1522,2026-03-10,Present,"2026-04-18 17:23:03"
1643,9411,792,2026-03-02,Present,"2026-04-18 17:23:03"
1644,10771,1482,2026-03-08,Present,"2026-04-18 17:23:03"
1645,19448,1598,2026-03-09,Present,"2026-04-18 17:23:03"
1646,4560,756,2026-03-01,Present,"2026-04-18 17:23:03"
1647,30699,998,2026-03-05,Present,"2026-04-18 17:23:03"
1648,31269,1374,2026-03-07,Present,"2026-04-18 17:23:03"
1649,26767,1036,2026-03-08,Present,"2026-04-18 17:23:03"
1650,38076,794,2026-03-03,Present,"2026-04-18 17:23:03"
1651,11299,1228,2026-03-03,Present,"2026-04-18 17:23:03"
1652,18285,756,2026-03-04,Present,"2026-04-18 17:23:03"
1653,42766,1987,2026-03-03,Absent,"2026-04-18 17:23:03"
1654,18251,947,2026-03-05,Present,"2026-04-18 17:23:03"
1655,49941,1004,2026-03-05,Absent,"2026-04-18 17:23:03"
1656,16586,1212,2026-03-08,Present,"2026-04-18 17:23:03"
1657,37488,961,2026-03-09,Present,"2026-04-18 17:23:03"
1658,16695,1787,2026-03-10,Present,"2026-04-18 17:23:03"
1659,7705,1587,2026-03-01,Present,"2026-04-18 17:23:03"
1660,10152,1908,2026-03-06,Present,"2026-04-18 17:23:03"
1661,43382,834,2026-03-07,Present,"2026-04-18 17:23:03"
1662,32701,1555,2026-03-06,Present,"2026-04-18 17:23:03"
1663,42259,1974,2026-03-08,Present,"2026-04-18 17:23:03"
1664,43282,998,2026-03-03,Absent,"2026-04-18 17:23:03"
1665,30533,1005,2026-03-03,Present,"2026-04-18 17:23:03"
1666,10470,712,2026-03-09,Absent,"2026-04-18 17:23:03"
1667,38521,1598,2026-03-03,Present,"2026-04-18 17:23:03"
1668,48284,1409,2026-03-02,Present,"2026-04-18 17:23:03"
1669,44264,669,2026-03-06,Present,"2026-04-18 17:23:03"
1670,42991,915,2026-03-03,Present,"2026-04-18 17:23:03"
1671,31442,1951,2026-03-02,Present,"2026-04-18 17:23:03"
1672,44484,906,2026-03-02,Present,"2026-04-18 17:23:03"
1673,17671,881,2026-03-01,Present,"2026-04-18 17:23:03"
1674,22808,792,2026-03-08,Present,"2026-04-18 17:23:03"
1675,13901,1948,2026-03-05,Absent,"2026-04-18 17:23:03"
1676,42914,1834,2026-03-10,Present,"2026-04-18 17:23:03"
1677,16436,1754,2026-03-01,Present,"2026-04-18 17:23:03"
1678,28099,559,2026-03-07,Absent,"2026-04-18 17:23:03"
1679,4376,962,2026-03-09,Absent,"2026-04-18 17:23:03"
1680,15272,1004,2026-03-02,Present,"2026-04-18 17:23:03"
1681,39090,1374,2026-03-02,Absent,"2026-04-18 17:23:03"
1682,34431,1951,2026-03-07,Present,"2026-04-18 17:23:03"
1683,16070,1365,2026-03-03,Present,"2026-04-18 17:23:03"
1684,45936,1587,2026-03-03,Present,"2026-04-18 17:23:03"
1685,4483,1571,2026-03-04,Present,"2026-04-18 17:23:03"
1686,48758,1778,2026-03-06,Present,"2026-04-18 17:23:03"
1687,349,834,2026-03-06,Absent,"2026-04-18 17:23:03"
1688,28126,1754,2026-03-08,Present,"2026-04-18 17:23:03"
1689,5387,1435,2026-03-07,Present,"2026-04-18 17:23:03"
1690,39815,1830,2026-03-06,Absent,"2026-04-18 17:23:03"
1691,24009,624,2026-03-01,Present,"2026-04-18 17:23:03"
1692,35638,575,2026-03-01,Present,"2026-04-18 17:23:03"
1693,3447,1005,2026-03-09,Present,"2026-04-18 17:23:03"
1694,26358,1228,2026-03-05,Present,"2026-04-18 17:23:03"
1695,5188,1036,2026-03-08,Present,"2026-04-18 17:23:03"
1696,29156,1522,2026-03-01,Absent,"2026-04-18 17:23:03"
1697,13039,1184,2026-03-09,Present,"2026-04-18 17:23:03"
1698,44468,1409,2026-03-08,Present,"2026-04-18 17:23:03"
1699,44409,712,2026-03-09,Present,"2026-04-18 17:23:03"
1700,47184,1678,2026-03-07,Present,"2026-04-18 17:23:03"
1701,34878,1700,2026-03-09,Absent,"2026-04-18 17:23:03"
1702,39292,669,2026-03-01,Present,"2026-04-18 17:23:03"
1703,42251,961,2026-03-06,Present,"2026-04-18 17:23:03"
1704,3420,814,2026-03-07,Present,"2026-04-18 17:23:03"
1705,28502,906,2026-03-01,Present,"2026-04-18 17:23:03"
1706,15041,792,2026-03-10,Present,"2026-04-18 17:23:03"
1707,14231,901,2026-03-09,Absent,"2026-04-18 17:23:03"
1708,36645,575,2026-03-09,Present,"2026-04-18 17:23:03"
1709,16246,1948,2026-03-10,Present,"2026-04-18 17:23:03"
1710,2583,906,2026-03-08,Present,"2026-04-18 17:23:03"
1711,33335,1055,2026-03-04,Present,"2026-04-18 17:23:03"
1712,19263,759,2026-03-03,Present,"2026-04-18 17:23:03"
1713,37532,1984,2026-03-09,Absent,"2026-04-18 17:23:03"
1714,47285,618,2026-03-10,Present,"2026-04-18 17:23:03"
1715,34577,1754,2026-03-01,Present,"2026-04-18 17:23:03"
1716,46067,1073,2026-03-09,Present,"2026-04-18 17:23:03"
1717,26318,1359,2026-03-06,Present,"2026-04-18 17:23:03"
1718,28309,1908,2026-03-05,Present,"2026-04-18 17:23:03"
1719,37783,1202,2026-03-07,Present,"2026-04-18 17:23:03"
1720,26210,1598,2026-03-08,Present,"2026-04-18 17:23:03"
1721,20159,766,2026-03-08,Present,"2026-04-18 17:23:03"
1722,13843,1670,2026-03-02,Absent,"2026-04-18 17:23:03"
1723,49724,814,2026-03-02,Present,"2026-04-18 17:23:03"
1724,37037,1170,2026-03-03,Present,"2026-04-18 17:23:03"
1725,41439,906,2026-03-02,Present,"2026-04-18 17:23:03"
1726,49847,573,2026-03-03,Absent,"2026-04-18 17:23:03"
1727,10191,1571,2026-03-06,Present,"2026-04-18 17:23:03"
1728,43266,575,2026-03-05,Present,"2026-04-18 17:23:03"
1729,16168,1948,2026-03-01,Present,"2026-04-18 17:23:03"
1730,12716,1830,2026-03-06,Present,"2026-04-18 17:23:03"
1731,42995,735,2026-03-05,Present,"2026-04-18 17:23:03"
1732,47653,911,2026-03-03,Present,"2026-04-18 17:23:03"
1733,12962,1700,2026-03-07,Absent,"2026-04-18 17:23:03"
1734,8278,915,2026-03-10,Present,"2026-04-18 17:23:03"
1735,26304,1055,2026-03-09,Present,"2026-04-18 17:23:03"
1736,39493,1184,2026-03-09,Present,"2026-04-18 17:23:03"
1737,36411,669,2026-03-06,Absent,"2026-04-18 17:23:03"
1738,47568,1974,2026-03-05,Present,"2026-04-18 17:23:03"
1739,1502,964,2026-03-09,Present,"2026-04-18 17:23:03"
1740,25676,1216,2026-03-03,Present,"2026-04-18 17:23:03"
1741,36457,1170,2026-03-10,Present,"2026-04-18 17:23:03"
1742,12330,1352,2026-03-03,Present,"2026-04-18 17:23:03"
1743,32414,1101,2026-03-09,Present,"2026-04-18 17:23:03"
1744,12942,1598,2026-03-09,Present,"2026-04-18 17:23:03"
1745,22283,1055,2026-03-04,Absent,"2026-04-18 17:23:03"
1746,35993,756,2026-03-04,Absent,"2026-04-18 17:23:03"
1747,2107,1587,2026-03-04,Absent,"2026-04-18 17:23:03"
1748,38168,1073,2026-03-08,Present,"2026-04-18 17:23:03"
1749,36456,947,2026-03-09,Present,"2026-04-18 17:23:03"
1750,28124,1598,2026-03-05,Present,"2026-04-18 17:23:03"
1751,46456,1757,2026-03-04,Present,"2026-04-18 17:23:03"
1752,35090,756,2026-03-01,Present,"2026-04-18 17:23:03"
1753,26400,573,2026-03-04,Present,"2026-04-18 17:23:03"
1754,32693,1374,2026-03-10,Present,"2026-04-18 17:23:03"
1755,36496,1538,2026-03-01,Present,"2026-04-18 17:23:03"
1756,29827,1005,2026-03-03,Present,"2026-04-18 17:23:03"
1757,49445,1102,2026-03-03,Absent,"2026-04-18 17:23:03"
1758,28057,1787,2026-03-06,Present,"2026-04-18 17:23:03"
1759,35300,1300,2026-03-07,Absent,"2026-04-18 17:23:03"
1760,10166,1422,2026-03-01,Present,"2026-04-18 17:23:03"
1761,18334,962,2026-03-09,Present,"2026-04-18 17:23:03"
1762,34528,1004,2026-03-08,Present,"2026-04-18 17:23:03"
1763,48225,961,2026-03-07,Present,"2026-04-18 17:23:03"
1764,33139,858,2026-03-07,Absent,"2026-04-18 17:23:03"
1765,41373,1216,2026-03-05,Present,"2026-04-18 17:23:03"
1766,14222,998,2026-03-06,Present,"2026-04-18 17:23:03"
1767,10900,1435,2026-03-08,Present,"2026-04-18 17:23:03"
1768,48937,1365,2026-03-10,Absent,"2026-04-18 17:23:03"
1769,22071,1778,2026-03-05,Present,"2026-04-18 17:23:03"
1770,36899,1517,2026-03-08,Present,"2026-04-18 17:23:03"
1771,3041,1374,2026-03-03,Present,"2026-04-18 17:23:03"
1772,10860,1060,2026-03-02,Present,"2026-04-18 17:23:03"
1773,29642,1598,2026-03-05,Present,"2026-04-18 17:23:03"
1774,35385,669,2026-03-01,Present,"2026-04-18 17:23:03"
1775,10496,1598,2026-03-02,Present,"2026-04-18 17:23:03"
1776,14348,1365,2026-03-10,Present,"2026-04-18 17:23:03"
1777,20827,1343,2026-03-01,Present,"2026-04-18 17:23:03"
1778,21529,962,2026-03-08,Present,"2026-04-18 17:23:03"
1779,1879,1202,2026-03-05,Present,"2026-04-18 17:23:03"
1780,46907,1057,2026-03-07,Present,"2026-04-18 17:23:03"
1781,7494,1409,2026-03-01,Present,"2026-04-18 17:23:03"
1782,49327,1333,2026-03-06,Absent,"2026-04-18 17:23:03"
1783,36974,1517,2026-03-07,Absent,"2026-04-18 17:23:03"
1784,13681,1216,2026-03-10,Present,"2026-04-18 17:23:03"
1785,5683,1176,2026-03-05,Present,"2026-04-18 17:23:03"
1786,45983,756,2026-03-10,Present,"2026-04-18 17:23:03"
1787,22092,973,2026-03-10,Present,"2026-04-18 17:23:03"
1788,6423,1555,2026-03-01,Present,"2026-04-18 17:23:03"
1789,17100,1908,2026-03-05,Present,"2026-04-18 17:23:03"
1790,21640,624,2026-03-03,Present,"2026-04-18 17:23:03"
1791,29017,1960,2026-03-09,Present,"2026-04-18 17:23:03"
1792,4643,701,2026-03-05,Present,"2026-04-18 17:23:03"
1793,24452,1352,2026-03-09,Present,"2026-04-18 17:23:03"
1794,6523,584,2026-03-04,Present,"2026-04-18 17:23:03"
1795,22753,1538,2026-03-05,Present,"2026-04-18 17:23:03"
1796,6173,1216,2026-03-07,Present,"2026-04-18 17:23:03"
1797,49453,794,2026-03-03,Present,"2026-04-18 17:23:03"
1798,10234,531,2026-03-02,Present,"2026-04-18 17:23:03"
1799,33335,1987,2026-03-03,Present,"2026-04-18 17:23:03"
1800,6128,1487,2026-03-04,Present,"2026-04-18 17:23:03"
1801,31153,964,2026-03-10,Absent,"2026-04-18 17:23:03"
1802,3732,1184,2026-03-07,Present,"2026-04-18 17:23:03"
1803,49871,1005,2026-03-04,Present,"2026-04-18 17:23:03"
1804,25695,1700,2026-03-05,Present,"2026-04-18 17:23:03"
1805,11296,1974,2026-03-03,Absent,"2026-04-18 17:23:03"
1806,7139,1830,2026-03-07,Absent,"2026-04-18 17:23:03"
1807,29859,1352,2026-03-04,Present,"2026-04-18 17:23:03"
1808,36529,1913,2026-03-08,Present,"2026-04-18 17:23:03"
1809,12476,1913,2026-03-10,Present,"2026-04-18 17:23:03"
1810,28757,876,2026-03-06,Present,"2026-04-18 17:23:03"
1811,34594,915,2026-03-06,Present,"2026-04-18 17:23:03"
1812,1217,1422,2026-03-02,Present,"2026-04-18 17:23:03"
1813,31955,906,2026-03-03,Absent,"2026-04-18 17:23:03"
1814,18636,1960,2026-03-06,Present,"2026-04-18 17:23:03"
1815,39910,1343,2026-03-07,Absent,"2026-04-18 17:23:03"
1816,17595,1292,2026-03-01,Present,"2026-04-18 17:23:03"
1817,44124,1164,2026-03-06,Present,"2026-04-18 17:23:03"
1818,7654,961,2026-03-05,Present,"2026-04-18 17:23:03"
1819,3356,998,2026-03-03,Absent,"2026-04-18 17:23:03"
1820,24827,1101,2026-03-01,Present,"2026-04-18 17:23:03"
1821,15902,901,2026-03-06,Present,"2026-04-18 17:23:03"
1822,35302,1409,2026-03-04,Present,"2026-04-18 17:23:03"
1823,35653,1524,2026-03-09,Present,"2026-04-18 17:23:03"
1824,38852,1435,2026-03-09,Present,"2026-04-18 17:23:03"
1825,40599,559,2026-03-09,Absent,"2026-04-18 17:23:03"
1826,41276,531,2026-03-04,Present,"2026-04-18 17:23:03"
1827,20545,1343,2026-03-05,Present,"2026-04-18 17:23:03"
1828,49023,759,2026-03-07,Present,"2026-04-18 17:23:03"
1829,10123,1914,2026-03-01,Absent,"2026-04-18 17:23:03"
1830,2630,962,2026-03-09,Present,"2026-04-18 17:23:03"
1831,17388,1253,2026-03-09,Present,"2026-04-18 17:23:03"
1832,43473,911,2026-03-08,Present,"2026-04-18 17:23:03"
1833,12066,915,2026-03-10,Present,"2026-04-18 17:23:03"
1834,23708,1914,2026-03-10,Present,"2026-04-18 17:23:03"
1835,4992,1034,2026-03-02,Present,"2026-04-18 17:23:03"
1836,40660,881,2026-03-09,Present,"2026-04-18 17:23:03"
1837,39320,1073,2026-03-06,Present,"2026-04-18 17:23:03"
1838,45283,1164,2026-03-04,Present,"2026-04-18 17:23:03"
1839,21060,1060,2026-03-07,Present,"2026-04-18 17:23:03"
1840,30622,858,2026-03-08,Present,"2026-04-18 17:23:03"
1841,42402,573,2026-03-01,Present,"2026-04-18 17:23:03"
1842,23097,1538,2026-03-10,Present,"2026-04-18 17:23:03"
1843,2926,1754,2026-03-10,Present,"2026-04-18 17:23:03"
1844,41484,1034,2026-03-07,Absent,"2026-04-18 17:23:03"
1845,16568,858,2026-03-01,Present,"2026-04-18 17:23:03"
1846,20223,1914,2026-03-09,Present,"2026-04-18 17:23:03"
1847,13655,1524,2026-03-05,Present,"2026-04-18 17:23:03"
1848,38886,1587,2026-03-06,Present,"2026-04-18 17:23:03"
1849,44327,1228,2026-03-07,Absent,"2026-04-18 17:23:03"
1850,31014,618,2026-03-01,Present,"2026-04-18 17:23:03"
1851,23905,1343,2026-03-02,Present,"2026-04-18 17:23:03"
1852,962,1914,2026-03-04,Absent,"2026-04-18 17:23:03"
1853,1289,573,2026-03-09,Present,"2026-04-18 17:23:03"
1854,16950,916,2026-03-04,Present,"2026-04-18 17:23:03"
1855,6321,1949,2026-03-05,Absent,"2026-04-18 17:23:03"
1856,11998,1948,2026-03-01,Present,"2026-04-18 17:23:03"
1857,36410,618,2026-03-03,Present,"2026-04-18 17:23:03"
1858,37069,1060,2026-03-10,Present,"2026-04-18 17:23:03"
1859,35396,1757,2026-03-07,Present,"2026-04-18 17:23:03"
1860,46084,1409,2026-03-08,Present,"2026-04-18 17:23:03"
1861,8596,1359,2026-03-09,Present,"2026-04-18 17:23:03"
1862,30424,1908,2026-03-07,Present,"2026-04-18 17:23:03"
1863,42834,1409,2026-03-03,Absent,"2026-04-18 17:23:03"
1864,22224,906,2026-03-07,Absent,"2026-04-18 17:23:03"
1865,24651,654,2026-03-03,Absent,"2026-04-18 17:23:03"
1866,5831,531,2026-03-09,Present,"2026-04-18 17:23:03"
1867,15031,735,2026-03-01,Present,"2026-04-18 17:23:03"
1868,49234,947,2026-03-06,Present,"2026-04-18 17:23:03"
1869,38932,1524,2026-03-06,Present,"2026-04-18 17:23:03"
1870,19279,1700,2026-03-07,Present,"2026-04-18 17:23:03"
1871,6770,1057,2026-03-07,Present,"2026-04-18 17:23:03"
1872,43282,998,2026-03-07,Present,"2026-04-18 17:23:03"
1873,23244,575,2026-03-03,Present,"2026-04-18 17:23:03"
1874,5915,1170,2026-03-05,Absent,"2026-04-18 17:23:03"
1875,48663,858,2026-03-07,Absent,"2026-04-18 17:23:03"
1876,25320,669,2026-03-10,Present,"2026-04-18 17:23:03"
1877,47225,1670,2026-03-06,Absent,"2026-04-18 17:23:03"
1878,22638,1913,2026-03-09,Present,"2026-04-18 17:23:03"
1879,35615,998,2026-03-08,Present,"2026-04-18 17:23:03"
1880,15528,759,2026-03-09,Present,"2026-04-18 17:23:03"
1881,36899,1587,2026-03-05,Present,"2026-04-18 17:23:03"
1882,22662,513,2026-03-03,Present,"2026-04-18 17:23:03"
1883,32509,1678,2026-03-04,Present,"2026-04-18 17:23:03"
1884,7778,531,2026-03-01,Present,"2026-04-18 17:23:03"
1885,1340,1202,2026-03-07,Present,"2026-04-18 17:23:03"
1886,41970,618,2026-03-05,Present,"2026-04-18 17:23:03"
1887,1873,1292,2026-03-04,Present,"2026-04-18 17:23:03"
1888,25914,759,2026-03-07,Present,"2026-04-18 17:23:03"
1889,25970,1678,2026-03-01,Present,"2026-04-18 17:23:03"
1890,18792,1359,2026-03-02,Present,"2026-04-18 17:23:03"
1891,9383,1060,2026-03-10,Present,"2026-04-18 17:23:03"
1892,47237,1496,2026-03-06,Present,"2026-04-18 17:23:03"
1893,4209,962,2026-03-02,Absent,"2026-04-18 17:23:03"
1894,27244,1987,2026-03-03,Present,"2026-04-18 17:23:03"
1895,5316,1184,2026-03-06,Present,"2026-04-18 17:23:03"
1896,48329,1974,2026-03-02,Present,"2026-04-18 17:23:03"
1897,42619,834,2026-03-01,Present,"2026-04-18 17:23:03"
1898,26107,559,2026-03-01,Absent,"2026-04-18 17:23:03"
1899,6372,1343,2026-03-06,Present,"2026-04-18 17:23:03"
1900,9814,1409,2026-03-08,Present,"2026-04-18 17:23:03"
1901,1390,1948,2026-03-01,Absent,"2026-04-18 17:23:03"
1902,20624,701,2026-03-05,Present,"2026-04-18 17:23:03"
1903,3060,876,2026-03-09,Present,"2026-04-18 17:23:03"
1904,18288,808,2026-03-08,Present,"2026-04-18 17:23:03"
1905,39735,531,2026-03-05,Absent,"2026-04-18 17:23:03"
1906,43674,1422,2026-03-01,Absent,"2026-04-18 17:23:03"
1907,22391,1571,2026-03-05,Present,"2026-04-18 17:23:03"
1908,48774,1359,2026-03-07,Present,"2026-04-18 17:23:03"
1909,35065,1228,2026-03-02,Present,"2026-04-18 17:23:03"
1910,6002,1960,2026-03-01,Present,"2026-04-18 17:23:03"
1911,40661,1034,2026-03-02,Present,"2026-04-18 17:23:03"
1912,30652,1034,2026-03-09,Present,"2026-04-18 17:23:03"
1913,18165,654,2026-03-05,Absent,"2026-04-18 17:23:03"
1914,33639,1164,2026-03-10,Present,"2026-04-18 17:23:03"
1915,13426,1343,2026-03-07,Absent,"2026-04-18 17:23:03"
1916,38436,1333,2026-03-05,Present,"2026-04-18 17:23:03"
1917,47537,573,2026-03-06,Present,"2026-04-18 17:23:03"
1918,10807,1913,2026-03-03,Present,"2026-04-18 17:23:03"
1919,22473,559,2026-03-06,Present,"2026-04-18 17:23:03"
1920,26805,961,2026-03-02,Present,"2026-04-18 17:23:03"
1921,14530,915,2026-03-04,Present,"2026-04-18 17:23:03"
1922,46915,1598,2026-03-06,Present,"2026-04-18 17:23:03"
1923,44143,1960,2026-03-03,Present,"2026-04-18 17:23:03"
1924,30511,1670,2026-03-09,Present,"2026-04-18 17:23:03"
1925,19874,901,2026-03-09,Present,"2026-04-18 17:23:03"
1926,42642,973,2026-03-06,Present,"2026-04-18 17:23:03"
1927,2457,1496,2026-03-05,Present,"2026-04-18 17:23:03"
1928,12150,1152,2026-03-07,Present,"2026-04-18 17:23:03"
1929,2837,1343,2026-03-03,Present,"2026-04-18 17:23:03"
1930,48164,834,2026-03-07,Present,"2026-04-18 17:23:03"
1931,19282,575,2026-03-06,Present,"2026-04-18 17:23:03"
1932,32952,766,2026-03-08,Present,"2026-04-18 17:23:03"
1933,45644,766,2026-03-03,Present,"2026-04-18 17:23:03"
1934,10859,766,2026-03-03,Present,"2026-04-18 17:23:03"
1935,31435,1678,2026-03-02,Present,"2026-04-18 17:23:03"
1936,40649,1101,2026-03-03,Absent,"2026-04-18 17:23:03"
1937,24462,947,2026-03-01,Present,"2026-04-18 17:23:03"
1938,41827,701,2026-03-02,Absent,"2026-04-18 17:23:03"
1939,24750,1409,2026-03-02,Present,"2026-04-18 17:23:03"
1940,17140,1202,2026-03-05,Present,"2026-04-18 17:23:03"
1941,2444,531,2026-03-03,Present,"2026-04-18 17:23:03"
1942,14190,1057,2026-03-02,Present,"2026-04-18 17:23:03"
1943,26366,1754,2026-03-06,Absent,"2026-04-18 17:23:03"
1944,6109,947,2026-03-02,Present,"2026-04-18 17:23:03"
1945,12834,1524,2026-03-09,Present,"2026-04-18 17:23:03"
1946,2371,1101,2026-03-02,Absent,"2026-04-18 17:23:03"
1947,30041,1913,2026-03-02,Present,"2026-04-18 17:23:03"
1948,38996,1228,2026-03-09,Present,"2026-04-18 17:23:03"
1949,24318,513,2026-03-09,Present,"2026-04-18 17:23:03"
1950,4619,1212,2026-03-05,Present,"2026-04-18 17:23:03"
1951,34596,756,2026-03-02,Present,"2026-04-18 17:23:03"
1952,20693,1538,2026-03-07,Present,"2026-04-18 17:23:03"
1953,24298,1987,2026-03-07,Absent,"2026-04-18 17:23:03"
1954,18141,1057,2026-03-07,Absent,"2026-04-18 17:23:03"
1955,3322,1700,2026-03-10,Absent,"2026-04-18 17:23:03"
1956,32063,1757,2026-03-10,Absent,"2026-04-18 17:23:03"
1957,16660,1435,2026-03-03,Present,"2026-04-18 17:23:03"
1958,24474,1228,2026-03-06,Present,"2026-04-18 17:23:03"
1959,3533,876,2026-03-06,Present,"2026-04-18 17:23:03"
1960,42522,584,2026-03-09,Absent,"2026-04-18 17:23:03"
1961,10426,814,2026-03-01,Present,"2026-04-18 17:23:03"
1962,24119,1292,2026-03-01,Absent,"2026-04-18 17:23:03"
1963,1876,962,2026-03-04,Present,"2026-04-18 17:23:03"
1964,31949,1365,2026-03-02,Present,"2026-04-18 17:23:03"
1965,28564,1496,2026-03-02,Absent,"2026-04-18 17:23:03"
1966,27136,1359,2026-03-02,Present,"2026-04-18 17:23:03"
1967,14326,792,2026-03-03,Absent,"2026-04-18 17:23:03"
1968,18623,513,2026-03-05,Present,"2026-04-18 17:23:03"
1969,7073,735,2026-03-08,Present,"2026-04-18 17:23:03"
1970,1344,1216,2026-03-03,Absent,"2026-04-18 17:23:03"
1971,11092,1522,2026-03-10,Present,"2026-04-18 17:23:03"
1972,40322,1102,2026-03-02,Present,"2026-04-18 17:23:03"
1973,37398,1164,2026-03-07,Present,"2026-04-18 17:23:03"
1974,45440,947,2026-03-02,Absent,"2026-04-18 17:23:03"
1975,23003,1677,2026-03-10,Present,"2026-04-18 17:23:03"
1976,48738,1678,2026-03-09,Absent,"2026-04-18 17:23:03"
1977,30699,961,2026-03-02,Present,"2026-04-18 17:23:03"
1978,8024,1212,2026-03-06,Present,"2026-04-18 17:23:03"
1979,29597,1152,2026-03-06,Present,"2026-04-18 17:23:03"
1980,17864,1675,2026-03-08,Present,"2026-04-18 17:23:03"
1981,28453,916,2026-03-10,Present,"2026-04-18 17:23:03"
1982,23822,1374,2026-03-01,Present,"2026-04-18 17:23:03"
1983,39305,1164,2026-03-10,Present,"2026-04-18 17:23:03"
1984,42429,1571,2026-03-05,Absent,"2026-04-18 17:23:03"
1985,11129,1587,2026-03-08,Present,"2026-04-18 17:23:03"
1986,23874,1675,2026-03-08,Present,"2026-04-18 17:23:03"
1987,31526,1553,2026-03-09,Present,"2026-04-18 17:23:03"
1988,46206,1524,2026-03-02,Present,"2026-04-18 17:23:03"
1989,32038,513,2026-03-04,Present,"2026-04-18 17:23:03"
1990,48863,1571,2026-03-08,Present,"2026-04-18 17:23:03"
1991,36486,1422,2026-03-10,Present,"2026-04-18 17:23:03"
1992,46463,1487,2026-03-05,Present,"2026-04-18 17:23:03"
1993,34236,1228,2026-03-08,Present,"2026-04-18 17:23:03"
1994,13501,1834,2026-03-01,Present,"2026-04-18 17:23:03"
1995,30388,901,2026-03-10,Present,"2026-04-18 17:23:03"
1996,48948,1300,2026-03-07,Present,"2026-04-18 17:23:03"
1997,13605,794,2026-03-09,Present,"2026-04-18 17:23:03"
1998,13134,876,2026-03-08,Present,"2026-04-18 17:23:03"
1999,42445,1073,2026-03-04,Present,"2026-04-18 17:23:03"
2000,12330,1057,2026-03-10,Present,"2026-04-18 17:23:03"
2001,19780,1913,2026-03-01,Absent,"2026-04-18 17:23:03"
2002,13800,1292,2026-03-03,Present,"2026-04-18 17:23:03"
2003,11342,1004,2026-03-09,Present,"2026-04-18 17:23:03"
2004,41368,1176,2026-03-06,Present,"2026-04-18 17:23:03"
2005,5339,1571,2026-03-06,Present,"2026-04-18 17:23:03"
2006,37908,1055,2026-03-09,Absent,"2026-04-18 17:23:03"
2007,11334,1359,2026-03-10,Absent,"2026-04-18 17:23:03"
2008,47666,794,2026-03-08,Present,"2026-04-18 17:23:03"
2009,45490,814,2026-03-03,Present,"2026-04-18 17:23:03"
2010,47554,1754,2026-03-08,Absent,"2026-04-18 17:23:03"
2011,9842,1974,2026-03-06,Present,"2026-04-18 17:23:03"
2012,30566,947,2026-03-06,Absent,"2026-04-18 17:23:03"
2013,44409,1184,2026-03-08,Absent,"2026-04-18 17:23:03"
2014,30627,1253,2026-03-02,Present,"2026-04-18 17:23:03"
2015,44034,1409,2026-03-09,Present,"2026-04-18 17:23:03"
2016,27129,1374,2026-03-03,Absent,"2026-04-18 17:23:03"
2017,2857,1598,2026-03-07,Present,"2026-04-18 17:23:03"
2018,35656,1004,2026-03-03,Absent,"2026-04-18 17:23:03"
2019,47722,1914,2026-03-04,Present,"2026-04-18 17:23:03"
2020,22688,808,2026-03-01,Present,"2026-04-18 17:23:03"
2021,9449,1060,2026-03-09,Present,"2026-04-18 17:23:03"
2022,46952,766,2026-03-03,Present,"2026-04-18 17:23:03"
2023,14370,876,2026-03-01,Present,"2026-04-18 17:23:03"
2024,38517,794,2026-03-08,Present,"2026-04-18 17:23:03"
2025,32143,1216,2026-03-07,Present,"2026-04-18 17:23:03"
2026,33244,792,2026-03-05,Present,"2026-04-18 17:23:03"
2027,15672,808,2026-03-09,Present,"2026-04-18 17:23:03"
2028,23560,1036,2026-03-05,Present,"2026-04-18 17:23:03"
2029,10601,513,2026-03-02,Present,"2026-04-18 17:23:03"
2030,44946,998,2026-03-03,Present,"2026-04-18 17:23:03"
2031,47870,1678,2026-03-04,Present,"2026-04-18 17:23:03"
2032,14779,1517,2026-03-07,Present,"2026-04-18 17:23:03"
2033,48179,961,2026-03-07,Present,"2026-04-18 17:23:03"
2034,3082,1757,2026-03-10,Present,"2026-04-18 17:23:03"
2035,44122,1524,2026-03-08,Present,"2026-04-18 17:23:03"
2036,26599,1754,2026-03-03,Present,"2026-04-18 17:23:03"
2037,31514,1914,2026-03-07,Present,"2026-04-18 17:23:03"
2038,8609,756,2026-03-04,Absent,"2026-04-18 17:23:03"
2039,32560,1409,2026-03-03,Absent,"2026-04-18 17:23:03"
2040,15993,1435,2026-03-08,Present,"2026-04-18 17:23:03"
2041,15539,1524,2026-03-08,Absent,"2026-04-18 17:23:03"
2042,21621,1359,2026-03-01,Absent,"2026-04-18 17:23:03"
2043,3831,1228,2026-03-07,Present,"2026-04-18 17:23:03"
2044,44199,1184,2026-03-10,Present,"2026-04-18 17:23:03"
2045,47951,858,2026-03-04,Present,"2026-04-18 17:23:03"
2046,9776,1524,2026-03-04,Absent,"2026-04-18 17:23:03"
2047,36283,669,2026-03-09,Present,"2026-04-18 17:23:03"
2048,21216,1757,2026-03-07,Present,"2026-04-18 17:23:03"
2049,21730,624,2026-03-04,Present,"2026-04-18 17:23:03"
2050,26379,1340,2026-03-10,Present,"2026-04-18 17:23:03"
2051,32591,1184,2026-03-07,Absent,"2026-04-18 17:23:03"
2052,5268,1164,2026-03-08,Present,"2026-04-18 17:23:03"
2053,2139,1073,2026-03-10,Absent,"2026-04-18 17:23:03"
2054,1024,876,2026-03-09,Present,"2026-04-18 17:23:03"
2055,10197,1487,2026-03-03,Absent,"2026-04-18 17:23:03"
2056,2063,735,2026-03-01,Present,"2026-04-18 17:23:03"
2057,18756,1036,2026-03-01,Present,"2026-04-18 17:23:03"
2058,2992,1036,2026-03-04,Present,"2026-04-18 17:23:03"
2059,19971,1055,2026-03-10,Absent,"2026-04-18 17:23:03"
2060,32032,1359,2026-03-05,Present,"2026-04-18 17:23:03"
2061,8138,513,2026-03-06,Present,"2026-04-18 17:23:03"
2062,9061,911,2026-03-03,Absent,"2026-04-18 17:23:03"
2063,19036,1517,2026-03-01,Present,"2026-04-18 17:23:03"
2064,36245,1700,2026-03-03,Present,"2026-04-18 17:23:03"
2065,22069,814,2026-03-04,Absent,"2026-04-18 17:23:03"
2066,40131,735,2026-03-04,Present,"2026-04-18 17:23:03"
2067,46038,669,2026-03-04,Present,"2026-04-18 17:23:03"
2068,13046,1170,2026-03-03,Present,"2026-04-18 17:23:03"
2069,45183,1974,2026-03-09,Present,"2026-04-18 17:23:03"
2070,13856,1253,2026-03-09,Absent,"2026-04-18 17:23:03"
2071,28509,881,2026-03-07,Present,"2026-04-18 17:23:03"
2072,32174,962,2026-03-09,Present,"2026-04-18 17:23:03"
2073,10328,1228,2026-03-08,Present,"2026-04-18 17:23:03"
2074,43611,1555,2026-03-09,Present,"2026-04-18 17:23:03"
2075,26145,1005,2026-03-01,Present,"2026-04-18 17:23:03"
2076,34006,1101,2026-03-09,Absent,"2026-04-18 17:23:03"
2077,16866,1034,2026-03-07,Present,"2026-04-18 17:23:03"
2078,34975,1598,2026-03-04,Absent,"2026-04-18 17:23:03"
2079,49489,1340,2026-03-09,Absent,"2026-04-18 17:23:03"
2080,6864,624,2026-03-04,Present,"2026-04-18 17:23:03"
2081,4802,961,2026-03-07,Present,"2026-04-18 17:23:03"
2082,18353,947,2026-03-01,Present,"2026-04-18 17:23:03"
2083,24871,1538,2026-03-09,Present,"2026-04-18 17:23:03"
2084,33302,1435,2026-03-04,Absent,"2026-04-18 17:23:03"
2085,41186,1913,2026-03-07,Present,"2026-04-18 17:23:03"
2086,7066,1787,2026-03-07,Present,"2026-04-18 17:23:03"
2087,3206,1754,2026-03-01,Present,"2026-04-18 17:23:03"
2088,2008,1670,2026-03-06,Present,"2026-04-18 17:23:03"
2089,44115,1365,2026-03-05,Present,"2026-04-18 17:23:03"
2090,42071,1757,2026-03-05,Present,"2026-04-18 17:23:03"
2091,21390,712,2026-03-07,Present,"2026-04-18 17:23:03"
2092,16086,1524,2026-03-08,Absent,"2026-04-18 17:23:03"
2093,30447,701,2026-03-06,Present,"2026-04-18 17:23:03"
2094,40658,1352,2026-03-02,Present,"2026-04-18 17:23:03"
2095,20380,1675,2026-03-06,Present,"2026-04-18 17:23:03"
2096,23218,1670,2026-03-07,Present,"2026-04-18 17:23:03"
2097,21101,1365,2026-03-09,Present,"2026-04-18 17:23:03"
2098,44578,1913,2026-03-05,Present,"2026-04-18 17:23:03"
2099,8463,998,2026-03-04,Present,"2026-04-18 17:23:03"
2100,3348,1409,2026-03-05,Absent,"2026-04-18 17:23:03"
2101,23524,1538,2026-03-09,Present,"2026-04-18 17:23:03"
2102,2917,1176,2026-03-04,Present,"2026-04-18 17:23:03"
2103,49445,1176,2026-03-10,Absent,"2026-04-18 17:23:03"
2104,10934,1571,2026-03-07,Present,"2026-04-18 17:23:03"
2105,11854,573,2026-03-06,Present,"2026-04-18 17:23:03"
2106,24207,1202,2026-03-02,Present,"2026-04-18 17:23:03"
2107,29626,1984,2026-03-06,Absent,"2026-04-18 17:23:03"
2108,11242,1670,2026-03-05,Present,"2026-04-18 17:23:03"
2109,19491,1102,2026-03-09,Present,"2026-04-18 17:23:03"
2110,20543,1228,2026-03-02,Present,"2026-04-18 17:23:03"
2111,1396,1374,2026-03-02,Present,"2026-04-18 17:23:03"
2112,998,712,2026-03-10,Present,"2026-04-18 17:23:03"
2113,11969,1101,2026-03-02,Present,"2026-04-18 17:23:03"
2114,34030,1571,2026-03-02,Absent,"2026-04-18 17:23:03"
2115,49111,1754,2026-03-03,Present,"2026-04-18 17:23:03"
2116,10116,1487,2026-03-02,Present,"2026-04-18 17:23:03"
2117,1966,916,2026-03-03,Present,"2026-04-18 17:23:03"
2118,49867,1164,2026-03-05,Present,"2026-04-18 17:23:03"
2119,26631,1184,2026-03-03,Present,"2026-04-18 17:23:03"
2120,11772,881,2026-03-03,Present,"2026-04-18 17:23:03"
2121,30081,1553,2026-03-02,Present,"2026-04-18 17:23:03"
2122,23012,1517,2026-03-07,Present,"2026-04-18 17:23:03"
2123,31846,858,2026-03-03,Present,"2026-04-18 17:23:03"
2124,10305,858,2026-03-03,Present,"2026-04-18 17:23:03"
2125,26520,794,2026-03-04,Present,"2026-04-18 17:23:03"
2126,14056,1914,2026-03-05,Present,"2026-04-18 17:23:03"
2127,12146,1170,2026-03-03,Present,"2026-04-18 17:23:03"
2128,12564,1435,2026-03-08,Present,"2026-04-18 17:23:03"
2129,42126,559,2026-03-01,Present,"2026-04-18 17:23:03"
2130,49005,1538,2026-03-04,Present,"2026-04-18 17:23:03"
2131,19778,1253,2026-03-05,Present,"2026-04-18 17:23:03"
2132,5351,1778,2026-03-08,Present,"2026-04-18 17:23:03"
2133,49812,1073,2026-03-07,Absent,"2026-04-18 17:23:03"
2134,23454,766,2026-03-05,Present,"2026-04-18 17:23:03"
2135,3046,1834,2026-03-09,Present,"2026-04-18 17:23:03"
2136,41389,1202,2026-03-04,Present,"2026-04-18 17:23:03"
2137,14190,1102,2026-03-03,Present,"2026-04-18 17:23:03"
2138,20502,1587,2026-03-05,Present,"2026-04-18 17:23:03"
2139,14339,756,2026-03-09,Absent,"2026-04-18 17:23:03"
2140,8131,559,2026-03-03,Present,"2026-04-18 17:23:03"
2141,35385,1587,2026-03-03,Present,"2026-04-18 17:23:03"
2142,27877,1228,2026-03-09,Present,"2026-04-18 17:23:03"
2143,3731,1538,2026-03-08,Present,"2026-04-18 17:23:03"
2144,7640,1333,2026-03-05,Absent,"2026-04-18 17:23:03"
2145,40057,756,2026-03-03,Present,"2026-04-18 17:23:03"
2146,21086,1553,2026-03-09,Present,"2026-04-18 17:23:03"
2147,25160,1216,2026-03-09,Present,"2026-04-18 17:23:03"
2148,22942,1073,2026-03-04,Present,"2026-04-18 17:23:03"
2149,20693,1974,2026-03-05,Present,"2026-04-18 17:23:03"
2150,24462,947,2026-03-09,Present,"2026-04-18 17:23:03"
2151,5316,1496,2026-03-01,Present,"2026-04-18 17:23:03"
2152,47739,1778,2026-03-10,Present,"2026-04-18 17:23:03"
2153,26480,1352,2026-03-07,Absent,"2026-04-18 17:23:03"
2154,7409,1987,2026-03-01,Present,"2026-04-18 17:23:03"
2155,14472,654,2026-03-04,Present,"2026-04-18 17:23:03"
2156,13270,575,2026-03-07,Present,"2026-04-18 17:23:03"
2157,44837,1034,2026-03-08,Present,"2026-04-18 17:23:03"
2158,41669,1365,2026-03-05,Present,"2026-04-18 17:23:03"
2159,20780,1073,2026-03-07,Present,"2026-04-18 17:23:03"
2160,32019,1073,2026-03-04,Present,"2026-04-18 17:23:03"
2161,5527,1571,2026-03-10,Present,"2026-04-18 17:23:03"
2162,21226,1951,2026-03-07,Present,"2026-04-18 17:23:03"
2163,6757,1675,2026-03-10,Present,"2026-04-18 17:23:03"
2164,10470,1700,2026-03-09,Present,"2026-04-18 17:23:03"
2165,43894,575,2026-03-02,Absent,"2026-04-18 17:23:03"
2166,36336,876,2026-03-02,Present,"2026-04-18 17:23:03"
2167,16162,1164,2026-03-10,Present,"2026-04-18 17:23:03"
2168,48948,1913,2026-03-10,Present,"2026-04-18 17:23:03"
2169,23067,1176,2026-03-02,Present,"2026-04-18 17:23:03"
2170,26266,1834,2026-03-04,Present,"2026-04-18 17:23:03"
2171,48815,584,2026-03-10,Absent,"2026-04-18 17:23:03"
2172,35050,1555,2026-03-02,Present,"2026-04-18 17:23:03"
2173,6346,916,2026-03-06,Present,"2026-04-18 17:23:03"
2174,7536,1359,2026-03-03,Present,"2026-04-18 17:23:03"
2175,49005,1678,2026-03-07,Present,"2026-04-18 17:23:03"
2176,12074,1496,2026-03-06,Present,"2026-04-18 17:23:03"
2177,45701,1754,2026-03-10,Present,"2026-04-18 17:23:03"
2178,26436,1228,2026-03-08,Present,"2026-04-18 17:23:03"
2179,14068,1555,2026-03-09,Present,"2026-04-18 17:23:03"
2180,28912,998,2026-03-05,Present,"2026-04-18 17:23:03"
2181,4615,1101,2026-03-04,Present,"2026-04-18 17:23:03"
2182,30899,1409,2026-03-01,Present,"2026-04-18 17:23:03"
2183,4813,1555,2026-03-07,Present,"2026-04-18 17:23:03"
2184,25914,1754,2026-03-07,Present,"2026-04-18 17:23:03"
2185,34567,1522,2026-03-09,Present,"2026-04-18 17:23:03"
2186,42168,1060,2026-03-02,Absent,"2026-04-18 17:23:03"
2187,29655,1908,2026-03-05,Present,"2026-04-18 17:23:03"
2188,6325,1164,2026-03-04,Present,"2026-04-18 17:23:03"
2189,40713,1212,2026-03-05,Present,"2026-04-18 17:23:03"
2190,24352,1522,2026-03-02,Present,"2026-04-18 17:23:03"
2191,27097,906,2026-03-04,Absent,"2026-04-18 17:23:03"
2192,43792,1422,2026-03-05,Absent,"2026-04-18 17:23:03"
2193,37386,766,2026-03-02,Present,"2026-04-18 17:23:03"
2194,41791,1598,2026-03-02,Present,"2026-04-18 17:23:03"
2195,47633,1948,2026-03-06,Absent,"2026-04-18 17:23:03"
2196,5188,964,2026-03-03,Present,"2026-04-18 17:23:03"
2197,49488,1913,2026-03-08,Present,"2026-04-18 17:23:03"
2198,13565,906,2026-03-01,Present,"2026-04-18 17:23:03"
2199,47902,1060,2026-03-07,Present,"2026-04-18 17:23:03"
2200,2360,1216,2026-03-04,Absent,"2026-04-18 17:23:03"
2201,17718,881,2026-03-08,Present,"2026-04-18 17:23:03"
2202,46805,1292,2026-03-09,Present,"2026-04-18 17:23:03"
2203,30367,654,2026-03-07,Present,"2026-04-18 17:23:03"
2204,20211,881,2026-03-02,Present,"2026-04-18 17:23:03"
2205,35088,1300,2026-03-03,Present,"2026-04-18 17:23:03"
2206,21954,973,2026-03-06,Present,"2026-04-18 17:23:03"
2207,13146,701,2026-03-07,Present,"2026-04-18 17:23:03"
2208,36789,964,2026-03-03,Absent,"2026-04-18 17:23:03"
2209,37361,1598,2026-03-02,Present,"2026-04-18 17:23:03"
2210,9377,814,2026-03-02,Present,"2026-04-18 17:23:03"
2211,23443,1675,2026-03-10,Present,"2026-04-18 17:23:03"
2212,22119,1913,2026-03-04,Present,"2026-04-18 17:23:03"
2213,20038,911,2026-03-01,Absent,"2026-04-18 17:23:03"
2214,8999,1228,2026-03-03,Present,"2026-04-18 17:23:03"
2215,27439,814,2026-03-08,Present,"2026-04-18 17:23:03"
2216,35081,1340,2026-03-04,Present,"2026-04-18 17:23:03"
2217,9978,1517,2026-03-03,Present,"2026-04-18 17:23:03"
2218,42023,756,2026-03-10,Present,"2026-04-18 17:23:03"
2219,36704,961,2026-03-07,Present,"2026-04-18 17:23:03"
2220,46848,1974,2026-03-06,Present,"2026-04-18 17:23:03"
2221,49870,1555,2026-03-04,Present,"2026-04-18 17:23:03"
2222,8723,1754,2026-03-06,Present,"2026-04-18 17:23:03"
2223,22506,858,2026-03-03,Present,"2026-04-18 17:23:03"
2224,15901,1253,2026-03-10,Present,"2026-04-18 17:23:03"
2225,7882,911,2026-03-10,Present,"2026-04-18 17:23:03"
2226,21226,1598,2026-03-09,Absent,"2026-04-18 17:23:03"
2227,409,1435,2026-03-03,Absent,"2026-04-18 17:23:03"
2228,41889,814,2026-03-10,Present,"2026-04-18 17:23:03"
2229,24539,1913,2026-03-08,Absent,"2026-04-18 17:23:03"
2230,22382,1951,2026-03-01,Present,"2026-04-18 17:23:03"
2231,41772,618,2026-03-09,Present,"2026-04-18 17:23:03"
2232,27093,1517,2026-03-05,Present,"2026-04-18 17:23:03"
2233,48405,1202,2026-03-03,Present,"2026-04-18 17:23:03"
2234,45139,1538,2026-03-03,Present,"2026-04-18 17:23:03"
2235,14137,513,2026-03-07,Present,"2026-04-18 17:23:03"
2236,1191,1974,2026-03-05,Absent,"2026-04-18 17:23:03"
2237,926,947,2026-03-03,Present,"2026-04-18 17:23:03"
2238,13588,1948,2026-03-02,Present,"2026-04-18 17:23:03"
2239,8639,1496,2026-03-06,Present,"2026-04-18 17:23:03"
2240,47840,1202,2026-03-03,Present,"2026-04-18 17:23:03"
2241,42620,1170,2026-03-07,Present,"2026-04-18 17:23:03"
2242,33794,1005,2026-03-09,Present,"2026-04-18 17:23:03"
2243,37139,1700,2026-03-02,Absent,"2026-04-18 17:23:03"
2244,25278,1300,2026-03-02,Present,"2026-04-18 17:23:03"
2245,30167,1538,2026-03-05,Absent,"2026-04-18 17:23:03"
2246,4849,1055,2026-03-06,Present,"2026-04-18 17:23:03"
2247,27419,916,2026-03-10,Absent,"2026-04-18 17:23:03"
2248,2272,947,2026-03-09,Present,"2026-04-18 17:23:03"
2249,36421,792,2026-03-04,Present,"2026-04-18 17:23:03"
2250,25215,1300,2026-03-06,Present,"2026-04-18 17:23:03"
2251,16551,1974,2026-03-09,Present,"2026-04-18 17:23:03"
2252,19725,1677,2026-03-05,Present,"2026-04-18 17:23:03"
2253,25210,1757,2026-03-09,Absent,"2026-04-18 17:23:03"
2254,15005,1496,2026-03-09,Present,"2026-04-18 17:23:03"
2255,15029,1987,2026-03-02,Absent,"2026-04-18 17:23:03"
2256,9585,1482,2026-03-07,Absent,"2026-04-18 17:23:03"
2257,11392,1496,2026-03-06,Present,"2026-04-18 17:23:03"
2258,24318,1830,2026-03-02,Absent,"2026-04-18 17:23:03"
2259,25117,876,2026-03-01,Absent,"2026-04-18 17:23:03"
2260,28740,1834,2026-03-09,Present,"2026-04-18 17:23:03"
2261,18133,901,2026-03-01,Present,"2026-04-18 17:23:03"
2262,40225,712,2026-03-07,Present,"2026-04-18 17:23:03"
2263,19583,1101,2026-03-02,Present,"2026-04-18 17:23:03"
2264,22305,1374,2026-03-07,Present,"2026-04-18 17:23:03"
2265,33332,1524,2026-03-06,Present,"2026-04-18 17:23:03"
2266,14540,973,2026-03-10,Absent,"2026-04-18 17:23:03"
2267,7236,1496,2026-03-08,Absent,"2026-04-18 17:23:03"
2268,1056,1571,2026-03-09,Present,"2026-04-18 17:23:03"
2269,14216,1005,2026-03-08,Present,"2026-04-18 17:23:03"
2270,44364,858,2026-03-03,Present,"2026-04-18 17:23:03"
2271,18276,618,2026-03-09,Present,"2026-04-18 17:23:03"
2272,37887,1343,2026-03-04,Present,"2026-04-18 17:23:03"
2273,20305,1914,2026-03-04,Absent,"2026-04-18 17:23:03"
2274,14601,1184,2026-03-04,Present,"2026-04-18 17:23:03"
2275,17149,701,2026-03-05,Present,"2026-04-18 17:23:03"
2276,19139,1678,2026-03-07,Present,"2026-04-18 17:23:03"
2277,21904,1974,2026-03-01,Absent,"2026-04-18 17:23:03"
2278,21766,1700,2026-03-07,Present,"2026-04-18 17:23:03"
2279,24839,1164,2026-03-04,Present,"2026-04-18 17:23:03"
2280,4967,1343,2026-03-04,Present,"2026-04-18 17:23:03"
2281,5190,669,2026-03-04,Present,"2026-04-18 17:23:03"
2282,40771,1670,2026-03-08,Present,"2026-04-18 17:23:03"
2283,15741,1670,2026-03-03,Present,"2026-04-18 17:23:03"
2284,6178,858,2026-03-04,Present,"2026-04-18 17:23:03"
2285,4272,1359,2026-03-02,Absent,"2026-04-18 17:23:03"
2286,18601,1374,2026-03-05,Present,"2026-04-18 17:23:03"
2287,1490,1914,2026-03-08,Present,"2026-04-18 17:23:03"
2288,28369,1787,2026-03-02,Absent,"2026-04-18 17:23:03"
2289,12580,573,2026-03-07,Present,"2026-04-18 17:23:03"
2290,44191,618,2026-03-06,Present,"2026-04-18 17:23:03"
2291,28157,1036,2026-03-06,Present,"2026-04-18 17:23:03"
2292,47542,1036,2026-03-01,Present,"2026-04-18 17:23:03"
2293,7209,916,2026-03-06,Present,"2026-04-18 17:23:03"
2294,38292,794,2026-03-10,Present,"2026-04-18 17:23:03"
2295,33806,1292,2026-03-04,Present,"2026-04-18 17:23:03"
2296,49177,1522,2026-03-09,Present,"2026-04-18 17:23:03"
2297,42991,915,2026-03-02,Present,"2026-04-18 17:23:03"
2298,8723,1352,2026-03-01,Present,"2026-04-18 17:23:03"
2299,25115,1060,2026-03-04,Absent,"2026-04-18 17:23:03"
2300,14400,1253,2026-03-08,Present,"2026-04-18 17:23:03"
2301,45222,1170,2026-03-09,Present,"2026-04-18 17:23:03"
2302,5772,1352,2026-03-06,Present,"2026-04-18 17:23:03"
2303,16539,1778,2026-03-08,Present,"2026-04-18 17:23:03"
2304,14549,1522,2026-03-07,Present,"2026-04-18 17:23:03"
2305,16329,1034,2026-03-09,Present,"2026-04-18 17:23:03"
2306,17280,808,2026-03-07,Present,"2026-04-18 17:23:03"
2307,40932,618,2026-03-02,Absent,"2026-04-18 17:23:03"
2308,9447,1170,2026-03-09,Present,"2026-04-18 17:23:03"
2309,18278,1102,2026-03-06,Present,"2026-04-18 17:23:03"
2310,5258,1034,2026-03-10,Present,"2026-04-18 17:23:03"
2311,37407,961,2026-03-10,Present,"2026-04-18 17:23:03"
2312,22482,1908,2026-03-04,Absent,"2026-04-18 17:23:03"
2313,15116,916,2026-03-03,Present,"2026-04-18 17:23:03"
2314,48428,1170,2026-03-07,Absent,"2026-04-18 17:23:03"
2315,15441,1333,2026-03-03,Present,"2026-04-18 17:23:03"
2316,36920,1754,2026-03-05,Present,"2026-04-18 17:23:03"
2317,32038,1678,2026-03-09,Present,"2026-04-18 17:23:03"
2318,9113,1036,2026-03-02,Present,"2026-04-18 17:23:03"
2319,40213,766,2026-03-02,Present,"2026-04-18 17:23:03"
2320,7598,1359,2026-03-02,Present,"2026-04-18 17:23:03"
2321,11788,1908,2026-03-10,Present,"2026-04-18 17:23:03"
2322,31825,947,2026-03-05,Present,"2026-04-18 17:23:03"
2323,9368,858,2026-03-02,Present,"2026-04-18 17:23:03"
2324,30074,1060,2026-03-06,Present,"2026-04-18 17:23:03"
2325,1405,1184,2026-03-01,Present,"2026-04-18 17:23:03"
2326,16770,1176,2026-03-10,Present,"2026-04-18 17:23:03"
2327,31319,559,2026-03-01,Present,"2026-04-18 17:23:03"
2328,24667,1004,2026-03-10,Present,"2026-04-18 17:23:03"
2329,23115,1152,2026-03-05,Present,"2026-04-18 17:23:03"
2330,30419,735,2026-03-07,Present,"2026-04-18 17:23:03"
2331,2941,1830,2026-03-03,Present,"2026-04-18 17:23:03"
2332,26051,759,2026-03-03,Present,"2026-04-18 17:23:03"
2333,46349,1212,2026-03-10,Present,"2026-04-18 17:23:03"
2334,14000,1202,2026-03-08,Absent,"2026-04-18 17:23:03"
2335,9303,573,2026-03-04,Absent,"2026-04-18 17:23:03"
2336,8087,1834,2026-03-10,Present,"2026-04-18 17:23:03"
2337,38544,1677,2026-03-06,Present,"2026-04-18 17:23:03"
2338,48005,876,2026-03-01,Present,"2026-04-18 17:23:03"
2339,45155,1409,2026-03-09,Present,"2026-04-18 17:23:03"
2340,20327,1102,2026-03-03,Present,"2026-04-18 17:23:03"
2341,16119,559,2026-03-04,Present,"2026-04-18 17:23:03"
2342,17282,947,2026-03-04,Present,"2026-04-18 17:23:03"
2343,18907,1176,2026-03-10,Present,"2026-04-18 17:23:03"
2344,13680,1778,2026-03-10,Present,"2026-04-18 17:23:03"
2345,31492,1055,2026-03-07,Present,"2026-04-18 17:23:03"
2346,31011,1908,2026-03-07,Present,"2026-04-18 17:23:03"
2347,40750,1948,2026-03-08,Absent,"2026-04-18 17:23:03"
2348,25248,1553,2026-03-08,Present,"2026-04-18 17:23:03"
2349,25822,1365,2026-03-06,Absent,"2026-04-18 17:23:03"
2350,20254,1974,2026-03-08,Present,"2026-04-18 17:23:03"
2351,38006,513,2026-03-05,Present,"2026-04-18 17:23:03"
2352,38396,1057,2026-03-08,Absent,"2026-04-18 17:23:03"
2353,7369,1333,2026-03-07,Present,"2026-04-18 17:23:03"
2354,35686,1228,2026-03-01,Present,"2026-04-18 17:23:03"
2355,38833,973,2026-03-09,Present,"2026-04-18 17:23:03"
2356,31997,1555,2026-03-03,Absent,"2026-04-18 17:23:03"
2357,11036,1974,2026-03-08,Present,"2026-04-18 17:23:03"
2358,40648,1482,2026-03-10,Present,"2026-04-18 17:23:03"
2359,339,1409,2026-03-03,Present,"2026-04-18 17:23:03"
2360,7148,1524,2026-03-09,Present,"2026-04-18 17:23:03"
2361,38769,858,2026-03-03,Present,"2026-04-18 17:23:03"
2362,15846,1517,2026-03-05,Present,"2026-04-18 17:23:03"
2363,37611,1212,2026-03-01,Present,"2026-04-18 17:23:03"
2364,28995,1538,2026-03-08,Present,"2026-04-18 17:23:03"
2365,16043,1202,2026-03-02,Present,"2026-04-18 17:23:03"
2366,41749,1343,2026-03-05,Absent,"2026-04-18 17:23:03"
2367,2152,654,2026-03-02,Present,"2026-04-18 17:23:03"
2368,21228,1524,2026-03-10,Present,"2026-04-18 17:23:03"
2369,37528,756,2026-03-04,Present,"2026-04-18 17:23:03"
2370,40253,1670,2026-03-03,Absent,"2026-04-18 17:23:03"
2371,24544,1057,2026-03-01,Absent,"2026-04-18 17:23:03"
2372,39204,1333,2026-03-02,Absent,"2026-04-18 17:23:03"
2373,21880,1496,2026-03-08,Present,"2026-04-18 17:23:03"
2374,10641,1830,2026-03-04,Absent,"2026-04-18 17:23:03"
2375,48713,559,2026-03-05,Present,"2026-04-18 17:23:03"
2376,48267,901,2026-03-03,Present,"2026-04-18 17:23:03"
2377,6248,1487,2026-03-05,Present,"2026-04-18 17:23:03"
2378,40999,573,2026-03-06,Present,"2026-04-18 17:23:03"
2379,20347,559,2026-03-02,Present,"2026-04-18 17:23:03"
2380,10880,575,2026-03-07,Present,"2026-04-18 17:23:03"
2381,21074,1960,2026-03-07,Absent,"2026-04-18 17:23:03"
2382,48246,792,2026-03-01,Absent,"2026-04-18 17:23:03"
2383,29597,1004,2026-03-06,Present,"2026-04-18 17:23:03"
2384,32542,814,2026-03-08,Present,"2026-04-18 17:23:03"
2385,17111,1409,2026-03-06,Present,"2026-04-18 17:23:03"
2386,10245,998,2026-03-06,Present,"2026-04-18 17:23:03"
2387,1342,906,2026-03-06,Present,"2026-04-18 17:23:03"
2388,26853,513,2026-03-08,Present,"2026-04-18 17:23:03"
2389,19257,766,2026-03-10,Present,"2026-04-18 17:23:03"
2390,28363,573,2026-03-03,Present,"2026-04-18 17:23:03"
2391,33224,814,2026-03-01,Present,"2026-04-18 17:23:03"
2392,33267,1914,2026-03-10,Present,"2026-04-18 17:23:03"
2393,14451,1949,2026-03-03,Present,"2026-04-18 17:23:03"
2394,39671,1352,2026-03-02,Present,"2026-04-18 17:23:03"
2395,41190,964,2026-03-02,Present,"2026-04-18 17:23:03"
2396,34042,881,2026-03-07,Absent,"2026-04-18 17:23:03"
2397,24790,1984,2026-03-02,Absent,"2026-04-18 17:23:03"
2398,45035,712,2026-03-08,Present,"2026-04-18 17:23:03"
2399,42786,531,2026-03-02,Present,"2026-04-18 17:23:03"
2400,43767,584,2026-03-07,Present,"2026-04-18 17:23:03"
2401,5831,1951,2026-03-02,Present,"2026-04-18 17:23:03"
2402,32228,962,2026-03-07,Present,"2026-04-18 17:23:03"
2403,10866,1300,2026-03-05,Present,"2026-04-18 17:23:03"
2404,25096,964,2026-03-09,Present,"2026-04-18 17:23:03"
2405,10253,1352,2026-03-01,Present,"2026-04-18 17:23:03"
2406,14348,1101,2026-03-08,Present,"2026-04-18 17:23:03"
2407,45538,881,2026-03-01,Present,"2026-04-18 17:23:03"
2408,40254,876,2026-03-05,Present,"2026-04-18 17:23:03"
2409,8634,916,2026-03-01,Present,"2026-04-18 17:23:03"
2410,15716,1700,2026-03-06,Absent,"2026-04-18 17:23:03"
2411,32086,1571,2026-03-10,Present,"2026-04-18 17:23:03"
2412,49426,1300,2026-03-08,Present,"2026-04-18 17:23:03"
2413,19717,1004,2026-03-10,Absent,"2026-04-18 17:23:03"
2414,2618,1202,2026-03-02,Present,"2026-04-18 17:23:03"
2415,7449,1073,2026-03-10,Present,"2026-04-18 17:23:03"
2416,2583,911,2026-03-04,Present,"2026-04-18 17:23:03"
2417,16977,1913,2026-03-02,Absent,"2026-04-18 17:23:03"
2418,34756,915,2026-03-05,Present,"2026-04-18 17:23:03"
2419,16436,1754,2026-03-05,Absent,"2026-04-18 17:23:03"
2420,20742,759,2026-03-01,Present,"2026-04-18 17:23:03"
2421,47287,973,2026-03-02,Present,"2026-04-18 17:23:03"
2422,12065,1914,2026-03-08,Present,"2026-04-18 17:23:03"
2423,39421,1670,2026-03-03,Present,"2026-04-18 17:23:03"
2424,46585,1422,2026-03-07,Present,"2026-04-18 17:23:03"
2425,32299,1908,2026-03-05,Present,"2026-04-18 17:23:03"
2426,38046,1422,2026-03-10,Present,"2026-04-18 17:23:03"
2427,4781,756,2026-03-03,Present,"2026-04-18 17:23:03"
2428,30416,513,2026-03-03,Present,"2026-04-18 17:23:03"
2429,33553,1359,2026-03-10,Present,"2026-04-18 17:23:03"
2430,44976,1778,2026-03-03,Absent,"2026-04-18 17:23:03"
2431,25937,881,2026-03-02,Present,"2026-04-18 17:23:03"
2432,19390,1587,2026-03-07,Present,"2026-04-18 17:23:03"
2433,7859,1908,2026-03-08,Absent,"2026-04-18 17:23:03"
2434,24794,814,2026-03-04,Present,"2026-04-18 17:23:03"
2435,7649,1164,2026-03-09,Present,"2026-04-18 17:23:03"
2436,13511,1102,2026-03-09,Absent,"2026-04-18 17:23:03"
2437,33996,1598,2026-03-06,Present,"2026-04-18 17:23:03"
2438,1757,973,2026-03-09,Present,"2026-04-18 17:23:03"
2439,15592,1487,2026-03-03,Present,"2026-04-18 17:23:03"
2440,14657,584,2026-03-06,Present,"2026-04-18 17:23:03"
2441,42160,1487,2026-03-04,Present,"2026-04-18 17:23:03"
2442,21732,1164,2026-03-01,Present,"2026-04-18 17:23:03"
2443,16707,1340,2026-03-03,Present,"2026-04-18 17:23:03"
2444,44671,808,2026-03-01,Absent,"2026-04-18 17:23:03"
2445,38895,735,2026-03-04,Present,"2026-04-18 17:23:03"
2446,41640,701,2026-03-09,Absent,"2026-04-18 17:23:03"
2447,40929,1102,2026-03-09,Present,"2026-04-18 17:23:03"
2448,38083,1184,2026-03-08,Present,"2026-04-18 17:23:03"
2449,30341,1914,2026-03-07,Present,"2026-04-18 17:23:03"
2450,9143,701,2026-03-04,Present,"2026-04-18 17:23:03"
2451,9810,1700,2026-03-06,Present,"2026-04-18 17:23:03"
2452,21613,1216,2026-03-08,Present,"2026-04-18 17:23:03"
2453,6702,1834,2026-03-04,Present,"2026-04-18 17:23:03"
2454,41970,1675,2026-03-09,Present,"2026-04-18 17:23:03"
2455,5154,1333,2026-03-07,Present,"2026-04-18 17:23:03"
2456,1325,1670,2026-03-02,Absent,"2026-04-18 17:23:03"
2457,9301,1914,2026-03-03,Present,"2026-04-18 17:23:03"
2458,1912,1949,2026-03-09,Present,"2026-04-18 17:23:03"
2459,48678,1951,2026-03-04,Absent,"2026-04-18 17:23:03"
2460,38704,1216,2026-03-03,Present,"2026-04-18 17:23:03"
2461,19434,1435,2026-03-03,Present,"2026-04-18 17:23:03"
2462,31007,1176,2026-03-07,Present,"2026-04-18 17:23:03"
2463,376,1300,2026-03-02,Present,"2026-04-18 17:23:03"
2464,35566,1834,2026-03-09,Absent,"2026-04-18 17:23:03"
2465,25072,1073,2026-03-04,Present,"2026-04-18 17:23:03"
2466,43211,712,2026-03-09,Present,"2026-04-18 17:23:03"
2467,49113,1060,2026-03-10,Present,"2026-04-18 17:23:03"
2468,13722,1034,2026-03-01,Present,"2026-04-18 17:23:03"
2469,25841,1435,2026-03-09,Absent,"2026-04-18 17:23:03"
2470,4978,1908,2026-03-07,Present,"2026-04-18 17:23:03"
2471,5846,858,2026-03-09,Present,"2026-04-18 17:23:03"
2472,38152,1164,2026-03-04,Absent,"2026-04-18 17:23:03"
2473,23550,998,2026-03-02,Present,"2026-04-18 17:23:03"
2474,16272,1496,2026-03-06,Present,"2026-04-18 17:23:03"
2475,34947,1675,2026-03-07,Present,"2026-04-18 17:23:03"
2476,15901,834,2026-03-04,Present,"2026-04-18 17:23:03"
2477,21414,1216,2026-03-03,Present,"2026-04-18 17:23:03"
2478,44092,911,2026-03-10,Present,"2026-04-18 17:23:03"
2479,25875,973,2026-03-03,Present,"2026-04-18 17:23:03"
2480,13069,1422,2026-03-01,Present,"2026-04-18 17:23:03"
2481,25479,973,2026-03-09,Present,"2026-04-18 17:23:03"
2482,12377,766,2026-03-03,Absent,"2026-04-18 17:23:03"
2483,18213,1553,2026-03-10,Present,"2026-04-18 17:23:03"
2484,45708,973,2026-03-02,Present,"2026-04-18 17:23:03"
2485,22963,1949,2026-03-07,Present,"2026-04-18 17:23:03"
2486,21174,1057,2026-03-08,Absent,"2026-04-18 17:23:03"
2487,23909,1678,2026-03-02,Absent,"2026-04-18 17:23:03"
2488,45701,1538,2026-03-07,Present,"2026-04-18 17:23:03"
2489,27040,1073,2026-03-05,Present,"2026-04-18 17:23:03"
2490,1656,911,2026-03-09,Present,"2026-04-18 17:23:03"
2491,8738,1343,2026-03-06,Absent,"2026-04-18 17:23:03"
2492,16711,766,2026-03-03,Present,"2026-04-18 17:23:03"
2493,8212,1834,2026-03-09,Present,"2026-04-18 17:23:03"
2494,17260,1670,2026-03-03,Present,"2026-04-18 17:23:03"
2495,8554,1292,2026-03-07,Absent,"2026-04-18 17:23:03"
2496,14774,1482,2026-03-07,Present,"2026-04-18 17:23:03"
2497,31123,1757,2026-03-09,Absent,"2026-04-18 17:23:03"
2498,541,1216,2026-03-10,Present,"2026-04-18 17:23:03"
2499,4209,973,2026-03-05,Present,"2026-04-18 17:23:03"
2500,45644,1374,2026-03-06,Present,"2026-04-18 17:23:03"
2501,38943,858,2026-03-10,Absent,"2026-04-18 17:23:03"
2502,4466,735,2026-03-06,Present,"2026-04-18 17:23:03"
2503,40399,962,2026-03-10,Absent,"2026-04-18 17:23:03"
2504,29827,792,2026-03-06,Present,"2026-04-18 17:23:03"
2505,5716,1352,2026-03-10,Absent,"2026-04-18 17:23:03"
2506,6164,1102,2026-03-09,Present,"2026-04-18 17:23:03"
2507,23339,1202,2026-03-04,Absent,"2026-04-18 17:23:03"
2508,31825,964,2026-03-06,Present,"2026-04-18 17:23:03"
2509,30937,1914,2026-03-10,Present,"2026-04-18 17:23:03"
2510,11464,1960,2026-03-08,Present,"2026-04-18 17:23:03"
2511,18273,1300,2026-03-07,Present,"2026-04-18 17:23:03"
2512,37789,911,2026-03-08,Present,"2026-04-18 17:23:03"
2513,5472,808,2026-03-10,Present,"2026-04-18 17:23:03"
2514,13648,808,2026-03-10,Present,"2026-04-18 17:23:03"
2515,31266,1212,2026-03-05,Present,"2026-04-18 17:23:03"
2516,37032,759,2026-03-07,Present,"2026-04-18 17:23:03"
2517,30383,1152,2026-03-08,Present,"2026-04-18 17:23:03"
2518,15071,701,2026-03-04,Present,"2026-04-18 17:23:03"
2519,15300,1101,2026-03-07,Present,"2026-04-18 17:23:03"
2520,17213,1757,2026-03-06,Present,"2026-04-18 17:23:03"
2521,15089,1587,2026-03-04,Present,"2026-04-18 17:23:03"
2522,46381,1517,2026-03-09,Present,"2026-04-18 17:23:03"
2523,12074,559,2026-03-06,Present,"2026-04-18 17:23:03"
2524,8492,998,2026-03-09,Present,"2026-04-18 17:23:03"
2525,8857,1060,2026-03-08,Present,"2026-04-18 17:23:03"
2526,20101,1778,2026-03-09,Present,"2026-04-18 17:23:03"
2527,849,916,2026-03-08,Present,"2026-04-18 17:23:03"
2528,42224,1913,2026-03-09,Present,"2026-04-18 17:23:03"
2529,24274,1555,2026-03-07,Present,"2026-04-18 17:23:03"
2530,49086,584,2026-03-08,Present,"2026-04-18 17:23:03"
2531,37063,759,2026-03-07,Present,"2026-04-18 17:23:03"
2532,34073,766,2026-03-05,Present,"2026-04-18 17:23:03"
2533,2637,1164,2026-03-02,Present,"2026-04-18 17:23:03"
2534,2691,1830,2026-03-04,Present,"2026-04-18 17:23:03"
2535,12321,1005,2026-03-09,Absent,"2026-04-18 17:23:03"
2536,17233,876,2026-03-08,Absent,"2026-04-18 17:23:03"
2537,13055,1834,2026-03-04,Present,"2026-04-18 17:23:03"
2538,44660,834,2026-03-06,Present,"2026-04-18 17:23:03"
2539,35638,794,2026-03-06,Present,"2026-04-18 17:23:03"
2540,30303,1343,2026-03-01,Present,"2026-04-18 17:23:03"
2541,19154,906,2026-03-02,Present,"2026-04-18 17:23:03"
2542,12568,1948,2026-03-09,Present,"2026-04-18 17:23:03"
2543,27990,735,2026-03-08,Present,"2026-04-18 17:23:03"
2544,39090,1409,2026-03-02,Present,"2026-04-18 17:23:03"
2545,1056,964,2026-03-01,Present,"2026-04-18 17:23:03"
2546,41291,1571,2026-03-01,Present,"2026-04-18 17:23:03"
2547,13979,1830,2026-03-07,Absent,"2026-04-18 17:23:03"
2548,4508,808,2026-03-06,Absent,"2026-04-18 17:23:03"
2549,46423,1422,2026-03-04,Absent,"2026-04-18 17:23:03"
2550,13979,911,2026-03-06,Present,"2026-04-18 17:23:03"
2551,29864,766,2026-03-06,Present,"2026-04-18 17:23:03"
2552,3041,756,2026-03-02,Absent,"2026-04-18 17:23:03"
2553,39129,1202,2026-03-07,Present,"2026-04-18 17:23:03"
2554,8030,1101,2026-03-09,Present,"2026-04-18 17:23:03"
2555,11133,1587,2026-03-02,Present,"2026-04-18 17:23:03"
2556,35232,1787,2026-03-10,Present,"2026-04-18 17:23:03"
2557,18103,1300,2026-03-10,Present,"2026-04-18 17:23:03"
2558,6409,1152,2026-03-07,Present,"2026-04-18 17:23:03"
2559,46459,964,2026-03-03,Present,"2026-04-18 17:23:03"
2560,20085,1757,2026-03-05,Present,"2026-04-18 17:23:03"
2561,5774,1036,2026-03-06,Present,"2026-04-18 17:23:03"
2562,1869,1202,2026-03-05,Present,"2026-04-18 17:23:03"
2563,5929,1675,2026-03-06,Present,"2026-04-18 17:23:03"
2564,40774,1055,2026-03-08,Present,"2026-04-18 17:23:03"
2565,5772,1359,2026-03-08,Present,"2026-04-18 17:23:03"
2566,3712,962,2026-03-08,Present,"2026-04-18 17:23:03"
2567,47410,1830,2026-03-05,Present,"2026-04-18 17:23:03"
2568,32061,1004,2026-03-03,Present,"2026-04-18 17:23:03"
2569,26210,998,2026-03-02,Present,"2026-04-18 17:23:03"
2570,31385,1036,2026-03-02,Present,"2026-04-18 17:23:03"
2571,18268,1292,2026-03-08,Present,"2026-04-18 17:23:03"
2572,11070,1587,2026-03-04,Present,"2026-04-18 17:23:03"
2573,48757,1435,2026-03-04,Present,"2026-04-18 17:23:03"
2574,25489,1670,2026-03-04,Present,"2026-04-18 17:23:03"
2575,48013,881,2026-03-05,Present,"2026-04-18 17:23:03"
2576,37453,901,2026-03-10,Present,"2026-04-18 17:23:03"
2577,15588,961,2026-03-10,Present,"2026-04-18 17:23:03"
2578,31716,1300,2026-03-07,Present,"2026-04-18 17:23:03"
2579,3420,1005,2026-03-02,Present,"2026-04-18 17:23:03"
2580,39315,1034,2026-03-06,Absent,"2026-04-18 17:23:03"
2581,844,1073,2026-03-02,Present,"2026-04-18 17:23:03"
2582,19683,712,2026-03-06,Present,"2026-04-18 17:23:03"
2583,9736,1700,2026-03-03,Present,"2026-04-18 17:23:03"
2584,45691,559,2026-03-07,Absent,"2026-04-18 17:23:03"
2585,11083,1292,2026-03-06,Present,"2026-04-18 17:23:03"
2586,12356,735,2026-03-08,Present,"2026-04-18 17:23:03"
2587,47416,964,2026-03-08,Absent,"2026-04-18 17:23:03"
2588,40263,1340,2026-03-08,Present,"2026-04-18 17:23:03"
2589,21172,1060,2026-03-06,Present,"2026-04-18 17:23:03"
2590,49958,1670,2026-03-10,Present,"2026-04-18 17:23:03"
2591,22698,1951,2026-03-09,Present,"2026-04-18 17:23:03"
2592,32752,1422,2026-03-10,Present,"2026-04-18 17:23:03"
2593,8946,808,2026-03-07,Present,"2026-04-18 17:23:03"
2594,3723,1700,2026-03-05,Present,"2026-04-18 17:23:03"
2595,49133,1176,2026-03-04,Present,"2026-04-18 17:23:03"
2596,10860,759,2026-03-04,Present,"2026-04-18 17:23:03"
2597,43007,1164,2026-03-01,Present,"2026-04-18 17:23:03"
2598,25999,1778,2026-03-01,Present,"2026-04-18 17:23:03"
2599,23664,1216,2026-03-09,Absent,"2026-04-18 17:23:03"
2600,3670,1517,2026-03-10,Present,"2026-04-18 17:23:03"
2601,22624,1152,2026-03-09,Present,"2026-04-18 17:23:03"
2602,29132,792,2026-03-06,Present,"2026-04-18 17:23:03"
2603,49797,1202,2026-03-10,Absent,"2026-04-18 17:23:03"
2604,41640,1253,2026-03-02,Present,"2026-04-18 17:23:03"
2605,20898,1292,2026-03-05,Absent,"2026-04-18 17:23:03"
2606,49709,759,2026-03-09,Absent,"2026-04-18 17:23:03"
2607,41970,1987,2026-03-09,Absent,"2026-04-18 17:23:03"
2608,3869,794,2026-03-04,Present,"2026-04-18 17:23:03"
2609,23132,1482,2026-03-04,Present,"2026-04-18 17:23:03"
2610,23659,735,2026-03-09,Absent,"2026-04-18 17:23:03"
2611,44927,1374,2026-03-10,Present,"2026-04-18 17:23:03"
2612,12060,1435,2026-03-07,Present,"2026-04-18 17:23:03"
2613,40213,1005,2026-03-04,Absent,"2026-04-18 17:23:03"
2614,10335,1300,2026-03-02,Present,"2026-04-18 17:23:03"
2615,48057,701,2026-03-09,Present,"2026-04-18 17:23:03"
2616,12104,669,2026-03-05,Present,"2026-04-18 17:23:03"
2617,28218,1700,2026-03-01,Absent,"2026-04-18 17:23:03"
2618,28043,961,2026-03-05,Present,"2026-04-18 17:23:03"
2619,46116,1005,2026-03-10,Absent,"2026-04-18 17:23:03"
2620,26732,1678,2026-03-02,Present,"2026-04-18 17:23:03"
2621,21187,1036,2026-03-02,Present,"2026-04-18 17:23:03"
2622,44055,1524,2026-03-05,Present,"2026-04-18 17:23:03"
2623,5395,1908,2026-03-07,Absent,"2026-04-18 17:23:03"
2624,28099,1914,2026-03-08,Absent,"2026-04-18 17:23:03"
2625,36805,1524,2026-03-07,Present,"2026-04-18 17:23:03"
2626,26158,1212,2026-03-06,Present,"2026-04-18 17:23:03"
2627,27674,618,2026-03-04,Present,"2026-04-18 17:23:03"
2628,3506,1422,2026-03-04,Present,"2026-04-18 17:23:03"
2629,9101,1830,2026-03-03,Present,"2026-04-18 17:23:03"
2630,20073,1365,2026-03-03,Present,"2026-04-18 17:23:03"
2631,34873,1487,2026-03-09,Present,"2026-04-18 17:23:03"
2632,13644,1102,2026-03-07,Present,"2026-04-18 17:23:03"
2633,30303,1343,2026-03-08,Present,"2026-04-18 17:23:03"
2634,42747,1170,2026-03-06,Present,"2026-04-18 17:23:03"
2635,47148,1951,2026-03-07,Present,"2026-04-18 17:23:03"
2636,22380,1352,2026-03-02,Absent,"2026-04-18 17:23:03"
2637,6534,1435,2026-03-03,Present,"2026-04-18 17:23:03"
2638,14266,559,2026-03-01,Absent,"2026-04-18 17:23:03"
2639,25747,618,2026-03-10,Present,"2026-04-18 17:23:03"
2640,28070,1908,2026-03-06,Present,"2026-04-18 17:23:03"
2641,3140,1553,2026-03-06,Absent,"2026-04-18 17:23:03"
2642,38806,1830,2026-03-10,Present,"2026-04-18 17:23:03"
2643,22440,858,2026-03-04,Absent,"2026-04-18 17:23:03"
2644,21580,834,2026-03-01,Present,"2026-04-18 17:23:03"
2645,11674,1435,2026-03-03,Present,"2026-04-18 17:23:03"
2646,45443,759,2026-03-06,Present,"2026-04-18 17:23:03"
2647,25771,669,2026-03-02,Present,"2026-04-18 17:23:03"
2648,41843,1949,2026-03-01,Present,"2026-04-18 17:23:03"
2649,24933,1960,2026-03-02,Present,"2026-04-18 17:23:03"
2650,48594,573,2026-03-10,Present,"2026-04-18 17:23:03"
2651,25363,858,2026-03-06,Absent,"2026-04-18 17:23:03"
2652,6191,998,2026-03-05,Present,"2026-04-18 17:23:03"
2653,142,1553,2026-03-04,Present,"2026-04-18 17:23:03"
2654,7389,973,2026-03-10,Present,"2026-04-18 17:23:03"
2655,42002,947,2026-03-08,Present,"2026-04-18 17:23:03"
2656,643,1184,2026-03-02,Present,"2026-04-18 17:23:03"
2657,3450,584,2026-03-02,Absent,"2026-04-18 17:23:03"
2658,13407,1598,2026-03-04,Absent,"2026-04-18 17:23:03"
2659,9862,876,2026-03-08,Absent,"2026-04-18 17:23:03"
2660,34174,1055,2026-03-04,Present,"2026-04-18 17:23:03"
2661,8170,1908,2026-03-04,Present,"2026-04-18 17:23:03"
2662,48546,1984,2026-03-01,Present,"2026-04-18 17:23:03"
2663,28875,559,2026-03-02,Present,"2026-04-18 17:23:03"
2664,785,792,2026-03-10,Present,"2026-04-18 17:23:03"
2665,16377,1914,2026-03-10,Present,"2026-04-18 17:23:03"
2666,19675,654,2026-03-10,Present,"2026-04-18 17:23:03"
2667,2787,1102,2026-03-10,Present,"2026-04-18 17:23:03"
2668,16823,1170,2026-03-08,Present,"2026-04-18 17:23:03"
2669,19270,756,2026-03-04,Present,"2026-04-18 17:23:03"
2670,10142,618,2026-03-02,Present,"2026-04-18 17:23:03"
2671,42338,1409,2026-03-07,Present,"2026-04-18 17:23:03"
2672,19037,1343,2026-03-01,Present,"2026-04-18 17:23:03"
2673,37226,1960,2026-03-03,Present,"2026-04-18 17:23:03"
2674,18273,1333,2026-03-06,Present,"2026-04-18 17:23:03"
2675,44359,1055,2026-03-04,Present,"2026-04-18 17:23:03"
2676,29148,1787,2026-03-09,Absent,"2026-04-18 17:23:03"
2677,2225,1073,2026-03-04,Present,"2026-04-18 17:23:03"
2678,28309,1908,2026-03-04,Present,"2026-04-18 17:23:03"
2679,43423,808,2026-03-07,Present,"2026-04-18 17:23:03"
2680,40628,1984,2026-03-05,Absent,"2026-04-18 17:23:03"
2681,42990,1951,2026-03-08,Present,"2026-04-18 17:23:03"
2682,12614,1365,2026-03-06,Present,"2026-04-18 17:23:03"
2683,37246,1164,2026-03-01,Present,"2026-04-18 17:23:03"
2684,31695,1036,2026-03-08,Present,"2026-04-18 17:23:03"
2685,31167,756,2026-03-09,Present,"2026-04-18 17:23:03"
2686,41617,654,2026-03-03,Present,"2026-04-18 17:23:03"
2687,25077,1908,2026-03-08,Present,"2026-04-18 17:23:03"
2688,45816,1913,2026-03-02,Absent,"2026-04-18 17:23:03"
2689,2371,1678,2026-03-09,Present,"2026-04-18 17:23:03"
2690,2761,964,2026-03-04,Present,"2026-04-18 17:23:03"
2691,18643,1374,2026-03-03,Present,"2026-04-18 17:23:03"
2692,49703,712,2026-03-01,Absent,"2026-04-18 17:23:03"
2693,15639,735,2026-03-09,Absent,"2026-04-18 17:23:03"
2694,13291,834,2026-03-07,Present,"2026-04-18 17:23:03"
2695,11998,735,2026-03-03,Present,"2026-04-18 17:23:03"
2696,24280,1951,2026-03-02,Present,"2026-04-18 17:23:03"
2697,17333,1482,2026-03-08,Present,"2026-04-18 17:23:03"
2698,23458,973,2026-03-07,Present,"2026-04-18 17:23:03"
2699,10082,792,2026-03-07,Absent,"2026-04-18 17:23:03"
2700,772,756,2026-03-06,Absent,"2026-04-18 17:23:03"
2701,6189,513,2026-03-01,Present,"2026-04-18 17:23:03"
2702,6317,906,2026-03-01,Present,"2026-04-18 17:23:03"
2703,10987,1587,2026-03-03,Present,"2026-04-18 17:23:03"
2704,14479,1374,2026-03-10,Present,"2026-04-18 17:23:03"
2705,45245,1365,2026-03-06,Absent,"2026-04-18 17:23:03"
2706,20254,1677,2026-03-03,Present,"2026-04-18 17:23:03"
2707,21863,1365,2026-03-10,Absent,"2026-04-18 17:23:03"
2708,11311,1164,2026-03-02,Absent,"2026-04-18 17:23:03"
2709,48385,1435,2026-03-07,Present,"2026-04-18 17:23:03"
2710,26379,1960,2026-03-09,Present,"2026-04-18 17:23:03"
2711,24590,1670,2026-03-03,Present,"2026-04-18 17:23:03"
2712,2458,712,2026-03-02,Absent,"2026-04-18 17:23:03"
2713,48926,911,2026-03-06,Present,"2026-04-18 17:23:03"
2714,24218,947,2026-03-04,Present,"2026-04-18 17:23:03"
2715,13770,1435,2026-03-03,Present,"2026-04-18 17:23:03"
2716,21542,1913,2026-03-02,Present,"2026-04-18 17:23:03"
2717,32037,961,2026-03-02,Present,"2026-04-18 17:23:03"
2718,19724,1949,2026-03-06,Absent,"2026-04-18 17:23:03"
2719,39998,531,2026-03-06,Absent,"2026-04-18 17:23:03"
2720,1912,1949,2026-03-10,Present,"2026-04-18 17:23:03"
2721,3600,1757,2026-03-02,Present,"2026-04-18 17:23:03"
2722,32904,1675,2026-03-01,Present,"2026-04-18 17:23:03"
2723,20523,1216,2026-03-03,Present,"2026-04-18 17:23:03"
2724,42256,1184,2026-03-01,Present,"2026-04-18 17:23:03"
2725,19327,1522,2026-03-10,Present,"2026-04-18 17:23:03"
2726,45991,1949,2026-03-01,Present,"2026-04-18 17:23:03"
2727,20524,1913,2026-03-08,Absent,"2026-04-18 17:23:03"
2728,3530,962,2026-03-07,Present,"2026-04-18 17:23:03"
2729,40797,1482,2026-03-03,Present,"2026-04-18 17:23:03"
2730,24427,1834,2026-03-07,Present,"2026-04-18 17:23:03"
2731,2539,792,2026-03-05,Absent,"2026-04-18 17:23:03"
2732,36291,1524,2026-03-09,Present,"2026-04-18 17:23:03"
2733,33694,1949,2026-03-10,Present,"2026-04-18 17:23:03"
2734,15149,1034,2026-03-07,Present,"2026-04-18 17:23:03"
2735,37598,964,2026-03-01,Present,"2026-04-18 17:23:03"
2736,7090,669,2026-03-06,Present,"2026-04-18 17:23:03"
2737,44671,808,2026-03-02,Present,"2026-04-18 17:23:03"
2738,37188,964,2026-03-09,Present,"2026-04-18 17:23:03"
2739,41138,858,2026-03-08,Present,"2026-04-18 17:23:03"
2740,26807,1987,2026-03-08,Present,"2026-04-18 17:23:03"
2741,46379,973,2026-03-08,Present,"2026-04-18 17:23:03"
2742,42227,735,2026-03-03,Present,"2026-04-18 17:23:03"
2743,26441,766,2026-03-10,Present,"2026-04-18 17:23:03"
2744,38555,1228,2026-03-10,Present,"2026-04-18 17:23:03"
2745,31581,1754,2026-03-07,Present,"2026-04-18 17:23:03"
2746,10925,911,2026-03-06,Present,"2026-04-18 17:23:03"
2747,42144,735,2026-03-04,Present,"2026-04-18 17:23:03"
2748,5284,1678,2026-03-10,Absent,"2026-04-18 17:23:03"
2749,49236,1365,2026-03-02,Present,"2026-04-18 17:23:03"
2750,39551,916,2026-03-07,Present,"2026-04-18 17:23:03"
2751,11448,701,2026-03-03,Absent,"2026-04-18 17:23:03"
2752,26027,1034,2026-03-05,Present,"2026-04-18 17:23:03"
2753,46081,1374,2026-03-04,Present,"2026-04-18 17:23:03"
2754,37304,531,2026-03-06,Present,"2026-04-18 17:23:03"
2755,25837,573,2026-03-08,Present,"2026-04-18 17:23:03"
2756,41447,794,2026-03-02,Present,"2026-04-18 17:23:03"
2757,12791,1340,2026-03-09,Absent,"2026-04-18 17:23:03"
2758,19624,915,2026-03-05,Present,"2026-04-18 17:23:03"
2759,35749,531,2026-03-04,Present,"2026-04-18 17:23:03"
2760,4832,1960,2026-03-05,Present,"2026-04-18 17:23:03"
2761,13973,792,2026-03-03,Absent,"2026-04-18 17:23:03"
2762,22222,1057,2026-03-05,Present,"2026-04-18 17:23:03"
2763,6424,1212,2026-03-05,Absent,"2026-04-18 17:23:03"
2764,19165,1333,2026-03-02,Present,"2026-04-18 17:23:03"
2765,44590,1487,2026-03-01,Absent,"2026-04-18 17:23:03"
2766,46585,1253,2026-03-10,Present,"2026-04-18 17:23:03"
2767,36444,1553,2026-03-09,Present,"2026-04-18 17:23:03"
2768,14231,1228,2026-03-10,Present,"2026-04-18 17:23:03"
2769,18433,973,2026-03-05,Present,"2026-04-18 17:23:03"
2770,48254,1787,2026-03-04,Present,"2026-04-18 17:23:03"
2771,40804,1176,2026-03-04,Present,"2026-04-18 17:23:03"
2772,34465,1830,2026-03-03,Present,"2026-04-18 17:23:03"
2773,7176,1914,2026-03-09,Present,"2026-04-18 17:23:03"
2774,36899,1700,2026-03-06,Present,"2026-04-18 17:23:03"
2775,28607,1598,2026-03-08,Present,"2026-04-18 17:23:03"
2776,6059,1004,2026-03-07,Present,"2026-04-18 17:23:03"
2777,21543,1365,2026-03-08,Present,"2026-04-18 17:23:03"
2778,19961,1757,2026-03-06,Present,"2026-04-18 17:23:03"
2779,33248,1524,2026-03-09,Present,"2026-04-18 17:23:03"
2780,13442,1553,2026-03-02,Present,"2026-04-18 17:23:03"
2781,31475,1778,2026-03-08,Present,"2026-04-18 17:23:03"
2782,43581,559,2026-03-04,Present,"2026-04-18 17:23:03"
2783,32828,1517,2026-03-09,Present,"2026-04-18 17:23:03"
2784,23914,575,2026-03-02,Present,"2026-04-18 17:23:03"
2785,41727,1598,2026-03-05,Absent,"2026-04-18 17:23:03"
2786,46724,1517,2026-03-07,Present,"2026-04-18 17:23:03"
2787,21488,756,2026-03-03,Present,"2026-04-18 17:23:03"
2788,35863,792,2026-03-07,Absent,"2026-04-18 17:23:03"
2789,2189,1987,2026-03-01,Absent,"2026-04-18 17:23:03"
2790,42746,624,2026-03-01,Present,"2026-04-18 17:23:03"
2791,36942,1216,2026-03-05,Present,"2026-04-18 17:23:03"
2792,3196,1496,2026-03-03,Present,"2026-04-18 17:23:03"
2793,22731,858,2026-03-10,Present,"2026-04-18 17:23:03"
2794,44484,513,2026-03-01,Present,"2026-04-18 17:23:03"
2795,26252,1435,2026-03-09,Present,"2026-04-18 17:23:03"
2796,29166,858,2026-03-08,Absent,"2026-04-18 17:23:03"
2797,25836,876,2026-03-06,Present,"2026-04-18 17:23:03"
2798,21510,1292,2026-03-10,Present,"2026-04-18 17:23:03"
2799,43266,575,2026-03-09,Present,"2026-04-18 17:23:03"
2800,13856,1253,2026-03-08,Present,"2026-04-18 17:23:03"
2801,34236,1228,2026-03-04,Present,"2026-04-18 17:23:03"
2802,27321,973,2026-03-01,Absent,"2026-04-18 17:23:03"
2803,32734,1487,2026-03-01,Present,"2026-04-18 17:23:03"
2804,44572,1587,2026-03-08,Absent,"2026-04-18 17:23:03"
2805,14723,1757,2026-03-04,Present,"2026-04-18 17:23:03"
2806,31667,1834,2026-03-06,Absent,"2026-04-18 17:23:03"
2807,4036,513,2026-03-04,Present,"2026-04-18 17:23:03"
2808,26941,1538,2026-03-08,Absent,"2026-04-18 17:23:03"
2809,31266,701,2026-03-02,Present,"2026-04-18 17:23:03"
2810,22182,1176,2026-03-03,Present,"2026-04-18 17:23:03"
2811,14056,1340,2026-03-07,Present,"2026-04-18 17:23:03"
2812,43175,1365,2026-03-06,Present,"2026-04-18 17:23:03"
2813,30180,1005,2026-03-09,Absent,"2026-04-18 17:23:03"
2814,22597,1102,2026-03-01,Absent,"2026-04-18 17:23:03"
2815,5491,1409,2026-03-04,Absent,"2026-04-18 17:23:03"
2816,31260,735,2026-03-04,Present,"2026-04-18 17:23:03"
2817,32973,1253,2026-03-08,Present,"2026-04-18 17:23:03"
2818,2153,1005,2026-03-04,Present,"2026-04-18 17:23:03"
2819,24083,1787,2026-03-07,Present,"2026-04-18 17:23:03"
2820,38521,1914,2026-03-08,Present,"2026-04-18 17:23:03"
2821,1869,1202,2026-03-06,Present,"2026-04-18 17:23:03"
2822,10939,1212,2026-03-09,Absent,"2026-04-18 17:23:03"
2823,14377,1374,2026-03-05,Absent,"2026-04-18 17:23:03"
2824,2005,575,2026-03-06,Present,"2026-04-18 17:23:03"
2825,11476,1170,2026-03-01,Present,"2026-04-18 17:23:03"
2826,25595,1830,2026-03-10,Present,"2026-04-18 17:23:03"
2827,48248,559,2026-03-07,Present,"2026-04-18 17:23:03"
2828,44743,1422,2026-03-07,Present,"2026-04-18 17:23:03"
2829,27625,1374,2026-03-05,Present,"2026-04-18 17:23:03"
2830,24546,1700,2026-03-06,Present,"2026-04-18 17:23:03"
2831,43208,1365,2026-03-03,Present,"2026-04-18 17:23:03"
2832,8970,759,2026-03-09,Present,"2026-04-18 17:23:03"
2833,18313,794,2026-03-01,Present,"2026-04-18 17:23:03"
2834,28792,1913,2026-03-10,Present,"2026-04-18 17:23:03"
2835,15298,792,2026-03-01,Present,"2026-04-18 17:23:03"
2836,27400,901,2026-03-01,Present,"2026-04-18 17:23:03"
2837,28848,947,2026-03-07,Present,"2026-04-18 17:23:03"
2838,4425,1524,2026-03-07,Absent,"2026-04-18 17:23:03"
2839,27643,1487,2026-03-07,Present,"2026-04-18 17:23:03"
2840,13277,1830,2026-03-06,Present,"2026-04-18 17:23:03"
2841,6201,1598,2026-03-09,Present,"2026-04-18 17:23:03"
2842,21667,964,2026-03-01,Absent,"2026-04-18 17:23:03"
2843,31974,1987,2026-03-10,Present,"2026-04-18 17:23:03"
2844,21964,962,2026-03-03,Present,"2026-04-18 17:23:03"
2845,34736,915,2026-03-02,Present,"2026-04-18 17:23:03"
2846,30938,1522,2026-03-02,Present,"2026-04-18 17:23:03"
2847,7014,792,2026-03-05,Present,"2026-04-18 17:23:03"
2848,31400,1555,2026-03-09,Present,"2026-04-18 17:23:03"
2849,36410,573,2026-03-04,Absent,"2026-04-18 17:23:03"
2850,31977,1522,2026-03-06,Present,"2026-04-18 17:23:03"
2851,46000,1102,2026-03-03,Present,"2026-04-18 17:23:03"
2852,11795,1984,2026-03-05,Absent,"2026-04-18 17:23:03"
2853,32439,1675,2026-03-03,Present,"2026-04-18 17:23:03"
2854,12408,1333,2026-03-05,Present,"2026-04-18 17:23:03"
2855,15745,1675,2026-03-03,Present,"2026-04-18 17:23:03"
2856,14142,1960,2026-03-03,Present,"2026-04-18 17:23:03"
2857,9195,1487,2026-03-08,Present,"2026-04-18 17:23:03"
2858,36800,1184,2026-03-04,Absent,"2026-04-18 17:23:03"
2859,33657,1834,2026-03-09,Present,"2026-04-18 17:23:03"
2860,11628,1057,2026-03-05,Absent,"2026-04-18 17:23:03"
2861,25314,961,2026-03-07,Absent,"2026-04-18 17:23:03"
2862,3495,876,2026-03-06,Present,"2026-04-18 17:23:03"
2863,49093,1974,2026-03-01,Present,"2026-04-18 17:23:03"
2864,32754,814,2026-03-06,Present,"2026-04-18 17:23:03"
2865,6074,1951,2026-03-06,Present,"2026-04-18 17:23:03"
2866,7063,1951,2026-03-02,Present,"2026-04-18 17:23:03"
2867,10653,624,2026-03-06,Absent,"2026-04-18 17:23:03"
2868,16668,1960,2026-03-02,Present,"2026-04-18 17:23:03"
2869,15720,1253,2026-03-02,Present,"2026-04-18 17:23:03"
2870,44285,906,2026-03-05,Present,"2026-04-18 17:23:03"
2871,12386,1754,2026-03-01,Present,"2026-04-18 17:23:03"
2872,16152,1004,2026-03-02,Absent,"2026-04-18 17:23:03"
2873,12457,947,2026-03-08,Present,"2026-04-18 17:23:03"
2874,6627,1005,2026-03-08,Present,"2026-04-18 17:23:03"
2875,26335,1700,2026-03-02,Present,"2026-04-18 17:23:03"
2876,19184,1216,2026-03-04,Present,"2026-04-18 17:23:03"
2877,42005,618,2026-03-05,Present,"2026-04-18 17:23:03"
2878,40962,808,2026-03-06,Absent,"2026-04-18 17:23:03"
2879,20281,1524,2026-03-10,Present,"2026-04-18 17:23:03"
2880,47094,1202,2026-03-04,Present,"2026-04-18 17:23:03"
2881,17159,735,2026-03-06,Absent,"2026-04-18 17:23:03"
2882,43446,1374,2026-03-08,Present,"2026-04-18 17:23:03"
2883,5108,1670,2026-03-01,Present,"2026-04-18 17:23:03"
2884,39640,1060,2026-03-10,Present,"2026-04-18 17:23:03"
2885,209,1343,2026-03-08,Absent,"2026-04-18 17:23:03"
2886,22029,1102,2026-03-02,Present,"2026-04-18 17:23:03"
2887,7342,1034,2026-03-01,Absent,"2026-04-18 17:23:03"
2888,2762,1948,2026-03-04,Present,"2026-04-18 17:23:03"
2889,46618,911,2026-03-05,Present,"2026-04-18 17:23:03"
2890,43199,1787,2026-03-01,Present,"2026-04-18 17:23:03"
2891,21565,1757,2026-03-07,Present,"2026-04-18 17:23:03"
2892,30510,1055,2026-03-01,Present,"2026-04-18 17:23:03"
2893,49847,654,2026-03-01,Absent,"2026-04-18 17:23:03"
2894,22050,1553,2026-03-03,Present,"2026-04-18 17:23:03"
2895,12491,814,2026-03-10,Present,"2026-04-18 17:23:03"
2896,5258,1778,2026-03-02,Present,"2026-04-18 17:23:03"
2897,37537,1974,2026-03-07,Present,"2026-04-18 17:23:03"
2898,35072,915,2026-03-01,Absent,"2026-04-18 17:23:03"
2899,15564,712,2026-03-08,Present,"2026-04-18 17:23:03"
2900,9714,1060,2026-03-01,Present,"2026-04-18 17:23:03"
2901,44718,947,2026-03-01,Present,"2026-04-18 17:23:03"
2902,14584,1960,2026-03-09,Present,"2026-04-18 17:23:03"
2903,2274,962,2026-03-04,Present,"2026-04-18 17:23:03"
2904,41260,1060,2026-03-09,Present,"2026-04-18 17:23:03"
2905,37295,1365,2026-03-02,Present,"2026-04-18 17:23:03"
2906,23994,1700,2026-03-10,Present,"2026-04-18 17:23:03"
2907,25364,1951,2026-03-07,Present,"2026-04-18 17:23:03"
2908,7502,1073,2026-03-02,Present,"2026-04-18 17:23:03"
2909,16535,1352,2026-03-03,Present,"2026-04-18 17:23:03"
2910,21226,1598,2026-03-10,Present,"2026-04-18 17:23:03"
2911,39784,1553,2026-03-08,Present,"2026-04-18 17:23:03"
2912,38268,712,2026-03-05,Absent,"2026-04-18 17:23:03"
2913,31854,1678,2026-03-03,Present,"2026-04-18 17:23:03"
2914,19075,1677,2026-03-10,Absent,"2026-04-18 17:23:03"
2915,38230,1184,2026-03-07,Present,"2026-04-18 17:23:03"
2916,8652,858,2026-03-04,Present,"2026-04-18 17:23:03"
2917,24075,876,2026-03-08,Present,"2026-04-18 17:23:03"
2918,11978,792,2026-03-04,Present,"2026-04-18 17:23:03"
2919,38944,964,2026-03-02,Present,"2026-04-18 17:23:03"
2920,28912,1005,2026-03-09,Present,"2026-04-18 17:23:03"
2921,31589,1102,2026-03-02,Present,"2026-04-18 17:23:03"
2922,14380,973,2026-03-05,Present,"2026-04-18 17:23:03"
2923,1148,1057,2026-03-03,Absent,"2026-04-18 17:23:03"
2924,24083,962,2026-03-05,Present,"2026-04-18 17:23:03"
2925,3678,759,2026-03-07,Present,"2026-04-18 17:23:03"
2926,31649,1908,2026-03-02,Present,"2026-04-18 17:23:03"
2927,47496,1538,2026-03-02,Present,"2026-04-18 17:23:03"
2928,27374,1352,2026-03-01,Present,"2026-04-18 17:23:03"
2929,3388,1374,2026-03-05,Absent,"2026-04-18 17:23:03"
2930,37259,1101,2026-03-04,Present,"2026-04-18 17:23:03"
2931,49003,756,2026-03-06,Present,"2026-04-18 17:23:03"
2932,46077,1778,2026-03-01,Present,"2026-04-18 17:23:03"
2933,45730,1184,2026-03-01,Absent,"2026-04-18 17:23:03"
2934,15375,1152,2026-03-01,Present,"2026-04-18 17:23:03"
2935,24283,1948,2026-03-09,Absent,"2026-04-18 17:23:03"
2936,26903,1057,2026-03-03,Present,"2026-04-18 17:23:03"
2937,43395,1700,2026-03-08,Absent,"2026-04-18 17:23:03"
2938,15372,1170,2026-03-02,Absent,"2026-04-18 17:23:03"
2939,8874,1055,2026-03-04,Present,"2026-04-18 17:23:03"
2940,25364,1960,2026-03-04,Present,"2026-04-18 17:23:03"
2941,21856,1908,2026-03-06,Absent,"2026-04-18 17:23:03"
2942,3450,1170,2026-03-09,Present,"2026-04-18 17:23:03"
2943,711,1587,2026-03-01,Absent,"2026-04-18 17:23:03"
2944,14416,1587,2026-03-03,Present,"2026-04-18 17:23:03"
2945,9412,1352,2026-03-08,Present,"2026-04-18 17:23:03"
2946,47702,1914,2026-03-07,Present,"2026-04-18 17:23:03"
2947,21766,1055,2026-03-02,Absent,"2026-04-18 17:23:03"
2948,6320,916,2026-03-09,Present,"2026-04-18 17:23:03"
2949,39711,1598,2026-03-06,Absent,"2026-04-18 17:23:03"
2950,14747,964,2026-03-04,Absent,"2026-04-18 17:23:03"
2951,1141,1675,2026-03-10,Present,"2026-04-18 17:23:03"
2952,29495,1152,2026-03-01,Absent,"2026-04-18 17:23:03"
2953,26916,1036,2026-03-01,Present,"2026-04-18 17:23:03"
2954,38484,1757,2026-03-01,Present,"2026-04-18 17:23:03"
2955,23772,1553,2026-03-10,Absent,"2026-04-18 17:23:03"
2956,45948,814,2026-03-01,Absent,"2026-04-18 17:23:03"
2957,14144,814,2026-03-03,Present,"2026-04-18 17:23:03"
2958,49938,1374,2026-03-09,Absent,"2026-04-18 17:23:03"
2959,39002,1834,2026-03-03,Present,"2026-04-18 17:23:03"
2960,23680,961,2026-03-01,Present,"2026-04-18 17:23:03"
2961,24490,1202,2026-03-06,Present,"2026-04-18 17:23:03"
2962,37328,973,2026-03-02,Present,"2026-04-18 17:23:03"
2963,35302,1359,2026-03-08,Present,"2026-04-18 17:23:03"
2964,18253,1487,2026-03-03,Present,"2026-04-18 17:23:03"
2965,37562,1170,2026-03-01,Present,"2026-04-18 17:23:03"
2966,44394,1700,2026-03-09,Present,"2026-04-18 17:23:03"
2967,28130,1292,2026-03-06,Present,"2026-04-18 17:23:03"
2968,36653,1102,2026-03-09,Present,"2026-04-18 17:23:03"
2969,3862,756,2026-03-01,Absent,"2026-04-18 17:23:03"
2970,48426,1538,2026-03-07,Present,"2026-04-18 17:23:03"
2971,32557,756,2026-03-01,Absent,"2026-04-18 17:23:03"
2972,2787,1960,2026-03-03,Present,"2026-04-18 17:23:03"
2973,10360,712,2026-03-06,Present,"2026-04-18 17:23:03"
2974,352,1036,2026-03-05,Present,"2026-04-18 17:23:03"
2975,36958,759,2026-03-03,Present,"2026-04-18 17:23:03"
2976,25578,1409,2026-03-07,Absent,"2026-04-18 17:23:03"
2977,30465,573,2026-03-03,Present,"2026-04-18 17:23:03"
2978,9481,1778,2026-03-08,Present,"2026-04-18 17:23:03"
2979,19491,1055,2026-03-03,Present,"2026-04-18 17:23:03"
2980,34080,915,2026-03-03,Present,"2026-04-18 17:23:03"
2981,2710,1487,2026-03-05,Present,"2026-04-18 17:23:03"
2982,21156,1984,2026-03-07,Present,"2026-04-18 17:23:03"
2983,40617,1914,2026-03-08,Present,"2026-04-18 17:23:03"
2984,19289,1496,2026-03-01,Absent,"2026-04-18 17:23:03"
2985,47511,559,2026-03-10,Present,"2026-04-18 17:23:03"
2986,24205,1152,2026-03-01,Present,"2026-04-18 17:23:03"
2987,43894,1987,2026-03-03,Present,"2026-04-18 17:23:03"
2988,48969,1987,2026-03-03,Absent,"2026-04-18 17:23:03"
2989,38921,1678,2026-03-06,Present,"2026-04-18 17:23:03"
2990,23330,1170,2026-03-01,Present,"2026-04-18 17:23:03"
2991,46621,1587,2026-03-07,Present,"2026-04-18 17:23:03"
2992,49272,1409,2026-03-05,Present,"2026-04-18 17:23:03"
2993,42247,1908,2026-03-02,Present,"2026-04-18 17:23:03"
2994,34941,792,2026-03-08,Present,"2026-04-18 17:23:03"
2995,35305,1292,2026-03-01,Absent,"2026-04-18 17:23:03"
2996,38311,1675,2026-03-08,Present,"2026-04-18 17:23:03"
2997,32570,906,2026-03-03,Present,"2026-04-18 17:23:03"
2998,48254,1787,2026-03-01,Present,"2026-04-18 17:23:03"
2999,48904,1036,2026-03-07,Absent,"2026-04-18 17:23:03"
3000,25883,1152,2026-03-06,Present,"2026-04-18 17:23:03"
3001,7258,712,2026-03-09,Present,"2026-04-18 17:23:03"
3002,37471,1359,2026-03-04,Absent,"2026-04-18 17:23:03"
3003,31144,1409,2026-03-07,Present,"2026-04-18 17:23:03"
3004,10201,701,2026-03-03,Present,"2026-04-18 17:23:03"
3005,27160,808,2026-03-08,Present,"2026-04-18 17:23:03"
3006,23428,513,2026-03-04,Present,"2026-04-18 17:23:03"
3007,10860,766,2026-03-01,Absent,"2026-04-18 17:23:03"
3008,33716,1073,2026-03-08,Present,"2026-04-18 17:23:03"
3009,38372,756,2026-03-01,Present,"2026-04-18 17:23:03"
3010,28844,906,2026-03-06,Present,"2026-04-18 17:23:03"
3011,27746,1359,2026-03-06,Present,"2026-04-18 17:23:03"
3012,38229,1538,2026-03-09,Absent,"2026-04-18 17:23:03"
3013,31949,1987,2026-03-10,Present,"2026-04-18 17:23:03"
3014,8018,1678,2026-03-10,Present,"2026-04-18 17:23:03"
3015,29262,1908,2026-03-07,Present,"2026-04-18 17:23:03"
3016,29235,1343,2026-03-08,Present,"2026-04-18 17:23:03"
3017,44193,1060,2026-03-10,Present,"2026-04-18 17:23:03"
3018,22144,1170,2026-03-02,Present,"2026-04-18 17:23:03"
3019,3415,1101,2026-03-10,Absent,"2026-04-18 17:23:03"
3020,40449,1055,2026-03-07,Absent,"2026-04-18 17:23:03"
3021,14284,915,2026-03-04,Present,"2026-04-18 17:23:03"
3022,43296,1571,2026-03-06,Present,"2026-04-18 17:23:03"
3023,21188,1333,2026-03-10,Present,"2026-04-18 17:23:03"
3024,32754,1212,2026-03-10,Present,"2026-04-18 17:23:03"
3025,10413,766,2026-03-08,Absent,"2026-04-18 17:23:03"
3026,14829,1034,2026-03-09,Present,"2026-04-18 17:23:03"
3027,46543,1553,2026-03-06,Present,"2026-04-18 17:23:03"
3028,19635,712,2026-03-04,Present,"2026-04-18 17:23:03"
3029,6181,1034,2026-03-03,Present,"2026-04-18 17:23:03"
3030,22080,998,2026-03-08,Present,"2026-04-18 17:23:03"
3031,35936,735,2026-03-10,Present,"2026-04-18 17:23:03"
3032,32355,1292,2026-03-08,Present,"2026-04-18 17:23:03"
3033,10328,1700,2026-03-01,Absent,"2026-04-18 17:23:03"
3034,19835,1352,2026-03-05,Present,"2026-04-18 17:23:03"
3035,7182,1176,2026-03-01,Absent,"2026-04-18 17:23:03"
3036,45928,1587,2026-03-01,Absent,"2026-04-18 17:23:03"
3037,41512,1496,2026-03-01,Present,"2026-04-18 17:23:03"
3038,43690,1228,2026-03-05,Absent,"2026-04-18 17:23:03"
3039,46991,1951,2026-03-04,Present,"2026-04-18 17:23:03"
3040,32274,1670,2026-03-03,Present,"2026-04-18 17:23:03"
3041,29106,1778,2026-03-03,Present,"2026-04-18 17:23:03"
3042,21569,1004,2026-03-05,Present,"2026-04-18 17:23:03"
3043,15245,1960,2026-03-03,Present,"2026-04-18 17:23:03"
3044,44957,1538,2026-03-10,Present,"2026-04-18 17:23:03"
3045,43974,1422,2026-03-05,Present,"2026-04-18 17:23:03"
3046,211,1675,2026-03-08,Absent,"2026-04-18 17:23:03"
3047,11155,1571,2026-03-09,Present,"2026-04-18 17:23:03"
3048,42259,1004,2026-03-03,Present,"2026-04-18 17:23:03"
3049,13465,1834,2026-03-03,Present,"2026-04-18 17:23:03"
3050,40194,1951,2026-03-10,Absent,"2026-04-18 17:23:03"
3051,9760,1949,2026-03-06,Present,"2026-04-18 17:23:03"
3052,2208,1678,2026-03-06,Present,"2026-04-18 17:23:03"
3053,7597,559,2026-03-03,Present,"2026-04-18 17:23:03"
3054,31483,756,2026-03-09,Present,"2026-04-18 17:23:03"
3055,48594,584,2026-03-06,Absent,"2026-04-18 17:23:03"
3056,21408,584,2026-03-10,Present,"2026-04-18 17:23:03"
3057,5351,531,2026-03-05,Absent,"2026-04-18 17:23:03"
3058,25016,1670,2026-03-10,Present,"2026-04-18 17:23:03"
3059,14906,1060,2026-03-02,Present,"2026-04-18 17:23:03"
3060,37881,669,2026-03-06,Present,"2026-04-18 17:23:03"
3061,16675,1571,2026-03-03,Present,"2026-04-18 17:23:03"
3062,46785,513,2026-03-07,Absent,"2026-04-18 17:23:03"
3063,44158,808,2026-03-01,Absent,"2026-04-18 17:23:03"
3064,27876,858,2026-03-07,Present,"2026-04-18 17:23:03"
3065,19574,1496,2026-03-03,Present,"2026-04-18 17:23:03"
3066,5129,808,2026-03-02,Present,"2026-04-18 17:23:03"
3067,35065,1409,2026-03-04,Present,"2026-04-18 17:23:03"
3068,24690,1352,2026-03-02,Present,"2026-04-18 17:23:03"
3069,37460,1787,2026-03-03,Present,"2026-04-18 17:23:03"
3070,35804,906,2026-03-05,Absent,"2026-04-18 17:23:03"
3071,32611,1102,2026-03-05,Absent,"2026-04-18 17:23:03"
3072,46023,1914,2026-03-03,Present,"2026-04-18 17:23:03"
3073,1497,669,2026-03-08,Absent,"2026-04-18 17:23:03"
3074,27021,1036,2026-03-03,Present,"2026-04-18 17:23:03"
3075,2685,1034,2026-03-09,Absent,"2026-04-18 17:23:03"
3076,21852,1055,2026-03-09,Absent,"2026-04-18 17:23:03"
3077,37259,1949,2026-03-02,Present,"2026-04-18 17:23:03"
3078,39002,1787,2026-03-02,Present,"2026-04-18 17:23:03"
3079,1006,1374,2026-03-01,Present,"2026-04-18 17:23:03"
3080,25346,1517,2026-03-09,Present,"2026-04-18 17:23:03"
3081,4340,792,2026-03-02,Present,"2026-04-18 17:23:03"
3082,19641,735,2026-03-09,Present,"2026-04-18 17:23:03"
3083,27271,1365,2026-03-02,Present,"2026-04-18 17:23:03"
3084,26872,1374,2026-03-10,Present,"2026-04-18 17:23:03"
3085,2784,513,2026-03-02,Absent,"2026-04-18 17:23:03"
3086,46339,669,2026-03-09,Present,"2026-04-18 17:23:03"
3087,18907,1292,2026-03-04,Present,"2026-04-18 17:23:03"
3088,6123,1522,2026-03-07,Present,"2026-04-18 17:23:03"
3089,20410,1830,2026-03-09,Present,"2026-04-18 17:23:03"
3090,2321,814,2026-03-01,Present,"2026-04-18 17:23:03"
3091,19590,584,2026-03-06,Present,"2026-04-18 17:23:03"
3092,3555,1152,2026-03-08,Present,"2026-04-18 17:23:03"
3093,48365,1675,2026-03-03,Present,"2026-04-18 17:23:03"
3094,25797,1984,2026-03-08,Absent,"2026-04-18 17:23:03"
3095,2305,584,2026-03-06,Present,"2026-04-18 17:23:03"
3096,6420,1524,2026-03-04,Absent,"2026-04-18 17:23:03"
3097,26042,1253,2026-03-08,Present,"2026-04-18 17:23:03"
3098,46704,1292,2026-03-04,Present,"2026-04-18 17:23:03"
3099,1818,1482,2026-03-03,Present,"2026-04-18 17:23:03"
3100,18359,1496,2026-03-10,Present,"2026-04-18 17:23:03"
3101,36293,766,2026-03-05,Present,"2026-04-18 17:23:03"
3102,39170,1152,2026-03-02,Present,"2026-04-18 17:23:03"
3103,6178,1487,2026-03-01,Present,"2026-04-18 17:23:03"
3104,41364,973,2026-03-05,Present,"2026-04-18 17:23:03"
3105,31395,915,2026-03-07,Present,"2026-04-18 17:23:03"
3106,36491,735,2026-03-10,Present,"2026-04-18 17:23:03"
3107,24794,901,2026-03-05,Present,"2026-04-18 17:23:03"
3108,16726,1184,2026-03-07,Present,"2026-04-18 17:23:03"
3109,13159,1374,2026-03-10,Present,"2026-04-18 17:23:03"
3110,47941,814,2026-03-02,Present,"2026-04-18 17:23:03"
3111,46927,947,2026-03-08,Absent,"2026-04-18 17:23:03"
3112,27382,1340,2026-03-03,Absent,"2026-04-18 17:23:03"
3113,5797,1055,2026-03-06,Present,"2026-04-18 17:23:03"
3114,5143,1365,2026-03-01,Present,"2026-04-18 17:23:03"
3115,28352,1060,2026-03-04,Present,"2026-04-18 17:23:03"
3116,42398,1913,2026-03-10,Present,"2026-04-18 17:23:03"
3117,35282,573,2026-03-08,Absent,"2026-04-18 17:23:03"
3118,26445,654,2026-03-05,Present,"2026-04-18 17:23:03"
3119,15930,1757,2026-03-02,Present,"2026-04-18 17:23:03"
3120,43672,1340,2026-03-09,Present,"2026-04-18 17:23:03"
3121,45440,1152,2026-03-05,Present,"2026-04-18 17:23:03"
3122,49503,1524,2026-03-03,Present,"2026-04-18 17:23:03"
3123,46785,756,2026-03-06,Present,"2026-04-18 17:23:03"
3124,6317,1170,2026-03-08,Present,"2026-04-18 17:23:03"
3125,5657,1496,2026-03-02,Present,"2026-04-18 17:23:03"
3126,10849,559,2026-03-03,Present,"2026-04-18 17:23:03"
3127,18685,906,2026-03-05,Absent,"2026-04-18 17:23:03"
3128,19950,1374,2026-03-06,Present,"2026-04-18 17:23:03"
3129,27653,1164,2026-03-09,Present,"2026-04-18 17:23:03"
3130,4838,792,2026-03-07,Present,"2026-04-18 17:23:03"
3131,27480,947,2026-03-09,Present,"2026-04-18 17:23:03"
3132,29553,881,2026-03-02,Present,"2026-04-18 17:23:03"
3133,12247,559,2026-03-01,Present,"2026-04-18 17:23:03"
3134,1205,961,2026-03-08,Present,"2026-04-18 17:23:03"
3135,4422,964,2026-03-01,Present,"2026-04-18 17:23:03"
3136,26493,1253,2026-03-04,Absent,"2026-04-18 17:23:03"
3137,37227,1073,2026-03-04,Present,"2026-04-18 17:23:03"
3138,31997,1060,2026-03-07,Present,"2026-04-18 17:23:03"
3139,48286,906,2026-03-01,Present,"2026-04-18 17:23:03"
3140,13289,1787,2026-03-02,Present,"2026-04-18 17:23:03"
3141,9138,1948,2026-03-08,Absent,"2026-04-18 17:23:03"
3142,1217,834,2026-03-07,Present,"2026-04-18 17:23:03"
3143,38455,1524,2026-03-08,Present,"2026-04-18 17:23:03"
3144,12669,1212,2026-03-04,Present,"2026-04-18 17:23:03"
3145,18283,1522,2026-03-06,Present,"2026-04-18 17:23:03"
3146,11865,1677,2026-03-08,Present,"2026-04-18 17:23:03"
3147,45488,901,2026-03-05,Present,"2026-04-18 17:23:03"
3148,40814,1787,2026-03-03,Present,"2026-04-18 17:23:03"
3149,30561,1409,2026-03-08,Present,"2026-04-18 17:23:03"
3150,2837,1216,2026-03-07,Absent,"2026-04-18 17:23:03"
3151,24826,1333,2026-03-04,Present,"2026-04-18 17:23:03"
3152,41180,1700,2026-03-03,Present,"2026-04-18 17:23:03"
3153,10953,1036,2026-03-05,Present,"2026-04-18 17:23:03"
3154,30303,1343,2026-03-10,Present,"2026-04-18 17:23:03"
3155,29827,1005,2026-03-09,Absent,"2026-04-18 17:23:03"
3156,23196,1102,2026-03-09,Present,"2026-04-18 17:23:03"
3157,27177,1212,2026-03-09,Present,"2026-04-18 17:23:03"
3158,24925,669,2026-03-05,Present,"2026-04-18 17:23:03"
3159,31521,1778,2026-03-01,Absent,"2026-04-18 17:23:03"
3160,17746,766,2026-03-03,Present,"2026-04-18 17:23:03"
3161,49390,1496,2026-03-03,Present,"2026-04-18 17:23:03"
3162,15272,1253,2026-03-10,Present,"2026-04-18 17:23:03"
3163,21463,1517,2026-03-09,Present,"2026-04-18 17:23:03"
3164,46956,1482,2026-03-07,Present,"2026-04-18 17:23:03"
3165,1935,1908,2026-03-08,Present,"2026-04-18 17:23:03"
3166,22070,1948,2026-03-10,Absent,"2026-04-18 17:23:03"
3167,21884,618,2026-03-06,Present,"2026-04-18 17:23:03"
3168,24089,1216,2026-03-01,Present,"2026-04-18 17:23:03"
3169,2000,1482,2026-03-04,Present,"2026-04-18 17:23:03"
3170,41056,1352,2026-03-03,Absent,"2026-04-18 17:23:03"
3171,5865,1228,2026-03-05,Present,"2026-04-18 17:23:03"
3172,4238,792,2026-03-10,Present,"2026-04-18 17:23:03"
3173,34899,961,2026-03-07,Present,"2026-04-18 17:23:03"
3174,11085,973,2026-03-10,Present,"2026-04-18 17:23:03"
3175,34315,1202,2026-03-05,Present,"2026-04-18 17:23:03"
3176,4106,1598,2026-03-05,Present,"2026-04-18 17:23:03"
3177,48732,1352,2026-03-09,Absent,"2026-04-18 17:23:03"
3178,19167,1333,2026-03-02,Present,"2026-04-18 17:23:03"
3179,5520,947,2026-03-07,Present,"2026-04-18 17:23:03"
3180,9035,1176,2026-03-07,Present,"2026-04-18 17:23:03"
3181,14910,1340,2026-03-04,Present,"2026-04-18 17:23:03"
3182,17101,1292,2026-03-10,Present,"2026-04-18 17:23:03"
3183,32433,881,2026-03-08,Absent,"2026-04-18 17:23:03"
3184,43034,1359,2026-03-01,Absent,"2026-04-18 17:23:03"
3185,28787,1343,2026-03-05,Absent,"2026-04-18 17:23:03"
3186,16720,1914,2026-03-05,Present,"2026-04-18 17:23:03"
3187,1601,1170,2026-03-01,Present,"2026-04-18 17:23:03"
3188,431,1960,2026-03-03,Present,"2026-04-18 17:23:03"
3189,31927,814,2026-03-10,Present,"2026-04-18 17:23:03"
3190,9666,814,2026-03-07,Absent,"2026-04-18 17:23:03"
3191,13142,1176,2026-03-09,Present,"2026-04-18 17:23:03"
3192,30302,1987,2026-03-10,Absent,"2026-04-18 17:23:03"
3193,14393,1340,2026-03-03,Present,"2026-04-18 17:23:03"
3194,43081,712,2026-03-08,Absent,"2026-04-18 17:23:03"
3195,12511,1834,2026-03-02,Absent,"2026-04-18 17:23:03"
3196,6059,1004,2026-03-04,Present,"2026-04-18 17:23:03"
3197,39836,1036,2026-03-02,Present,"2026-04-18 17:23:03"
3198,44885,1073,2026-03-09,Present,"2026-04-18 17:23:03"
3199,34410,1170,2026-03-08,Present,"2026-04-18 17:23:03"
3200,30966,1060,2026-03-04,Present,"2026-04-18 17:23:03"
3201,32648,1170,2026-03-07,Present,"2026-04-18 17:23:03"
3202,47447,669,2026-03-02,Present,"2026-04-18 17:23:03"
3203,39466,1987,2026-03-04,Present,"2026-04-18 17:23:03"
3204,2352,1984,2026-03-05,Present,"2026-04-18 17:23:03"
3205,17674,654,2026-03-07,Present,"2026-04-18 17:23:03"
3206,27153,1300,2026-03-03,Present,"2026-04-18 17:23:03"
3207,17075,575,2026-03-03,Present,"2026-04-18 17:23:03"
3208,17599,756,2026-03-01,Present,"2026-04-18 17:23:03"
3209,26319,1340,2026-03-01,Present,"2026-04-18 17:23:03"
3210,16869,1482,2026-03-03,Present,"2026-04-18 17:23:03"
3211,43651,911,2026-03-04,Present,"2026-04-18 17:23:03"
3212,38932,1522,2026-03-10,Present,"2026-04-18 17:23:03"
3213,44751,1487,2026-03-05,Present,"2026-04-18 17:23:03"
3214,18097,712,2026-03-07,Present,"2026-04-18 17:23:03"
3215,26856,1522,2026-03-01,Absent,"2026-04-18 17:23:03"
3216,42834,973,2026-03-06,Present,"2026-04-18 17:23:03"
3217,46872,712,2026-03-03,Present,"2026-04-18 17:23:03"
3218,40140,1152,2026-03-07,Present,"2026-04-18 17:23:03"
3219,42866,1170,2026-03-07,Absent,"2026-04-18 17:23:03"
3220,15632,1253,2026-03-03,Present,"2026-04-18 17:23:03"
3221,41036,1176,2026-03-08,Present,"2026-04-18 17:23:03"
3222,28118,1212,2026-03-04,Absent,"2026-04-18 17:23:03"
3223,1707,1212,2026-03-01,Present,"2026-04-18 17:23:03"
3224,9468,1300,2026-03-05,Present,"2026-04-18 17:23:03"
3225,38422,961,2026-03-10,Absent,"2026-04-18 17:23:03"
3226,45824,1496,2026-03-05,Absent,"2026-04-18 17:23:03"
3227,13548,1034,2026-03-10,Present,"2026-04-18 17:23:03"
3228,26580,961,2026-03-03,Present,"2026-04-18 17:23:03"
3229,47225,858,2026-03-09,Absent,"2026-04-18 17:23:03"
3230,591,1587,2026-03-07,Present,"2026-04-18 17:23:03"
3231,9880,1987,2026-03-10,Present,"2026-04-18 17:23:03"
3232,11434,1057,2026-03-02,Present,"2026-04-18 17:23:03"
3233,13773,766,2026-03-03,Present,"2026-04-18 17:23:03"
3234,45644,1374,2026-03-07,Present,"2026-04-18 17:23:03"
3235,27714,1677,2026-03-04,Absent,"2026-04-18 17:23:03"
3236,33302,1757,2026-03-05,Present,"2026-04-18 17:23:03"
3237,46996,1555,2026-03-02,Absent,"2026-04-18 17:23:03"
3238,45597,559,2026-03-02,Absent,"2026-04-18 17:23:03"
3239,23301,1036,2026-03-06,Present,"2026-04-18 17:23:03"
3240,1249,1538,2026-03-07,Present,"2026-04-18 17:23:03"
3241,15092,1152,2026-03-05,Present,"2026-04-18 17:23:03"
3242,2501,1152,2026-03-05,Present,"2026-04-18 17:23:03"
3243,12281,1754,2026-03-02,Present,"2026-04-18 17:23:03"
3244,664,756,2026-03-06,Present,"2026-04-18 17:23:03"
3245,12414,1184,2026-03-09,Present,"2026-04-18 17:23:03"
3246,31865,1517,2026-03-08,Present,"2026-04-18 17:23:03"
3247,10101,1184,2026-03-02,Present,"2026-04-18 17:23:03"
3248,47503,1005,2026-03-03,Absent,"2026-04-18 17:23:03"
3249,14307,1517,2026-03-06,Absent,"2026-04-18 17:23:03"
3250,36690,766,2026-03-10,Present,"2026-04-18 17:23:03"
3251,11291,1908,2026-03-10,Present,"2026-04-18 17:23:03"
3252,41048,947,2026-03-02,Present,"2026-04-18 17:23:03"
3253,10822,1422,2026-03-02,Absent,"2026-04-18 17:23:03"
3254,5253,962,2026-03-09,Present,"2026-04-18 17:23:03"
3255,13570,1517,2026-03-09,Absent,"2026-04-18 17:23:03"
3256,4953,1253,2026-03-01,Present,"2026-04-18 17:23:03"
3257,42253,1974,2026-03-01,Present,"2026-04-18 17:23:03"
3258,33248,1553,2026-03-01,Present,"2026-04-18 17:23:03"
3259,26617,916,2026-03-09,Absent,"2026-04-18 17:23:03"
3260,46669,1184,2026-03-08,Absent,"2026-04-18 17:23:03"
3261,19755,1677,2026-03-10,Absent,"2026-04-18 17:23:03"
3262,39090,915,2026-03-03,Absent,"2026-04-18 17:23:03"
3263,24274,911,2026-03-01,Present,"2026-04-18 17:23:03"
3264,24352,1522,2026-03-07,Absent,"2026-04-18 17:23:03"
3265,37872,669,2026-03-01,Present,"2026-04-18 17:23:03"
3266,40808,1522,2026-03-03,Present,"2026-04-18 17:23:03"
3267,11764,1005,2026-03-07,Present,"2026-04-18 17:23:03"
3268,36238,881,2026-03-09,Absent,"2026-04-18 17:23:03"
3269,14910,1914,2026-03-07,Present,"2026-04-18 17:23:03"
3270,20756,1675,2026-03-08,Absent,"2026-04-18 17:23:03"
3271,31491,792,2026-03-08,Present,"2026-04-18 17:23:03"
3272,2963,998,2026-03-02,Absent,"2026-04-18 17:23:03"
3273,6429,1675,2026-03-03,Present,"2026-04-18 17:23:03"
3274,8852,735,2026-03-08,Present,"2026-04-18 17:23:03"
3275,41419,1036,2026-03-02,Present,"2026-04-18 17:23:03"
3276,31825,961,2026-03-05,Present,"2026-04-18 17:23:03"
3277,26375,584,2026-03-04,Present,"2026-04-18 17:23:03"
3278,31106,735,2026-03-02,Present,"2026-04-18 17:23:03"
3279,33787,998,2026-03-02,Present,"2026-04-18 17:23:03"
3280,30609,1830,2026-03-01,Present,"2026-04-18 17:23:03"
3281,36227,759,2026-03-08,Present,"2026-04-18 17:23:03"
3282,16093,1571,2026-03-09,Present,"2026-04-18 17:23:03"
3283,1582,1176,2026-03-03,Present,"2026-04-18 17:23:03"
3284,30186,624,2026-03-07,Absent,"2026-04-18 17:23:03"
3285,35730,1343,2026-03-07,Present,"2026-04-18 17:23:03"
3286,6825,1057,2026-03-08,Present,"2026-04-18 17:23:03"
3287,6512,759,2026-03-08,Present,"2026-04-18 17:23:03"
3288,45432,916,2026-03-02,Present,"2026-04-18 17:23:03"
3289,36731,916,2026-03-05,Absent,"2026-04-18 17:23:03"
3290,25465,915,2026-03-01,Absent,"2026-04-18 17:23:03"
3291,7431,1778,2026-03-06,Present,"2026-04-18 17:23:03"
3292,22165,973,2026-03-10,Present,"2026-04-18 17:23:03"
3293,38294,1914,2026-03-03,Present,"2026-04-18 17:23:03"
3294,25797,1073,2026-03-10,Present,"2026-04-18 17:23:03"
3295,19591,1060,2026-03-05,Absent,"2026-04-18 17:23:03"
3296,3418,1352,2026-03-05,Present,"2026-04-18 17:23:03"
3297,15759,1960,2026-03-05,Present,"2026-04-18 17:23:03"
3298,29001,1834,2026-03-05,Present,"2026-04-18 17:23:03"
3299,33949,808,2026-03-06,Absent,"2026-04-18 17:23:03"
3300,28723,1974,2026-03-01,Present,"2026-04-18 17:23:03"
3301,18538,1435,2026-03-05,Absent,"2026-04-18 17:23:03"
3302,21298,759,2026-03-08,Absent,"2026-04-18 17:23:03"
3303,6372,1340,2026-03-08,Present,"2026-04-18 17:23:03"
3304,41298,1949,2026-03-03,Present,"2026-04-18 17:23:03"
3305,6510,1787,2026-03-02,Present,"2026-04-18 17:23:03"
3306,47056,1555,2026-03-01,Present,"2026-04-18 17:23:03"
3307,19551,916,2026-03-01,Present,"2026-04-18 17:23:03"
3308,44755,669,2026-03-07,Present,"2026-04-18 17:23:03"
3309,488,1951,2026-03-08,Present,"2026-04-18 17:23:03"
3310,22617,1212,2026-03-06,Absent,"2026-04-18 17:23:03"
3311,38510,1496,2026-03-05,Present,"2026-04-18 17:23:03"
3312,34798,712,2026-03-07,Absent,"2026-04-18 17:23:03"
3313,4216,1374,2026-03-07,Present,"2026-04-18 17:23:03"
3314,8295,1482,2026-03-05,Present,"2026-04-18 17:23:03"
3315,11772,1571,2026-03-10,Present,"2026-04-18 17:23:03"
3316,9028,1778,2026-03-02,Present,"2026-04-18 17:23:03"
3317,30917,1670,2026-03-09,Present,"2026-04-18 17:23:03"
3318,44760,1517,2026-03-07,Present,"2026-04-18 17:23:03"
3319,26730,1004,2026-03-04,Present,"2026-04-18 17:23:03"
3320,3527,1678,2026-03-02,Present,"2026-04-18 17:23:03"
3321,29262,1675,2026-03-02,Present,"2026-04-18 17:23:03"
3322,39616,1152,2026-03-03,Present,"2026-04-18 17:23:03"
3323,37872,1409,2026-03-01,Absent,"2026-04-18 17:23:03"
3324,17718,1300,2026-03-01,Absent,"2026-04-18 17:23:03"
3325,9303,1948,2026-03-06,Present,"2026-04-18 17:23:03"
3326,18876,1670,2026-03-08,Absent,"2026-04-18 17:23:03"
3327,48329,1522,2026-03-09,Absent,"2026-04-18 17:23:03"
3328,12890,1834,2026-03-07,Present,"2026-04-18 17:23:03"
3329,37604,962,2026-03-07,Present,"2026-04-18 17:23:03"
3330,17638,1987,2026-03-09,Absent,"2026-04-18 17:23:03"
3331,18373,1974,2026-03-05,Absent,"2026-04-18 17:23:03"
3332,37839,1496,2026-03-03,Present,"2026-04-18 17:23:03"
3333,7579,915,2026-03-02,Absent,"2026-04-18 17:23:03"
3334,2178,1487,2026-03-06,Present,"2026-04-18 17:23:03"
3335,1057,1343,2026-03-05,Present,"2026-04-18 17:23:03"
3336,16977,1571,2026-03-06,Absent,"2026-04-18 17:23:03"
3337,37828,1374,2026-03-04,Absent,"2026-04-18 17:23:03"
3338,43034,1359,2026-03-10,Present,"2026-04-18 17:23:03"
3339,12668,814,2026-03-03,Present,"2026-04-18 17:23:03"
3340,17017,1555,2026-03-07,Present,"2026-04-18 17:23:03"
3341,16407,1101,2026-03-01,Present,"2026-04-18 17:23:03"
3342,18309,1700,2026-03-01,Present,"2026-04-18 17:23:03"
3343,24152,669,2026-03-10,Absent,"2026-04-18 17:23:03"
3344,1819,1055,2026-03-06,Present,"2026-04-18 17:23:03"
3345,12028,1202,2026-03-04,Present,"2026-04-18 17:23:03"
3346,3779,766,2026-03-08,Present,"2026-04-18 17:23:03"
3347,26316,1365,2026-03-08,Absent,"2026-04-18 17:23:03"
3348,591,915,2026-03-04,Present,"2026-04-18 17:23:03"
3349,34170,1908,2026-03-09,Absent,"2026-04-18 17:23:03"
3350,16407,998,2026-03-03,Present,"2026-04-18 17:23:03"
3351,49111,1598,2026-03-10,Present,"2026-04-18 17:23:03"
3352,40254,1948,2026-03-07,Present,"2026-04-18 17:23:03"
3353,21766,1830,2026-03-08,Present,"2026-04-18 17:23:03"
3354,7648,1987,2026-03-09,Present,"2026-04-18 17:23:03"
3355,39315,1170,2026-03-10,Present,"2026-04-18 17:23:03"
3356,45367,1004,2026-03-09,Present,"2026-04-18 17:23:03"
3357,44820,1517,2026-03-04,Absent,"2026-04-18 17:23:03"
3358,4193,712,2026-03-01,Present,"2026-04-18 17:23:03"
3359,14041,1034,2026-03-04,Present,"2026-04-18 17:23:03"
3360,21991,1333,2026-03-05,Present,"2026-04-18 17:23:03"
3361,15285,1949,2026-03-04,Present,"2026-04-18 17:23:03"
3362,24395,1496,2026-03-10,Present,"2026-04-18 17:23:03"
3363,7158,573,2026-03-10,Present,"2026-04-18 17:23:03"
3364,3679,654,2026-03-07,Absent,"2026-04-18 17:23:03"
3365,35478,759,2026-03-10,Absent,"2026-04-18 17:23:03"
3366,7862,1517,2026-03-04,Present,"2026-04-18 17:23:03"
3367,3724,1949,2026-03-01,Present,"2026-04-18 17:23:03"
3368,27285,669,2026-03-02,Absent,"2026-04-18 17:23:03"
3369,49843,1359,2026-03-01,Present,"2026-04-18 17:23:03"
3370,24794,1340,2026-03-04,Present,"2026-04-18 17:23:03"
3371,37739,915,2026-03-10,Present,"2026-04-18 17:23:03"
3372,19808,1253,2026-03-07,Present,"2026-04-18 17:23:03"
3373,35814,1678,2026-03-08,Present,"2026-04-18 17:23:03"
3374,5307,1524,2026-03-06,Present,"2026-04-18 17:23:03"
3375,13540,513,2026-03-09,Present,"2026-04-18 17:23:03"
3376,45446,735,2026-03-01,Present,"2026-04-18 17:23:03"
3377,18174,624,2026-03-10,Present,"2026-04-18 17:23:03"
3378,32417,792,2026-03-05,Present,"2026-04-18 17:23:03"
3379,41048,1908,2026-03-02,Present,"2026-04-18 17:23:03"
3380,32365,1496,2026-03-07,Present,"2026-04-18 17:23:03"
3381,4916,1834,2026-03-07,Present,"2026-04-18 17:23:03"
3382,24332,1987,2026-03-05,Present,"2026-04-18 17:23:03"
3383,6858,916,2026-03-07,Present,"2026-04-18 17:23:03"
3384,16901,735,2026-03-04,Present,"2026-04-18 17:23:03"
3385,39260,1987,2026-03-02,Absent,"2026-04-18 17:23:03"
3386,2812,876,2026-03-03,Present,"2026-04-18 17:23:03"
3387,4084,1060,2026-03-07,Present,"2026-04-18 17:23:03"
3388,46438,1677,2026-03-03,Present,"2026-04-18 17:23:03"
3389,24794,1482,2026-03-09,Present,"2026-04-18 17:23:03"
3390,9977,1034,2026-03-09,Present,"2026-04-18 17:23:03"
3391,31474,759,2026-03-01,Present,"2026-04-18 17:23:03"
3392,36456,947,2026-03-04,Present,"2026-04-18 17:23:03"
3393,28248,1212,2026-03-09,Absent,"2026-04-18 17:23:03"
3394,20685,1292,2026-03-07,Absent,"2026-04-18 17:23:03"
3395,48824,1678,2026-03-01,Absent,"2026-04-18 17:23:03"
3396,24434,1949,2026-03-05,Present,"2026-04-18 17:23:03"
3397,47806,1948,2026-03-08,Present,"2026-04-18 17:23:03"
3398,35942,1555,2026-03-09,Present,"2026-04-18 17:23:03"
3399,49959,915,2026-03-05,Present,"2026-04-18 17:23:03"
3400,22026,1292,2026-03-06,Present,"2026-04-18 17:23:03"
3401,1539,881,2026-03-07,Present,"2026-04-18 17:23:03"
3402,8738,1778,2026-03-06,Present,"2026-04-18 17:23:03"
3403,15896,1212,2026-03-10,Present,"2026-04-18 17:23:03"
3404,5264,1034,2026-03-05,Present,"2026-04-18 17:23:03"
3405,26579,961,2026-03-06,Absent,"2026-04-18 17:23:03"
3406,18194,1974,2026-03-05,Present,"2026-04-18 17:23:03"
3407,19717,1004,2026-03-06,Present,"2026-04-18 17:23:03"
3408,23458,1170,2026-03-01,Absent,"2026-04-18 17:23:03"
3409,21511,858,2026-03-01,Present,"2026-04-18 17:23:03"
3410,5948,814,2026-03-05,Absent,"2026-04-18 17:23:03"
3411,43726,1987,2026-03-04,Present,"2026-04-18 17:23:03"
3412,21255,1908,2026-03-07,Present,"2026-04-18 17:23:03"
3413,47402,1524,2026-03-07,Absent,"2026-04-18 17:23:03"
3414,1509,1757,2026-03-02,Present,"2026-04-18 17:23:03"
3415,16535,973,2026-03-01,Absent,"2026-04-18 17:23:03"
3416,20431,1202,2026-03-02,Present,"2026-04-18 17:23:03"
3417,40814,792,2026-03-08,Present,"2026-04-18 17:23:03"
3418,12330,858,2026-03-01,Present,"2026-04-18 17:23:03"
3419,12919,1164,2026-03-01,Present,"2026-04-18 17:23:03"
3420,24335,1757,2026-03-07,Absent,"2026-04-18 17:23:03"
3421,44887,1253,2026-03-06,Present,"2026-04-18 17:23:03"
3422,49113,906,2026-03-02,Present,"2026-04-18 17:23:03"
3423,3996,1164,2026-03-02,Present,"2026-04-18 17:23:03"
3424,45619,814,2026-03-07,Present,"2026-04-18 17:23:03"
3425,36611,915,2026-03-02,Present,"2026-04-18 17:23:03"
3426,41621,759,2026-03-01,Present,"2026-04-18 17:23:03"
3427,34459,1359,2026-03-04,Absent,"2026-04-18 17:23:03"
3428,28440,834,2026-03-01,Present,"2026-04-18 17:23:03"
3429,25763,858,2026-03-07,Present,"2026-04-18 17:23:03"
3430,9928,759,2026-03-07,Absent,"2026-04-18 17:23:03"
3431,37700,1754,2026-03-08,Absent,"2026-04-18 17:23:03"
3432,16648,1005,2026-03-01,Present,"2026-04-18 17:23:03"
3433,827,573,2026-03-09,Absent,"2026-04-18 17:23:03"
3434,7546,1057,2026-03-10,Present,"2026-04-18 17:23:03"
3435,39685,1228,2026-03-07,Present,"2026-04-18 17:23:03"
3436,5062,1102,2026-03-04,Present,"2026-04-18 17:23:03"
3437,26290,559,2026-03-07,Absent,"2026-04-18 17:23:03"
3438,10880,1034,2026-03-06,Present,"2026-04-18 17:23:03"
3439,2458,1176,2026-03-07,Present,"2026-04-18 17:23:03"
3440,35483,1974,2026-03-02,Present,"2026-04-18 17:23:03"
3441,4060,998,2026-03-05,Absent,"2026-04-18 17:23:03"
3442,46339,1435,2026-03-05,Present,"2026-04-18 17:23:03"
3443,17282,906,2026-03-02,Present,"2026-04-18 17:23:03"
3444,5351,1778,2026-03-04,Present,"2026-04-18 17:23:03"
3445,41947,1422,2026-03-02,Absent,"2026-04-18 17:23:03"
3446,33226,1365,2026-03-06,Present,"2026-04-18 17:23:03"
3447,40151,756,2026-03-10,Present,"2026-04-18 17:23:03"
3448,4635,901,2026-03-05,Present,"2026-04-18 17:23:03"
3449,20974,1834,2026-03-05,Present,"2026-04-18 17:23:03"
3450,11638,1176,2026-03-04,Present,"2026-04-18 17:23:03"
3451,40057,701,2026-03-09,Present,"2026-04-18 17:23:03"
3452,37165,624,2026-03-07,Present,"2026-04-18 17:23:03"
3453,37967,1073,2026-03-04,Present,"2026-04-18 17:23:03"
3454,32692,858,2026-03-10,Present,"2026-04-18 17:23:03"
3455,12408,1678,2026-03-10,Absent,"2026-04-18 17:23:03"
3456,3898,1834,2026-03-07,Present,"2026-04-18 17:23:03"
3457,10395,1340,2026-03-02,Present,"2026-04-18 17:23:03"
3458,21852,1202,2026-03-04,Present,"2026-04-18 17:23:03"
3459,23483,1482,2026-03-01,Present,"2026-04-18 17:23:03"
3460,45203,1352,2026-03-10,Present,"2026-04-18 17:23:03"
3461,34442,1908,2026-03-07,Present,"2026-04-18 17:23:03"
3462,29594,573,2026-03-09,Present,"2026-04-18 17:23:03"
3463,31693,1598,2026-03-05,Present,"2026-04-18 17:23:03"
3464,46567,876,2026-03-08,Present,"2026-04-18 17:23:03"
3465,21871,1176,2026-03-04,Present,"2026-04-18 17:23:03"
3466,33339,1422,2026-03-06,Present,"2026-04-18 17:23:03"
3467,25383,1948,2026-03-05,Present,"2026-04-18 17:23:03"
3468,12552,1365,2026-03-03,Present,"2026-04-18 17:23:03"
3469,47804,1678,2026-03-03,Present,"2026-04-18 17:23:03"
3470,13039,876,2026-03-01,Absent,"2026-04-18 17:23:03"
3471,193,1102,2026-03-02,Absent,"2026-04-18 17:23:03"
3472,23521,961,2026-03-05,Present,"2026-04-18 17:23:03"
3473,46437,998,2026-03-06,Present,"2026-04-18 17:23:03"
3474,39676,1487,2026-03-04,Present,"2026-04-18 17:23:03"
3475,15783,1787,2026-03-02,Present,"2026-04-18 17:23:03"
3476,49098,1170,2026-03-02,Absent,"2026-04-18 17:23:03"
3477,37121,701,2026-03-09,Present,"2026-04-18 17:23:03"
3478,27014,1435,2026-03-05,Present,"2026-04-18 17:23:03"
3479,36432,814,2026-03-05,Present,"2026-04-18 17:23:03"
3480,25538,911,2026-03-08,Absent,"2026-04-18 17:23:03"
3481,20038,911,2026-03-04,Present,"2026-04-18 17:23:03"
3482,14347,1101,2026-03-03,Present,"2026-04-18 17:23:03"
3483,18613,624,2026-03-04,Present,"2026-04-18 17:23:03"
3484,28420,1055,2026-03-07,Present,"2026-04-18 17:23:03"
3485,610,911,2026-03-09,Present,"2026-04-18 17:23:03"
3486,979,1960,2026-03-05,Present,"2026-04-18 17:23:03"
3487,20189,584,2026-03-09,Present,"2026-04-18 17:23:03"
3488,46363,881,2026-03-10,Present,"2026-04-18 17:23:03"
3489,18965,1102,2026-03-05,Present,"2026-04-18 17:23:03"
3490,48182,792,2026-03-06,Present,"2026-04-18 17:23:03"
3491,12962,1073,2026-03-03,Present,"2026-04-18 17:23:03"
3492,42327,1908,2026-03-09,Absent,"2026-04-18 17:23:03"
3493,33490,1435,2026-03-01,Present,"2026-04-18 17:23:03"
3494,7790,814,2026-03-10,Present,"2026-04-18 17:23:03"
3495,25280,1004,2026-03-09,Present,"2026-04-18 17:23:03"
3496,44475,1700,2026-03-07,Present,"2026-04-18 17:23:03"
3497,48767,1374,2026-03-06,Present,"2026-04-18 17:23:03"
3498,19703,962,2026-03-08,Absent,"2026-04-18 17:23:03"
3499,36529,1913,2026-03-09,Present,"2026-04-18 17:23:03"
3500,41940,1101,2026-03-01,Present,"2026-04-18 17:23:03"
3501,25703,1951,2026-03-08,Present,"2026-04-18 17:23:03"
3502,13401,1951,2026-03-09,Present,"2026-04-18 17:23:03"
3503,15528,759,2026-03-06,Absent,"2026-04-18 17:23:03"
3504,5078,531,2026-03-09,Present,"2026-04-18 17:23:03"
3505,18456,876,2026-03-07,Present,"2026-04-18 17:23:03"
3506,8205,618,2026-03-10,Present,"2026-04-18 17:23:03"
3507,36777,1073,2026-03-03,Present,"2026-04-18 17:23:03"
3508,41644,1960,2026-03-04,Present,"2026-04-18 17:23:03"
3509,30936,618,2026-03-06,Absent,"2026-04-18 17:23:03"
3510,5479,1004,2026-03-05,Present,"2026-04-18 17:23:03"
3511,49686,1987,2026-03-06,Present,"2026-04-18 17:23:03"
3512,20865,973,2026-03-03,Present,"2026-04-18 17:23:03"
3513,4390,1487,2026-03-07,Present,"2026-04-18 17:23:03"
3514,38729,1034,2026-03-06,Present,"2026-04-18 17:23:03"
3515,25148,1164,2026-03-03,Present,"2026-04-18 17:23:03"
3516,26400,756,2026-03-10,Present,"2026-04-18 17:23:03"
3517,7808,1004,2026-03-01,Absent,"2026-04-18 17:23:03"
3518,6467,1522,2026-03-10,Absent,"2026-04-18 17:23:03"
3519,21565,1073,2026-03-05,Absent,"2026-04-18 17:23:03"
3520,49162,1974,2026-03-08,Present,"2026-04-18 17:23:03"
3521,10359,701,2026-03-03,Present,"2026-04-18 17:23:03"
3522,39632,1571,2026-03-03,Present,"2026-04-18 17:23:03"
3523,27729,961,2026-03-07,Present,"2026-04-18 17:23:03"
3524,44831,911,2026-03-06,Present,"2026-04-18 17:23:03"
3525,15007,1352,2026-03-07,Present,"2026-04-18 17:23:03"
3526,4312,858,2026-03-04,Present,"2026-04-18 17:23:03"
3527,18792,1524,2026-03-06,Present,"2026-04-18 17:23:03"
3528,17231,701,2026-03-09,Absent,"2026-04-18 17:23:03"
3529,34630,1212,2026-03-03,Present,"2026-04-18 17:23:03"
3530,7709,1176,2026-03-10,Present,"2026-04-18 17:23:03"
3531,26625,1060,2026-03-08,Present,"2026-04-18 17:23:03"
3532,30515,1482,2026-03-02,Present,"2026-04-18 17:23:03"
3533,15451,814,2026-03-07,Present,"2026-04-18 17:23:03"
3534,5131,1253,2026-03-03,Absent,"2026-04-18 17:23:03"
3535,37398,1164,2026-03-02,Absent,"2026-04-18 17:23:03"
3536,7879,1228,2026-03-09,Present,"2026-04-18 17:23:03"
3537,28267,766,2026-03-02,Present,"2026-04-18 17:23:03"
3538,11263,1517,2026-03-02,Present,"2026-04-18 17:23:03"
3539,19671,834,2026-03-02,Present,"2026-04-18 17:23:03"
3540,25268,962,2026-03-01,Present,"2026-04-18 17:23:03"
3541,45126,1073,2026-03-06,Absent,"2026-04-18 17:23:03"
3542,23605,1228,2026-03-01,Present,"2026-04-18 17:23:03"
3543,29655,559,2026-03-08,Absent,"2026-04-18 17:23:03"
3544,21855,1987,2026-03-03,Present,"2026-04-18 17:23:03"
3545,46765,1987,2026-03-02,Absent,"2026-04-18 17:23:03"
3546,37388,1073,2026-03-07,Absent,"2026-04-18 17:23:03"
3547,15926,1553,2026-03-01,Absent,"2026-04-18 17:23:03"
3548,43839,1176,2026-03-02,Present,"2026-04-18 17:23:03"
3549,33630,998,2026-03-01,Present,"2026-04-18 17:23:03"
3550,35549,735,2026-03-04,Absent,"2026-04-18 17:23:03"
3551,39572,1834,2026-03-09,Present,"2026-04-18 17:23:03"
3552,24229,1522,2026-03-06,Present,"2026-04-18 17:23:03"
3553,29789,1352,2026-03-01,Present,"2026-04-18 17:23:03"
3554,12226,916,2026-03-06,Present,"2026-04-18 17:23:03"
3555,21781,1913,2026-03-09,Present,"2026-04-18 17:23:03"
3556,19088,911,2026-03-06,Present,"2026-04-18 17:23:03"
3557,40752,1914,2026-03-01,Present,"2026-04-18 17:23:03"
3558,20800,1212,2026-03-04,Absent,"2026-04-18 17:23:03"
3559,45619,858,2026-03-08,Present,"2026-04-18 17:23:03"
3560,16866,1034,2026-03-03,Present,"2026-04-18 17:23:03"
3561,43955,1374,2026-03-07,Present,"2026-04-18 17:23:03"
3562,12400,1184,2026-03-05,Present,"2026-04-18 17:23:03"
3563,12485,1359,2026-03-03,Present,"2026-04-18 17:23:03"
3564,29694,1914,2026-03-03,Present,"2026-04-18 17:23:03"
3565,21256,1598,2026-03-04,Present,"2026-04-18 17:23:03"
3566,27342,1670,2026-03-10,Present,"2026-04-18 17:23:03"
3567,15467,906,2026-03-03,Present,"2026-04-18 17:23:03"
3568,29369,1253,2026-03-09,Absent,"2026-04-18 17:23:03"
3569,30388,735,2026-03-02,Present,"2026-04-18 17:23:03"
3570,10641,1553,2026-03-03,Absent,"2026-04-18 17:23:03"
3571,11004,1340,2026-03-06,Present,"2026-04-18 17:23:03"
3572,1212,1757,2026-03-02,Present,"2026-04-18 17:23:03"
3573,12800,559,2026-03-06,Absent,"2026-04-18 17:23:03"
3574,13803,669,2026-03-04,Absent,"2026-04-18 17:23:03"
3575,46953,998,2026-03-03,Present,"2026-04-18 17:23:03"
3576,16979,1004,2026-03-02,Present,"2026-04-18 17:23:03"
3577,44050,1522,2026-03-05,Present,"2026-04-18 17:23:03"
3578,962,1522,2026-03-06,Present,"2026-04-18 17:23:03"
3579,4846,1422,2026-03-01,Present,"2026-04-18 17:23:03"
3580,30863,1202,2026-03-07,Present,"2026-04-18 17:23:03"
3581,3561,1333,2026-03-02,Present,"2026-04-18 17:23:03"
3582,41256,1055,2026-03-05,Present,"2026-04-18 17:23:03"
3583,17176,1057,2026-03-02,Present,"2026-04-18 17:23:03"
3584,9474,901,2026-03-03,Absent,"2026-04-18 17:23:03"
3585,7770,1101,2026-03-06,Present,"2026-04-18 17:23:03"
3586,29133,1228,2026-03-06,Present,"2026-04-18 17:23:03"
3587,11979,1216,2026-03-01,Present,"2026-04-18 17:23:03"
3588,21154,915,2026-03-02,Absent,"2026-04-18 17:23:03"
3589,40868,876,2026-03-05,Present,"2026-04-18 17:23:03"
3590,12314,1482,2026-03-07,Present,"2026-04-18 17:23:03"
3591,33139,1830,2026-03-02,Present,"2026-04-18 17:23:03"
3592,15993,1834,2026-03-03,Present,"2026-04-18 17:23:03"
3593,43374,1343,2026-03-07,Present,"2026-04-18 17:23:03"
3594,41013,1228,2026-03-05,Absent,"2026-04-18 17:23:03"
3595,23592,973,2026-03-04,Absent,"2026-04-18 17:23:03"
3596,15632,531,2026-03-06,Absent,"2026-04-18 17:23:03"
3597,25314,876,2026-03-09,Absent,"2026-04-18 17:23:03"
3598,601,1352,2026-03-05,Present,"2026-04-18 17:23:03"
3599,7648,1253,2026-03-04,Absent,"2026-04-18 17:23:03"
3600,3911,1700,2026-03-06,Absent,"2026-04-18 17:23:03"
3601,28904,624,2026-03-05,Present,"2026-04-18 17:23:03"
3602,6689,1524,2026-03-09,Present,"2026-04-18 17:23:03"
3603,9958,881,2026-03-02,Present,"2026-04-18 17:23:03"
3604,23124,881,2026-03-06,Present,"2026-04-18 17:23:03"
3605,39817,998,2026-03-07,Present,"2026-04-18 17:23:03"
3606,25064,701,2026-03-06,Present,"2026-04-18 17:23:03"
3607,29418,1571,2026-03-09,Present,"2026-04-18 17:23:03"
3608,38660,1598,2026-03-05,Present,"2026-04-18 17:23:03"
3609,40331,1102,2026-03-07,Absent,"2026-04-18 17:23:03"
3610,35593,1102,2026-03-10,Present,"2026-04-18 17:23:03"
3611,41509,1228,2026-03-03,Absent,"2026-04-18 17:23:03"
3612,26576,1152,2026-03-05,Present,"2026-04-18 17:23:03"
3613,5843,1036,2026-03-01,Present,"2026-04-18 17:23:03"
3614,1998,1164,2026-03-07,Present,"2026-04-18 17:23:03"
3615,37316,1176,2026-03-03,Present,"2026-04-18 17:23:03"
3616,25028,1170,2026-03-08,Present,"2026-04-18 17:23:03"
3617,3341,1300,2026-03-05,Absent,"2026-04-18 17:23:03"
3618,701,858,2026-03-01,Present,"2026-04-18 17:23:03"
3619,27976,916,2026-03-05,Absent,"2026-04-18 17:23:03"
3620,43289,1908,2026-03-01,Present,"2026-04-18 17:23:03"
3621,8375,998,2026-03-04,Present,"2026-04-18 17:23:03"
3622,30204,1587,2026-03-05,Absent,"2026-04-18 17:23:03"
3623,29610,901,2026-03-01,Present,"2026-04-18 17:23:03"
3624,12300,759,2026-03-06,Present,"2026-04-18 17:23:03"
3625,22186,584,2026-03-04,Absent,"2026-04-18 17:23:03"
3626,281,584,2026-03-07,Present,"2026-04-18 17:23:03"
3627,6916,756,2026-03-04,Present,"2026-04-18 17:23:03"
3628,1922,559,2026-03-03,Present,"2026-04-18 17:23:03"
3629,8010,1778,2026-03-04,Absent,"2026-04-18 17:23:03"
3630,32191,531,2026-03-10,Present,"2026-04-18 17:23:03"
3631,38707,531,2026-03-06,Absent,"2026-04-18 17:23:03"
3632,15955,701,2026-03-03,Present,"2026-04-18 17:23:03"
3633,21128,1587,2026-03-03,Present,"2026-04-18 17:23:03"
3634,7141,624,2026-03-09,Present,"2026-04-18 17:23:03"
3635,46154,669,2026-03-10,Absent,"2026-04-18 17:23:03"
3636,44886,1496,2026-03-07,Present,"2026-04-18 17:23:03"
3637,480,1675,2026-03-03,Absent,"2026-04-18 17:23:03"
3638,27306,1787,2026-03-07,Present,"2026-04-18 17:23:03"
3639,46655,1333,2026-03-04,Present,"2026-04-18 17:23:03"
3640,5387,1496,2026-03-03,Present,"2026-04-18 17:23:03"
3641,27629,1678,2026-03-07,Present,"2026-04-18 17:23:03"
3642,48347,1055,2026-03-01,Present,"2026-04-18 17:23:03"
3643,10221,1365,2026-03-09,Present,"2026-04-18 17:23:03"
3644,16119,915,2026-03-09,Absent,"2026-04-18 17:23:03"
3645,19183,1677,2026-03-09,Present,"2026-04-18 17:23:03"
3646,8769,1757,2026-03-07,Present,"2026-04-18 17:23:03"
3647,35320,1587,2026-03-03,Absent,"2026-04-18 17:23:03"
3648,49812,814,2026-03-10,Present,"2026-04-18 17:23:03"
3649,9113,1184,2026-03-05,Present,"2026-04-18 17:23:03"
3650,19780,1004,2026-03-03,Present,"2026-04-18 17:23:03"
3651,13991,759,2026-03-01,Present,"2026-04-18 17:23:03"
3652,11826,911,2026-03-03,Present,"2026-04-18 17:23:03"
3653,29030,1524,2026-03-07,Present,"2026-04-18 17:23:03"
3654,13722,573,2026-03-01,Present,"2026-04-18 17:23:03"
3655,43805,1984,2026-03-08,Present,"2026-04-18 17:23:03"
3656,19269,1482,2026-03-09,Present,"2026-04-18 17:23:03"
3657,20732,1974,2026-03-03,Absent,"2026-04-18 17:23:03"
3658,14472,1101,2026-03-10,Absent,"2026-04-18 17:23:03"
3659,15203,669,2026-03-05,Present,"2026-04-18 17:23:03"
3660,42398,1004,2026-03-03,Absent,"2026-04-18 17:23:03"
3661,26217,1036,2026-03-05,Present,"2026-04-18 17:23:03"
3662,48336,961,2026-03-05,Present,"2026-04-18 17:23:03"
3663,25834,1960,2026-03-01,Present,"2026-04-18 17:23:03"
3664,19289,1496,2026-03-04,Present,"2026-04-18 17:23:03"
3665,33287,834,2026-03-02,Absent,"2026-04-18 17:23:03"
3666,18131,584,2026-03-09,Present,"2026-04-18 17:23:03"
3667,27055,964,2026-03-05,Present,"2026-04-18 17:23:03"
3668,5507,1374,2026-03-04,Present,"2026-04-18 17:23:03"
3669,25744,1496,2026-03-07,Present,"2026-04-18 17:23:03"
3670,5766,1184,2026-03-04,Present,"2026-04-18 17:23:03"
3671,952,584,2026-03-03,Present,"2026-04-18 17:23:03"
3672,25176,1055,2026-03-04,Present,"2026-04-18 17:23:03"
3673,5360,1700,2026-03-08,Present,"2026-04-18 17:23:03"
3674,2525,858,2026-03-02,Absent,"2026-04-18 17:23:03"
3675,22925,513,2026-03-05,Present,"2026-04-18 17:23:03"
3676,6542,1004,2026-03-03,Present,"2026-04-18 17:23:03"
3677,40085,1951,2026-03-10,Present,"2026-04-18 17:23:03"
3678,39905,916,2026-03-01,Present,"2026-04-18 17:23:03"
3679,48921,575,2026-03-06,Absent,"2026-04-18 17:23:03"
3680,42779,1164,2026-03-07,Present,"2026-04-18 17:23:03"
3681,47176,876,2026-03-03,Present,"2026-04-18 17:23:03"
3682,9051,1352,2026-03-06,Present,"2026-04-18 17:23:03"
3683,4706,1422,2026-03-02,Present,"2026-04-18 17:23:03"
3684,37206,1571,2026-03-02,Absent,"2026-04-18 17:23:03"
3685,23214,756,2026-03-09,Present,"2026-04-18 17:23:03"
3686,6309,1571,2026-03-09,Present,"2026-04-18 17:23:03"
3687,30851,756,2026-03-05,Present,"2026-04-18 17:23:03"
3688,4209,962,2026-03-09,Present,"2026-04-18 17:23:03"
3689,19891,964,2026-03-10,Absent,"2026-04-18 17:23:03"
3690,23147,1359,2026-03-05,Present,"2026-04-18 17:23:03"
3691,32240,1170,2026-03-10,Present,"2026-04-18 17:23:03"
3692,14071,1670,2026-03-03,Present,"2026-04-18 17:23:03"
3693,32953,1102,2026-03-04,Present,"2026-04-18 17:23:03"
3694,2746,1482,2026-03-05,Present,"2026-04-18 17:23:03"
3695,43974,1004,2026-03-03,Present,"2026-04-18 17:23:03"
3696,30937,1176,2026-03-02,Absent,"2026-04-18 17:23:03"
3697,49561,559,2026-03-07,Present,"2026-04-18 17:23:03"
3698,30452,1553,2026-03-01,Absent,"2026-04-18 17:23:03"
3699,18753,1678,2026-03-08,Present,"2026-04-18 17:23:03"
3700,37140,1571,2026-03-04,Absent,"2026-04-18 17:23:03"
3701,8907,915,2026-03-06,Present,"2026-04-18 17:23:03"
3702,11854,573,2026-03-02,Present,"2026-04-18 17:23:03"
3703,18373,1359,2026-03-03,Absent,"2026-04-18 17:23:03"
3704,21290,1678,2026-03-09,Present,"2026-04-18 17:23:03"
3705,18782,876,2026-03-07,Present,"2026-04-18 17:23:03"
3706,33654,1948,2026-03-07,Present,"2026-04-18 17:23:03"
3707,29418,962,2026-03-02,Present,"2026-04-18 17:23:03"
3708,36880,1184,2026-03-05,Absent,"2026-04-18 17:23:03"
3709,13887,701,2026-03-03,Present,"2026-04-18 17:23:03"
3710,38027,1365,2026-03-02,Present,"2026-04-18 17:23:03"
3711,17646,1487,2026-03-04,Present,"2026-04-18 17:23:03"
3712,36958,906,2026-03-03,Present,"2026-04-18 17:23:03"
3713,31058,792,2026-03-02,Present,"2026-04-18 17:23:03"
3714,13037,1754,2026-03-09,Present,"2026-04-18 17:23:03"
3715,2050,973,2026-03-05,Present,"2026-04-18 17:23:03"
3716,20427,1060,2026-03-03,Present,"2026-04-18 17:23:03"
3717,14275,876,2026-03-08,Present,"2026-04-18 17:23:03"
3718,41157,794,2026-03-09,Absent,"2026-04-18 17:23:03"
3719,27097,1300,2026-03-10,Present,"2026-04-18 17:23:03"
3720,34185,513,2026-03-07,Present,"2026-04-18 17:23:03"
3721,13636,735,2026-03-01,Present,"2026-04-18 17:23:03"
3722,21580,1948,2026-03-07,Absent,"2026-04-18 17:23:03"
3723,30623,1678,2026-03-02,Present,"2026-04-18 17:23:03"
3724,42490,962,2026-03-09,Present,"2026-04-18 17:23:03"
3725,46669,1184,2026-03-09,Present,"2026-04-18 17:23:03"
3726,1557,624,2026-03-10,Present,"2026-04-18 17:23:03"
3727,17828,962,2026-03-08,Present,"2026-04-18 17:23:03"
3728,48862,911,2026-03-07,Present,"2026-04-18 17:23:03"
3729,12475,654,2026-03-07,Present,"2026-04-18 17:23:03"
3730,46783,915,2026-03-03,Absent,"2026-04-18 17:23:03"
3731,40427,1253,2026-03-01,Present,"2026-04-18 17:23:03"
3732,3199,1073,2026-03-09,Present,"2026-04-18 17:23:03"
3733,27361,1073,2026-03-09,Absent,"2026-04-18 17:23:03"
3734,45757,1553,2026-03-05,Absent,"2026-04-18 17:23:03"
3735,31273,1555,2026-03-07,Present,"2026-04-18 17:23:03"
3736,3082,531,2026-03-09,Absent,"2026-04-18 17:23:03"
3737,6635,1333,2026-03-07,Present,"2026-04-18 17:23:03"
3738,31543,1170,2026-03-06,Absent,"2026-04-18 17:23:03"
3739,31417,1374,2026-03-02,Present,"2026-04-18 17:23:03"
3740,3777,1060,2026-03-10,Present,"2026-04-18 17:23:03"
3741,46939,911,2026-03-05,Present,"2026-04-18 17:23:03"
3742,40073,1034,2026-03-10,Present,"2026-04-18 17:23:03"
3743,8337,1778,2026-03-09,Present,"2026-04-18 17:23:03"
3744,46198,1176,2026-03-04,Present,"2026-04-18 17:23:03"
3745,18432,834,2026-03-02,Present,"2026-04-18 17:23:03"
3746,31630,759,2026-03-02,Present,"2026-04-18 17:23:03"
3747,49175,1333,2026-03-08,Present,"2026-04-18 17:23:03"
3748,1908,1055,2026-03-09,Present,"2026-04-18 17:23:03"
3749,4601,759,2026-03-03,Present,"2026-04-18 17:23:03"
3750,34064,1555,2026-03-03,Present,"2026-04-18 17:23:03"
3751,49755,1374,2026-03-03,Present,"2026-04-18 17:23:03"
3752,29151,1365,2026-03-02,Present,"2026-04-18 17:23:03"
3753,46411,911,2026-03-10,Present,"2026-04-18 17:23:03"
3754,40606,973,2026-03-04,Present,"2026-04-18 17:23:03"
3755,2893,1987,2026-03-10,Present,"2026-04-18 17:23:03"
3756,43635,1555,2026-03-10,Present,"2026-04-18 17:23:03"
3757,31543,964,2026-03-01,Present,"2026-04-18 17:23:03"
3758,24318,513,2026-03-03,Absent,"2026-04-18 17:23:03"
3759,25537,1913,2026-03-01,Present,"2026-04-18 17:23:03"
3760,18499,1060,2026-03-05,Present,"2026-04-18 17:23:03"
3761,47430,1164,2026-03-01,Present,"2026-04-18 17:23:03"
3762,42453,1216,2026-03-03,Present,"2026-04-18 17:23:03"
3763,48646,1176,2026-03-08,Present,"2026-04-18 17:23:03"
3764,1740,1757,2026-03-08,Absent,"2026-04-18 17:23:03"
3765,26367,814,2026-03-05,Present,"2026-04-18 17:23:03"
3766,9614,1987,2026-03-08,Present,"2026-04-18 17:23:03"
3767,22561,906,2026-03-07,Present,"2026-04-18 17:23:03"
3768,21755,915,2026-03-02,Present,"2026-04-18 17:23:03"
3769,45280,973,2026-03-06,Present,"2026-04-18 17:23:03"
3770,15239,1913,2026-03-09,Absent,"2026-04-18 17:23:03"
3771,24438,701,2026-03-01,Present,"2026-04-18 17:23:03"
3772,44607,1754,2026-03-03,Present,"2026-04-18 17:23:03"
3773,32678,1524,2026-03-09,Present,"2026-04-18 17:23:03"
3774,25011,814,2026-03-03,Present,"2026-04-18 17:23:03"
3775,42619,1212,2026-03-10,Present,"2026-04-18 17:23:03"
3776,5392,915,2026-03-10,Present,"2026-04-18 17:23:03"
3777,31521,531,2026-03-06,Present,"2026-04-18 17:23:03"
3778,39986,1422,2026-03-02,Present,"2026-04-18 17:23:03"
3779,8673,1913,2026-03-03,Present,"2026-04-18 17:23:03"
3780,10900,1974,2026-03-09,Present,"2026-04-18 17:23:03"
3781,37125,1487,2026-03-09,Present,"2026-04-18 17:23:03"
3782,16881,1913,2026-03-04,Present,"2026-04-18 17:23:03"
3783,33014,1830,2026-03-05,Absent,"2026-04-18 17:23:03"
3784,47028,1212,2026-03-03,Present,"2026-04-18 17:23:03"
3785,7298,1960,2026-03-07,Present,"2026-04-18 17:23:03"
3786,21281,1202,2026-03-06,Absent,"2026-04-18 17:23:03"
3787,10339,792,2026-03-05,Present,"2026-04-18 17:23:03"
3788,10398,1974,2026-03-08,Absent,"2026-04-18 17:23:03"
3789,15630,1343,2026-03-07,Present,"2026-04-18 17:23:03"
3790,35438,814,2026-03-04,Present,"2026-04-18 17:23:03"
3791,33555,1757,2026-03-03,Absent,"2026-04-18 17:23:03"
3792,41118,1300,2026-03-10,Present,"2026-04-18 17:23:03"
3793,44842,513,2026-03-02,Present,"2026-04-18 17:23:03"
3794,16025,1555,2026-03-04,Present,"2026-04-18 17:23:03"
3795,46329,735,2026-03-04,Present,"2026-04-18 17:23:03"
3796,35366,1949,2026-03-02,Present,"2026-04-18 17:23:03"
3797,35280,1522,2026-03-05,Present,"2026-04-18 17:23:03"
3798,1698,814,2026-03-09,Absent,"2026-04-18 17:23:03"
3799,6548,973,2026-03-10,Present,"2026-04-18 17:23:03"
3800,30367,964,2026-03-02,Present,"2026-04-18 17:23:03"
3801,47073,858,2026-03-04,Present,"2026-04-18 17:23:03"
3802,15771,624,2026-03-10,Present,"2026-04-18 17:23:03"
3803,34916,1482,2026-03-06,Present,"2026-04-18 17:23:03"
3804,31533,947,2026-03-04,Present,"2026-04-18 17:23:03"
3805,16916,1778,2026-03-06,Absent,"2026-04-18 17:23:03"
3806,5284,1005,2026-03-09,Present,"2026-04-18 17:23:03"
3807,37281,1913,2026-03-07,Absent,"2026-04-18 17:23:03"
3808,27364,1253,2026-03-03,Present,"2026-04-18 17:23:03"
3809,29059,766,2026-03-07,Absent,"2026-04-18 17:23:03"
3810,25703,1951,2026-03-07,Present,"2026-04-18 17:23:03"
3811,35298,814,2026-03-02,Present,"2026-04-18 17:23:03"
3812,19891,964,2026-03-06,Present,"2026-04-18 17:23:03"
3813,48043,1522,2026-03-06,Present,"2026-04-18 17:23:03"
3814,4032,792,2026-03-10,Present,"2026-04-18 17:23:03"
3815,22548,1555,2026-03-10,Absent,"2026-04-18 17:23:03"
3816,36293,947,2026-03-08,Present,"2026-04-18 17:23:03"
3817,16101,1524,2026-03-03,Present,"2026-04-18 17:23:03"
3818,31282,998,2026-03-09,Present,"2026-04-18 17:23:03"
3819,7709,1164,2026-03-05,Present,"2026-04-18 17:23:03"
3820,40260,881,2026-03-05,Absent,"2026-04-18 17:23:03"
3821,28439,962,2026-03-01,Present,"2026-04-18 17:23:03"
3822,10625,1951,2026-03-01,Present,"2026-04-18 17:23:03"
3823,30877,947,2026-03-02,Present,"2026-04-18 17:23:03"
3824,47175,1754,2026-03-06,Absent,"2026-04-18 17:23:03"
3825,48972,1060,2026-03-03,Absent,"2026-04-18 17:23:03"
3826,36610,1101,2026-03-03,Present,"2026-04-18 17:23:03"
3827,36981,573,2026-03-08,Present,"2026-04-18 17:23:03"
3828,22844,858,2026-03-06,Present,"2026-04-18 17:23:03"
3829,1556,1538,2026-03-02,Present,"2026-04-18 17:23:03"
3830,37632,1678,2026-03-06,Absent,"2026-04-18 17:23:03"
3831,5865,1908,2026-03-08,Present,"2026-04-18 17:23:03"
3832,7502,1176,2026-03-01,Present,"2026-04-18 17:23:03"
3833,34904,513,2026-03-04,Present,"2026-04-18 17:23:03"
3834,34537,964,2026-03-04,Present,"2026-04-18 17:23:03"
3835,897,575,2026-03-06,Present,"2026-04-18 17:23:03"
3836,45471,1365,2026-03-03,Present,"2026-04-18 17:23:03"
3837,17153,1987,2026-03-02,Present,"2026-04-18 17:23:03"
3838,8282,1675,2026-03-05,Present,"2026-04-18 17:23:03"
3839,13511,575,2026-03-03,Present,"2026-04-18 17:23:03"
3840,47661,1522,2026-03-10,Present,"2026-04-18 17:23:03"
3841,16720,1914,2026-03-01,Present,"2026-04-18 17:23:03"
3842,35814,1678,2026-03-10,Absent,"2026-04-18 17:23:03"
3843,40068,1522,2026-03-06,Present,"2026-04-18 17:23:03"
3844,13874,1538,2026-03-06,Present,"2026-04-18 17:23:03"
3845,7110,1555,2026-03-06,Present,"2026-04-18 17:23:03"
3846,7964,1060,2026-03-05,Present,"2026-04-18 17:23:03"
3847,28351,1253,2026-03-10,Present,"2026-04-18 17:23:03"
3848,25749,834,2026-03-10,Present,"2026-04-18 17:23:03"
3849,17563,1487,2026-03-07,Present,"2026-04-18 17:23:03"
3850,28904,654,2026-03-02,Present,"2026-04-18 17:23:03"
3851,8295,1960,2026-03-01,Present,"2026-04-18 17:23:03"
3852,20814,1352,2026-03-01,Present,"2026-04-18 17:23:03"
3853,24927,1677,2026-03-07,Present,"2026-04-18 17:23:03"
3854,2815,1005,2026-03-08,Absent,"2026-04-18 17:23:03"
3855,26842,1830,2026-03-10,Present,"2026-04-18 17:23:03"
3856,9023,1101,2026-03-08,Absent,"2026-04-18 17:23:03"
3857,9814,947,2026-03-02,Present,"2026-04-18 17:23:03"
3858,41180,1987,2026-03-08,Present,"2026-04-18 17:23:03"
3859,36875,1409,2026-03-07,Present,"2026-04-18 17:23:03"
3860,24391,1057,2026-03-03,Present,"2026-04-18 17:23:03"
3861,41983,531,2026-03-05,Present,"2026-04-18 17:23:03"
3862,15228,1555,2026-03-03,Present,"2026-04-18 17:23:03"
3863,2095,559,2026-03-10,Present,"2026-04-18 17:23:03"
3864,40790,792,2026-03-01,Present,"2026-04-18 17:23:03"
3865,35090,1422,2026-03-06,Present,"2026-04-18 17:23:03"
3866,23788,1170,2026-03-09,Present,"2026-04-18 17:23:03"
3867,24888,1057,2026-03-06,Present,"2026-04-18 17:23:03"
3868,42955,1101,2026-03-07,Present,"2026-04-18 17:23:03"
3869,15597,654,2026-03-02,Absent,"2026-04-18 17:23:03"
3870,48927,1409,2026-03-02,Present,"2026-04-18 17:23:03"
3871,14014,1678,2026-03-07,Present,"2026-04-18 17:23:03"
3872,376,766,2026-03-06,Present,"2026-04-18 17:23:03"
3873,14137,701,2026-03-02,Present,"2026-04-18 17:23:03"
3874,10607,618,2026-03-08,Present,"2026-04-18 17:23:03"
3875,40988,1571,2026-03-08,Present,"2026-04-18 17:23:03"
3876,13421,1700,2026-03-02,Present,"2026-04-18 17:23:03"
3877,11511,1034,2026-03-01,Present,"2026-04-18 17:23:03"
3878,33023,964,2026-03-10,Present,"2026-04-18 17:23:03"
3879,33024,575,2026-03-03,Present,"2026-04-18 17:23:03"
3880,2971,573,2026-03-09,Absent,"2026-04-18 17:23:03"
3881,2005,1482,2026-03-03,Present,"2026-04-18 17:23:03"
3882,1692,654,2026-03-07,Present,"2026-04-18 17:23:03"
3883,28173,1101,2026-03-08,Present,"2026-04-18 17:23:03"
3884,42458,881,2026-03-05,Present,"2026-04-18 17:23:03"
3885,32879,998,2026-03-07,Present,"2026-04-18 17:23:03"
3886,4741,1170,2026-03-06,Present,"2026-04-18 17:23:03"
3887,11495,531,2026-03-02,Present,"2026-04-18 17:23:03"
3888,16282,1677,2026-03-01,Present,"2026-04-18 17:23:03"
3889,14437,531,2026-03-01,Present,"2026-04-18 17:23:03"
3890,28079,1487,2026-03-10,Absent,"2026-04-18 17:23:03"
3891,11715,1757,2026-03-04,Present,"2026-04-18 17:23:03"
3892,48496,916,2026-03-01,Present,"2026-04-18 17:23:03"
3893,11769,1555,2026-03-02,Present,"2026-04-18 17:23:03"
3894,12431,1948,2026-03-02,Absent,"2026-04-18 17:23:03"
3895,17333,911,2026-03-06,Absent,"2026-04-18 17:23:03"
3896,4357,1482,2026-03-10,Absent,"2026-04-18 17:23:03"
3897,16646,814,2026-03-05,Present,"2026-04-18 17:23:03"
3898,48095,1587,2026-03-05,Present,"2026-04-18 17:23:03"
3899,39235,1524,2026-03-08,Present,"2026-04-18 17:23:03"
3900,49705,792,2026-03-03,Present,"2026-04-18 17:23:03"
3901,47170,834,2026-03-09,Present,"2026-04-18 17:23:03"
3902,39813,962,2026-03-01,Present,"2026-04-18 17:23:03"
3903,44458,1300,2026-03-09,Present,"2026-04-18 17:23:03"
3904,46548,961,2026-03-02,Present,"2026-04-18 17:23:03"
3905,35489,1036,2026-03-09,Present,"2026-04-18 17:23:03"
3906,11511,1034,2026-03-10,Present,"2026-04-18 17:23:03"
3907,10336,1352,2026-03-04,Present,"2026-04-18 17:23:03"
3908,43189,808,2026-03-03,Present,"2026-04-18 17:23:03"
3909,18272,1487,2026-03-04,Present,"2026-04-18 17:23:03"
3910,44533,794,2026-03-06,Absent,"2026-04-18 17:23:03"
3911,24992,858,2026-03-07,Absent,"2026-04-18 17:23:03"
3912,26315,1587,2026-03-02,Present,"2026-04-18 17:23:03"
3913,8358,1587,2026-03-10,Present,"2026-04-18 17:23:03"
3914,27380,1757,2026-03-02,Present,"2026-04-18 17:23:03"
3915,2787,1102,2026-03-01,Absent,"2026-04-18 17:23:03"
3916,41446,1202,2026-03-03,Present,"2026-04-18 17:23:03"
3917,47056,1517,2026-03-09,Absent,"2026-04-18 17:23:03"
3918,49339,1830,2026-03-06,Present,"2026-04-18 17:23:03"
3919,29492,1102,2026-03-07,Present,"2026-04-18 17:23:03"
3920,31793,1005,2026-03-02,Absent,"2026-04-18 17:23:03"
3921,19668,858,2026-03-09,Present,"2026-04-18 17:23:03"
3922,21038,1184,2026-03-03,Present,"2026-04-18 17:23:03"
3923,4725,1102,2026-03-07,Present,"2026-04-18 17:23:03"
3924,18097,1787,2026-03-01,Present,"2026-04-18 17:23:03"
3925,27822,1184,2026-03-02,Present,"2026-04-18 17:23:03"
3926,24268,1487,2026-03-01,Present,"2026-04-18 17:23:03"
3927,16395,1005,2026-03-01,Present,"2026-04-18 17:23:03"
3928,1342,834,2026-03-05,Present,"2026-04-18 17:23:03"
3929,18839,584,2026-03-10,Absent,"2026-04-18 17:23:03"
3930,31930,573,2026-03-08,Present,"2026-04-18 17:23:03"
3931,35816,1055,2026-03-10,Present,"2026-04-18 17:23:03"
3932,4536,915,2026-03-02,Present,"2026-04-18 17:23:03"
3933,9303,1948,2026-03-10,Present,"2026-04-18 17:23:03"
3934,10607,1216,2026-03-06,Present,"2026-04-18 17:23:03"
3935,27461,1598,2026-03-09,Present,"2026-04-18 17:23:03"
3936,22979,1057,2026-03-09,Present,"2026-04-18 17:23:03"
3937,28621,1700,2026-03-02,Present,"2026-04-18 17:23:03"
3938,7512,858,2026-03-08,Absent,"2026-04-18 17:23:03"
3939,44449,1435,2026-03-02,Present,"2026-04-18 17:23:03"
3940,39356,1036,2026-03-07,Present,"2026-04-18 17:23:03"
3941,38083,792,2026-03-07,Present,"2026-04-18 17:23:03"
3942,13507,1216,2026-03-10,Present,"2026-04-18 17:23:03"
3943,47194,584,2026-03-01,Present,"2026-04-18 17:23:03"
3944,47241,1228,2026-03-02,Absent,"2026-04-18 17:23:03"
3945,49824,1553,2026-03-06,Absent,"2026-04-18 17:23:03"
3946,38076,531,2026-03-06,Present,"2026-04-18 17:23:03"
3947,40821,1073,2026-03-10,Present,"2026-04-18 17:23:03"
3948,35467,1292,2026-03-05,Absent,"2026-04-18 17:23:03"
3949,12062,1974,2026-03-03,Absent,"2026-04-18 17:23:03"
3950,44550,1365,2026-03-02,Present,"2026-04-18 17:23:03"
3951,36593,559,2026-03-10,Present,"2026-04-18 17:23:03"
3952,29235,1834,2026-03-09,Present,"2026-04-18 17:23:03"
3953,16823,1496,2026-03-07,Present,"2026-04-18 17:23:03"
3954,31643,834,2026-03-04,Present,"2026-04-18 17:23:03"
3955,34358,947,2026-03-09,Present,"2026-04-18 17:23:03"
3956,43088,1101,2026-03-06,Present,"2026-04-18 17:23:03"
3957,49485,1913,2026-03-10,Present,"2026-04-18 17:23:03"
3958,35412,1677,2026-03-02,Present,"2026-04-18 17:23:03"
3959,7303,1176,2026-03-03,Present,"2026-04-18 17:23:03"
3960,9791,712,2026-03-10,Present,"2026-04-18 17:23:03"
3961,2346,1677,2026-03-10,Present,"2026-04-18 17:23:03"
3962,1550,1060,2026-03-07,Present,"2026-04-18 17:23:03"
3963,48170,1949,2026-03-01,Present,"2026-04-18 17:23:03"
3964,6123,1004,2026-03-10,Present,"2026-04-18 17:23:03"
3965,24108,1587,2026-03-04,Absent,"2026-04-18 17:23:03"
3966,142,964,2026-03-07,Present,"2026-04-18 17:23:03"
3967,25997,701,2026-03-05,Absent,"2026-04-18 17:23:03"
3968,48714,1787,2026-03-03,Present,"2026-04-18 17:23:03"
3969,7006,792,2026-03-03,Present,"2026-04-18 17:23:03"
3970,7911,901,2026-03-04,Present,"2026-04-18 17:23:03"
3971,656,712,2026-03-05,Present,"2026-04-18 17:23:03"
3972,17104,1170,2026-03-05,Present,"2026-04-18 17:23:03"
3973,4677,573,2026-03-09,Present,"2026-04-18 17:23:03"
3974,37673,1778,2026-03-04,Present,"2026-04-18 17:23:03"
3975,45620,1587,2026-03-02,Present,"2026-04-18 17:23:03"
3976,22003,1598,2026-03-09,Present,"2026-04-18 17:23:03"
3977,34578,1524,2026-03-07,Present,"2026-04-18 17:23:03"
3978,20545,1343,2026-03-02,Present,"2026-04-18 17:23:03"
3979,15254,1553,2026-03-07,Present,"2026-04-18 17:23:03"
3980,9979,1060,2026-03-09,Present,"2026-04-18 17:23:03"
3981,18826,1055,2026-03-06,Present,"2026-04-18 17:23:03"
3982,21451,1987,2026-03-09,Present,"2026-04-18 17:23:03"
3983,10887,1587,2026-03-06,Present,"2026-04-18 17:23:03"
3984,49525,1908,2026-03-06,Present,"2026-04-18 17:23:03"
3985,39480,1060,2026-03-07,Present,"2026-04-18 17:23:03"
3986,13059,881,2026-03-10,Present,"2026-04-18 17:23:03"
3987,5418,1670,2026-03-02,Present,"2026-04-18 17:23:03"
3988,16289,735,2026-03-02,Present,"2026-04-18 17:23:03"
3989,8293,1005,2026-03-01,Present,"2026-04-18 17:23:03"
3990,48789,513,2026-03-08,Present,"2026-04-18 17:23:03"
3991,41190,964,2026-03-10,Present,"2026-04-18 17:23:03"
3992,17653,669,2026-03-06,Present,"2026-04-18 17:23:03"
3993,2540,1409,2026-03-06,Present,"2026-04-18 17:23:03"
3994,21404,1754,2026-03-09,Absent,"2026-04-18 17:23:03"
3995,17434,1834,2026-03-08,Present,"2026-04-18 17:23:03"
3996,25067,1060,2026-03-05,Present,"2026-04-18 17:23:03"
3997,21463,1164,2026-03-09,Present,"2026-04-18 17:23:03"
3998,15902,701,2026-03-03,Absent,"2026-04-18 17:23:03"
3999,8048,858,2026-03-04,Present,"2026-04-18 17:23:03"
4000,7131,1057,2026-03-09,Present,"2026-04-18 17:23:03"
4001,42256,1202,2026-03-06,Present,"2026-04-18 17:23:03"
4002,41558,618,2026-03-10,Present,"2026-04-18 17:23:03"
4003,10939,814,2026-03-07,Present,"2026-04-18 17:23:03"
4004,18194,998,2026-03-09,Present,"2026-04-18 17:23:03"
4005,41946,1365,2026-03-05,Present,"2026-04-18 17:23:03"
4006,31651,559,2026-03-10,Present,"2026-04-18 17:23:03"
4007,36576,1422,2026-03-03,Absent,"2026-04-18 17:23:03"
4008,3456,1974,2026-03-08,Present,"2026-04-18 17:23:03"
4009,34815,1571,2026-03-10,Present,"2026-04-18 17:23:03"
4010,44625,947,2026-03-02,Absent,"2026-04-18 17:23:03"
4011,47722,834,2026-03-05,Present,"2026-04-18 17:23:03"
4012,47242,584,2026-03-02,Present,"2026-04-18 17:23:03"
4013,29265,735,2026-03-01,Present,"2026-04-18 17:23:03"
4014,9925,1587,2026-03-01,Present,"2026-04-18 17:23:03"
4015,43573,1055,2026-03-06,Present,"2026-04-18 17:23:03"
4016,15523,1670,2026-03-07,Present,"2026-04-18 17:23:03"
4017,35727,1960,2026-03-03,Present,"2026-04-18 17:23:03"
4018,9443,964,2026-03-06,Present,"2026-04-18 17:23:03"
4019,11857,766,2026-03-07,Present,"2026-04-18 17:23:03"
4020,35385,1212,2026-03-09,Absent,"2026-04-18 17:23:03"
4021,35882,1587,2026-03-03,Present,"2026-04-18 17:23:03"
4022,20823,1960,2026-03-02,Present,"2026-04-18 17:23:03"
4023,47124,618,2026-03-01,Present,"2026-04-18 17:23:03"
4024,41739,1228,2026-03-02,Present,"2026-04-18 17:23:03"
4025,16008,1754,2026-03-05,Present,"2026-04-18 17:23:03"
4026,1032,1228,2026-03-02,Present,"2026-04-18 17:23:03"
4027,14231,901,2026-03-05,Present,"2026-04-18 17:23:03"
4028,47476,1216,2026-03-02,Present,"2026-04-18 17:23:03"
4029,8188,1228,2026-03-01,Present,"2026-04-18 17:23:03"
4030,25116,1587,2026-03-03,Present,"2026-04-18 17:23:03"
4031,40003,1700,2026-03-03,Present,"2026-04-18 17:23:03"
4032,6402,998,2026-03-02,Present,"2026-04-18 17:23:03"
4033,18284,1524,2026-03-04,Present,"2026-04-18 17:23:03"
4034,29979,1908,2026-03-02,Present,"2026-04-18 17:23:03"
4035,16525,1422,2026-03-05,Present,"2026-04-18 17:23:03"
4036,12627,1787,2026-03-03,Absent,"2026-04-18 17:23:03"
4037,33674,794,2026-03-06,Present,"2026-04-18 17:23:03"
4038,6770,1057,2026-03-02,Present,"2026-04-18 17:23:03"
4039,38229,1170,2026-03-06,Present,"2026-04-18 17:23:03"
4040,39871,1496,2026-03-06,Present,"2026-04-18 17:23:03"
4041,21814,1587,2026-03-02,Present,"2026-04-18 17:23:03"
4042,10962,1571,2026-03-03,Present,"2026-04-18 17:23:03"
4043,36847,559,2026-03-06,Absent,"2026-04-18 17:23:03"
4044,10741,1212,2026-03-03,Present,"2026-04-18 17:23:03"
4045,14111,961,2026-03-10,Present,"2026-04-18 17:23:03"
4046,33876,1949,2026-03-03,Present,"2026-04-18 17:23:03"
4047,20780,1496,2026-03-08,Absent,"2026-04-18 17:23:03"
4048,24080,584,2026-03-07,Absent,"2026-04-18 17:23:03"
4049,39929,1757,2026-03-04,Present,"2026-04-18 17:23:03"
4050,45419,712,2026-03-07,Absent,"2026-04-18 17:23:03"
4051,39002,1951,2026-03-07,Present,"2026-04-18 17:23:03"
4052,42686,1300,2026-03-08,Present,"2026-04-18 17:23:03"
4053,9299,1553,2026-03-07,Present,"2026-04-18 17:23:03"
4054,11003,1359,2026-03-02,Absent,"2026-04-18 17:23:03"
4055,39234,1352,2026-03-03,Present,"2026-04-18 17:23:03"
4056,46069,1102,2026-03-09,Present,"2026-04-18 17:23:03"
4057,47918,1005,2026-03-09,Present,"2026-04-18 17:23:03"
4058,2321,814,2026-03-07,Present,"2026-04-18 17:23:03"
4059,24264,1202,2026-03-05,Present,"2026-04-18 17:23:03"
4060,48774,1152,2026-03-03,Present,"2026-04-18 17:23:03"
4061,18918,1005,2026-03-02,Present,"2026-04-18 17:23:03"
4062,46502,858,2026-03-07,Present,"2026-04-18 17:23:03"
4063,159,1914,2026-03-08,Absent,"2026-04-18 17:23:03"
4064,49525,1482,2026-03-06,Present,"2026-04-18 17:23:03"
4065,36350,766,2026-03-10,Absent,"2026-04-18 17:23:03"
4066,8554,1555,2026-03-09,Present,"2026-04-18 17:23:03"
4067,6765,794,2026-03-06,Present,"2026-04-18 17:23:03"
4068,47717,1830,2026-03-09,Present,"2026-04-18 17:23:03"
4069,6324,1522,2026-03-06,Present,"2026-04-18 17:23:03"
4070,24298,1060,2026-03-09,Present,"2026-04-18 17:23:03"
4071,14330,1055,2026-03-05,Present,"2026-04-18 17:23:03"
4072,2050,759,2026-03-06,Present,"2026-04-18 17:23:03"
4073,38003,1435,2026-03-09,Present,"2026-04-18 17:23:03"
4074,4647,1960,2026-03-02,Absent,"2026-04-18 17:23:03"
4075,10910,573,2026-03-09,Present,"2026-04-18 17:23:03"
4076,20333,1914,2026-03-07,Present,"2026-04-18 17:23:03"
4077,28092,1517,2026-03-05,Present,"2026-04-18 17:23:03"
4078,23326,1202,2026-03-09,Present,"2026-04-18 17:23:03"
4079,25258,531,2026-03-06,Present,"2026-04-18 17:23:03"
4080,22617,559,2026-03-07,Absent,"2026-04-18 17:23:03"
4081,26248,1949,2026-03-05,Present,"2026-04-18 17:23:03"
4082,42278,1060,2026-03-01,Present,"2026-04-18 17:23:03"
4083,42589,858,2026-03-05,Present,"2026-04-18 17:23:03"
4084,20624,1340,2026-03-01,Absent,"2026-04-18 17:23:03"
4085,29090,1228,2026-03-08,Present,"2026-04-18 17:23:03"
4086,5429,1908,2026-03-07,Absent,"2026-04-18 17:23:03"
4087,18502,1164,2026-03-02,Present,"2026-04-18 17:23:03"
4088,480,1834,2026-03-10,Absent,"2026-04-18 17:23:03"
4089,43536,1101,2026-03-02,Present,"2026-04-18 17:23:03"
4090,532,1359,2026-03-04,Present,"2026-04-18 17:23:03"
4091,10931,1176,2026-03-01,Present,"2026-04-18 17:23:03"
4092,43651,1292,2026-03-04,Present,"2026-04-18 17:23:03"
4093,11601,916,2026-03-03,Present,"2026-04-18 17:23:03"
4094,13244,901,2026-03-10,Present,"2026-04-18 17:23:03"
4095,47176,792,2026-03-03,Present,"2026-04-18 17:23:03"
4096,18990,1974,2026-03-09,Absent,"2026-04-18 17:23:03"
4097,34781,1435,2026-03-01,Absent,"2026-04-18 17:23:03"
4098,7303,834,2026-03-06,Present,"2026-04-18 17:23:03"
4099,44491,1170,2026-03-04,Absent,"2026-04-18 17:23:03"
4100,31238,1974,2026-03-04,Present,"2026-04-18 17:23:03"
4101,40943,654,2026-03-10,Absent,"2026-04-18 17:23:03"
4102,3712,1675,2026-03-05,Present,"2026-04-18 17:23:03"
4103,37982,1073,2026-03-07,Present,"2026-04-18 17:23:03"
4104,46915,1164,2026-03-05,Present,"2026-04-18 17:23:03"
4105,24099,1948,2026-03-01,Absent,"2026-04-18 17:23:03"
4106,36611,1675,2026-03-01,Absent,"2026-04-18 17:23:03"
4107,8786,1757,2026-03-07,Present,"2026-04-18 17:23:03"
4108,19042,1101,2026-03-06,Present,"2026-04-18 17:23:03"
4109,16210,1422,2026-03-08,Present,"2026-04-18 17:23:03"
4110,32580,964,2026-03-01,Present,"2026-04-18 17:23:03"
4111,4833,876,2026-03-04,Present,"2026-04-18 17:23:03"
4112,30341,973,2026-03-08,Absent,"2026-04-18 17:23:03"
4113,10279,962,2026-03-10,Present,"2026-04-18 17:23:03"
4114,28201,1960,2026-03-08,Absent,"2026-04-18 17:23:03"
4115,15309,794,2026-03-03,Present,"2026-04-18 17:23:03"
4116,48801,1834,2026-03-08,Present,"2026-04-18 17:23:03"
4117,32694,1914,2026-03-03,Present,"2026-04-18 17:23:03"
4118,35280,1522,2026-03-01,Present,"2026-04-18 17:23:03"
4119,32754,915,2026-03-10,Present,"2026-04-18 17:23:03"
4120,10768,531,2026-03-02,Present,"2026-04-18 17:23:03"
4121,37103,1170,2026-03-03,Present,"2026-04-18 17:23:03"
4122,13856,1987,2026-03-06,Present,"2026-04-18 17:23:03"
4123,36486,1409,2026-03-01,Present,"2026-04-18 17:23:03"
4124,20087,1152,2026-03-01,Present,"2026-04-18 17:23:03"
4125,48678,808,2026-03-03,Present,"2026-04-18 17:23:03"
4126,15542,915,2026-03-10,Absent,"2026-04-18 17:23:03"
4127,23421,1292,2026-03-06,Present,"2026-04-18 17:23:03"
4128,5316,1292,2026-03-05,Absent,"2026-04-18 17:23:03"
4129,16881,814,2026-03-02,Absent,"2026-04-18 17:23:03"
4130,1143,1553,2026-03-10,Present,"2026-04-18 17:23:03"
4131,44458,961,2026-03-03,Present,"2026-04-18 17:23:03"
4132,17087,961,2026-03-05,Absent,"2026-04-18 17:23:03"
4133,42540,1524,2026-03-01,Present,"2026-04-18 17:23:03"
4134,18283,1487,2026-03-04,Absent,"2026-04-18 17:23:03"
4135,13057,1517,2026-03-05,Present,"2026-04-18 17:23:03"
4136,11324,654,2026-03-05,Present,"2026-04-18 17:23:03"
4137,7344,1987,2026-03-02,Present,"2026-04-18 17:23:03"
4138,21371,756,2026-03-02,Present,"2026-04-18 17:23:03"
4139,9251,876,2026-03-05,Present,"2026-04-18 17:23:03"
4140,6414,1960,2026-03-06,Absent,"2026-04-18 17:23:03"
4141,39617,1700,2026-03-01,Present,"2026-04-18 17:23:03"
4142,8898,1176,2026-03-10,Present,"2026-04-18 17:23:03"
4143,29160,1914,2026-03-01,Present,"2026-04-18 17:23:03"
4144,20699,1778,2026-03-03,Present,"2026-04-18 17:23:03"
4145,25892,1060,2026-03-06,Present,"2026-04-18 17:23:03"
4146,20515,1422,2026-03-01,Absent,"2026-04-18 17:23:03"
4147,30659,1340,2026-03-01,Present,"2026-04-18 17:23:03"
4148,5327,1949,2026-03-01,Absent,"2026-04-18 17:23:03"
4149,8417,735,2026-03-03,Absent,"2026-04-18 17:23:03"
4150,25155,1004,2026-03-03,Present,"2026-04-18 17:23:03"
4151,49453,1374,2026-03-10,Present,"2026-04-18 17:23:03"
4152,19818,701,2026-03-05,Absent,"2026-04-18 17:23:03"
4153,22974,961,2026-03-10,Present,"2026-04-18 17:23:03"
4154,3706,766,2026-03-05,Present,"2026-04-18 17:23:03"
4155,2713,1036,2026-03-05,Present,"2026-04-18 17:23:03"
4156,8626,1487,2026-03-01,Absent,"2026-04-18 17:23:03"
4157,21755,1212,2026-03-05,Present,"2026-04-18 17:23:03"
4158,49093,1951,2026-03-05,Absent,"2026-04-18 17:23:03"
4159,12187,962,2026-03-03,Present,"2026-04-18 17:23:03"
4160,45259,669,2026-03-07,Present,"2026-04-18 17:23:03"
4161,35073,1435,2026-03-06,Absent,"2026-04-18 17:23:03"
4162,1205,1365,2026-03-03,Present,"2026-04-18 17:23:03"
4163,41420,669,2026-03-09,Present,"2026-04-18 17:23:03"
4164,26158,834,2026-03-05,Present,"2026-04-18 17:23:03"
4165,5438,1152,2026-03-10,Absent,"2026-04-18 17:23:03"
4166,16194,1571,2026-03-07,Present,"2026-04-18 17:23:03"
4167,42107,1984,2026-03-09,Present,"2026-04-18 17:23:03"
4168,4846,1422,2026-03-03,Present,"2026-04-18 17:23:03"
4169,13530,559,2026-03-06,Absent,"2026-04-18 17:23:03"
4170,18171,1553,2026-03-09,Absent,"2026-04-18 17:23:03"
4171,24899,1598,2026-03-01,Present,"2026-04-18 17:23:03"
4172,47000,1787,2026-03-10,Present,"2026-04-18 17:23:03"
4173,37458,973,2026-03-06,Present,"2026-04-18 17:23:03"
4174,38288,559,2026-03-02,Present,"2026-04-18 17:23:03"
4175,1223,881,2026-03-06,Present,"2026-04-18 17:23:03"
4176,807,1057,2026-03-06,Present,"2026-04-18 17:23:03"
4177,27988,1670,2026-03-08,Present,"2026-04-18 17:23:03"
4178,43182,1487,2026-03-02,Absent,"2026-04-18 17:23:03"
4179,14894,1778,2026-03-08,Present,"2026-04-18 17:23:03"
4180,24119,624,2026-03-08,Absent,"2026-04-18 17:23:03"
4181,36038,1522,2026-03-05,Present,"2026-04-18 17:23:03"
4182,38377,1216,2026-03-07,Present,"2026-04-18 17:23:03"
4183,38209,756,2026-03-01,Present,"2026-04-18 17:23:03"
4184,27275,1202,2026-03-05,Absent,"2026-04-18 17:23:03"
4185,46503,1538,2026-03-08,Present,"2026-04-18 17:23:03"
4186,18702,1538,2026-03-05,Present,"2026-04-18 17:23:03"
4187,34975,1496,2026-03-09,Present,"2026-04-18 17:23:03"
4188,10900,1974,2026-03-10,Absent,"2026-04-18 17:23:03"
4189,32420,1164,2026-03-08,Absent,"2026-04-18 17:23:03"
4190,35369,1949,2026-03-01,Present,"2026-04-18 17:23:03"
4191,49421,1908,2026-03-08,Absent,"2026-04-18 17:23:03"
4192,37556,1359,2026-03-01,Absent,"2026-04-18 17:23:03"
4193,22437,1949,2026-03-05,Absent,"2026-04-18 17:23:03"
4194,44556,513,2026-03-01,Present,"2026-04-18 17:23:03"
4195,13988,998,2026-03-10,Present,"2026-04-18 17:23:03"
4196,26992,1754,2026-03-01,Present,"2026-04-18 17:23:03"
4197,9062,575,2026-03-07,Present,"2026-04-18 17:23:03"
4198,10052,1036,2026-03-05,Absent,"2026-04-18 17:23:03"
4199,32365,1176,2026-03-05,Present,"2026-04-18 17:23:03"
4200,21503,1365,2026-03-03,Absent,"2026-04-18 17:23:03"
4201,8492,964,2026-03-06,Present,"2026-04-18 17:23:03"
4202,15791,911,2026-03-03,Absent,"2026-04-18 17:23:03"
4203,41874,1365,2026-03-08,Present,"2026-04-18 17:23:03"
4204,15809,906,2026-03-07,Present,"2026-04-18 17:23:03"
4205,18141,1057,2026-03-08,Absent,"2026-04-18 17:23:03"
4206,41651,1517,2026-03-02,Present,"2026-04-18 17:23:03"
4207,31014,654,2026-03-04,Present,"2026-04-18 17:23:03"
4208,39787,1571,2026-03-05,Present,"2026-04-18 17:23:03"
4209,31550,669,2026-03-09,Absent,"2026-04-18 17:23:03"
4210,20625,947,2026-03-10,Present,"2026-04-18 17:23:03"
4211,29631,1787,2026-03-07,Present,"2026-04-18 17:23:03"
4212,2637,618,2026-03-06,Present,"2026-04-18 17:23:03"
4213,16203,756,2026-03-05,Absent,"2026-04-18 17:23:03"
4214,19264,1522,2026-03-03,Present,"2026-04-18 17:23:03"
4215,24345,1101,2026-03-08,Present,"2026-04-18 17:23:03"
4216,19906,669,2026-03-09,Present,"2026-04-18 17:23:03"
4217,10021,1073,2026-03-10,Absent,"2026-04-18 17:23:03"
4218,10809,961,2026-03-09,Present,"2026-04-18 17:23:03"
4219,39355,1987,2026-03-04,Present,"2026-04-18 17:23:03"
4220,49653,1949,2026-03-05,Present,"2026-04-18 17:23:03"
4221,9998,1830,2026-03-05,Present,"2026-04-18 17:23:03"
4222,711,881,2026-03-01,Present,"2026-04-18 17:23:03"
4223,30516,1212,2026-03-05,Present,"2026-04-18 17:23:03"
4224,6687,881,2026-03-07,Present,"2026-04-18 17:23:03"
4225,28757,1060,2026-03-09,Present,"2026-04-18 17:23:03"
4226,21820,964,2026-03-05,Absent,"2026-04-18 17:23:03"
4227,6248,1908,2026-03-01,Present,"2026-04-18 17:23:03"
4228,27774,1948,2026-03-03,Present,"2026-04-18 17:23:03"
4229,772,756,2026-03-01,Present,"2026-04-18 17:23:03"
4230,25116,1055,2026-03-07,Present,"2026-04-18 17:23:03"
4231,25360,1359,2026-03-09,Present,"2026-04-18 17:23:03"
4232,25304,766,2026-03-07,Present,"2026-04-18 17:23:03"
4233,48002,1524,2026-03-04,Present,"2026-04-18 17:23:03"
4234,23489,1914,2026-03-04,Present,"2026-04-18 17:23:03"
4235,2933,881,2026-03-06,Present,"2026-04-18 17:23:03"
4236,4425,1004,2026-03-04,Present,"2026-04-18 17:23:03"
4237,6518,1333,2026-03-02,Present,"2026-04-18 17:23:03"
4238,15716,947,2026-03-09,Present,"2026-04-18 17:23:03"
4239,44480,1948,2026-03-09,Present,"2026-04-18 17:23:03"
4240,27729,1553,2026-03-05,Present,"2026-04-18 17:23:03"
4241,33139,876,2026-03-08,Absent,"2026-04-18 17:23:03"
4242,27799,1974,2026-03-03,Present,"2026-04-18 17:23:03"
4243,271,916,2026-03-01,Absent,"2026-04-18 17:23:03"
4244,25067,1184,2026-03-02,Absent,"2026-04-18 17:23:03"
4245,33305,964,2026-03-10,Absent,"2026-04-18 17:23:03"
4246,4272,834,2026-03-08,Absent,"2026-04-18 17:23:03"
4247,15351,1948,2026-03-07,Present,"2026-04-18 17:23:03"
4248,46069,1365,2026-03-02,Present,"2026-04-18 17:23:03"
4249,6428,808,2026-03-07,Present,"2026-04-18 17:23:03"
4250,17111,1212,2026-03-08,Absent,"2026-04-18 17:23:03"
4251,23979,964,2026-03-10,Present,"2026-04-18 17:23:03"
4252,46927,858,2026-03-09,Absent,"2026-04-18 17:23:03"
4253,38703,1374,2026-03-05,Present,"2026-04-18 17:23:03"
4254,28530,1587,2026-03-06,Present,"2026-04-18 17:23:03"
4255,49968,901,2026-03-02,Present,"2026-04-18 17:23:03"
4256,49789,1343,2026-03-01,Present,"2026-04-18 17:23:03"
4257,11273,808,2026-03-05,Present,"2026-04-18 17:23:03"
4258,15597,1365,2026-03-10,Present,"2026-04-18 17:23:03"
4259,17480,1073,2026-03-06,Absent,"2026-04-18 17:23:03"
4260,35319,1352,2026-03-04,Present,"2026-04-18 17:23:03"
4261,19834,1517,2026-03-06,Absent,"2026-04-18 17:23:03"
4262,31273,1060,2026-03-03,Present,"2026-04-18 17:23:03"
4263,27218,1984,2026-03-02,Present,"2026-04-18 17:23:03"
4264,33387,998,2026-03-04,Present,"2026-04-18 17:23:03"
4265,29377,1984,2026-03-06,Present,"2026-04-18 17:23:03"
4266,18067,808,2026-03-05,Present,"2026-04-18 17:23:03"
4267,33680,1102,2026-03-09,Present,"2026-04-18 17:23:03"
4268,7546,916,2026-03-05,Present,"2026-04-18 17:23:03"
4269,40712,794,2026-03-09,Present,"2026-04-18 17:23:03"
4270,27013,1487,2026-03-10,Present,"2026-04-18 17:23:03"
4271,24318,915,2026-03-01,Present,"2026-04-18 17:23:03"
4272,30416,701,2026-03-09,Present,"2026-04-18 17:23:03"
4273,11520,1004,2026-03-03,Present,"2026-04-18 17:23:03"
4274,33994,794,2026-03-05,Present,"2026-04-18 17:23:03"
4275,1094,1340,2026-03-10,Present,"2026-04-18 17:23:03"
4276,13039,1555,2026-03-03,Present,"2026-04-18 17:23:03"
4277,32902,1300,2026-03-03,Present,"2026-04-18 17:23:03"
4278,7876,1374,2026-03-06,Absent,"2026-04-18 17:23:03"
4279,41450,573,2026-03-08,Present,"2026-04-18 17:23:03"
4280,2116,712,2026-03-04,Absent,"2026-04-18 17:23:03"
4281,7614,973,2026-03-06,Present,"2026-04-18 17:23:03"
4282,4273,876,2026-03-08,Present,"2026-04-18 17:23:03"
4283,6424,618,2026-03-03,Present,"2026-04-18 17:23:03"
4284,12759,1517,2026-03-03,Present,"2026-04-18 17:23:03"
4285,23895,573,2026-03-08,Present,"2026-04-18 17:23:03"
4286,42568,1587,2026-03-02,Present,"2026-04-18 17:23:03"
4287,3447,1005,2026-03-05,Present,"2026-04-18 17:23:03"
4288,17828,1555,2026-03-06,Present,"2026-04-18 17:23:03"
4289,40945,584,2026-03-06,Absent,"2026-04-18 17:23:03"
4290,31269,1987,2026-03-03,Present,"2026-04-18 17:23:03"
4291,32834,1184,2026-03-05,Present,"2026-04-18 17:23:03"
4292,11291,759,2026-03-10,Present,"2026-04-18 17:23:03"
4293,49011,1057,2026-03-06,Present,"2026-04-18 17:23:03"
4294,11525,1365,2026-03-08,Present,"2026-04-18 17:23:03"
4295,32722,1670,2026-03-03,Present,"2026-04-18 17:23:03"
4296,35655,1787,2026-03-03,Present,"2026-04-18 17:23:03"
4297,20859,1949,2026-03-04,Absent,"2026-04-18 17:23:03"
4298,30516,756,2026-03-02,Present,"2026-04-18 17:23:03"
4299,6210,624,2026-03-01,Present,"2026-04-18 17:23:03"
4300,1426,1987,2026-03-05,Present,"2026-04-18 17:23:03"
4301,21871,1253,2026-03-04,Present,"2026-04-18 17:23:03"
4302,42251,1176,2026-03-08,Present,"2026-04-18 17:23:03"
4303,49751,792,2026-03-07,Present,"2026-04-18 17:23:03"
4304,11025,1524,2026-03-08,Present,"2026-04-18 17:23:03"
4305,48941,735,2026-03-06,Present,"2026-04-18 17:23:03"
4306,45872,1538,2026-03-04,Present,"2026-04-18 17:23:03"
4307,2838,962,2026-03-01,Present,"2026-04-18 17:23:03"
4308,43159,1170,2026-03-03,Absent,"2026-04-18 17:23:03"
4309,15774,669,2026-03-02,Present,"2026-04-18 17:23:03"
4310,44077,911,2026-03-05,Present,"2026-04-18 17:23:03"
4311,45964,1555,2026-03-08,Present,"2026-04-18 17:23:03"
4312,16673,1036,2026-03-06,Present,"2026-04-18 17:23:03"
4313,49085,1524,2026-03-06,Absent,"2026-04-18 17:23:03"
4314,39129,1212,2026-03-04,Present,"2026-04-18 17:23:03"
4315,2583,1435,2026-03-03,Present,"2026-04-18 17:23:03"
4316,35739,1678,2026-03-05,Present,"2026-04-18 17:23:03"
4317,43716,834,2026-03-02,Absent,"2026-04-18 17:23:03"
4318,39112,947,2026-03-04,Absent,"2026-04-18 17:23:03"
4319,15767,961,2026-03-02,Absent,"2026-04-18 17:23:03"
4320,28650,1677,2026-03-05,Absent,"2026-04-18 17:23:03"
4321,29262,1951,2026-03-02,Present,"2026-04-18 17:23:03"
4322,1068,1212,2026-03-07,Present,"2026-04-18 17:23:03"
4323,45086,1212,2026-03-10,Absent,"2026-04-18 17:23:03"
4324,15149,1102,2026-03-04,Present,"2026-04-18 17:23:03"
4325,49998,1587,2026-03-03,Absent,"2026-04-18 17:23:03"
4326,4071,573,2026-03-10,Present,"2026-04-18 17:23:03"
4327,44449,624,2026-03-01,Present,"2026-04-18 17:23:03"
4328,48267,756,2026-03-10,Present,"2026-04-18 17:23:03"
4329,38292,962,2026-03-07,Absent,"2026-04-18 17:23:03"
4330,47337,1914,2026-03-09,Present,"2026-04-18 17:23:03"
4331,14775,1060,2026-03-08,Present,"2026-04-18 17:23:03"
4332,41651,1951,2026-03-03,Absent,"2026-04-18 17:23:03"
4333,13051,1034,2026-03-04,Present,"2026-04-18 17:23:03"
4334,2566,834,2026-03-04,Absent,"2026-04-18 17:23:03"
4335,47699,961,2026-03-07,Present,"2026-04-18 17:23:03"
4336,5264,618,2026-03-05,Present,"2026-04-18 17:23:03"
4337,20213,1228,2026-03-10,Present,"2026-04-18 17:23:03"
4338,32063,906,2026-03-02,Present,"2026-04-18 17:23:03"
4339,31649,1422,2026-03-10,Present,"2026-04-18 17:23:03"
4340,3751,947,2026-03-04,Present,"2026-04-18 17:23:03"
4341,2094,973,2026-03-01,Present,"2026-04-18 17:23:03"
4342,43189,1170,2026-03-01,Present,"2026-04-18 17:23:03"
4343,32520,513,2026-03-07,Present,"2026-04-18 17:23:03"
4344,12088,1598,2026-03-02,Present,"2026-04-18 17:23:03"
4345,28799,1333,2026-03-08,Absent,"2026-04-18 17:23:03"
4346,5418,1164,2026-03-04,Present,"2026-04-18 17:23:03"
4347,9117,1834,2026-03-01,Present,"2026-04-18 17:23:03"
4348,32228,1700,2026-03-09,Present,"2026-04-18 17:23:03"
4349,8876,964,2026-03-04,Present,"2026-04-18 17:23:03"
4350,49683,1253,2026-03-08,Present,"2026-04-18 17:23:03"
4351,34899,1913,2026-03-05,Present,"2026-04-18 17:23:03"
4352,22914,1073,2026-03-01,Present,"2026-04-18 17:23:03"
4353,32879,1914,2026-03-05,Present,"2026-04-18 17:23:03"
4354,4819,1073,2026-03-06,Present,"2026-04-18 17:23:03"
4355,43168,1212,2026-03-02,Present,"2026-04-18 17:23:03"
4356,9383,1060,2026-03-03,Present,"2026-04-18 17:23:03"
4357,45075,973,2026-03-06,Present,"2026-04-18 17:23:03"
4358,15041,1908,2026-03-04,Present,"2026-04-18 17:23:03"
4359,44904,881,2026-03-05,Absent,"2026-04-18 17:23:03"
4360,24593,618,2026-03-06,Present,"2026-04-18 17:23:03"
4361,21321,962,2026-03-03,Present,"2026-04-18 17:23:03"
4362,39499,1482,2026-03-04,Present,"2026-04-18 17:23:03"
4363,6003,1524,2026-03-09,Present,"2026-04-18 17:23:03"
4364,28691,1176,2026-03-05,Present,"2026-04-18 17:23:03"
4365,8634,962,2026-03-04,Absent,"2026-04-18 17:23:03"
4366,8080,1343,2026-03-04,Present,"2026-04-18 17:23:03"
4367,29567,1949,2026-03-02,Present,"2026-04-18 17:23:03"
4368,9396,1960,2026-03-01,Present,"2026-04-18 17:23:03"
4369,46271,792,2026-03-09,Present,"2026-04-18 17:23:03"
4370,32701,1960,2026-03-08,Present,"2026-04-18 17:23:03"
4371,3505,964,2026-03-06,Present,"2026-04-18 17:23:03"
4372,19436,1678,2026-03-01,Absent,"2026-04-18 17:23:03"
4373,47464,1374,2026-03-03,Present,"2026-04-18 17:23:03"
4374,41439,712,2026-03-05,Present,"2026-04-18 17:23:03"
4375,19134,814,2026-03-01,Present,"2026-04-18 17:23:03"
4376,25892,1060,2026-03-09,Absent,"2026-04-18 17:23:03"
4377,13411,1951,2026-03-06,Present,"2026-04-18 17:23:03"
4378,4756,1538,2026-03-04,Present,"2026-04-18 17:23:03"
4379,19389,573,2026-03-07,Absent,"2026-04-18 17:23:03"
4380,13684,1522,2026-03-03,Absent,"2026-04-18 17:23:03"
4381,30557,1555,2026-03-07,Present,"2026-04-18 17:23:03"
4382,9398,1004,2026-03-05,Present,"2026-04-18 17:23:03"
4383,49932,1553,2026-03-07,Present,"2026-04-18 17:23:03"
4384,31394,712,2026-03-02,Present,"2026-04-18 17:23:03"
4385,1143,1333,2026-03-08,Present,"2026-04-18 17:23:03"
4386,32425,1538,2026-03-03,Present,"2026-04-18 17:23:03"
4387,7054,1184,2026-03-05,Present,"2026-04-18 17:23:03"
4388,23467,1675,2026-03-07,Present,"2026-04-18 17:23:03"
4389,40840,531,2026-03-08,Absent,"2026-04-18 17:23:03"
4390,42678,1004,2026-03-05,Absent,"2026-04-18 17:23:03"
4391,46544,1700,2026-03-02,Present,"2026-04-18 17:23:03"
4392,13722,834,2026-03-05,Present,"2026-04-18 17:23:03"
4393,39122,1034,2026-03-04,Present,"2026-04-18 17:23:03"
4394,19308,701,2026-03-02,Present,"2026-04-18 17:23:03"
4395,13938,1292,2026-03-09,Present,"2026-04-18 17:23:03"
4396,6957,1700,2026-03-09,Present,"2026-04-18 17:23:03"
4397,21503,1960,2026-03-06,Present,"2026-04-18 17:23:03"
4398,13926,701,2026-03-10,Present,"2026-04-18 17:23:03"
4399,26134,1670,2026-03-01,Present,"2026-04-18 17:23:03"
4400,12352,961,2026-03-09,Present,"2026-04-18 17:23:03"
4401,36504,1216,2026-03-05,Present,"2026-04-18 17:23:03"
4402,43490,881,2026-03-09,Present,"2026-04-18 17:23:03"
4403,34583,735,2026-03-05,Absent,"2026-04-18 17:23:03"
4404,30548,654,2026-03-01,Absent,"2026-04-18 17:23:03"
4405,32197,794,2026-03-09,Present,"2026-04-18 17:23:03"
4406,29952,1670,2026-03-01,Absent,"2026-04-18 17:23:03"
4407,46365,834,2026-03-03,Absent,"2026-04-18 17:23:03"
4408,34187,1587,2026-03-10,Present,"2026-04-18 17:23:03"
4409,42619,1212,2026-03-09,Absent,"2026-04-18 17:23:03"
4410,24134,1587,2026-03-09,Present,"2026-04-18 17:23:03"
4411,27805,1343,2026-03-05,Present,"2026-04-18 17:23:03"
4412,24344,531,2026-03-05,Absent,"2026-04-18 17:23:03"
4413,25930,1164,2026-03-02,Present,"2026-04-18 17:23:03"
4414,8087,1517,2026-03-03,Present,"2026-04-18 17:23:03"
4415,42319,1948,2026-03-03,Present,"2026-04-18 17:23:03"
4416,44222,669,2026-03-01,Present,"2026-04-18 17:23:03"
4417,8613,792,2026-03-08,Present,"2026-04-18 17:23:03"
4418,18288,1914,2026-03-08,Present,"2026-04-18 17:23:03"
4419,35590,624,2026-03-02,Present,"2026-04-18 17:23:03"
4420,28813,1948,2026-03-05,Present,"2026-04-18 17:23:03"
4421,3830,911,2026-03-01,Present,"2026-04-18 17:23:03"
4422,1068,1487,2026-03-06,Present,"2026-04-18 17:23:03"
4423,38544,1974,2026-03-08,Absent,"2026-04-18 17:23:03"
4424,6047,1555,2026-03-01,Present,"2026-04-18 17:23:03"
4425,46365,1102,2026-03-04,Present,"2026-04-18 17:23:03"
4426,7722,559,2026-03-05,Present,"2026-04-18 17:23:03"
4427,13471,1374,2026-03-01,Present,"2026-04-18 17:23:03"
4428,33898,1292,2026-03-07,Present,"2026-04-18 17:23:03"
4429,5441,1359,2026-03-06,Present,"2026-04-18 17:23:03"
4430,18713,759,2026-03-07,Present,"2026-04-18 17:23:03"
4431,30010,1435,2026-03-08,Present,"2026-04-18 17:23:03"
4432,18768,1482,2026-03-10,Present,"2026-04-18 17:23:03"
4433,979,1374,2026-03-04,Present,"2026-04-18 17:23:03"
4434,18521,1787,2026-03-06,Present,"2026-04-18 17:23:03"
4435,35370,1365,2026-03-01,Present,"2026-04-18 17:23:03"
4436,1548,881,2026-03-10,Absent,"2026-04-18 17:23:03"
4437,4586,1101,2026-03-08,Present,"2026-04-18 17:23:03"
4438,2886,911,2026-03-05,Present,"2026-04-18 17:23:03"
4439,18783,1571,2026-03-04,Present,"2026-04-18 17:23:03"
4440,24914,794,2026-03-09,Present,"2026-04-18 17:23:03"
4441,46341,1212,2026-03-09,Present,"2026-04-18 17:23:03"
4442,49653,1340,2026-03-03,Present,"2026-04-18 17:23:03"
4443,33663,1228,2026-03-02,Present,"2026-04-18 17:23:03"
4444,27205,513,2026-03-09,Present,"2026-04-18 17:23:03"
4445,10116,1300,2026-03-09,Absent,"2026-04-18 17:23:03"
4446,34921,1359,2026-03-05,Present,"2026-04-18 17:23:03"
4447,42540,808,2026-03-07,Present,"2026-04-18 17:23:03"
4448,31391,1435,2026-03-05,Present,"2026-04-18 17:23:03"
4449,14883,1036,2026-03-09,Absent,"2026-04-18 17:23:03"
4450,31748,701,2026-03-09,Present,"2026-04-18 17:23:03"
4451,7778,1060,2026-03-03,Present,"2026-04-18 17:23:03"
4452,39374,1060,2026-03-09,Present,"2026-04-18 17:23:03"
4453,32432,1974,2026-03-06,Present,"2026-04-18 17:23:03"
4454,12829,654,2026-03-02,Absent,"2026-04-18 17:23:03"
4455,13277,1830,2026-03-08,Present,"2026-04-18 17:23:03"
4456,28897,1102,2026-03-02,Present,"2026-04-18 17:23:03"
4457,46127,1948,2026-03-01,Absent,"2026-04-18 17:23:03"
4458,20695,1496,2026-03-10,Present,"2026-04-18 17:23:03"
4459,26869,1675,2026-03-02,Present,"2026-04-18 17:23:03"
4460,48636,1152,2026-03-01,Absent,"2026-04-18 17:23:03"
4461,18320,808,2026-03-07,Present,"2026-04-18 17:23:03"
4462,33351,1005,2026-03-09,Present,"2026-04-18 17:23:03"
4463,29411,1974,2026-03-09,Absent,"2026-04-18 17:23:03"
4464,49577,1700,2026-03-06,Present,"2026-04-18 17:23:03"
4465,42884,735,2026-03-10,Present,"2026-04-18 17:23:03"
4466,11795,876,2026-03-05,Absent,"2026-04-18 17:23:03"
4467,22478,1422,2026-03-06,Present,"2026-04-18 17:23:03"
4468,20060,1949,2026-03-09,Present,"2026-04-18 17:23:03"
4469,38152,513,2026-03-03,Absent,"2026-04-18 17:23:03"
4470,48112,858,2026-03-02,Present,"2026-04-18 17:23:03"
4471,30725,1073,2026-03-02,Present,"2026-04-18 17:23:03"
4472,19851,1359,2026-03-04,Present,"2026-04-18 17:23:03"
4473,40645,1055,2026-03-01,Present,"2026-04-18 17:23:03"
4474,18939,701,2026-03-03,Present,"2026-04-18 17:23:03"
4475,8595,1202,2026-03-04,Present,"2026-04-18 17:23:03"
4476,6128,1987,2026-03-07,Present,"2026-04-18 17:23:03"
4477,35174,916,2026-03-02,Present,"2026-04-18 17:23:03"
4478,45825,1164,2026-03-04,Present,"2026-04-18 17:23:03"
4479,20614,1678,2026-03-04,Present,"2026-04-18 17:23:03"
4480,15418,1055,2026-03-08,Present,"2026-04-18 17:23:03"
4481,44304,1359,2026-03-10,Present,"2026-04-18 17:23:03"
4482,20770,961,2026-03-03,Present,"2026-04-18 17:23:03"
4483,40085,1951,2026-03-03,Present,"2026-04-18 17:23:03"
4484,15358,962,2026-03-06,Present,"2026-04-18 17:23:03"
4485,18521,1228,2026-03-08,Absent,"2026-04-18 17:23:03"
4486,17442,1152,2026-03-09,Present,"2026-04-18 17:23:03"
4487,19505,712,2026-03-10,Present,"2026-04-18 17:23:03"
4488,34249,1571,2026-03-05,Absent,"2026-04-18 17:23:03"
4489,17311,584,2026-03-06,Present,"2026-04-18 17:23:03"
4490,26367,1951,2026-03-07,Present,"2026-04-18 17:23:03"
4491,15242,1152,2026-03-07,Present,"2026-04-18 17:23:03"
4492,1819,1005,2026-03-10,Present,"2026-04-18 17:23:03"
4493,38224,911,2026-03-01,Present,"2026-04-18 17:23:03"
4494,7984,1152,2026-03-05,Present,"2026-04-18 17:23:03"
4495,8119,559,2026-03-04,Present,"2026-04-18 17:23:03"
4496,45119,1678,2026-03-03,Present,"2026-04-18 17:23:03"
4497,18652,584,2026-03-04,Present,"2026-04-18 17:23:03"
4498,5312,1778,2026-03-07,Present,"2026-04-18 17:23:03"
4499,17311,1949,2026-03-07,Present,"2026-04-18 17:23:03"
4500,32143,1948,2026-03-03,Present,"2026-04-18 17:23:03"
4501,43344,1300,2026-03-07,Present,"2026-04-18 17:23:03"
4502,5925,669,2026-03-03,Present,"2026-04-18 17:23:03"
4503,4995,998,2026-03-04,Absent,"2026-04-18 17:23:03"
4504,39303,1675,2026-03-05,Absent,"2026-04-18 17:23:03"
4505,44757,1948,2026-03-03,Present,"2026-04-18 17:23:03"
4506,20898,1060,2026-03-04,Present,"2026-04-18 17:23:03"
4507,8898,1908,2026-03-01,Present,"2026-04-18 17:23:03"
4508,27020,654,2026-03-07,Present,"2026-04-18 17:23:03"
4509,30674,1359,2026-03-06,Present,"2026-04-18 17:23:03"
4510,38376,1951,2026-03-05,Present,"2026-04-18 17:23:03"
4511,8681,1152,2026-03-10,Present,"2026-04-18 17:23:03"
4512,20216,1913,2026-03-06,Present,"2026-04-18 17:23:03"
4513,30727,766,2026-03-03,Present,"2026-04-18 17:23:03"
4514,4148,915,2026-03-10,Absent,"2026-04-18 17:23:03"
4515,30025,794,2026-03-05,Present,"2026-04-18 17:23:03"
4516,18965,901,2026-03-03,Present,"2026-04-18 17:23:03"
4517,12046,973,2026-03-05,Present,"2026-04-18 17:23:03"
4518,26918,947,2026-03-07,Present,"2026-04-18 17:23:03"
4519,46839,1101,2026-03-07,Present,"2026-04-18 17:23:03"
4520,28464,973,2026-03-08,Present,"2026-04-18 17:23:03"
4521,49319,834,2026-03-05,Present,"2026-04-18 17:23:03"
4522,29010,792,2026-03-05,Present,"2026-04-18 17:23:03"
4523,24903,1300,2026-03-03,Present,"2026-04-18 17:23:03"
4524,22687,1949,2026-03-09,Present,"2026-04-18 17:23:03"
4525,27794,669,2026-03-02,Present,"2026-04-18 17:23:03"
4526,45729,1365,2026-03-09,Present,"2026-04-18 17:23:03"
4527,8270,962,2026-03-07,Present,"2026-04-18 17:23:03"
4528,958,881,2026-03-03,Present,"2026-04-18 17:23:03"
4529,7007,756,2026-03-10,Present,"2026-04-18 17:23:03"
4530,30652,1984,2026-03-05,Present,"2026-04-18 17:23:03"
4531,24826,1333,2026-03-02,Present,"2026-04-18 17:23:03"
4532,47718,559,2026-03-10,Present,"2026-04-18 17:23:03"
4533,45407,1496,2026-03-08,Present,"2026-04-18 17:23:03"
4534,8417,1005,2026-03-09,Present,"2026-04-18 17:23:03"
4535,47124,1949,2026-03-02,Present,"2026-04-18 17:23:03"
4536,31690,1555,2026-03-03,Present,"2026-04-18 17:23:03"
4537,17210,1409,2026-03-09,Present,"2026-04-18 17:23:03"
4538,45245,624,2026-03-02,Present,"2026-04-18 17:23:03"
4539,46404,1571,2026-03-08,Absent,"2026-04-18 17:23:03"
4540,36667,1678,2026-03-03,Present,"2026-04-18 17:23:03"
4541,8542,1292,2026-03-03,Present,"2026-04-18 17:23:03"
4542,41731,1587,2026-03-04,Present,"2026-04-18 17:23:03"
4543,40211,669,2026-03-05,Present,"2026-04-18 17:23:03"
4544,18790,916,2026-03-02,Absent,"2026-04-18 17:23:03"
4545,44718,1101,2026-03-09,Present,"2026-04-18 17:23:03"
4546,25821,911,2026-03-06,Present,"2026-04-18 17:23:03"
4547,12475,1202,2026-03-04,Present,"2026-04-18 17:23:03"
4548,48286,906,2026-03-03,Present,"2026-04-18 17:23:03"
4549,44588,1374,2026-03-02,Present,"2026-04-18 17:23:03"
4550,41975,1538,2026-03-03,Present,"2026-04-18 17:23:03"
4551,6606,1517,2026-03-08,Present,"2026-04-18 17:23:03"
4552,19909,531,2026-03-08,Present,"2026-04-18 17:23:03"
4553,29068,1974,2026-03-04,Present,"2026-04-18 17:23:03"
4554,34472,1057,2026-03-04,Present,"2026-04-18 17:23:03"
4555,35277,962,2026-03-05,Present,"2026-04-18 17:23:03"
4556,49869,1005,2026-03-08,Present,"2026-04-18 17:23:03"
4557,22232,1757,2026-03-06,Absent,"2026-04-18 17:23:03"
4558,45419,1292,2026-03-05,Present,"2026-04-18 17:23:03"
4559,20473,1422,2026-03-03,Absent,"2026-04-18 17:23:03"
4560,31525,1948,2026-03-05,Present,"2026-04-18 17:23:03"
4561,28415,1754,2026-03-04,Present,"2026-04-18 17:23:03"
4562,42529,1571,2026-03-03,Present,"2026-04-18 17:23:03"
4563,3418,701,2026-03-06,Present,"2026-04-18 17:23:03"
4564,29786,1152,2026-03-05,Present,"2026-04-18 17:23:03"
4565,27263,964,2026-03-03,Absent,"2026-04-18 17:23:03"
4566,13926,1522,2026-03-04,Present,"2026-04-18 17:23:03"
4567,37143,1004,2026-03-06,Absent,"2026-04-18 17:23:03"
4568,8421,1951,2026-03-06,Present,"2026-04-18 17:23:03"
4569,40025,1948,2026-03-08,Present,"2026-04-18 17:23:03"
4570,26210,998,2026-03-01,Absent,"2026-04-18 17:23:03"
4571,26107,1333,2026-03-01,Present,"2026-04-18 17:23:03"
4572,21523,961,2026-03-09,Present,"2026-04-18 17:23:03"
4573,24957,901,2026-03-07,Present,"2026-04-18 17:23:03"
4574,47967,1948,2026-03-03,Present,"2026-04-18 17:23:03"
4575,13849,1960,2026-03-08,Absent,"2026-04-18 17:23:03"
4576,1583,1482,2026-03-01,Present,"2026-04-18 17:23:03"
4577,36849,1004,2026-03-03,Present,"2026-04-18 17:23:03"
4578,32663,911,2026-03-05,Present,"2026-04-18 17:23:03"
4579,19641,1365,2026-03-01,Present,"2026-04-18 17:23:03"
4580,27624,961,2026-03-02,Present,"2026-04-18 17:23:03"
4581,48790,961,2026-03-04,Present,"2026-04-18 17:23:03"
4582,5723,1170,2026-03-03,Present,"2026-04-18 17:23:03"
4583,25010,1778,2026-03-06,Absent,"2026-04-18 17:23:03"
4584,46062,573,2026-03-02,Absent,"2026-04-18 17:23:03"
4585,35233,1538,2026-03-03,Present,"2026-04-18 17:23:03"
4586,27342,1670,2026-03-05,Present,"2026-04-18 17:23:03"
4587,49540,808,2026-03-04,Present,"2026-04-18 17:23:03"
4588,32721,881,2026-03-10,Present,"2026-04-18 17:23:03"
4589,49062,1830,2026-03-02,Present,"2026-04-18 17:23:03"
4590,15579,1300,2026-03-04,Absent,"2026-04-18 17:23:03"
4591,37449,1216,2026-03-03,Present,"2026-04-18 17:23:03"
4592,8552,858,2026-03-04,Present,"2026-04-18 17:23:03"
4593,7502,1060,2026-03-07,Present,"2026-04-18 17:23:03"
4594,21202,1409,2026-03-02,Present,"2026-04-18 17:23:03"
4595,27774,756,2026-03-05,Absent,"2026-04-18 17:23:03"
4596,14192,1004,2026-03-04,Absent,"2026-04-18 17:23:03"
4597,3869,1908,2026-03-06,Present,"2026-04-18 17:23:03"
4598,43206,1055,2026-03-03,Present,"2026-04-18 17:23:03"
4599,6050,1948,2026-03-04,Present,"2026-04-18 17:23:03"
4600,45535,1212,2026-03-09,Present,"2026-04-18 17:23:03"
4601,27704,947,2026-03-02,Present,"2026-04-18 17:23:03"
4602,13091,1496,2026-03-07,Present,"2026-04-18 17:23:03"
4603,2663,858,2026-03-09,Present,"2026-04-18 17:23:03"
4604,47038,559,2026-03-02,Absent,"2026-04-18 17:23:03"
4605,12326,1787,2026-03-05,Present,"2026-04-18 17:23:03"
4606,26488,794,2026-03-10,Present,"2026-04-18 17:23:03"
4607,40287,792,2026-03-08,Present,"2026-04-18 17:23:03"
4608,26942,1228,2026-03-09,Present,"2026-04-18 17:23:03"
4609,37037,1170,2026-03-02,Present,"2026-04-18 17:23:03"
4610,45846,1365,2026-03-07,Present,"2026-04-18 17:23:03"
4611,36215,1522,2026-03-08,Present,"2026-04-18 17:23:03"
4612,4985,759,2026-03-04,Present,"2026-04-18 17:23:03"
4613,49023,1253,2026-03-02,Present,"2026-04-18 17:23:03"
4614,47095,1359,2026-03-06,Absent,"2026-04-18 17:23:03"
4615,45737,998,2026-03-09,Present,"2026-04-18 17:23:03"
4616,46544,1522,2026-03-06,Absent,"2026-04-18 17:23:03"
4617,14529,573,2026-03-06,Present,"2026-04-18 17:23:03"
4618,23125,876,2026-03-03,Present,"2026-04-18 17:23:03"
4619,44166,1435,2026-03-10,Present,"2026-04-18 17:23:03"
4620,42296,1170,2026-03-03,Present,"2026-04-18 17:23:03"
4621,34956,1482,2026-03-03,Present,"2026-04-18 17:23:03"
4622,17961,1102,2026-03-08,Present,"2026-04-18 17:23:03"
4623,47288,701,2026-03-07,Present,"2026-04-18 17:23:03"
4624,42523,1409,2026-03-08,Present,"2026-04-18 17:23:03"
4625,24826,1333,2026-03-06,Absent,"2026-04-18 17:23:03"
4626,26916,1677,2026-03-09,Present,"2026-04-18 17:23:03"
4627,21755,915,2026-03-08,Present,"2026-04-18 17:23:03"
4628,10140,735,2026-03-03,Present,"2026-04-18 17:23:03"
4629,49420,1202,2026-03-09,Present,"2026-04-18 17:23:03"
4630,18183,759,2026-03-09,Present,"2026-04-18 17:23:03"
4631,32892,1374,2026-03-06,Present,"2026-04-18 17:23:03"
4632,14342,1365,2026-03-03,Present,"2026-04-18 17:23:03"
4633,39209,1170,2026-03-03,Present,"2026-04-18 17:23:03"
4634,37715,1359,2026-03-09,Present,"2026-04-18 17:23:03"
4635,43034,1359,2026-03-05,Present,"2026-04-18 17:23:03"
4636,9983,513,2026-03-06,Present,"2026-04-18 17:23:03"
4637,20888,1538,2026-03-05,Absent,"2026-04-18 17:23:03"
4638,43601,1073,2026-03-01,Present,"2026-04-18 17:23:03"
4639,24003,1152,2026-03-01,Present,"2026-04-18 17:23:03"
4640,24191,1678,2026-03-10,Present,"2026-04-18 17:23:03"
4641,10448,1951,2026-03-04,Present,"2026-04-18 17:23:03"
4642,32267,531,2026-03-10,Absent,"2026-04-18 17:23:03"
4643,43120,1034,2026-03-06,Present,"2026-04-18 17:23:03"
4644,47706,1292,2026-03-07,Absent,"2026-04-18 17:23:03"
4645,28158,1487,2026-03-09,Present,"2026-04-18 17:23:03"
4646,16924,1571,2026-03-02,Present,"2026-04-18 17:23:03"
4647,16869,1300,2026-03-09,Present,"2026-04-18 17:23:03"
4648,17768,559,2026-03-09,Present,"2026-04-18 17:23:03"
4649,34855,1984,2026-03-08,Present,"2026-04-18 17:23:03"
4650,9057,513,2026-03-07,Present,"2026-04-18 17:23:03"
4651,27105,1300,2026-03-01,Present,"2026-04-18 17:23:03"
4652,4198,701,2026-03-10,Present,"2026-04-18 17:23:03"
4653,9842,669,2026-03-02,Present,"2026-04-18 17:23:03"
4654,35749,531,2026-03-07,Present,"2026-04-18 17:23:03"
4655,18829,1036,2026-03-07,Present,"2026-04-18 17:23:03"
4656,46756,1700,2026-03-05,Absent,"2026-04-18 17:23:03"
4657,22226,575,2026-03-06,Present,"2026-04-18 17:23:03"
4658,4133,964,2026-03-06,Present,"2026-04-18 17:23:03"
4659,18213,573,2026-03-05,Present,"2026-04-18 17:23:03"
4660,23443,1292,2026-03-07,Absent,"2026-04-18 17:23:03"
4661,6816,1949,2026-03-01,Present,"2026-04-18 17:23:03"
4662,48170,1949,2026-03-03,Present,"2026-04-18 17:23:03"
4663,24993,1409,2026-03-06,Present,"2026-04-18 17:23:03"
4664,43266,1365,2026-03-10,Present,"2026-04-18 17:23:03"
4665,47216,1587,2026-03-03,Present,"2026-04-18 17:23:03"
4666,9979,1216,2026-03-08,Present,"2026-04-18 17:23:03"
4667,16904,759,2026-03-02,Absent,"2026-04-18 17:23:03"
4668,42124,808,2026-03-01,Present,"2026-04-18 17:23:03"
4669,41739,1228,2026-03-06,Present,"2026-04-18 17:23:03"
4670,4994,584,2026-03-03,Present,"2026-04-18 17:23:03"
4671,21980,1435,2026-03-04,Present,"2026-04-18 17:23:03"
4672,16210,1949,2026-03-06,Present,"2026-04-18 17:23:03"
4673,27065,1914,2026-03-09,Present,"2026-04-18 17:23:03"
4674,35021,1435,2026-03-02,Present,"2026-04-18 17:23:03"
4675,1746,1700,2026-03-02,Present,"2026-04-18 17:23:03"
4676,30572,1914,2026-03-08,Present,"2026-04-18 17:23:03"
4677,31014,1754,2026-03-10,Present,"2026-04-18 17:23:03"
4678,35823,735,2026-03-04,Present,"2026-04-18 17:23:03"
4679,13312,735,2026-03-10,Present,"2026-04-18 17:23:03"
4680,32070,901,2026-03-03,Present,"2026-04-18 17:23:03"
4681,18886,531,2026-03-06,Present,"2026-04-18 17:23:03"
4682,27653,1202,2026-03-05,Present,"2026-04-18 17:23:03"
4683,30341,1538,2026-03-09,Present,"2026-04-18 17:23:03"
4684,34036,1830,2026-03-07,Present,"2026-04-18 17:23:03"
4685,22725,1333,2026-03-03,Present,"2026-04-18 17:23:03"
4686,1264,1913,2026-03-04,Present,"2026-04-18 17:23:03"
4687,23524,876,2026-03-06,Present,"2026-04-18 17:23:03"
4688,47972,1073,2026-03-09,Present,"2026-04-18 17:23:03"
4689,14393,1670,2026-03-09,Present,"2026-04-18 17:23:03"
4690,5507,1908,2026-03-10,Present,"2026-04-18 17:23:03"
4691,2628,1359,2026-03-05,Present,"2026-04-18 17:23:03"
4692,10671,962,2026-03-09,Present,"2026-04-18 17:23:03"
4693,14927,1948,2026-03-08,Present,"2026-04-18 17:23:03"
4694,14416,1300,2026-03-03,Present,"2026-04-18 17:23:03"
4695,9192,1101,2026-03-03,Present,"2026-04-18 17:23:03"
4696,30967,1102,2026-03-03,Present,"2026-04-18 17:23:03"
4697,9299,1300,2026-03-02,Present,"2026-04-18 17:23:03"
4698,46311,559,2026-03-04,Absent,"2026-04-18 17:23:03"
4699,36038,1343,2026-03-10,Present,"2026-04-18 17:23:03"
4700,31153,1754,2026-03-05,Present,"2026-04-18 17:23:03"
4701,28846,1677,2026-03-06,Present,"2026-04-18 17:23:03"
4702,4806,1538,2026-03-10,Present,"2026-04-18 17:23:03"
4703,40287,792,2026-03-07,Present,"2026-04-18 17:23:03"
4704,35079,1987,2026-03-07,Present,"2026-04-18 17:23:03"
4705,2927,1834,2026-03-02,Present,"2026-04-18 17:23:03"
4706,9862,1987,2026-03-06,Present,"2026-04-18 17:23:03"
4707,43288,1482,2026-03-05,Absent,"2026-04-18 17:23:03"
4708,6409,1216,2026-03-08,Present,"2026-04-18 17:23:03"
4709,14763,876,2026-03-10,Present,"2026-04-18 17:23:03"
4710,2784,1914,2026-03-09,Present,"2026-04-18 17:23:03"
4711,19521,1333,2026-03-08,Present,"2026-04-18 17:23:03"
4712,12097,1343,2026-03-07,Absent,"2026-04-18 17:23:03"
4713,28309,808,2026-03-09,Present,"2026-04-18 17:23:03"
4714,6773,1571,2026-03-07,Present,"2026-04-18 17:23:03"
4715,15922,808,2026-03-03,Present,"2026-04-18 17:23:03"
4716,23903,1960,2026-03-03,Present,"2026-04-18 17:23:03"
4717,32062,1754,2026-03-01,Present,"2026-04-18 17:23:03"
4718,18275,814,2026-03-04,Present,"2026-04-18 17:23:03"
4719,42236,876,2026-03-09,Absent,"2026-04-18 17:23:03"
4720,48789,1034,2026-03-07,Present,"2026-04-18 17:23:03"
4721,21086,792,2026-03-02,Present,"2026-04-18 17:23:03"
4722,9899,1409,2026-03-02,Present,"2026-04-18 17:23:03"
4723,31711,962,2026-03-03,Present,"2026-04-18 17:23:03"
4724,6043,1005,2026-03-06,Present,"2026-04-18 17:23:03"
4725,18750,834,2026-03-07,Present,"2026-04-18 17:23:03"
4726,38765,1778,2026-03-05,Absent,"2026-04-18 17:23:03"
4727,8149,1984,2026-03-05,Absent,"2026-04-18 17:23:03"
4728,25248,1553,2026-03-03,Present,"2026-04-18 17:23:03"
4729,31342,916,2026-03-08,Present,"2026-04-18 17:23:03"
4730,29553,881,2026-03-07,Present,"2026-04-18 17:23:03"
4731,40539,1587,2026-03-04,Present,"2026-04-18 17:23:03"
4732,33542,964,2026-03-04,Present,"2026-04-18 17:23:03"
4733,11931,1212,2026-03-04,Absent,"2026-04-18 17:23:03"
4734,45035,1409,2026-03-10,Present,"2026-04-18 17:23:03"
4735,2789,1830,2026-03-07,Absent,"2026-04-18 17:23:03"
4736,3140,1678,2026-03-02,Present,"2026-04-18 17:23:03"
4737,37548,1908,2026-03-10,Present,"2026-04-18 17:23:03"
4738,44578,1359,2026-03-01,Present,"2026-04-18 17:23:03"
4739,37212,1830,2026-03-10,Absent,"2026-04-18 17:23:03"
4740,23251,1228,2026-03-02,Absent,"2026-04-18 17:23:03"
4741,13220,911,2026-03-01,Present,"2026-04-18 17:23:03"
4742,9373,1036,2026-03-02,Present,"2026-04-18 17:23:03"
4743,38146,1101,2026-03-05,Absent,"2026-04-18 17:23:03"
4744,819,1951,2026-03-01,Present,"2026-04-18 17:23:03"
4745,10049,1352,2026-03-06,Absent,"2026-04-18 17:23:03"
4746,31951,915,2026-03-09,Present,"2026-04-18 17:23:03"
4747,27704,575,2026-03-01,Absent,"2026-04-18 17:23:03"
4748,1808,1352,2026-03-09,Absent,"2026-04-18 17:23:03"
4749,40934,531,2026-03-08,Present,"2026-04-18 17:23:03"
4750,29072,1754,2026-03-10,Present,"2026-04-18 17:23:03"
4751,46608,1184,2026-03-07,Present,"2026-04-18 17:23:03"
4752,1248,1102,2026-03-09,Present,"2026-04-18 17:23:03"
4753,38707,1435,2026-03-02,Present,"2026-04-18 17:23:03"
4754,15716,531,2026-03-06,Absent,"2026-04-18 17:23:03"
4755,6109,1949,2026-03-03,Present,"2026-04-18 17:23:03"
4756,43282,1176,2026-03-03,Present,"2026-04-18 17:23:03"
4757,40201,998,2026-03-06,Absent,"2026-04-18 17:23:03"
4758,20562,1948,2026-03-09,Absent,"2026-04-18 17:23:03"
4759,10653,792,2026-03-04,Present,"2026-04-18 17:23:03"
4760,42040,701,2026-03-03,Absent,"2026-04-18 17:23:03"
4761,33826,1359,2026-03-03,Present,"2026-04-18 17:23:03"
4762,33734,1034,2026-03-10,Present,"2026-04-18 17:23:03"
4763,47800,1212,2026-03-10,Absent,"2026-04-18 17:23:03"
4764,21820,712,2026-03-09,Present,"2026-04-18 17:23:03"
4765,6312,1960,2026-03-09,Present,"2026-04-18 17:23:03"
4766,32011,962,2026-03-07,Present,"2026-04-18 17:23:03"
4767,12444,915,2026-03-09,Present,"2026-04-18 17:23:03"
4768,27624,1908,2026-03-10,Absent,"2026-04-18 17:23:03"
4769,38146,1216,2026-03-05,Present,"2026-04-18 17:23:03"
4770,30448,1409,2026-03-07,Present,"2026-04-18 17:23:03"
4771,39154,1522,2026-03-06,Present,"2026-04-18 17:23:03"
4772,9273,1253,2026-03-09,Present,"2026-04-18 17:23:03"
4773,4652,1598,2026-03-03,Absent,"2026-04-18 17:23:03"
4774,26319,1948,2026-03-09,Absent,"2026-04-18 17:23:03"
4775,37824,1352,2026-03-08,Present,"2026-04-18 17:23:03"
4776,15504,964,2026-03-06,Present,"2026-04-18 17:23:03"
4777,34735,735,2026-03-02,Absent,"2026-04-18 17:23:03"
4778,9516,1522,2026-03-07,Present,"2026-04-18 17:23:03"
4779,23122,759,2026-03-01,Absent,"2026-04-18 17:23:03"
4780,9468,669,2026-03-10,Absent,"2026-04-18 17:23:03"
4781,9666,1060,2026-03-05,Present,"2026-04-18 17:23:03"
4782,31745,1555,2026-03-02,Absent,"2026-04-18 17:23:03"
4783,7054,759,2026-03-07,Present,"2026-04-18 17:23:03"
4784,31576,1487,2026-03-10,Present,"2026-04-18 17:23:03"
4785,19540,654,2026-03-05,Absent,"2026-04-18 17:23:03"
4786,3906,834,2026-03-04,Absent,"2026-04-18 17:23:03"
4787,24773,1212,2026-03-03,Present,"2026-04-18 17:23:03"
4788,666,1571,2026-03-02,Present,"2026-04-18 17:23:03"
4789,38194,1352,2026-03-02,Present,"2026-04-18 17:23:03"
4790,38084,531,2026-03-05,Present,"2026-04-18 17:23:03"
4791,42514,1522,2026-03-05,Present,"2026-04-18 17:23:03"
4792,42527,1422,2026-03-05,Absent,"2026-04-18 17:23:03"
4793,39168,559,2026-03-01,Present,"2026-04-18 17:23:03"
4794,23424,1700,2026-03-07,Present,"2026-04-18 17:23:03"
4795,38165,513,2026-03-06,Present,"2026-04-18 17:23:03"
4796,31531,1908,2026-03-04,Present,"2026-04-18 17:23:03"
4797,39910,1216,2026-03-08,Present,"2026-04-18 17:23:03"
4798,15959,1948,2026-03-01,Present,"2026-04-18 17:23:03"
4799,4071,1496,2026-03-08,Present,"2026-04-18 17:23:03"
4800,24532,1987,2026-03-03,Absent,"2026-04-18 17:23:03"
4801,5784,901,2026-03-07,Absent,"2026-04-18 17:23:03"
4802,4979,1517,2026-03-05,Present,"2026-04-18 17:23:03"
4803,18663,1365,2026-03-10,Present,"2026-04-18 17:23:03"
4804,27743,766,2026-03-07,Present,"2026-04-18 17:23:03"
4805,5017,1292,2026-03-04,Absent,"2026-04-18 17:23:03"
4806,27321,973,2026-03-09,Present,"2026-04-18 17:23:03"
4807,18768,1949,2026-03-09,Absent,"2026-04-18 17:23:03"
4808,23325,1228,2026-03-05,Present,"2026-04-18 17:23:03"
4809,23581,794,2026-03-07,Present,"2026-04-18 17:23:03"
4810,28438,1202,2026-03-01,Present,"2026-04-18 17:23:03"
4811,26669,858,2026-03-04,Present,"2026-04-18 17:23:03"
4812,1457,1170,2026-03-05,Present,"2026-04-18 17:23:03"
4813,666,1987,2026-03-06,Present,"2026-04-18 17:23:03"
4814,19620,794,2026-03-07,Absent,"2026-04-18 17:23:03"
4815,26180,1060,2026-03-10,Present,"2026-04-18 17:23:03"
4816,25773,1184,2026-03-04,Present,"2026-04-18 17:23:03"
4817,844,964,2026-03-09,Present,"2026-04-18 17:23:03"
4818,49611,1004,2026-03-07,Present,"2026-04-18 17:23:03"
4819,26014,1587,2026-03-08,Present,"2026-04-18 17:23:03"
4820,23581,1677,2026-03-06,Present,"2026-04-18 17:23:03"
4821,13873,1984,2026-03-02,Present,"2026-04-18 17:23:03"
4822,27710,901,2026-03-04,Present,"2026-04-18 17:23:03"
4823,44273,1300,2026-03-08,Present,"2026-04-18 17:23:03"
4824,43968,1757,2026-03-04,Present,"2026-04-18 17:23:03"
4825,11167,1677,2026-03-10,Absent,"2026-04-18 17:23:03"
4826,40887,1778,2026-03-09,Present,"2026-04-18 17:23:03"
4827,15441,1365,2026-03-02,Absent,"2026-04-18 17:23:03"
4828,45039,1060,2026-03-01,Present,"2026-04-18 17:23:03"
4829,29522,1678,2026-03-06,Absent,"2026-04-18 17:23:03"
4830,26280,1553,2026-03-08,Present,"2026-04-18 17:23:03"
4831,19551,575,2026-03-06,Present,"2026-04-18 17:23:03"
4832,23592,876,2026-03-04,Present,"2026-04-18 17:23:03"
4833,450,701,2026-03-09,Present,"2026-04-18 17:23:03"
4834,39691,1974,2026-03-03,Present,"2026-04-18 17:23:03"
4835,4469,1830,2026-03-01,Present,"2026-04-18 17:23:03"
4836,37831,1152,2026-03-03,Present,"2026-04-18 17:23:03"
4837,12538,573,2026-03-04,Present,"2026-04-18 17:23:03"
4838,7669,876,2026-03-08,Present,"2026-04-18 17:23:03"
4839,15931,573,2026-03-03,Present,"2026-04-18 17:23:03"
4840,13098,1374,2026-03-03,Absent,"2026-04-18 17:23:03"
4841,45979,1060,2026-03-08,Present,"2026-04-18 17:23:03"
4842,34346,1974,2026-03-09,Present,"2026-04-18 17:23:03"
4843,13325,1949,2026-03-06,Present,"2026-04-18 17:23:03"
4844,2442,881,2026-03-02,Present,"2026-04-18 17:23:03"
4845,22159,916,2026-03-07,Present,"2026-04-18 17:23:03"
4846,27480,1184,2026-03-07,Present,"2026-04-18 17:23:03"
4847,8664,1677,2026-03-07,Present,"2026-04-18 17:23:03"
4848,47607,1587,2026-03-06,Absent,"2026-04-18 17:23:03"
4849,33304,1670,2026-03-03,Absent,"2026-04-18 17:23:03"
4850,32547,1055,2026-03-03,Present,"2026-04-18 17:23:03"
4851,40893,1675,2026-03-01,Present,"2026-04-18 17:23:03"
4852,8946,808,2026-03-05,Present,"2026-04-18 17:23:03"
4853,38229,1170,2026-03-08,Absent,"2026-04-18 17:23:03"
4854,28391,766,2026-03-04,Present,"2026-04-18 17:23:03"
4855,17802,1435,2026-03-06,Present,"2026-04-18 17:23:03"
4856,11032,1908,2026-03-08,Present,"2026-04-18 17:23:03"
4857,35360,759,2026-03-08,Present,"2026-04-18 17:23:03"
4858,12746,1300,2026-03-03,Present,"2026-04-18 17:23:03"
4859,3012,1036,2026-03-09,Present,"2026-04-18 17:23:03"
4860,35053,1908,2026-03-08,Present,"2026-04-18 17:23:03"
4861,26181,559,2026-03-07,Present,"2026-04-18 17:23:03"
4862,43374,624,2026-03-08,Present,"2026-04-18 17:23:03"
4863,43754,669,2026-03-03,Present,"2026-04-18 17:23:03"
4864,2218,794,2026-03-01,Present,"2026-04-18 17:23:03"
4865,38436,1036,2026-03-01,Present,"2026-04-18 17:23:03"
4866,26694,1057,2026-03-04,Present,"2026-04-18 17:23:03"
4867,25372,973,2026-03-06,Present,"2026-04-18 17:23:03"
4868,6979,901,2026-03-01,Present,"2026-04-18 17:23:03"
4869,41569,858,2026-03-09,Present,"2026-04-18 17:23:03"
4870,25197,1036,2026-03-04,Present,"2026-04-18 17:23:03"
4871,47799,911,2026-03-06,Present,"2026-04-18 17:23:03"
4872,7006,858,2026-03-10,Absent,"2026-04-18 17:23:03"
4873,11094,1949,2026-03-06,Present,"2026-04-18 17:23:03"
4874,49295,1787,2026-03-10,Present,"2026-04-18 17:23:03"
4875,41651,1422,2026-03-09,Present,"2026-04-18 17:23:03"
4876,33639,1343,2026-03-06,Absent,"2026-04-18 17:23:03"
4877,3550,881,2026-03-06,Present,"2026-04-18 17:23:03"
4878,6950,1830,2026-03-04,Present,"2026-04-18 17:23:03"
4879,14621,573,2026-03-07,Present,"2026-04-18 17:23:03"
4880,11654,1435,2026-03-03,Present,"2026-04-18 17:23:03"
4881,11064,1517,2026-03-02,Absent,"2026-04-18 17:23:03"
4882,27679,1778,2026-03-10,Present,"2026-04-18 17:23:03"
4883,40424,531,2026-03-02,Present,"2026-04-18 17:23:03"
4884,849,947,2026-03-05,Present,"2026-04-18 17:23:03"
4885,16514,1170,2026-03-02,Present,"2026-04-18 17:23:03"
4886,42556,1948,2026-03-07,Present,"2026-04-18 17:23:03"
4887,19269,792,2026-03-04,Present,"2026-04-18 17:23:03"
4888,39663,1960,2026-03-06,Present,"2026-04-18 17:23:03"
4889,1186,916,2026-03-01,Absent,"2026-04-18 17:23:03"
4890,38377,624,2026-03-08,Present,"2026-04-18 17:23:03"
4891,11303,1553,2026-03-05,Present,"2026-04-18 17:23:03"
4892,24933,1960,2026-03-08,Present,"2026-04-18 17:23:03"
4893,32197,1984,2026-03-05,Present,"2026-04-18 17:23:03"
4894,16364,531,2026-03-07,Present,"2026-04-18 17:23:03"
4895,33387,962,2026-03-02,Present,"2026-04-18 17:23:03"
4896,11325,1974,2026-03-08,Present,"2026-04-18 17:23:03"
4897,4676,1359,2026-03-04,Present,"2026-04-18 17:23:03"
4898,19873,1948,2026-03-07,Present,"2026-04-18 17:23:03"
4899,26443,1170,2026-03-02,Present,"2026-04-18 17:23:03"
4900,746,881,2026-03-02,Present,"2026-04-18 17:23:03"
4901,2812,1496,2026-03-04,Present,"2026-04-18 17:23:03"
4902,36088,906,2026-03-04,Present,"2026-04-18 17:23:03"
4903,31990,1101,2026-03-05,Present,"2026-04-18 17:23:03"
4904,42678,876,2026-03-10,Present,"2026-04-18 17:23:03"
4905,49804,513,2026-03-01,Present,"2026-04-18 17:23:03"
4906,31896,1352,2026-03-08,Present,"2026-04-18 17:23:03"
4907,40112,1700,2026-03-08,Present,"2026-04-18 17:23:03"
4908,44401,1422,2026-03-03,Present,"2026-04-18 17:23:03"
4909,5191,1374,2026-03-07,Present,"2026-04-18 17:23:03"
4910,45488,1152,2026-03-10,Present,"2026-04-18 17:23:03"
4911,38955,559,2026-03-06,Absent,"2026-04-18 17:23:03"
4912,3509,1778,2026-03-05,Present,"2026-04-18 17:23:03"
4913,37334,794,2026-03-06,Present,"2026-04-18 17:23:03"
4914,12564,1974,2026-03-05,Present,"2026-04-18 17:23:03"
4915,48396,1057,2026-03-03,Present,"2026-04-18 17:23:03"
4916,14043,1951,2026-03-09,Present,"2026-04-18 17:23:03"
4917,46956,1482,2026-03-09,Present,"2026-04-18 17:23:03"
4918,20650,1202,2026-03-07,Present,"2026-04-18 17:23:03"
4919,39559,1700,2026-03-10,Absent,"2026-04-18 17:23:03"
4920,18790,1422,2026-03-05,Present,"2026-04-18 17:23:03"
4921,37210,1359,2026-03-01,Present,"2026-04-18 17:23:03"
4922,40864,1587,2026-03-09,Present,"2026-04-18 17:23:03"
4923,40660,1678,2026-03-04,Present,"2026-04-18 17:23:03"
4924,33101,794,2026-03-05,Present,"2026-04-18 17:23:03"
4925,15076,1949,2026-03-01,Present,"2026-04-18 17:23:03"
4926,17823,947,2026-03-06,Present,"2026-04-18 17:23:03"
4927,44344,1212,2026-03-09,Present,"2026-04-18 17:23:03"
4928,3232,1678,2026-03-05,Present,"2026-04-18 17:23:03"
4929,41013,1228,2026-03-06,Present,"2026-04-18 17:23:03"
4930,49312,531,2026-03-07,Absent,"2026-04-18 17:23:03"
4931,39237,1292,2026-03-05,Absent,"2026-04-18 17:23:03"
4932,38624,911,2026-03-05,Present,"2026-04-18 17:23:03"
4933,7059,1057,2026-03-04,Present,"2026-04-18 17:23:03"
4934,21655,1677,2026-03-10,Absent,"2026-04-18 17:23:03"
4935,1728,962,2026-03-06,Present,"2026-04-18 17:23:03"
4936,26275,1571,2026-03-07,Absent,"2026-04-18 17:23:03"
4937,6433,756,2026-03-06,Present,"2026-04-18 17:23:03"
4938,34630,858,2026-03-09,Present,"2026-04-18 17:23:03"
4939,14399,1057,2026-03-08,Present,"2026-04-18 17:23:03"
4940,25553,766,2026-03-08,Present,"2026-04-18 17:23:03"
4941,20435,654,2026-03-09,Present,"2026-04-18 17:23:03"
4942,45921,906,2026-03-04,Present,"2026-04-18 17:23:03"
4943,20149,1778,2026-03-03,Present,"2026-04-18 17:23:03"
4944,25233,701,2026-03-05,Present,"2026-04-18 17:23:03"
4945,41080,1830,2026-03-05,Present,"2026-04-18 17:23:03"
4946,46459,1359,2026-03-09,Present,"2026-04-18 17:23:03"
4947,34119,1675,2026-03-02,Present,"2026-04-18 17:23:03"
4948,25016,1164,2026-03-06,Absent,"2026-04-18 17:23:03"
4949,43175,573,2026-03-09,Present,"2026-04-18 17:23:03"
4950,43407,962,2026-03-08,Present,"2026-04-18 17:23:03"
4951,20639,1787,2026-03-09,Present,"2026-04-18 17:23:03"
4952,49427,973,2026-03-08,Present,"2026-04-18 17:23:03"
4953,49090,1987,2026-03-06,Absent,"2026-04-18 17:23:03"
4954,21391,1216,2026-03-03,Present,"2026-04-18 17:23:03"
4955,49819,1055,2026-03-07,Present,"2026-04-18 17:23:03"
4956,650,1974,2026-03-02,Present,"2026-04-18 17:23:03"
4957,46837,998,2026-03-08,Present,"2026-04-18 17:23:03"
4958,22482,1908,2026-03-01,Present,"2026-04-18 17:23:03"
4959,2541,1960,2026-03-10,Present,"2026-04-18 17:23:03"
4960,746,876,2026-03-10,Present,"2026-04-18 17:23:03"
4961,18526,961,2026-03-02,Present,"2026-04-18 17:23:03"
4962,26988,906,2026-03-02,Absent,"2026-04-18 17:23:03"
4963,34049,1951,2026-03-04,Present,"2026-04-18 17:23:03"
4964,37808,1374,2026-03-03,Absent,"2026-04-18 17:23:03"
4965,34055,1914,2026-03-10,Present,"2026-04-18 17:23:03"
4966,47177,531,2026-03-05,Present,"2026-04-18 17:23:03"
4967,18403,1057,2026-03-05,Present,"2026-04-18 17:23:03"
4968,36812,1949,2026-03-10,Present,"2026-04-18 17:23:03"
4969,29307,1060,2026-03-01,Present,"2026-04-18 17:23:03"
4970,18518,1170,2026-03-08,Present,"2026-04-18 17:23:03"
4971,19579,1496,2026-03-10,Present,"2026-04-18 17:23:03"
4972,33577,712,2026-03-06,Present,"2026-04-18 17:23:03"
4973,39489,1757,2026-03-04,Present,"2026-04-18 17:23:03"
4974,16763,1496,2026-03-06,Absent,"2026-04-18 17:23:03"
4975,16405,513,2026-03-01,Present,"2026-04-18 17:23:03"
4976,32221,858,2026-03-03,Present,"2026-04-18 17:23:03"
4977,40999,1004,2026-03-04,Present,"2026-04-18 17:23:03"
4978,20512,1524,2026-03-08,Present,"2026-04-18 17:23:03"
4979,23697,1487,2026-03-07,Absent,"2026-04-18 17:23:03"
4980,13434,1677,2026-03-06,Present,"2026-04-18 17:23:03"
4981,1636,1522,2026-03-10,Present,"2026-04-18 17:23:03"
4982,28995,1538,2026-03-01,Present,"2026-04-18 17:23:03"
4983,2886,1343,2026-03-07,Present,"2026-04-18 17:23:03"
4984,42324,1984,2026-03-02,Present,"2026-04-18 17:23:03"
4985,7513,1073,2026-03-01,Present,"2026-04-18 17:23:03"
4986,10673,1409,2026-03-05,Present,"2026-04-18 17:23:03"
4987,34471,1036,2026-03-05,Present,"2026-04-18 17:23:03"
4988,40262,808,2026-03-08,Present,"2026-04-18 17:23:03"
4989,24415,624,2026-03-09,Present,"2026-04-18 17:23:03"
4990,19892,1359,2026-03-09,Present,"2026-04-18 17:23:03"
4991,44491,1948,2026-03-05,Present,"2026-04-18 17:23:03"
4992,2606,916,2026-03-10,Absent,"2026-04-18 17:23:03"
4993,4652,1073,2026-03-09,Present,"2026-04-18 17:23:03"
4994,46258,1587,2026-03-06,Present,"2026-04-18 17:23:03"
4995,30322,814,2026-03-09,Present,"2026-04-18 17:23:03"
4996,18499,1675,2026-03-08,Present,"2026-04-18 17:23:03"
4997,2297,1487,2026-03-08,Present,"2026-04-18 17:23:03"
4998,43813,1374,2026-03-03,Present,"2026-04-18 17:23:03"
4999,17231,701,2026-03-03,Present,"2026-04-18 17:23:03"
5000,39495,947,2026-03-05,Present,"2026-04-18 17:23:03"
5001,19495,808,2026-03-05,Present,"2026-04-18 17:23:03"
5002,38745,1908,2026-03-09,Present,"2026-04-18 17:23:03"
5003,19476,1184,2026-03-06,Present,"2026-04-18 17:23:03"
5004,42616,808,2026-03-06,Present,"2026-04-18 17:23:03"
5005,34050,1055,2026-03-02,Absent,"2026-04-18 17:23:03"
5006,38777,1496,2026-03-08,Present,"2026-04-18 17:23:03"
5007,37212,962,2026-03-03,Absent,"2026-04-18 17:23:03"
5008,23012,1778,2026-03-07,Present,"2026-04-18 17:23:03"
5009,19944,1587,2026-03-08,Absent,"2026-04-18 17:23:03"
5010,20808,1670,2026-03-01,Absent,"2026-04-18 17:23:03"
5011,22221,1212,2026-03-01,Absent,"2026-04-18 17:23:03"
5012,37027,701,2026-03-04,Present,"2026-04-18 17:23:03"
5013,14393,1670,2026-03-01,Present,"2026-04-18 17:23:03"
5014,44976,1482,2026-03-09,Present,"2026-04-18 17:23:03"
5015,33681,1102,2026-03-04,Present,"2026-04-18 17:23:03"
5016,4578,876,2026-03-09,Absent,"2026-04-18 17:23:03"
5017,44751,654,2026-03-10,Present,"2026-04-18 17:23:03"
5018,5316,1184,2026-03-10,Present,"2026-04-18 17:23:03"
5019,26640,1496,2026-03-08,Present,"2026-04-18 17:23:03"
5020,39061,998,2026-03-08,Present,"2026-04-18 17:23:03"
5021,9736,1352,2026-03-03,Present,"2026-04-18 17:23:03"
5022,48280,858,2026-03-06,Absent,"2026-04-18 17:23:03"
5023,24217,1409,2026-03-05,Absent,"2026-04-18 17:23:03"
5024,14657,1677,2026-03-03,Present,"2026-04-18 17:23:03"
5025,23971,513,2026-03-06,Present,"2026-04-18 17:23:03"
5026,8542,1365,2026-03-02,Present,"2026-04-18 17:23:03"
5027,1969,531,2026-03-05,Present,"2026-04-18 17:23:03"
5028,2458,1830,2026-03-01,Present,"2026-04-18 17:23:03"
5029,2708,1949,2026-03-09,Present,"2026-04-18 17:23:03"
5030,8105,1787,2026-03-06,Present,"2026-04-18 17:23:03"
5031,7959,915,2026-03-01,Present,"2026-04-18 17:23:03"
5032,32096,1340,2026-03-05,Present,"2026-04-18 17:23:03"
5033,9008,1036,2026-03-08,Present,"2026-04-18 17:23:03"
5034,16955,1834,2026-03-08,Present,"2026-04-18 17:23:03"
5035,27342,1060,2026-03-02,Present,"2026-04-18 17:23:03"
5036,23622,1164,2026-03-10,Absent,"2026-04-18 17:23:03"
5037,30943,1365,2026-03-10,Present,"2026-04-18 17:23:03"
5038,24152,559,2026-03-09,Present,"2026-04-18 17:23:03"
5039,21567,1170,2026-03-08,Present,"2026-04-18 17:23:03"
5040,39182,1951,2026-03-10,Present,"2026-04-18 17:23:03"
5041,33565,1004,2026-03-02,Present,"2026-04-18 17:23:03"
5042,7303,1212,2026-03-04,Present,"2026-04-18 17:23:03"
5043,35655,1678,2026-03-08,Present,"2026-04-18 17:23:03"
5044,27729,961,2026-03-01,Absent,"2026-04-18 17:23:03"
5045,13354,1974,2026-03-09,Present,"2026-04-18 17:23:03"
5046,21124,624,2026-03-06,Absent,"2026-04-18 17:23:03"
5047,33053,1524,2026-03-02,Absent,"2026-04-18 17:23:03"
5048,28291,559,2026-03-10,Present,"2026-04-18 17:23:03"
5049,27361,1073,2026-03-04,Present,"2026-04-18 17:23:03"
5050,28449,1913,2026-03-05,Present,"2026-04-18 17:23:03"
5051,37660,1960,2026-03-02,Present,"2026-04-18 17:23:03"
5052,30839,1913,2026-03-06,Absent,"2026-04-18 17:23:03"
5053,49887,1422,2026-03-02,Present,"2026-04-18 17:23:03"
5054,13257,1960,2026-03-08,Present,"2026-04-18 17:23:03"
5055,23023,947,2026-03-02,Present,"2026-04-18 17:23:03"
5056,29156,1073,2026-03-03,Present,"2026-04-18 17:23:03"
5057,46939,1422,2026-03-09,Absent,"2026-04-18 17:23:03"
5058,28030,1778,2026-03-10,Present,"2026-04-18 17:23:03"
5059,13617,1787,2026-03-10,Present,"2026-04-18 17:23:03"
5060,5608,1787,2026-03-06,Absent,"2026-04-18 17:23:03"
5061,26786,618,2026-03-06,Present,"2026-04-18 17:23:03"
5062,7577,794,2026-03-09,Present,"2026-04-18 17:23:03"
5063,25168,1102,2026-03-05,Present,"2026-04-18 17:23:03"
5064,31333,1176,2026-03-07,Present,"2026-04-18 17:23:03"
5065,1959,1184,2026-03-10,Present,"2026-04-18 17:23:03"
5066,24709,573,2026-03-04,Present,"2026-04-18 17:23:03"
5067,22723,1005,2026-03-08,Present,"2026-04-18 17:23:03"
5068,11333,1598,2026-03-02,Present,"2026-04-18 17:23:03"
5069,34640,1496,2026-03-07,Absent,"2026-04-18 17:23:03"
5070,46622,575,2026-03-04,Absent,"2026-04-18 17:23:03"
5071,8282,1675,2026-03-10,Present,"2026-04-18 17:23:03"
5072,23895,573,2026-03-02,Absent,"2026-04-18 17:23:03"
5073,24383,1949,2026-03-10,Present,"2026-04-18 17:23:03"
5074,22845,1949,2026-03-02,Absent,"2026-04-18 17:23:03"
5075,22174,531,2026-03-08,Present,"2026-04-18 17:23:03"
5076,12228,1374,2026-03-08,Present,"2026-04-18 17:23:03"
5077,2692,1778,2026-03-02,Present,"2026-04-18 17:23:03"
5078,13411,962,2026-03-06,Present,"2026-04-18 17:23:03"
5079,30943,1333,2026-03-09,Present,"2026-04-18 17:23:03"
5080,2369,1949,2026-03-02,Present,"2026-04-18 17:23:03"
5081,4804,1300,2026-03-02,Present,"2026-04-18 17:23:03"
5082,31385,766,2026-03-10,Present,"2026-04-18 17:23:03"
5083,25185,1757,2026-03-02,Present,"2026-04-18 17:23:03"
5084,6527,559,2026-03-07,Present,"2026-04-18 17:23:03"
5085,22868,1005,2026-03-06,Present,"2026-04-18 17:23:03"
5086,9593,1834,2026-03-10,Present,"2026-04-18 17:23:03"
5087,49705,1670,2026-03-02,Present,"2026-04-18 17:23:03"
5088,41517,1352,2026-03-01,Present,"2026-04-18 17:23:03"
5089,18403,1164,2026-03-08,Present,"2026-04-18 17:23:03"
5090,47232,1908,2026-03-02,Present,"2026-04-18 17:23:03"
5091,49291,1060,2026-03-08,Present,"2026-04-18 17:23:03"
5092,39140,876,2026-03-04,Present,"2026-04-18 17:23:03"
5093,9077,1228,2026-03-04,Present,"2026-04-18 17:23:03"
5094,22332,1555,2026-03-07,Present,"2026-04-18 17:23:03"
5095,33372,1974,2026-03-08,Present,"2026-04-18 17:23:03"
5096,36333,1834,2026-03-01,Absent,"2026-04-18 17:23:03"
5097,33888,901,2026-03-07,Present,"2026-04-18 17:23:03"
5098,29115,1202,2026-03-08,Present,"2026-04-18 17:23:03"
5099,1128,618,2026-03-05,Present,"2026-04-18 17:23:03"
5100,31729,573,2026-03-08,Absent,"2026-04-18 17:23:03"
5101,19891,1834,2026-03-03,Present,"2026-04-18 17:23:03"
5102,14809,1101,2026-03-06,Present,"2026-04-18 17:23:03"
5103,14870,1333,2026-03-07,Present,"2026-04-18 17:23:03"
5104,16976,1184,2026-03-08,Present,"2026-04-18 17:23:03"
5105,20728,1036,2026-03-07,Present,"2026-04-18 17:23:03"
5106,47755,1951,2026-03-06,Present,"2026-04-18 17:23:03"
5107,12791,1365,2026-03-04,Present,"2026-04-18 17:23:03"
5108,43693,1176,2026-03-02,Present,"2026-04-18 17:23:03"
5109,2685,1034,2026-03-06,Absent,"2026-04-18 17:23:03"
5110,21882,1830,2026-03-05,Present,"2026-04-18 17:23:03"
5111,23655,1754,2026-03-07,Present,"2026-04-18 17:23:03"
5112,27675,1212,2026-03-07,Present,"2026-04-18 17:23:03"
5113,40522,1409,2026-03-04,Present,"2026-04-18 17:23:03"
5114,20037,701,2026-03-05,Present,"2026-04-18 17:23:03"
5115,35081,1522,2026-03-03,Present,"2026-04-18 17:23:03"
5116,33680,1987,2026-03-08,Present,"2026-04-18 17:23:03"
5117,15564,1675,2026-03-09,Present,"2026-04-18 17:23:03"
5118,46162,531,2026-03-05,Present,"2026-04-18 17:23:03"
5119,25909,1951,2026-03-08,Present,"2026-04-18 17:23:03"
5120,37999,573,2026-03-06,Absent,"2026-04-18 17:23:03"
5121,21228,1365,2026-03-02,Present,"2026-04-18 17:23:03"
5122,21030,1538,2026-03-10,Present,"2026-04-18 17:23:03"
5123,18528,906,2026-03-08,Absent,"2026-04-18 17:23:03"
5124,36037,1522,2026-03-01,Present,"2026-04-18 17:23:03"
5125,20081,1587,2026-03-01,Present,"2026-04-18 17:23:03"
5126,37385,618,2026-03-08,Present,"2026-04-18 17:23:03"
5127,13597,858,2026-03-07,Present,"2026-04-18 17:23:03"
5128,33248,947,2026-03-03,Present,"2026-04-18 17:23:03"
5129,2112,1757,2026-03-08,Present,"2026-04-18 17:23:03"
5130,3712,1914,2026-03-01,Absent,"2026-04-18 17:23:03"
5131,6792,1212,2026-03-07,Present,"2026-04-18 17:23:03"
5132,47966,759,2026-03-09,Present,"2026-04-18 17:23:03"
5133,43855,756,2026-03-02,Present,"2026-04-18 17:23:03"
5134,2730,624,2026-03-05,Absent,"2026-04-18 17:23:03"
5135,30662,1184,2026-03-08,Present,"2026-04-18 17:23:03"
5136,19671,1670,2026-03-02,Present,"2026-04-18 17:23:03"
5137,12511,669,2026-03-02,Present,"2026-04-18 17:23:03"
5138,14385,808,2026-03-04,Present,"2026-04-18 17:23:03"
5139,41472,1700,2026-03-08,Present,"2026-04-18 17:23:03"
5140,29979,906,2026-03-10,Present,"2026-04-18 17:23:03"
5141,9177,876,2026-03-01,Present,"2026-04-18 17:23:03"
5142,2686,1538,2026-03-01,Present,"2026-04-18 17:23:03"
5143,30456,1004,2026-03-05,Present,"2026-04-18 17:23:03"
5144,3779,1228,2026-03-07,Present,"2026-04-18 17:23:03"
5145,17653,1571,2026-03-08,Present,"2026-04-18 17:23:03"
5146,19201,1435,2026-03-03,Present,"2026-04-18 17:23:03"
5147,28260,1216,2026-03-08,Present,"2026-04-18 17:23:03"
5148,25000,584,2026-03-06,Present,"2026-04-18 17:23:03"
5149,1309,906,2026-03-03,Present,"2026-04-18 17:23:03"
5150,44961,1524,2026-03-09,Present,"2026-04-18 17:23:03"
5151,43189,1170,2026-03-03,Present,"2026-04-18 17:23:03"
5152,41656,1170,2026-03-08,Present,"2026-04-18 17:23:03"
5153,16505,876,2026-03-04,Present,"2026-04-18 17:23:03"
5154,34399,1216,2026-03-08,Present,"2026-04-18 17:23:03"
5155,8652,901,2026-03-05,Present,"2026-04-18 17:23:03"
5156,27773,1184,2026-03-01,Present,"2026-04-18 17:23:03"
5157,2482,1754,2026-03-04,Present,"2026-04-18 17:23:03"
5158,45662,1216,2026-03-10,Present,"2026-04-18 17:23:03"
5159,13442,1553,2026-03-04,Present,"2026-04-18 17:23:03"
5160,14296,1908,2026-03-05,Present,"2026-04-18 17:23:03"
5161,11978,792,2026-03-08,Present,"2026-04-18 17:23:03"
5162,49128,1202,2026-03-05,Absent,"2026-04-18 17:23:03"
5163,27981,901,2026-03-09,Absent,"2026-04-18 17:23:03"
5164,12412,876,2026-03-02,Present,"2026-04-18 17:23:03"
5165,43747,1951,2026-03-01,Present,"2026-04-18 17:23:03"
5166,19892,881,2026-03-07,Present,"2026-04-18 17:23:03"
5167,30081,973,2026-03-07,Present,"2026-04-18 17:23:03"
5168,31254,1787,2026-03-03,Present,"2026-04-18 17:23:03"
5169,37281,1587,2026-03-06,Present,"2026-04-18 17:23:03"
5170,17718,881,2026-03-09,Present,"2026-04-18 17:23:03"
5171,1870,1678,2026-03-06,Present,"2026-04-18 17:23:03"
5172,7204,1538,2026-03-01,Present,"2026-04-18 17:23:03"
5173,10378,814,2026-03-04,Present,"2026-04-18 17:23:03"
5174,31453,814,2026-03-08,Present,"2026-04-18 17:23:03"
5175,32891,1073,2026-03-02,Present,"2026-04-18 17:23:03"
5176,30464,947,2026-03-09,Present,"2026-04-18 17:23:03"
5177,3836,1949,2026-03-07,Present,"2026-04-18 17:23:03"
5178,34327,1212,2026-03-01,Present,"2026-04-18 17:23:03"
5179,46233,973,2026-03-04,Present,"2026-04-18 17:23:03"
5180,23959,1170,2026-03-05,Present,"2026-04-18 17:23:03"
5181,2887,1834,2026-03-01,Present,"2026-04-18 17:23:03"
5182,32953,1913,2026-03-03,Present,"2026-04-18 17:23:03"
5183,39661,1553,2026-03-10,Present,"2026-04-18 17:23:03"
5184,43433,901,2026-03-02,Present,"2026-04-18 17:23:03"
5185,7090,1034,2026-03-10,Present,"2026-04-18 17:23:03"
5186,43335,1435,2026-03-10,Present,"2026-04-18 17:23:03"
5187,27094,1176,2026-03-09,Present,"2026-04-18 17:23:03"
5188,45443,794,2026-03-08,Absent,"2026-04-18 17:23:03"
5189,43398,1517,2026-03-01,Present,"2026-04-18 17:23:03"
5190,41701,1343,2026-03-05,Present,"2026-04-18 17:23:03"
5191,5333,947,2026-03-05,Present,"2026-04-18 17:23:03"
5192,19027,624,2026-03-02,Present,"2026-04-18 17:23:03"
5193,43610,513,2026-03-05,Present,"2026-04-18 17:23:03"
5194,12247,1034,2026-03-06,Present,"2026-04-18 17:23:03"
5195,1217,834,2026-03-04,Present,"2026-04-18 17:23:03"
5196,17421,1677,2026-03-05,Present,"2026-04-18 17:23:03"
5197,28530,1055,2026-03-07,Present,"2026-04-18 17:23:03"
5198,2208,1974,2026-03-06,Absent,"2026-04-18 17:23:03"
5199,10866,1212,2026-03-10,Present,"2026-04-18 17:23:03"
5200,8170,618,2026-03-07,Absent,"2026-04-18 17:23:03"
5201,7579,1004,2026-03-09,Present,"2026-04-18 17:23:03"
5202,4781,916,2026-03-01,Present,"2026-04-18 17:23:03"
5203,9673,1974,2026-03-01,Present,"2026-04-18 17:23:03"
5204,5604,1914,2026-03-05,Present,"2026-04-18 17:23:03"
5205,31414,1587,2026-03-01,Present,"2026-04-18 17:23:03"
5206,43856,1522,2026-03-10,Present,"2026-04-18 17:23:03"
5207,15757,1340,2026-03-02,Present,"2026-04-18 17:23:03"
5208,2917,1176,2026-03-07,Present,"2026-04-18 17:23:03"
5209,18476,998,2026-03-08,Present,"2026-04-18 17:23:03"
5210,7139,1300,2026-03-09,Present,"2026-04-18 17:23:03"
5211,26051,559,2026-03-03,Present,"2026-04-18 17:23:03"
5212,8108,962,2026-03-04,Present,"2026-04-18 17:23:03"
5213,9308,1073,2026-03-09,Present,"2026-04-18 17:23:03"
5214,10438,973,2026-03-07,Present,"2026-04-18 17:23:03"
5215,9231,1522,2026-03-06,Absent,"2026-04-18 17:23:03"
5216,36037,1908,2026-03-01,Absent,"2026-04-18 17:23:03"
5217,49863,1212,2026-03-01,Absent,"2026-04-18 17:23:03"
5218,5353,814,2026-03-10,Present,"2026-04-18 17:23:03"
5219,2710,1678,2026-03-06,Present,"2026-04-18 17:23:03"
5220,7597,1908,2026-03-03,Absent,"2026-04-18 17:23:03"
5221,2686,669,2026-03-10,Present,"2026-04-18 17:23:03"
5222,35710,1300,2026-03-08,Present,"2026-04-18 17:23:03"
5223,40295,916,2026-03-06,Present,"2026-04-18 17:23:03"
5224,44300,973,2026-03-05,Present,"2026-04-18 17:23:03"
5225,23910,794,2026-03-04,Present,"2026-04-18 17:23:03"
5226,11686,1374,2026-03-08,Absent,"2026-04-18 17:23:03"
5227,46912,1482,2026-03-03,Present,"2026-04-18 17:23:03"
5228,6585,1951,2026-03-06,Present,"2026-04-18 17:23:03"
5229,6755,1202,2026-03-01,Present,"2026-04-18 17:23:03"
5230,20037,701,2026-03-06,Present,"2026-04-18 17:23:03"
5231,33996,1787,2026-03-04,Present,"2026-04-18 17:23:03"
5232,46939,911,2026-03-06,Present,"2026-04-18 17:23:03"
5233,29221,998,2026-03-09,Present,"2026-04-18 17:23:03"
5234,28557,1487,2026-03-04,Present,"2026-04-18 17:23:03"
5235,33680,1102,2026-03-02,Absent,"2026-04-18 17:23:03"
5236,22286,1757,2026-03-01,Present,"2026-04-18 17:23:03"
5237,20087,1538,2026-03-03,Present,"2026-04-18 17:23:03"
5238,9215,1987,2026-03-08,Absent,"2026-04-18 17:23:03"
5239,26312,1974,2026-03-03,Present,"2026-04-18 17:23:03"
5240,30466,624,2026-03-07,Present,"2026-04-18 17:23:03"
5241,5450,881,2026-03-09,Present,"2026-04-18 17:23:03"
5242,4526,911,2026-03-08,Present,"2026-04-18 17:23:03"
5243,39829,964,2026-03-10,Present,"2026-04-18 17:23:03"
5244,44239,1948,2026-03-05,Absent,"2026-04-18 17:23:03"
5245,11066,1333,2026-03-10,Present,"2026-04-18 17:23:03"
5246,47372,1184,2026-03-10,Present,"2026-04-18 17:23:03"
5247,37739,1834,2026-03-03,Present,"2026-04-18 17:23:03"
5248,49952,911,2026-03-06,Absent,"2026-04-18 17:23:03"
5249,8636,1598,2026-03-08,Present,"2026-04-18 17:23:03"
5250,40506,1913,2026-03-05,Present,"2026-04-18 17:23:03"
5251,33080,961,2026-03-04,Present,"2026-04-18 17:23:03"
5252,32037,961,2026-03-10,Present,"2026-04-18 17:23:03"
5253,46298,1517,2026-03-05,Present,"2026-04-18 17:23:03"
5254,42296,1365,2026-03-06,Present,"2026-04-18 17:23:03"
5255,42558,1948,2026-03-03,Present,"2026-04-18 17:23:03"
5256,7997,916,2026-03-06,Present,"2026-04-18 17:23:03"
5257,9238,1184,2026-03-02,Present,"2026-04-18 17:23:03"
5258,49709,1598,2026-03-04,Present,"2026-04-18 17:23:03"
5259,21141,1677,2026-03-08,Present,"2026-04-18 17:23:03"
5260,21443,1598,2026-03-01,Absent,"2026-04-18 17:23:03"
5261,20149,1960,2026-03-10,Present,"2026-04-18 17:23:03"
5262,19188,669,2026-03-05,Present,"2026-04-18 17:23:03"
5263,21535,1700,2026-03-08,Present,"2026-04-18 17:23:03"
5264,31699,1073,2026-03-09,Present,"2026-04-18 17:23:03"
5265,35470,1517,2026-03-03,Absent,"2026-04-18 17:23:03"
5266,15722,1787,2026-03-03,Absent,"2026-04-18 17:23:03"
5267,5372,1538,2026-03-03,Present,"2026-04-18 17:23:03"
5268,41404,1212,2026-03-04,Present,"2026-04-18 17:23:03"
5269,43693,794,2026-03-03,Present,"2026-04-18 17:23:03"
5270,23560,1184,2026-03-06,Present,"2026-04-18 17:23:03"
5271,9138,1834,2026-03-06,Absent,"2026-04-18 17:23:03"
5272,21795,1522,2026-03-07,Present,"2026-04-18 17:23:03"
5273,20859,881,2026-03-03,Present,"2026-04-18 17:23:03"
5274,5797,906,2026-03-06,Present,"2026-04-18 17:23:03"
5275,46797,1948,2026-03-05,Absent,"2026-04-18 17:23:03"
5276,10716,1005,2026-03-01,Present,"2026-04-18 17:23:03"
5277,15372,1974,2026-03-05,Present,"2026-04-18 17:23:03"
5278,27218,766,2026-03-08,Present,"2026-04-18 17:23:03"
5279,421,906,2026-03-06,Present,"2026-04-18 17:23:03"
5280,42256,1184,2026-03-08,Absent,"2026-04-18 17:23:03"
5281,33621,1422,2026-03-02,Present,"2026-04-18 17:23:03"
5282,41245,1700,2026-03-01,Present,"2026-04-18 17:23:03"
5283,24099,1948,2026-03-10,Present,"2026-04-18 17:23:03"
5284,49230,1333,2026-03-05,Present,"2026-04-18 17:23:03"
5285,40225,712,2026-03-10,Present,"2026-04-18 17:23:03"
5286,40854,1101,2026-03-09,Present,"2026-04-18 17:23:03"
5287,31689,1787,2026-03-10,Present,"2026-04-18 17:23:03"
5288,49751,1678,2026-03-03,Present,"2026-04-18 17:23:03"
5289,41119,1948,2026-03-02,Absent,"2026-04-18 17:23:03"
5290,11146,1914,2026-03-09,Present,"2026-04-18 17:23:03"
5291,30753,1700,2026-03-06,Present,"2026-04-18 17:23:03"
5292,872,1422,2026-03-07,Present,"2026-04-18 17:23:03"
5293,23125,575,2026-03-09,Present,"2026-04-18 17:23:03"
5294,1314,766,2026-03-05,Present,"2026-04-18 17:23:03"
5295,32246,1005,2026-03-09,Present,"2026-04-18 17:23:03"
5296,5823,573,2026-03-05,Present,"2026-04-18 17:23:03"
5297,23282,1675,2026-03-03,Present,"2026-04-18 17:23:03"
5298,409,1678,2026-03-06,Present,"2026-04-18 17:23:03"
5299,17891,712,2026-03-07,Present,"2026-04-18 17:23:03"
5300,24740,915,2026-03-10,Present,"2026-04-18 17:23:03"
5301,29265,735,2026-03-04,Present,"2026-04-18 17:23:03"
5302,5583,559,2026-03-04,Absent,"2026-04-18 17:23:03"
5303,22244,1184,2026-03-07,Present,"2026-04-18 17:23:03"
5304,40359,654,2026-03-02,Present,"2026-04-18 17:23:03"
5305,12408,1060,2026-03-01,Present,"2026-04-18 17:23:03"
5306,18623,513,2026-03-10,Present,"2026-04-18 17:23:03"
5307,31287,1587,2026-03-02,Present,"2026-04-18 17:23:03"
5308,8289,1700,2026-03-04,Present,"2026-04-18 17:23:03"
5309,10311,1352,2026-03-06,Present,"2026-04-18 17:23:03"
5310,24684,1352,2026-03-09,Present,"2026-04-18 17:23:03"
5311,1720,1538,2026-03-05,Absent,"2026-04-18 17:23:03"
5312,40233,1184,2026-03-10,Present,"2026-04-18 17:23:03"
5313,14348,1170,2026-03-04,Present,"2026-04-18 17:23:03"
5314,5324,1422,2026-03-02,Present,"2026-04-18 17:23:03"
5315,2927,1487,2026-03-01,Present,"2026-04-18 17:23:03"
5316,46044,1060,2026-03-06,Present,"2026-04-18 17:23:03"
5317,21281,1987,2026-03-07,Present,"2026-04-18 17:23:03"
5318,421,1678,2026-03-07,Present,"2026-04-18 17:23:03"
5319,43674,1587,2026-03-07,Present,"2026-04-18 17:23:03"
5320,26493,1365,2026-03-06,Present,"2026-04-18 17:23:03"
5321,18802,792,2026-03-02,Present,"2026-04-18 17:23:03"
5322,23411,1034,2026-03-06,Absent,"2026-04-18 17:23:03"
5323,26738,1202,2026-03-03,Present,"2026-04-18 17:23:03"
5324,24584,712,2026-03-10,Present,"2026-04-18 17:23:03"
5325,4536,1435,2026-03-07,Present,"2026-04-18 17:23:03"
5326,44304,1949,2026-03-02,Present,"2026-04-18 17:23:03"
5327,3243,584,2026-03-10,Present,"2026-04-18 17:23:03"
5328,2852,1987,2026-03-02,Present,"2026-04-18 17:23:03"
5329,27288,1754,2026-03-01,Present,"2026-04-18 17:23:03"
5330,38711,1496,2026-03-05,Present,"2026-04-18 17:23:03"
5331,43770,1359,2026-03-05,Absent,"2026-04-18 17:23:03"
5332,14783,1152,2026-03-07,Present,"2026-04-18 17:23:03"
5333,3251,915,2026-03-03,Present,"2026-04-18 17:23:03"
5334,4238,1598,2026-03-03,Absent,"2026-04-18 17:23:03"
5335,18762,1202,2026-03-01,Absent,"2026-04-18 17:23:03"
5336,24584,1778,2026-03-08,Absent,"2026-04-18 17:23:03"
5337,16495,1678,2026-03-01,Present,"2026-04-18 17:23:03"
5338,20486,1152,2026-03-03,Present,"2026-04-18 17:23:03"
5339,46126,669,2026-03-05,Present,"2026-04-18 17:23:03"
5340,28654,1482,2026-03-09,Present,"2026-04-18 17:23:03"
5341,28173,1055,2026-03-07,Present,"2026-04-18 17:23:03"
5342,20231,1908,2026-03-06,Absent,"2026-04-18 17:23:03"
5343,12791,1340,2026-03-06,Present,"2026-04-18 17:23:03"
5344,40399,1757,2026-03-01,Present,"2026-04-18 17:23:03"
5345,31214,669,2026-03-04,Present,"2026-04-18 17:23:03"
5346,42474,1212,2026-03-07,Present,"2026-04-18 17:23:03"
5347,8876,964,2026-03-08,Present,"2026-04-18 17:23:03"
5348,39343,1152,2026-03-04,Absent,"2026-04-18 17:23:03"
5349,23506,1057,2026-03-08,Present,"2026-04-18 17:23:03"
5350,31105,947,2026-03-08,Present,"2026-04-18 17:23:03"
5351,6599,1057,2026-03-01,Present,"2026-04-18 17:23:03"
5352,9755,915,2026-03-09,Present,"2026-04-18 17:23:03"
5353,26248,1987,2026-03-02,Present,"2026-04-18 17:23:03"
5354,35816,1184,2026-03-10,Present,"2026-04-18 17:23:03"
5355,1876,901,2026-03-05,Present,"2026-04-18 17:23:03"
5356,23112,1524,2026-03-05,Present,"2026-04-18 17:23:03"
5357,44401,1184,2026-03-10,Present,"2026-04-18 17:23:03"
5358,27390,1948,2026-03-02,Present,"2026-04-18 17:23:03"
5359,22698,1951,2026-03-03,Absent,"2026-04-18 17:23:03"
5360,41308,624,2026-03-01,Absent,"2026-04-18 17:23:03"
5361,3624,915,2026-03-10,Absent,"2026-04-18 17:23:03"
5362,2894,794,2026-03-07,Present,"2026-04-18 17:23:03"
5363,24452,1700,2026-03-03,Present,"2026-04-18 17:23:03"
5364,2520,1216,2026-03-07,Present,"2026-04-18 17:23:03"
5365,34017,1435,2026-03-01,Present,"2026-04-18 17:23:03"
5366,5622,834,2026-03-03,Present,"2026-04-18 17:23:03"
5367,25719,901,2026-03-04,Present,"2026-04-18 17:23:03"
5368,5284,766,2026-03-01,Absent,"2026-04-18 17:23:03"
5369,4376,1598,2026-03-06,Present,"2026-04-18 17:23:03"
5370,10369,1102,2026-03-05,Present,"2026-04-18 17:23:03"
5371,30510,1055,2026-03-03,Present,"2026-04-18 17:23:03"
5372,15817,1754,2026-03-02,Present,"2026-04-18 17:23:03"
5373,40791,573,2026-03-08,Absent,"2026-04-18 17:23:03"
5374,30198,1487,2026-03-01,Present,"2026-04-18 17:23:03"
5375,39214,654,2026-03-10,Present,"2026-04-18 17:23:03"
5376,11130,973,2026-03-07,Present,"2026-04-18 17:23:03"
5377,31421,1677,2026-03-05,Absent,"2026-04-18 17:23:03"
5378,18149,1524,2026-03-06,Present,"2026-04-18 17:23:03"
5379,2279,624,2026-03-08,Present,"2026-04-18 17:23:03"
5380,13793,1212,2026-03-06,Present,"2026-04-18 17:23:03"
5381,34736,964,2026-03-10,Present,"2026-04-18 17:23:03"
5382,48585,834,2026-03-06,Present,"2026-04-18 17:23:03"
5383,37604,1517,2026-03-01,Present,"2026-04-18 17:23:03"
5384,9572,1055,2026-03-10,Present,"2026-04-18 17:23:03"
5385,26246,962,2026-03-02,Present,"2026-04-18 17:23:03"
5386,19264,1587,2026-03-08,Present,"2026-04-18 17:23:03"
5387,43006,1340,2026-03-08,Present,"2026-04-18 17:23:03"
5388,21505,1675,2026-03-01,Absent,"2026-04-18 17:23:03"
5389,21569,1951,2026-03-05,Present,"2026-04-18 17:23:03"
5390,17991,964,2026-03-02,Present,"2026-04-18 17:23:03"
5391,44241,876,2026-03-08,Present,"2026-04-18 17:23:03"
5392,14275,808,2026-03-05,Absent,"2026-04-18 17:23:03"
5393,18183,1522,2026-03-10,Absent,"2026-04-18 17:23:03"
5394,14923,858,2026-03-09,Present,"2026-04-18 17:23:03"
5395,47791,906,2026-03-08,Present,"2026-04-18 17:23:03"
5396,8542,584,2026-03-07,Present,"2026-04-18 17:23:03"
5397,24229,618,2026-03-05,Present,"2026-04-18 17:23:03"
5398,4959,876,2026-03-07,Present,"2026-04-18 17:23:03"
5399,6451,1170,2026-03-04,Absent,"2026-04-18 17:23:03"
5400,49420,1435,2026-03-06,Present,"2026-04-18 17:23:03"
5401,15649,584,2026-03-09,Absent,"2026-04-18 17:23:03"
5402,23905,1343,2026-03-07,Absent,"2026-04-18 17:23:03"
5403,5263,1553,2026-03-04,Absent,"2026-04-18 17:23:03"
5404,17871,1675,2026-03-09,Present,"2026-04-18 17:23:03"
5405,36728,531,2026-03-08,Absent,"2026-04-18 17:23:03"
5406,15896,1212,2026-03-07,Present,"2026-04-18 17:23:03"
5407,1707,1754,2026-03-09,Present,"2026-04-18 17:23:03"
5408,16203,756,2026-03-10,Present,"2026-04-18 17:23:03"
5409,17226,858,2026-03-09,Present,"2026-04-18 17:23:03"
5410,37552,1670,2026-03-01,Present,"2026-04-18 17:23:03"
5411,27492,834,2026-03-05,Present,"2026-04-18 17:23:03"
5412,40112,911,2026-03-04,Present,"2026-04-18 17:23:03"
5413,15931,573,2026-03-01,Present,"2026-04-18 17:23:03"
5414,2482,1176,2026-03-07,Present,"2026-04-18 17:23:03"
5415,3618,881,2026-03-03,Present,"2026-04-18 17:23:03"
5416,36830,1170,2026-03-10,Present,"2026-04-18 17:23:03"
5417,37331,1677,2026-03-10,Absent,"2026-04-18 17:23:03"
5418,31007,1176,2026-03-09,Present,"2026-04-18 17:23:03"
5419,21128,1587,2026-03-08,Present,"2026-04-18 17:23:03"
5420,38509,1202,2026-03-10,Present,"2026-04-18 17:23:03"
5421,29899,1212,2026-03-08,Present,"2026-04-18 17:23:03"
5422,24944,792,2026-03-02,Present,"2026-04-18 17:23:03"
5423,32155,1184,2026-03-02,Absent,"2026-04-18 17:23:03"
5424,1187,876,2026-03-07,Present,"2026-04-18 17:23:03"
5425,35739,1228,2026-03-02,Present,"2026-04-18 17:23:03"
5426,18783,1571,2026-03-10,Present,"2026-04-18 17:23:03"
5427,35050,759,2026-03-04,Present,"2026-04-18 17:23:03"
5428,32960,1538,2026-03-01,Present,"2026-04-18 17:23:03"
5429,2337,1343,2026-03-02,Present,"2026-04-18 17:23:03"
5430,21613,881,2026-03-09,Present,"2026-04-18 17:23:03"
5431,46839,1571,2026-03-01,Present,"2026-04-18 17:23:03"
5432,30992,1057,2026-03-01,Absent,"2026-04-18 17:23:03"
5433,29868,1834,2026-03-02,Present,"2026-04-18 17:23:03"
5434,27036,808,2026-03-08,Present,"2026-04-18 17:23:03"
5435,3233,962,2026-03-10,Present,"2026-04-18 17:23:03"
5436,38509,1202,2026-03-07,Absent,"2026-04-18 17:23:03"
5437,33510,1834,2026-03-08,Absent,"2026-04-18 17:23:03"
5438,37570,1787,2026-03-03,Present,"2026-04-18 17:23:03"
5439,2630,1253,2026-03-01,Absent,"2026-04-18 17:23:03"
5440,21356,1073,2026-03-02,Absent,"2026-04-18 17:23:03"
5441,30556,624,2026-03-05,Absent,"2026-04-18 17:23:03"
5442,47019,947,2026-03-02,Present,"2026-04-18 17:23:03"
5443,34781,1365,2026-03-04,Present,"2026-04-18 17:23:03"
5444,26791,1984,2026-03-03,Present,"2026-04-18 17:23:03"
5445,48041,901,2026-03-10,Present,"2026-04-18 17:23:03"
5446,24205,794,2026-03-10,Present,"2026-04-18 17:23:03"
5447,14797,559,2026-03-01,Present,"2026-04-18 17:23:03"
5448,4466,973,2026-03-10,Present,"2026-04-18 17:23:03"
5449,42441,1176,2026-03-04,Present,"2026-04-18 17:23:03"
5450,19931,1176,2026-03-03,Present,"2026-04-18 17:23:03"
5451,46504,1949,2026-03-09,Present,"2026-04-18 17:23:03"
5452,10683,756,2026-03-06,Present,"2026-04-18 17:23:03"
5453,25016,624,2026-03-08,Absent,"2026-04-18 17:23:03"
5454,5823,1951,2026-03-03,Absent,"2026-04-18 17:23:03"
5455,11407,1834,2026-03-09,Present,"2026-04-18 17:23:03"
5456,29090,1228,2026-03-04,Present,"2026-04-18 17:23:03"
5457,35566,961,2026-03-05,Present,"2026-04-18 17:23:03"
5458,39286,1778,2026-03-01,Absent,"2026-04-18 17:23:03"
5459,40131,735,2026-03-09,Present,"2026-04-18 17:23:03"
5460,49561,559,2026-03-03,Absent,"2026-04-18 17:23:03"
5461,19167,1359,2026-03-01,Absent,"2026-04-18 17:23:03"
5462,33102,759,2026-03-08,Present,"2026-04-18 17:23:03"
5463,3018,1253,2026-03-03,Present,"2026-04-18 17:23:03"
5464,12668,1522,2026-03-05,Absent,"2026-04-18 17:23:03"
5465,43442,1216,2026-03-09,Present,"2026-04-18 17:23:03"
5466,4849,759,2026-03-07,Present,"2026-04-18 17:23:03"
5467,48536,759,2026-03-09,Present,"2026-04-18 17:23:03"
5468,2926,858,2026-03-05,Present,"2026-04-18 17:23:03"
5469,5755,1300,2026-03-09,Present,"2026-04-18 17:23:03"
5470,13000,998,2026-03-10,Present,"2026-04-18 17:23:03"
5471,15242,1176,2026-03-03,Present,"2026-04-18 17:23:03"
5472,11538,834,2026-03-09,Present,"2026-04-18 17:23:03"
5473,5983,1987,2026-03-10,Absent,"2026-04-18 17:23:03"
5474,35655,1787,2026-03-02,Present,"2026-04-18 17:23:03"
5475,40808,701,2026-03-02,Absent,"2026-04-18 17:23:03"
5476,39061,1700,2026-03-05,Absent,"2026-04-18 17:23:03"
5477,844,906,2026-03-07,Present,"2026-04-18 17:23:03"
5478,38544,1677,2026-03-03,Absent,"2026-04-18 17:23:03"
5479,25761,794,2026-03-04,Present,"2026-04-18 17:23:03"
5480,45638,911,2026-03-04,Present,"2026-04-18 17:23:03"
5481,44252,1036,2026-03-02,Present,"2026-04-18 17:23:03"
5482,4192,513,2026-03-03,Present,"2026-04-18 17:23:03"
5483,47232,1571,2026-03-08,Present,"2026-04-18 17:23:03"
5484,20898,962,2026-03-07,Present,"2026-04-18 17:23:03"
5485,47188,513,2026-03-04,Present,"2026-04-18 17:23:03"
5486,35249,1571,2026-03-10,Absent,"2026-04-18 17:23:03"
5487,43811,1517,2026-03-04,Present,"2026-04-18 17:23:03"
5488,47620,1675,2026-03-09,Present,"2026-04-18 17:23:03"
5489,41889,1700,2026-03-08,Present,"2026-04-18 17:23:03"
5490,18499,1538,2026-03-02,Present,"2026-04-18 17:23:03"
5491,22147,1101,2026-03-04,Present,"2026-04-18 17:23:03"
5492,20126,1948,2026-03-09,Present,"2026-04-18 17:23:03"
5493,316,915,2026-03-06,Present,"2026-04-18 17:23:03"
5494,17007,906,2026-03-06,Present,"2026-04-18 17:23:03"
5495,19719,1951,2026-03-06,Present,"2026-04-18 17:23:03"
5496,40606,1073,2026-03-10,Absent,"2026-04-18 17:23:03"
5497,44364,915,2026-03-08,Present,"2026-04-18 17:23:03"
5498,29301,1101,2026-03-03,Present,"2026-04-18 17:23:03"
5499,30533,1757,2026-03-04,Absent,"2026-04-18 17:23:03"
5500,40672,1253,2026-03-06,Present,"2026-04-18 17:23:03"
5501,2116,1365,2026-03-10,Present,"2026-04-18 17:23:03"
5502,15351,1948,2026-03-06,Present,"2026-04-18 17:23:03"
5503,25067,1184,2026-03-03,Absent,"2026-04-18 17:23:03"
5504,16280,1571,2026-03-05,Present,"2026-04-18 17:23:03"
5505,40384,1359,2026-03-04,Present,"2026-04-18 17:23:03"
5506,23860,1435,2026-03-01,Present,"2026-04-18 17:23:03"
5507,45413,1984,2026-03-06,Present,"2026-04-18 17:23:03"
5508,5465,1830,2026-03-09,Present,"2026-04-18 17:23:03"
5509,9062,794,2026-03-02,Present,"2026-04-18 17:23:03"
5510,22589,1700,2026-03-09,Present,"2026-04-18 17:23:03"
5511,10852,876,2026-03-03,Present,"2026-04-18 17:23:03"
5512,19464,1987,2026-03-02,Present,"2026-04-18 17:23:03"
5513,15256,1216,2026-03-01,Present,"2026-04-18 17:23:03"
5514,10304,808,2026-03-07,Present,"2026-04-18 17:23:03"
5515,15939,1482,2026-03-09,Present,"2026-04-18 17:23:03"
5516,40698,1487,2026-03-07,Absent,"2026-04-18 17:23:03"
5517,29625,1034,2026-03-08,Present,"2026-04-18 17:23:03"
5518,40140,814,2026-03-03,Absent,"2026-04-18 17:23:03"
5519,17100,901,2026-03-09,Present,"2026-04-18 17:23:03"
5520,38509,1517,2026-03-06,Present,"2026-04-18 17:23:03"
5521,46224,759,2026-03-09,Present,"2026-04-18 17:23:03"
5522,33927,1055,2026-03-01,Absent,"2026-04-18 17:23:03"
5523,19654,1517,2026-03-04,Present,"2026-04-18 17:23:03"
5524,41335,1522,2026-03-05,Present,"2026-04-18 17:23:03"
5525,28267,973,2026-03-07,Present,"2026-04-18 17:23:03"
5526,34694,669,2026-03-01,Present,"2026-04-18 17:23:03"
5527,38436,1333,2026-03-04,Present,"2026-04-18 17:23:03"
5528,39376,1164,2026-03-04,Present,"2026-04-18 17:23:03"
5529,23556,1487,2026-03-05,Present,"2026-04-18 17:23:03"
5530,21445,1184,2026-03-01,Present,"2026-04-18 17:23:03"
5531,47090,1830,2026-03-08,Present,"2026-04-18 17:23:03"
5532,42678,906,2026-03-06,Absent,"2026-04-18 17:23:03"
5533,18225,1202,2026-03-06,Present,"2026-04-18 17:23:03"
5534,23613,1675,2026-03-10,Present,"2026-04-18 17:23:03"
5535,34528,1176,2026-03-06,Present,"2026-04-18 17:23:03"
5536,30516,573,2026-03-02,Present,"2026-04-18 17:23:03"
5537,22557,573,2026-03-07,Absent,"2026-04-18 17:23:03"
5538,1332,1778,2026-03-04,Present,"2026-04-18 17:23:03"
5539,6258,1036,2026-03-02,Present,"2026-04-18 17:23:03"
5540,18275,947,2026-03-09,Present,"2026-04-18 17:23:03"
5541,32596,1524,2026-03-10,Present,"2026-04-18 17:23:03"
5542,47680,1300,2026-03-01,Present,"2026-04-18 17:23:03"
5543,41373,559,2026-03-07,Present,"2026-04-18 17:23:03"
5544,12280,1524,2026-03-06,Absent,"2026-04-18 17:23:03"
5545,14185,1102,2026-03-04,Present,"2026-04-18 17:23:03"
5546,9319,1517,2026-03-08,Present,"2026-04-18 17:23:03"
5547,21025,1202,2026-03-02,Absent,"2026-04-18 17:23:03"
5548,9146,1522,2026-03-02,Absent,"2026-04-18 17:23:03"
5549,31411,1482,2026-03-10,Present,"2026-04-18 17:23:03"
5550,28363,573,2026-03-05,Present,"2026-04-18 17:23:03"
5551,31217,1677,2026-03-10,Present,"2026-04-18 17:23:03"
5552,22925,575,2026-03-01,Present,"2026-04-18 17:23:03"
5553,13339,1057,2026-03-07,Present,"2026-04-18 17:23:03"
5554,48903,1164,2026-03-04,Present,"2026-04-18 17:23:03"
5555,24972,1834,2026-03-10,Present,"2026-04-18 17:23:03"
5556,33001,584,2026-03-06,Present,"2026-04-18 17:23:03"
5557,36959,1948,2026-03-05,Present,"2026-04-18 17:23:03"
5558,45814,1598,2026-03-02,Present,"2026-04-18 17:23:03"
5559,27097,964,2026-03-04,Present,"2026-04-18 17:23:03"
5560,14659,1212,2026-03-03,Present,"2026-04-18 17:23:03"
5561,44683,814,2026-03-05,Present,"2026-04-18 17:23:03"
5562,44180,624,2026-03-01,Present,"2026-04-18 17:23:03"
5563,30510,1496,2026-03-04,Present,"2026-04-18 17:23:03"
5564,29897,901,2026-03-03,Present,"2026-04-18 17:23:03"
5565,23984,1949,2026-03-05,Present,"2026-04-18 17:23:03"
5566,46578,1422,2026-03-02,Present,"2026-04-18 17:23:03"
5567,20130,915,2026-03-10,Present,"2026-04-18 17:23:03"
5568,39237,1292,2026-03-10,Present,"2026-04-18 17:23:03"
5569,7293,906,2026-03-09,Present,"2026-04-18 17:23:03"
5570,42599,1522,2026-03-08,Absent,"2026-04-18 17:23:03"
5571,47155,947,2026-03-02,Present,"2026-04-18 17:23:03"
5572,41766,1202,2026-03-06,Absent,"2026-04-18 17:23:03"
5573,12115,669,2026-03-05,Absent,"2026-04-18 17:23:03"
5574,29846,1587,2026-03-05,Present,"2026-04-18 17:23:03"
5575,26332,1036,2026-03-04,Present,"2026-04-18 17:23:03"
5576,20130,712,2026-03-05,Present,"2026-04-18 17:23:03"
5577,22723,834,2026-03-09,Present,"2026-04-18 17:23:03"
5578,2210,1487,2026-03-07,Present,"2026-04-18 17:23:03"
5579,46539,1482,2026-03-01,Present,"2026-04-18 17:23:03"
5580,30476,1598,2026-03-01,Present,"2026-04-18 17:23:03"
5581,40855,1292,2026-03-08,Absent,"2026-04-18 17:23:03"
5582,24549,1101,2026-03-06,Present,"2026-04-18 17:23:03"
5583,25200,901,2026-03-01,Present,"2026-04-18 17:23:03"
5584,8034,1184,2026-03-01,Present,"2026-04-18 17:23:03"
5585,28032,513,2026-03-05,Present,"2026-04-18 17:23:03"
5586,5772,1352,2026-03-10,Absent,"2026-04-18 17:23:03"
5587,39269,1553,2026-03-10,Present,"2026-04-18 17:23:03"
5588,38402,998,2026-03-06,Present,"2026-04-18 17:23:03"
5589,4071,1409,2026-03-07,Absent,"2026-04-18 17:23:03"
5590,16505,1300,2026-03-06,Present,"2026-04-18 17:23:03"
5591,31414,1055,2026-03-06,Present,"2026-04-18 17:23:03"
5592,30237,901,2026-03-01,Present,"2026-04-18 17:23:03"
5593,49061,1522,2026-03-08,Absent,"2026-04-18 17:23:03"
5594,35546,1202,2026-03-01,Present,"2026-04-18 17:23:03"
5595,4769,808,2026-03-03,Present,"2026-04-18 17:23:03"
5596,21718,759,2026-03-07,Absent,"2026-04-18 17:23:03"
5597,33994,712,2026-03-01,Present,"2026-04-18 17:23:03"
5598,47646,901,2026-03-04,Present,"2026-04-18 17:23:03"
5599,35077,962,2026-03-01,Present,"2026-04-18 17:23:03"
5600,41743,1176,2026-03-06,Present,"2026-04-18 17:23:03"
5601,31254,1830,2026-03-09,Absent,"2026-04-18 17:23:03"
5602,47538,1677,2026-03-04,Present,"2026-04-18 17:23:03"
5603,39901,1984,2026-03-01,Present,"2026-04-18 17:23:03"
5604,25602,1914,2026-03-02,Present,"2026-04-18 17:23:03"
5605,2105,1202,2026-03-05,Present,"2026-04-18 17:23:03"
5606,11434,1571,2026-03-10,Absent,"2026-04-18 17:23:03"
5607,43491,1553,2026-03-05,Absent,"2026-04-18 17:23:03"
5608,38288,858,2026-03-04,Present,"2026-04-18 17:23:03"
5609,26254,1170,2026-03-05,Present,"2026-04-18 17:23:03"
5610,3128,1834,2026-03-05,Present,"2026-04-18 17:23:03"
5611,733,1333,2026-03-10,Present,"2026-04-18 17:23:03"
5612,20588,1102,2026-03-09,Absent,"2026-04-18 17:23:03"
5613,27620,1409,2026-03-08,Present,"2026-04-18 17:23:03"
5614,41701,1152,2026-03-05,Absent,"2026-04-18 17:23:03"
5615,11368,1422,2026-03-03,Present,"2026-04-18 17:23:03"
5616,32940,1670,2026-03-02,Present,"2026-04-18 17:23:03"
5617,24549,1170,2026-03-08,Present,"2026-04-18 17:23:03"
5618,23744,794,2026-03-07,Present,"2026-04-18 17:23:03"
5619,37576,962,2026-03-03,Present,"2026-04-18 17:23:03"
5620,39705,513,2026-03-07,Present,"2026-04-18 17:23:03"
5621,22031,1496,2026-03-07,Absent,"2026-04-18 17:23:03"
5622,9887,735,2026-03-02,Present,"2026-04-18 17:23:03"
5623,43208,1524,2026-03-10,Present,"2026-04-18 17:23:03"
5624,22334,1949,2026-03-04,Absent,"2026-04-18 17:23:03"
5625,41119,1677,2026-03-02,Present,"2026-04-18 17:23:03"
5626,30885,1834,2026-03-06,Present,"2026-04-18 17:23:03"
5627,24957,669,2026-03-09,Present,"2026-04-18 17:23:03"
5628,37408,858,2026-03-05,Present,"2026-04-18 17:23:03"
5629,30917,584,2026-03-02,Present,"2026-04-18 17:23:03"
5630,32048,654,2026-03-05,Present,"2026-04-18 17:23:03"
5631,15371,1170,2026-03-06,Present,"2026-04-18 17:23:03"
5632,22555,1004,2026-03-06,Present,"2026-04-18 17:23:03"
5633,36595,1409,2026-03-01,Present,"2026-04-18 17:23:03"
5634,7137,766,2026-03-10,Present,"2026-04-18 17:23:03"
5635,36078,916,2026-03-01,Present,"2026-04-18 17:23:03"
5636,47169,1057,2026-03-06,Present,"2026-04-18 17:23:03"
5637,22711,1908,2026-03-07,Absent,"2026-04-18 17:23:03"
5638,48686,573,2026-03-07,Absent,"2026-04-18 17:23:03"
5639,13411,1152,2026-03-08,Present,"2026-04-18 17:23:03"
5640,13681,1677,2026-03-01,Present,"2026-04-18 17:23:03"
5641,41251,1522,2026-03-05,Present,"2026-04-18 17:23:03"
5642,23899,964,2026-03-03,Present,"2026-04-18 17:23:03"
5643,22192,915,2026-03-07,Absent,"2026-04-18 17:23:03"
5644,18477,1678,2026-03-01,Absent,"2026-04-18 17:23:03"
5645,6008,1164,2026-03-09,Absent,"2026-04-18 17:23:03"
5646,15439,998,2026-03-04,Present,"2026-04-18 17:23:03"
5647,34921,1359,2026-03-09,Present,"2026-04-18 17:23:03"
5648,32320,1409,2026-03-01,Present,"2026-04-18 17:23:03"
5649,15085,1974,2026-03-04,Present,"2026-04-18 17:23:03"
5650,43936,1228,2026-03-05,Present,"2026-04-18 17:23:03"
5651,26937,1365,2026-03-09,Present,"2026-04-18 17:23:03"
5652,4323,1675,2026-03-10,Present,"2026-04-18 17:23:03"
5653,48649,701,2026-03-10,Present,"2026-04-18 17:23:03"
5654,48164,1834,2026-03-05,Present,"2026-04-18 17:23:03"
5655,44885,1253,2026-03-09,Absent,"2026-04-18 17:23:03"
5656,11423,1675,2026-03-03,Present,"2026-04-18 17:23:03"
5657,21610,1555,2026-03-06,Present,"2026-04-18 17:23:03"
5658,30827,906,2026-03-03,Absent,"2026-04-18 17:23:03"
5659,2753,1913,2026-03-08,Present,"2026-04-18 17:23:03"
5660,2120,1834,2026-03-03,Present,"2026-04-18 17:23:03"
5661,255,1005,2026-03-02,Present,"2026-04-18 17:23:03"
5662,43145,876,2026-03-06,Absent,"2026-04-18 17:23:03"
5663,302,834,2026-03-02,Present,"2026-04-18 17:23:03"
5664,38783,1908,2026-03-10,Present,"2026-04-18 17:23:03"
5665,45405,735,2026-03-03,Present,"2026-04-18 17:23:03"
5666,44055,1524,2026-03-01,Absent,"2026-04-18 17:23:03"
5667,48714,1984,2026-03-04,Present,"2026-04-18 17:23:03"
5668,11311,1164,2026-03-06,Present,"2026-04-18 17:23:03"
5669,30334,1677,2026-03-03,Present,"2026-04-18 17:23:03"
5670,45367,1170,2026-03-07,Present,"2026-04-18 17:23:03"
5671,32960,513,2026-03-06,Absent,"2026-04-18 17:23:03"
5672,38653,1102,2026-03-05,Absent,"2026-04-18 17:23:03"
5673,3743,794,2026-03-08,Absent,"2026-04-18 17:23:03"
5674,3594,1587,2026-03-06,Present,"2026-04-18 17:23:03"
5675,22650,1987,2026-03-03,Present,"2026-04-18 17:23:03"
5676,32359,1830,2026-03-07,Absent,"2026-04-18 17:23:03"
5677,10804,1830,2026-03-01,Present,"2026-04-18 17:23:03"
5678,6372,1060,2026-03-04,Present,"2026-04-18 17:23:03"
5679,33981,1170,2026-03-04,Absent,"2026-04-18 17:23:03"
5680,47621,1553,2026-03-10,Present,"2026-04-18 17:23:03"
5681,30341,1538,2026-03-06,Present,"2026-04-18 17:23:03"
5682,12768,876,2026-03-08,Present,"2026-04-18 17:23:03"
5683,42057,1787,2026-03-06,Present,"2026-04-18 17:23:03"
5684,15639,1555,2026-03-08,Present,"2026-04-18 17:23:03"
5685,28369,1057,2026-03-03,Present,"2026-04-18 17:23:03"
5686,18931,1164,2026-03-08,Present,"2026-04-18 17:23:03"
5687,40982,998,2026-03-02,Present,"2026-04-18 17:23:03"
5688,17012,1409,2026-03-06,Absent,"2026-04-18 17:23:03"
5689,31486,906,2026-03-03,Present,"2026-04-18 17:23:03"
5690,37125,759,2026-03-02,Present,"2026-04-18 17:23:03"
5691,7007,1409,2026-03-10,Present,"2026-04-18 17:23:03"
5692,4781,756,2026-03-09,Present,"2026-04-18 17:23:03"
5693,209,915,2026-03-06,Present,"2026-04-18 17:23:03"
5694,20049,573,2026-03-05,Absent,"2026-04-18 17:23:03"
5695,43105,1834,2026-03-09,Present,"2026-04-18 17:23:03"
5696,19282,1034,2026-03-08,Present,"2026-04-18 17:23:03"
5697,43891,1787,2026-03-06,Present,"2026-04-18 17:23:03"
5698,25331,1948,2026-03-05,Present,"2026-04-18 17:23:03"
5699,16710,1034,2026-03-08,Absent,"2026-04-18 17:23:03"
5700,13083,1908,2026-03-03,Present,"2026-04-18 17:23:03"
5701,40839,1202,2026-03-06,Absent,"2026-04-18 17:23:03"
5702,19922,915,2026-03-02,Present,"2026-04-18 17:23:03"
5703,39815,559,2026-03-07,Absent,"2026-04-18 17:23:03"
5704,8900,1571,2026-03-06,Present,"2026-04-18 17:23:03"
5705,16104,1253,2026-03-02,Present,"2026-04-18 17:23:03"
5706,31011,1212,2026-03-07,Absent,"2026-04-18 17:23:03"
5707,21236,1352,2026-03-05,Present,"2026-04-18 17:23:03"
5708,35475,1587,2026-03-01,Absent,"2026-04-18 17:23:03"
5709,28248,1984,2026-03-09,Absent,"2026-04-18 17:23:03"
5710,46424,911,2026-03-03,Present,"2026-04-18 17:23:03"
5711,10734,1253,2026-03-07,Present,"2026-04-18 17:23:03"
5712,43232,1949,2026-03-05,Present,"2026-04-18 17:23:03"
5713,5820,1005,2026-03-09,Present,"2026-04-18 17:23:03"
5714,30328,513,2026-03-03,Present,"2026-04-18 17:23:03"
5715,2075,1292,2026-03-09,Present,"2026-04-18 17:23:03"
5716,29578,1152,2026-03-03,Present,"2026-04-18 17:23:03"
5717,26669,1216,2026-03-09,Present,"2026-04-18 17:23:03"
5718,15296,911,2026-03-07,Present,"2026-04-18 17:23:03"
5719,15750,1571,2026-03-05,Present,"2026-04-18 17:23:03"
5720,29553,881,2026-03-10,Present,"2026-04-18 17:23:03"
5721,43775,964,2026-03-06,Absent,"2026-04-18 17:23:03"
5722,13598,701,2026-03-10,Absent,"2026-04-18 17:23:03"
5723,431,1496,2026-03-10,Present,"2026-04-18 17:23:03"
5724,32106,1073,2026-03-07,Present,"2026-04-18 17:23:03"
5725,42546,1914,2026-03-06,Present,"2026-04-18 17:23:03"
5726,23455,1598,2026-03-03,Present,"2026-04-18 17:23:03"
5727,36974,1834,2026-03-04,Present,"2026-04-18 17:23:03"
5728,13134,624,2026-03-02,Present,"2026-04-18 17:23:03"
5729,12386,1754,2026-03-07,Present,"2026-04-18 17:23:03"
5730,48179,881,2026-03-03,Absent,"2026-04-18 17:23:03"
5731,8521,1300,2026-03-07,Absent,"2026-04-18 17:23:03"
5732,14901,1553,2026-03-03,Present,"2026-04-18 17:23:03"
5733,6050,531,2026-03-08,Present,"2026-04-18 17:23:03"
5734,22232,1757,2026-03-09,Present,"2026-04-18 17:23:03"
5735,24022,1374,2026-03-08,Present,"2026-04-18 17:23:03"
5736,2096,1253,2026-03-03,Absent,"2026-04-18 17:23:03"
5737,32630,1538,2026-03-09,Present,"2026-04-18 17:23:03"
5738,29522,1212,2026-03-04,Present,"2026-04-18 17:23:03"
5739,1780,1787,2026-03-08,Present,"2026-04-18 17:23:03"
5740,10562,1675,2026-03-01,Present,"2026-04-18 17:23:03"
5741,45927,1913,2026-03-02,Absent,"2026-04-18 17:23:03"
5742,6317,1005,2026-03-09,Present,"2026-04-18 17:23:03"
5743,21482,916,2026-03-01,Present,"2026-04-18 17:23:03"
5744,10287,1253,2026-03-03,Present,"2026-04-18 17:23:03"
5745,28415,1057,2026-03-01,Present,"2026-04-18 17:23:03"
5746,18907,1152,2026-03-01,Present,"2026-04-18 17:23:03"
5747,18718,808,2026-03-10,Present,"2026-04-18 17:23:03"
5748,1794,998,2026-03-05,Absent,"2026-04-18 17:23:03"
5749,32266,1974,2026-03-01,Present,"2026-04-18 17:23:03"
5750,35814,962,2026-03-06,Present,"2026-04-18 17:23:03"
5751,5657,1184,2026-03-01,Present,"2026-04-18 17:23:03"
5752,775,1754,2026-03-04,Present,"2026-04-18 17:23:03"
5753,48732,513,2026-03-02,Present,"2026-04-18 17:23:03"
5754,45520,876,2026-03-03,Present,"2026-04-18 17:23:03"
5755,9117,1834,2026-03-08,Absent,"2026-04-18 17:23:03"
5756,25570,1036,2026-03-01,Present,"2026-04-18 17:23:03"
5757,15242,1176,2026-03-07,Present,"2026-04-18 17:23:03"
5758,23596,1949,2026-03-08,Present,"2026-04-18 17:23:03"
5759,11590,808,2026-03-09,Present,"2026-04-18 17:23:03"
5760,46084,669,2026-03-08,Present,"2026-04-18 17:23:03"
5761,28571,1365,2026-03-06,Present,"2026-04-18 17:23:03"
5762,2934,1913,2026-03-07,Absent,"2026-04-18 17:23:03"
5763,27022,575,2026-03-05,Absent,"2026-04-18 17:23:03"
5764,49625,1984,2026-03-02,Present,"2026-04-18 17:23:03"
5765,20068,531,2026-03-05,Present,"2026-04-18 17:23:03"
5766,25019,1984,2026-03-05,Present,"2026-04-18 17:23:03"
5767,40083,1949,2026-03-04,Present,"2026-04-18 17:23:03"
5768,34929,1152,2026-03-06,Absent,"2026-04-18 17:23:03"
5769,1879,1787,2026-03-07,Present,"2026-04-18 17:23:03"
5770,15650,916,2026-03-03,Absent,"2026-04-18 17:23:03"
5771,49947,911,2026-03-01,Present,"2026-04-18 17:23:03"
5772,16317,1670,2026-03-05,Present,"2026-04-18 17:23:03"
5773,42414,759,2026-03-01,Present,"2026-04-18 17:23:03"
5774,6842,1340,2026-03-07,Present,"2026-04-18 17:23:03"
5775,6878,1422,2026-03-01,Present,"2026-04-18 17:23:03"
5776,19755,1677,2026-03-08,Present,"2026-04-18 17:23:03"
5777,7923,575,2026-03-04,Present,"2026-04-18 17:23:03"
5778,26884,1352,2026-03-01,Present,"2026-04-18 17:23:03"
5779,31260,575,2026-03-06,Absent,"2026-04-18 17:23:03"
5780,17674,1754,2026-03-08,Present,"2026-04-18 17:23:03"
5781,814,1055,2026-03-02,Present,"2026-04-18 17:23:03"
5782,32508,1482,2026-03-08,Present,"2026-04-18 17:23:03"
5783,26738,1908,2026-03-05,Present,"2026-04-18 17:23:03"
5784,32155,1675,2026-03-04,Present,"2026-04-18 17:23:03"
5785,22476,669,2026-03-01,Present,"2026-04-18 17:23:03"
5786,18782,1055,2026-03-07,Present,"2026-04-18 17:23:03"
5787,49230,1700,2026-03-03,Present,"2026-04-18 17:23:03"
5788,49011,1409,2026-03-05,Present,"2026-04-18 17:23:03"
5789,9328,901,2026-03-07,Present,"2026-04-18 17:23:03"
5790,8976,1422,2026-03-02,Present,"2026-04-18 17:23:03"
5791,30612,766,2026-03-09,Present,"2026-04-18 17:23:03"
5792,36293,1164,2026-03-04,Present,"2026-04-18 17:23:03"
5793,33023,1300,2026-03-04,Present,"2026-04-18 17:23:03"
5794,25248,1152,2026-03-05,Present,"2026-04-18 17:23:03"
5795,39488,1787,2026-03-02,Present,"2026-04-18 17:23:03"
5796,33287,1176,2026-03-04,Present,"2026-04-18 17:23:03"
5797,10658,1005,2026-03-06,Present,"2026-04-18 17:23:03"
5798,33384,513,2026-03-06,Present,"2026-04-18 17:23:03"
5799,11826,1787,2026-03-02,Absent,"2026-04-18 17:23:03"
5800,25171,1170,2026-03-10,Present,"2026-04-18 17:23:03"
5801,26786,881,2026-03-05,Present,"2026-04-18 17:23:03"
5802,46673,1913,2026-03-07,Present,"2026-04-18 17:23:03"
5803,9266,1951,2026-03-09,Present,"2026-04-18 17:23:03"
5804,24684,1352,2026-03-07,Absent,"2026-04-18 17:23:03"
5805,1405,906,2026-03-09,Present,"2026-04-18 17:23:03"
5806,26669,1908,2026-03-09,Present,"2026-04-18 17:23:03"
5807,43980,1487,2026-03-01,Present,"2026-04-18 17:23:03"
5808,34947,881,2026-03-02,Present,"2026-04-18 17:23:03"
5809,40073,834,2026-03-04,Present,"2026-04-18 17:23:03"
5810,3555,1170,2026-03-02,Present,"2026-04-18 17:23:03"
5811,25445,1908,2026-03-10,Present,"2026-04-18 17:23:03"
5812,35642,1571,2026-03-06,Present,"2026-04-18 17:23:03"
5813,13733,654,2026-03-04,Absent,"2026-04-18 17:23:03"
5814,39905,1060,2026-03-08,Present,"2026-04-18 17:23:03"
5815,48112,701,2026-03-01,Present,"2026-04-18 17:23:03"
5816,3540,1170,2026-03-06,Present,"2026-04-18 17:23:03"
5817,46012,712,2026-03-09,Present,"2026-04-18 17:23:03"
5818,48224,792,2026-03-02,Present,"2026-04-18 17:23:03"
5819,45845,1948,2026-03-02,Present,"2026-04-18 17:23:03"
5820,28959,876,2026-03-07,Present,"2026-04-18 17:23:03"
5821,3456,1228,2026-03-07,Present,"2026-04-18 17:23:03"
5822,20087,1517,2026-03-08,Absent,"2026-04-18 17:23:03"
5823,4425,531,2026-03-04,Present,"2026-04-18 17:23:03"
5824,4150,1908,2026-03-10,Present,"2026-04-18 17:23:03"
5825,45003,1587,2026-03-04,Present,"2026-04-18 17:23:03"
5826,24137,1005,2026-03-01,Present,"2026-04-18 17:23:03"
5827,27361,1496,2026-03-05,Present,"2026-04-18 17:23:03"
5828,25292,1073,2026-03-01,Absent,"2026-04-18 17:23:03"
5829,42064,701,2026-03-09,Absent,"2026-04-18 17:23:03"
5830,4757,1409,2026-03-09,Present,"2026-04-18 17:23:03"
5831,8036,1778,2026-03-08,Present,"2026-04-18 17:23:03"
5832,2590,1202,2026-03-02,Present,"2026-04-18 17:23:03"
5833,23086,973,2026-03-04,Absent,"2026-04-18 17:23:03"
5834,21161,973,2026-03-02,Present,"2026-04-18 17:23:03"
5835,9117,1834,2026-03-07,Present,"2026-04-18 17:23:03"
5836,49867,1555,2026-03-03,Present,"2026-04-18 17:23:03"
5837,24367,794,2026-03-07,Present,"2026-04-18 17:23:03"
5838,19579,513,2026-03-10,Present,"2026-04-18 17:23:03"
5839,6930,1960,2026-03-07,Present,"2026-04-18 17:23:03"
5840,8095,1055,2026-03-08,Present,"2026-04-18 17:23:03"
5841,35678,1073,2026-03-03,Present,"2026-04-18 17:23:03"
5842,7054,1101,2026-03-10,Present,"2026-04-18 17:23:03"
5843,20305,808,2026-03-06,Present,"2026-04-18 17:23:03"
5844,34249,1553,2026-03-09,Present,"2026-04-18 17:23:03"
5845,40168,1496,2026-03-01,Present,"2026-04-18 17:23:03"
5846,39154,1176,2026-03-02,Absent,"2026-04-18 17:23:03"
5847,27263,1343,2026-03-04,Present,"2026-04-18 17:23:03"
5848,9012,1102,2026-03-02,Absent,"2026-04-18 17:23:03"
5849,32937,1778,2026-03-09,Present,"2026-04-18 17:23:03"
5850,1816,962,2026-03-07,Present,"2026-04-18 17:23:03"
5851,39091,1216,2026-03-07,Present,"2026-04-18 17:23:03"
5852,5135,1960,2026-03-10,Present,"2026-04-18 17:23:03"
5853,21884,1960,2026-03-06,Present,"2026-04-18 17:23:03"
5854,12300,1343,2026-03-05,Present,"2026-04-18 17:23:03"
5855,29520,1675,2026-03-06,Present,"2026-04-18 17:23:03"
5856,26963,1700,2026-03-06,Present,"2026-04-18 17:23:03"
5857,22121,1374,2026-03-06,Present,"2026-04-18 17:23:03"
5858,29737,1164,2026-03-04,Present,"2026-04-18 17:23:03"
5859,33023,1700,2026-03-09,Present,"2026-04-18 17:23:03"
5860,20779,973,2026-03-02,Absent,"2026-04-18 17:23:03"
5861,19037,1522,2026-03-09,Present,"2026-04-18 17:23:03"
5862,29555,1435,2026-03-08,Absent,"2026-04-18 17:23:03"
5863,15896,1757,2026-03-07,Absent,"2026-04-18 17:23:03"
5864,44048,916,2026-03-01,Present,"2026-04-18 17:23:03"
5865,38955,1757,2026-03-08,Present,"2026-04-18 17:23:03"
5866,36830,792,2026-03-08,Present,"2026-04-18 17:23:03"
5867,41973,1913,2026-03-06,Present,"2026-04-18 17:23:03"
5868,26680,1102,2026-03-08,Present,"2026-04-18 17:23:03"
5869,7997,808,2026-03-08,Present,"2026-04-18 17:23:03"
5870,12580,1670,2026-03-05,Present,"2026-04-18 17:23:03"
5871,10347,1675,2026-03-07,Present,"2026-04-18 17:23:03"
5872,30641,1292,2026-03-05,Present,"2026-04-18 17:23:03"
5873,25957,881,2026-03-03,Present,"2026-04-18 17:23:03"
5874,27729,618,2026-03-02,Absent,"2026-04-18 17:23:03"
5875,26791,573,2026-03-03,Absent,"2026-04-18 17:23:03"
5876,40553,573,2026-03-08,Absent,"2026-04-18 17:23:03"
5877,6003,1524,2026-03-06,Present,"2026-04-18 17:23:03"
5878,2693,1949,2026-03-05,Absent,"2026-04-18 17:23:03"
5879,31920,1524,2026-03-08,Present,"2026-04-18 17:23:03"
5880,1329,973,2026-03-04,Present,"2026-04-18 17:23:03"
5881,29148,916,2026-03-02,Present,"2026-04-18 17:23:03"
5882,25543,834,2026-03-03,Present,"2026-04-18 17:23:03"
5883,6815,792,2026-03-05,Present,"2026-04-18 17:23:03"
5884,31689,1101,2026-03-09,Absent,"2026-04-18 17:23:03"
5885,24268,947,2026-03-06,Present,"2026-04-18 17:23:03"
5886,1235,1700,2026-03-04,Present,"2026-04-18 17:23:03"
5887,47642,1677,2026-03-06,Present,"2026-04-18 17:23:03"
5888,24216,1005,2026-03-09,Present,"2026-04-18 17:23:03"
5889,7062,1677,2026-03-01,Present,"2026-04-18 17:23:03"
5890,13420,1164,2026-03-01,Present,"2026-04-18 17:23:03"
5891,31382,1960,2026-03-03,Present,"2026-04-18 17:23:03"
5892,38151,1522,2026-03-08,Absent,"2026-04-18 17:23:03"
5893,11847,1300,2026-03-04,Present,"2026-04-18 17:23:03"
5894,426,766,2026-03-07,Present,"2026-04-18 17:23:03"
5895,6257,1216,2026-03-09,Present,"2026-04-18 17:23:03"
5896,41938,1677,2026-03-04,Absent,"2026-04-18 17:23:03"
5897,898,962,2026-03-09,Absent,"2026-04-18 17:23:03"
5898,9899,876,2026-03-05,Absent,"2026-04-18 17:23:03"
5899,1217,1538,2026-03-05,Present,"2026-04-18 17:23:03"
5900,21612,901,2026-03-02,Absent,"2026-04-18 17:23:03"
5901,49553,1914,2026-03-07,Present,"2026-04-18 17:23:03"
5902,47033,881,2026-03-04,Present,"2026-04-18 17:23:03"
5903,37883,1435,2026-03-07,Present,"2026-04-18 17:23:03"
5904,5264,901,2026-03-05,Present,"2026-04-18 17:23:03"
5905,7876,1538,2026-03-01,Present,"2026-04-18 17:23:03"
5906,23959,1517,2026-03-05,Present,"2026-04-18 17:23:03"
5907,5660,1036,2026-03-10,Present,"2026-04-18 17:23:03"
5908,19867,1005,2026-03-08,Present,"2026-04-18 17:23:03"
5909,26853,1060,2026-03-08,Present,"2026-04-18 17:23:03"
5910,34933,1102,2026-03-10,Present,"2026-04-18 17:23:03"
5911,8833,964,2026-03-03,Present,"2026-04-18 17:23:03"
5912,23255,712,2026-03-05,Present,"2026-04-18 17:23:03"
5913,4761,1951,2026-03-08,Present,"2026-04-18 17:23:03"
5914,33219,1517,2026-03-07,Present,"2026-04-18 17:23:03"
5915,26436,1228,2026-03-05,Present,"2026-04-18 17:23:03"
5916,34867,1987,2026-03-03,Present,"2026-04-18 17:23:03"
5917,42779,1984,2026-03-01,Present,"2026-04-18 17:23:03"
5918,32063,1778,2026-03-01,Present,"2026-04-18 17:23:03"
5919,37259,1101,2026-03-07,Present,"2026-04-18 17:23:03"
5920,42708,1352,2026-03-07,Absent,"2026-04-18 17:23:03"
5921,17035,1834,2026-03-07,Present,"2026-04-18 17:23:03"
5922,13118,1787,2026-03-03,Present,"2026-04-18 17:23:03"
5923,30946,916,2026-03-01,Present,"2026-04-18 17:23:03"
5924,33840,915,2026-03-05,Present,"2026-04-18 17:23:03"
5925,1469,1228,2026-03-09,Present,"2026-04-18 17:23:03"
5926,2784,1914,2026-03-05,Absent,"2026-04-18 17:23:03"
5927,32968,1517,2026-03-03,Present,"2026-04-18 17:23:03"
5928,33081,916,2026-03-06,Present,"2026-04-18 17:23:03"
5929,24029,1005,2026-03-04,Present,"2026-04-18 17:23:03"
5930,41087,906,2026-03-02,Present,"2026-04-18 17:23:03"
5931,5327,911,2026-03-04,Present,"2026-04-18 17:23:03"
5932,25520,1677,2026-03-02,Present,"2026-04-18 17:23:03"
5933,38003,1202,2026-03-05,Present,"2026-04-18 17:23:03"
5934,26082,961,2026-03-01,Present,"2026-04-18 17:23:03"
5935,20087,1517,2026-03-07,Present,"2026-04-18 17:23:03"
5936,46126,1409,2026-03-08,Absent,"2026-04-18 17:23:03"
5937,29080,1487,2026-03-05,Absent,"2026-04-18 17:23:03"
5938,43151,1524,2026-03-10,Present,"2026-04-18 17:23:03"
5939,27669,1359,2026-03-01,Absent,"2026-04-18 17:23:03"
5940,22208,1253,2026-03-07,Present,"2026-04-18 17:23:03"
5941,8843,1700,2026-03-08,Present,"2026-04-18 17:23:03"
5942,7944,575,2026-03-08,Present,"2026-04-18 17:23:03"
5943,1024,973,2026-03-06,Present,"2026-04-18 17:23:03"
5944,37309,1974,2026-03-04,Present,"2026-04-18 17:23:03"
5945,10522,1487,2026-03-04,Present,"2026-04-18 17:23:03"
5946,34342,1987,2026-03-05,Present,"2026-04-18 17:23:03"
5947,32898,814,2026-03-05,Present,"2026-04-18 17:23:03"
5948,47506,1057,2026-03-07,Absent,"2026-04-18 17:23:03"
5949,42279,1004,2026-03-04,Present,"2026-04-18 17:23:03"
5950,33510,916,2026-03-10,Absent,"2026-04-18 17:23:03"
5951,32713,531,2026-03-06,Present,"2026-04-18 17:23:03"
5952,25077,1908,2026-03-03,Present,"2026-04-18 17:23:03"
5953,33902,618,2026-03-06,Present,"2026-04-18 17:23:03"
5954,10330,1553,2026-03-06,Present,"2026-04-18 17:23:03"
5955,20582,1948,2026-03-04,Present,"2026-04-18 17:23:03"
5956,44265,858,2026-03-04,Absent,"2026-04-18 17:23:03"
5957,19928,916,2026-03-05,Present,"2026-04-18 17:23:03"
5958,4415,1987,2026-03-09,Absent,"2026-04-18 17:23:03"
5959,16570,513,2026-03-03,Present,"2026-04-18 17:23:03"
5960,37507,1960,2026-03-06,Present,"2026-04-18 17:23:03"
5961,44596,1949,2026-03-04,Present,"2026-04-18 17:23:03"
5962,3950,1055,2026-03-08,Present,"2026-04-18 17:23:03"
5963,40359,1787,2026-03-08,Absent,"2026-04-18 17:23:03"
5964,12199,1487,2026-03-02,Present,"2026-04-18 17:23:03"
5965,24392,1700,2026-03-09,Present,"2026-04-18 17:23:03"
5966,46437,1004,2026-03-03,Absent,"2026-04-18 17:23:03"
5967,45597,759,2026-03-10,Present,"2026-04-18 17:23:03"
5968,1728,1359,2026-03-09,Present,"2026-04-18 17:23:03"
5969,3136,1005,2026-03-07,Present,"2026-04-18 17:23:03"
5970,38932,1522,2026-03-02,Present,"2026-04-18 17:23:03"
5971,20193,759,2026-03-10,Present,"2026-04-18 17:23:03"
5972,29448,1538,2026-03-02,Present,"2026-04-18 17:23:03"
5973,25062,735,2026-03-07,Absent,"2026-04-18 17:23:03"
5974,32056,1830,2026-03-04,Absent,"2026-04-18 17:23:03"
5975,11486,1152,2026-03-02,Absent,"2026-04-18 17:23:03"
5976,40786,858,2026-03-04,Present,"2026-04-18 17:23:03"
5977,5240,906,2026-03-02,Absent,"2026-04-18 17:23:03"
5978,10012,906,2026-03-09,Present,"2026-04-18 17:23:03"
5979,36201,1365,2026-03-02,Present,"2026-04-18 17:23:03"
5980,25036,1253,2026-03-08,Present,"2026-04-18 17:23:03"
5981,16963,858,2026-03-01,Present,"2026-04-18 17:23:03"
5982,31382,858,2026-03-07,Present,"2026-04-18 17:23:03"
5983,28342,1055,2026-03-07,Absent,"2026-04-18 17:23:03"
5984,18658,1202,2026-03-01,Present,"2026-04-18 17:23:03"
5985,16101,1553,2026-03-01,Present,"2026-04-18 17:23:03"
5986,41938,1352,2026-03-08,Present,"2026-04-18 17:23:03"
5987,36351,1365,2026-03-08,Present,"2026-04-18 17:23:03"
5988,17421,1677,2026-03-06,Present,"2026-04-18 17:23:03"
5989,44683,1487,2026-03-03,Present,"2026-04-18 17:23:03"
5990,28361,1152,2026-03-09,Present,"2026-04-18 17:23:03"
5991,22356,1948,2026-03-01,Present,"2026-04-18 17:23:03"
5992,43260,1365,2026-03-04,Present,"2026-04-18 17:23:03"
5993,3233,1555,2026-03-02,Present,"2026-04-18 17:23:03"
5994,21589,1757,2026-03-03,Present,"2026-04-18 17:23:03"
5995,4979,735,2026-03-03,Absent,"2026-04-18 17:23:03"
5996,22613,1333,2026-03-04,Present,"2026-04-18 17:23:03"
5997,19635,794,2026-03-04,Present,"2026-04-18 17:23:03"
5998,35531,1212,2026-03-05,Present,"2026-04-18 17:23:03"
5999,18129,1571,2026-03-04,Present,"2026-04-18 17:23:03"
6000,8370,1102,2026-03-04,Present,"2026-04-18 17:23:03"
6001,45281,1757,2026-03-03,Present,"2026-04-18 17:23:03"
6002,26103,654,2026-03-02,Present,"2026-04-18 17:23:03"
6003,15078,1538,2026-03-01,Present,"2026-04-18 17:23:03"
6004,939,1598,2026-03-06,Present,"2026-04-18 17:23:03"
6005,11289,1522,2026-03-05,Present,"2026-04-18 17:23:03"
6006,17718,1700,2026-03-10,Present,"2026-04-18 17:23:03"
6007,1170,1675,2026-03-08,Present,"2026-04-18 17:23:03"
6008,29630,858,2026-03-08,Absent,"2026-04-18 17:23:03"
6009,42702,1212,2026-03-03,Present,"2026-04-18 17:23:03"
6010,18623,1496,2026-03-09,Absent,"2026-04-18 17:23:03"
6011,28884,1487,2026-03-04,Present,"2026-04-18 17:23:03"
6012,36974,1834,2026-03-02,Absent,"2026-04-18 17:23:03"
6013,44296,1005,2026-03-09,Present,"2026-04-18 17:23:03"
6014,46062,1914,2026-03-07,Present,"2026-04-18 17:23:03"
6015,31061,1675,2026-03-01,Present,"2026-04-18 17:23:03"
6016,35079,1834,2026-03-01,Absent,"2026-04-18 17:23:03"
6017,30367,759,2026-03-08,Present,"2026-04-18 17:23:03"
6018,21066,1670,2026-03-01,Present,"2026-04-18 17:23:03"
6019,27146,962,2026-03-03,Present,"2026-04-18 17:23:03"
6020,29106,1553,2026-03-06,Present,"2026-04-18 17:23:03"
6021,17847,712,2026-03-05,Present,"2026-04-18 17:23:03"
6022,33994,712,2026-03-07,Present,"2026-04-18 17:23:03"
6023,44281,881,2026-03-08,Present,"2026-04-18 17:23:03"
6024,46872,759,2026-03-03,Present,"2026-04-18 17:23:03"
6025,9334,624,2026-03-05,Present,"2026-04-18 17:23:03"
6026,27136,1152,2026-03-06,Present,"2026-04-18 17:23:03"
6027,44670,998,2026-03-04,Present,"2026-04-18 17:23:03"
6028,35395,759,2026-03-06,Present,"2026-04-18 17:23:03"
6029,30955,915,2026-03-02,Present,"2026-04-18 17:23:03"
6030,30388,1517,2026-03-07,Absent,"2026-04-18 17:23:03"
6031,13801,1073,2026-03-09,Absent,"2026-04-18 17:23:03"
6032,35431,1598,2026-03-06,Present,"2026-04-18 17:23:03"
6033,26689,794,2026-03-09,Present,"2026-04-18 17:23:03"
6034,14493,1409,2026-03-03,Absent,"2026-04-18 17:23:03"
6035,20943,998,2026-03-10,Present,"2026-04-18 17:23:03"
6036,15442,1164,2026-03-01,Present,"2026-04-18 17:23:03"
6037,8038,1482,2026-03-03,Present,"2026-04-18 17:23:03"
6038,8421,1948,2026-03-04,Present,"2026-04-18 17:23:03"
6039,18753,766,2026-03-01,Present,"2026-04-18 17:23:03"
6040,39445,881,2026-03-04,Absent,"2026-04-18 17:23:03"
6041,26234,1228,2026-03-04,Present,"2026-04-18 17:23:03"
6042,35424,1300,2026-03-08,Absent,"2026-04-18 17:23:03"
6043,15207,947,2026-03-07,Present,"2026-04-18 17:23:03"
6044,46135,1365,2026-03-04,Present,"2026-04-18 17:23:03"
6045,31128,1253,2026-03-07,Present,"2026-04-18 17:23:03"
6046,35088,624,2026-03-01,Present,"2026-04-18 17:23:03"
6047,7297,531,2026-03-08,Present,"2026-04-18 17:23:03"
6048,8859,1571,2026-03-02,Present,"2026-04-18 17:23:03"
6049,13401,814,2026-03-01,Present,"2026-04-18 17:23:03"
6050,43736,1587,2026-03-06,Present,"2026-04-18 17:23:03"
6051,44817,1055,2026-03-07,Present,"2026-04-18 17:23:03"
6052,40266,575,2026-03-09,Absent,"2026-04-18 17:23:03"
6053,18596,1908,2026-03-01,Present,"2026-04-18 17:23:03"
6054,19282,1216,2026-03-06,Absent,"2026-04-18 17:23:03"
6055,12345,1700,2026-03-09,Absent,"2026-04-18 17:23:03"
6056,3390,573,2026-03-04,Absent,"2026-04-18 17:23:03"
6057,8352,901,2026-03-06,Present,"2026-04-18 17:23:03"
6058,15754,964,2026-03-02,Present,"2026-04-18 17:23:03"
6059,3589,1228,2026-03-05,Present,"2026-04-18 17:23:03"
6060,18469,1101,2026-03-01,Present,"2026-04-18 17:23:03"
6061,43763,1333,2026-03-03,Present,"2026-04-18 17:23:03"
6062,27247,1057,2026-03-05,Present,"2026-04-18 17:23:03"
6063,9908,701,2026-03-06,Present,"2026-04-18 17:23:03"
6064,18737,1787,2026-03-09,Present,"2026-04-18 17:23:03"
6065,15351,1670,2026-03-10,Absent,"2026-04-18 17:23:03"
6066,5662,1914,2026-03-05,Present,"2026-04-18 17:23:03"
6067,42153,1974,2026-03-09,Present,"2026-04-18 17:23:03"
6068,39617,1700,2026-03-09,Present,"2026-04-18 17:23:03"
6069,32394,1228,2026-03-02,Present,"2026-04-18 17:23:03"
6070,30794,1524,2026-03-09,Present,"2026-04-18 17:23:03"
6071,37570,1202,2026-03-10,Present,"2026-04-18 17:23:03"
6072,3137,1073,2026-03-09,Present,"2026-04-18 17:23:03"
6073,40427,1754,2026-03-01,Absent,"2026-04-18 17:23:03"
6074,45872,1984,2026-03-02,Present,"2026-04-18 17:23:03"
6075,25342,1216,2026-03-08,Present,"2026-04-18 17:23:03"
6076,6258,1482,2026-03-09,Present,"2026-04-18 17:23:03"
6077,11689,1212,2026-03-01,Absent,"2026-04-18 17:23:03"
6078,23022,1949,2026-03-10,Present,"2026-04-18 17:23:03"
6079,5784,1587,2026-03-03,Absent,"2026-04-18 17:23:03"
6080,12357,1757,2026-03-07,Present,"2026-04-18 17:23:03"
6081,22029,669,2026-03-07,Present,"2026-04-18 17:23:03"
6082,48527,1987,2026-03-05,Present,"2026-04-18 17:23:03"
6083,49991,1496,2026-03-07,Absent,"2026-04-18 17:23:03"
6084,2685,1034,2026-03-05,Present,"2026-04-18 17:23:03"
6085,6281,654,2026-03-10,Absent,"2026-04-18 17:23:03"
6086,19050,947,2026-03-10,Present,"2026-04-18 17:23:03"
6087,6165,881,2026-03-04,Present,"2026-04-18 17:23:03"
6088,1547,1060,2026-03-08,Present,"2026-04-18 17:23:03"
6089,13140,1757,2026-03-03,Present,"2026-04-18 17:23:03"
6090,31554,1587,2026-03-04,Present,"2026-04-18 17:23:03"
6091,37389,834,2026-03-05,Present,"2026-04-18 17:23:03"
6092,7275,794,2026-03-07,Present,"2026-04-18 17:23:03"
6093,24418,701,2026-03-07,Present,"2026-04-18 17:23:03"
6094,45724,1060,2026-03-06,Present,"2026-04-18 17:23:03"
6095,45862,1340,2026-03-09,Present,"2026-04-18 17:23:03"
6096,14791,1036,2026-03-02,Present,"2026-04-18 17:23:03"
6097,43335,1435,2026-03-09,Present,"2026-04-18 17:23:03"
6098,36864,1670,2026-03-06,Present,"2026-04-18 17:23:03"
6099,7790,1496,2026-03-02,Present,"2026-04-18 17:23:03"
6100,43373,1487,2026-03-05,Absent,"2026-04-18 17:23:03"
6101,47239,1365,2026-03-05,Present,"2026-04-18 17:23:03"
6102,45983,1004,2026-03-05,Absent,"2026-04-18 17:23:03"
6103,38127,876,2026-03-08,Absent,"2026-04-18 17:23:03"
6104,8946,766,2026-03-04,Absent,"2026-04-18 17:23:03"
6105,44104,1960,2026-03-07,Absent,"2026-04-18 17:23:03"
6106,1094,1830,2026-03-09,Present,"2026-04-18 17:23:03"
6107,6764,1164,2026-03-05,Absent,"2026-04-18 17:23:03"
6108,5634,559,2026-03-09,Present,"2026-04-18 17:23:03"
6109,2441,876,2026-03-07,Present,"2026-04-18 17:23:03"
6110,26992,1435,2026-03-06,Present,"2026-04-18 17:23:03"
6111,28757,1060,2026-03-05,Present,"2026-04-18 17:23:03"
6112,39112,947,2026-03-10,Present,"2026-04-18 17:23:03"
6113,7597,1487,2026-03-01,Present,"2026-04-18 17:23:03"
6114,28591,1102,2026-03-02,Present,"2026-04-18 17:23:03"
6115,3318,1343,2026-03-07,Absent,"2026-04-18 17:23:03"
6116,42620,1787,2026-03-05,Present,"2026-04-18 17:23:03"
6117,2075,1830,2026-03-10,Present,"2026-04-18 17:23:03"
6118,31313,513,2026-03-01,Present,"2026-04-18 17:23:03"
6119,25999,1300,2026-03-05,Present,"2026-04-18 17:23:03"
6120,24640,1571,2026-03-10,Present,"2026-04-18 17:23:03"
6121,23366,1004,2026-03-05,Present,"2026-04-18 17:23:03"
6122,33674,759,2026-03-03,Present,"2026-04-18 17:23:03"
6123,28031,1409,2026-03-04,Present,"2026-04-18 17:23:03"
6124,41583,618,2026-03-04,Present,"2026-04-18 17:23:03"
6125,10358,1675,2026-03-01,Present,"2026-04-18 17:23:03"
6126,1751,1913,2026-03-09,Present,"2026-04-18 17:23:03"
6127,30959,916,2026-03-09,Present,"2026-04-18 17:23:03"
6128,24662,1948,2026-03-08,Present,"2026-04-18 17:23:03"
6129,40427,1202,2026-03-03,Absent,"2026-04-18 17:23:03"
6130,11874,1960,2026-03-05,Present,"2026-04-18 17:23:03"
6131,16832,1538,2026-03-05,Present,"2026-04-18 17:23:03"
6132,29435,669,2026-03-01,Present,"2026-04-18 17:23:03"
6133,18275,1960,2026-03-01,Present,"2026-04-18 17:23:03"
6134,42040,1004,2026-03-07,Present,"2026-04-18 17:23:03"
6135,48617,1300,2026-03-04,Present,"2026-04-18 17:23:03"
6136,6510,1517,2026-03-05,Present,"2026-04-18 17:23:03"
6137,33335,858,2026-03-05,Present,"2026-04-18 17:23:03"
6138,6513,1352,2026-03-10,Present,"2026-04-18 17:23:03"
6139,31105,1036,2026-03-01,Present,"2026-04-18 17:23:03"
6140,25570,834,2026-03-04,Present,"2026-04-18 17:23:03"
6141,22403,961,2026-03-03,Present,"2026-04-18 17:23:03"
6142,29554,735,2026-03-05,Present,"2026-04-18 17:23:03"
6143,44496,1352,2026-03-01,Present,"2026-04-18 17:23:03"
6144,31521,1598,2026-03-04,Present,"2026-04-18 17:23:03"
6145,20229,1359,2026-03-06,Present,"2026-04-18 17:23:03"
6146,43382,1778,2026-03-10,Absent,"2026-04-18 17:23:03"
6147,3418,1913,2026-03-09,Present,"2026-04-18 17:23:03"
6148,14437,575,2026-03-04,Present,"2026-04-18 17:23:03"
6149,1390,1948,2026-03-05,Present,"2026-04-18 17:23:03"
6150,27977,1343,2026-03-03,Present,"2026-04-18 17:23:03"
6151,2085,1055,2026-03-04,Present,"2026-04-18 17:23:03"
6152,39816,1164,2026-03-08,Present,"2026-04-18 17:23:03"
6153,23643,1228,2026-03-07,Present,"2026-04-18 17:23:03"
6154,2458,1587,2026-03-02,Present,"2026-04-18 17:23:03"
6155,41404,1948,2026-03-05,Present,"2026-04-18 17:23:03"
6156,19553,1598,2026-03-07,Present,"2026-04-18 17:23:03"
6157,23559,1675,2026-03-07,Present,"2026-04-18 17:23:03"
6158,19308,1073,2026-03-07,Present,"2026-04-18 17:23:03"
6159,22845,947,2026-03-07,Present,"2026-04-18 17:23:03"
6160,32457,712,2026-03-01,Present,"2026-04-18 17:23:03"
6161,35936,915,2026-03-03,Present,"2026-04-18 17:23:03"
6162,16503,1678,2026-03-10,Absent,"2026-04-18 17:23:03"
6163,18820,531,2026-03-10,Present,"2026-04-18 17:23:03"
6164,28566,1422,2026-03-07,Present,"2026-04-18 17:23:03"
6165,27126,1517,2026-03-08,Present,"2026-04-18 17:23:03"
6166,1608,915,2026-03-08,Present,"2026-04-18 17:23:03"
6167,37011,1184,2026-03-03,Present,"2026-04-18 17:23:03"
6168,46074,1374,2026-03-10,Present,"2026-04-18 17:23:03"
6169,16842,1343,2026-03-02,Present,"2026-04-18 17:23:03"
6170,29377,1984,2026-03-10,Present,"2026-04-18 17:23:03"
6171,2932,1102,2026-03-08,Absent,"2026-04-18 17:23:03"
6172,42069,794,2026-03-02,Present,"2026-04-18 17:23:03"
6173,28957,654,2026-03-04,Present,"2026-04-18 17:23:03"
6174,21414,1677,2026-03-07,Present,"2026-04-18 17:23:03"
6175,20859,881,2026-03-04,Absent,"2026-04-18 17:23:03"
6176,6851,1176,2026-03-03,Present,"2026-04-18 17:23:03"
6177,45171,1587,2026-03-07,Absent,"2026-04-18 17:23:03"
6178,34267,1787,2026-03-10,Present,"2026-04-18 17:23:03"
6179,46226,735,2026-03-10,Present,"2026-04-18 17:23:03"
6180,8204,1496,2026-03-08,Present,"2026-04-18 17:23:03"
6181,3944,1787,2026-03-02,Absent,"2026-04-18 17:23:03"
6182,11314,759,2026-03-08,Present,"2026-04-18 17:23:03"
6183,37457,624,2026-03-06,Absent,"2026-04-18 17:23:03"
6184,46427,1152,2026-03-08,Present,"2026-04-18 17:23:03"
6185,34923,1778,2026-03-05,Present,"2026-04-18 17:23:03"
6186,49625,1984,2026-03-09,Absent,"2026-04-18 17:23:03"
6187,10123,1949,2026-03-02,Present,"2026-04-18 17:23:03"
6188,48925,1778,2026-03-09,Absent,"2026-04-18 17:23:03"
6189,33730,1487,2026-03-09,Present,"2026-04-18 17:23:03"
6190,49723,1216,2026-03-06,Present,"2026-04-18 17:23:03"
6191,8138,531,2026-03-10,Present,"2026-04-18 17:23:03"
6192,47109,1834,2026-03-10,Present,"2026-04-18 17:23:03"
6193,33172,1005,2026-03-08,Present,"2026-04-18 17:23:03"
6194,48753,814,2026-03-06,Present,"2026-04-18 17:23:03"
6195,34998,618,2026-03-02,Present,"2026-04-18 17:23:03"
6196,4327,1487,2026-03-09,Present,"2026-04-18 17:23:03"
6197,16395,794,2026-03-03,Present,"2026-04-18 17:23:03"
6198,37063,759,2026-03-10,Present,"2026-04-18 17:23:03"
6199,15499,1073,2026-03-09,Present,"2026-04-18 17:23:03"
6200,26738,961,2026-03-06,Present,"2026-04-18 17:23:03"
6201,11525,624,2026-03-03,Present,"2026-04-18 17:23:03"
6202,49036,1422,2026-03-08,Present,"2026-04-18 17:23:03"
6203,27334,1555,2026-03-08,Present,"2026-04-18 17:23:03"
6204,2465,1340,2026-03-04,Present,"2026-04-18 17:23:03"
6205,39002,1352,2026-03-07,Absent,"2026-04-18 17:23:03"
6206,20562,756,2026-03-02,Present,"2026-04-18 17:23:03"
6207,26486,1675,2026-03-02,Present,"2026-04-18 17:23:03"
6208,32061,1487,2026-03-02,Present,"2026-04-18 17:23:03"
6209,10672,1435,2026-03-09,Present,"2026-04-18 17:23:03"
6210,15127,1830,2026-03-01,Present,"2026-04-18 17:23:03"
6211,10899,1670,2026-03-02,Present,"2026-04-18 17:23:03"
6212,49686,964,2026-03-04,Present,"2026-04-18 17:23:03"
6213,17910,1164,2026-03-03,Present,"2026-04-18 17:23:03"
6214,48484,735,2026-03-07,Absent,"2026-04-18 17:23:03"
6215,11081,1778,2026-03-01,Present,"2026-04-18 17:23:03"
6216,19774,1984,2026-03-05,Present,"2026-04-18 17:23:03"
6217,4935,1587,2026-03-05,Present,"2026-04-18 17:23:03"
6218,25079,654,2026-03-02,Present,"2026-04-18 17:23:03"
6219,14005,915,2026-03-06,Present,"2026-04-18 17:23:03"
6220,43433,947,2026-03-09,Present,"2026-04-18 17:23:03"
6221,45020,669,2026-03-08,Present,"2026-04-18 17:23:03"
6222,12077,559,2026-03-06,Present,"2026-04-18 17:23:03"
6223,16387,1352,2026-03-05,Present,"2026-04-18 17:23:03"
6224,41833,1101,2026-03-05,Present,"2026-04-18 17:23:03"
6225,24651,1834,2026-03-04,Absent,"2026-04-18 17:23:03"
6226,10223,1073,2026-03-06,Absent,"2026-04-18 17:23:03"
6227,33660,1757,2026-03-07,Absent,"2026-04-18 17:23:03"
6228,37859,1170,2026-03-10,Absent,"2026-04-18 17:23:03"
6229,10716,947,2026-03-02,Present,"2026-04-18 17:23:03"
6230,36371,1553,2026-03-04,Absent,"2026-04-18 17:23:03"
6231,297,792,2026-03-01,Present,"2026-04-18 17:23:03"
6232,31414,1670,2026-03-06,Present,"2026-04-18 17:23:03"
6233,48286,1216,2026-03-09,Present,"2026-04-18 17:23:03"
6234,18009,834,2026-03-04,Present,"2026-04-18 17:23:03"
6235,41543,1300,2026-03-03,Absent,"2026-04-18 17:23:03"
6236,33358,876,2026-03-06,Absent,"2026-04-18 17:23:03"
6237,26873,1343,2026-03-07,Present,"2026-04-18 17:23:03"
6238,46958,1948,2026-03-01,Absent,"2026-04-18 17:23:03"
6239,38893,911,2026-03-07,Present,"2026-04-18 17:23:03"
6240,17935,1343,2026-03-07,Present,"2026-04-18 17:23:03"
6241,43243,1101,2026-03-10,Absent,"2026-04-18 17:23:03"
6242,38509,1598,2026-03-07,Present,"2026-04-18 17:23:03"
6243,45155,1598,2026-03-05,Present,"2026-04-18 17:23:03"
6244,18697,531,2026-03-06,Present,"2026-04-18 17:23:03"
6245,31997,1555,2026-03-09,Present,"2026-04-18 17:23:03"
6246,3113,1422,2026-03-01,Absent,"2026-04-18 17:23:03"
6247,47443,1060,2026-03-08,Present,"2026-04-18 17:23:03"
6248,25939,1951,2026-03-03,Present,"2026-04-18 17:23:03"
6249,16195,573,2026-03-06,Present,"2026-04-18 17:23:03"
6250,2267,735,2026-03-06,Present,"2026-04-18 17:23:03"
6251,36479,1914,2026-03-10,Present,"2026-04-18 17:23:03"
6252,46770,998,2026-03-03,Present,"2026-04-18 17:23:03"
6253,7394,901,2026-03-05,Present,"2026-04-18 17:23:03"
6254,46770,573,2026-03-05,Present,"2026-04-18 17:23:03"
6255,19708,1164,2026-03-06,Absent,"2026-04-18 17:23:03"
6256,38104,1409,2026-03-06,Present,"2026-04-18 17:23:03"
6257,21839,1757,2026-03-05,Present,"2026-04-18 17:23:03"
6258,4959,901,2026-03-06,Present,"2026-04-18 17:23:03"
6259,14779,1060,2026-03-09,Present,"2026-04-18 17:23:03"
6260,44863,1914,2026-03-01,Present,"2026-04-18 17:23:03"
6261,23216,1170,2026-03-04,Present,"2026-04-18 17:23:03"
6262,21728,1005,2026-03-08,Present,"2026-04-18 17:23:03"
6263,18843,973,2026-03-10,Absent,"2026-04-18 17:23:03"
6264,38646,1216,2026-03-10,Absent,"2026-04-18 17:23:03"
6265,21535,1571,2026-03-10,Present,"2026-04-18 17:23:03"
6266,40213,1340,2026-03-09,Present,"2026-04-18 17:23:03"
6267,34206,1522,2026-03-01,Present,"2026-04-18 17:23:03"
6268,28957,1787,2026-03-01,Absent,"2026-04-18 17:23:03"
6269,2384,701,2026-03-07,Present,"2026-04-18 17:23:03"
6270,33753,1292,2026-03-10,Present,"2026-04-18 17:23:03"
6271,7722,559,2026-03-01,Present,"2026-04-18 17:23:03"
6272,31668,1365,2026-03-05,Present,"2026-04-18 17:23:03"
6273,2798,1184,2026-03-04,Present,"2026-04-18 17:23:03"
6274,43026,1374,2026-03-04,Absent,"2026-04-18 17:23:03"
6275,47375,513,2026-03-07,Present,"2026-04-18 17:23:03"
6276,2603,1101,2026-03-03,Present,"2026-04-18 17:23:03"
6277,37657,1164,2026-03-03,Present,"2026-04-18 17:23:03"
6278,35045,1170,2026-03-09,Present,"2026-04-18 17:23:03"
6279,9123,792,2026-03-07,Present,"2026-04-18 17:23:03"
6280,25187,1365,2026-03-02,Present,"2026-04-18 17:23:03"
6281,39278,1914,2026-03-10,Absent,"2026-04-18 17:23:03"
6282,22186,513,2026-03-06,Present,"2026-04-18 17:23:03"
6283,3232,808,2026-03-06,Present,"2026-04-18 17:23:03"
6284,23909,1678,2026-03-09,Present,"2026-04-18 17:23:03"
6285,33023,794,2026-03-09,Absent,"2026-04-18 17:23:03"
6286,8517,1152,2026-03-05,Present,"2026-04-18 17:23:03"
6287,40520,1184,2026-03-05,Present,"2026-04-18 17:23:03"
6288,12815,1409,2026-03-07,Present,"2026-04-18 17:23:03"
6289,46424,1524,2026-03-10,Present,"2026-04-18 17:23:03"
6290,16675,1216,2026-03-10,Present,"2026-04-18 17:23:03"
6291,6235,1034,2026-03-08,Present,"2026-04-18 17:23:03"
6292,9736,792,2026-03-08,Present,"2026-04-18 17:23:03"
6293,34618,1352,2026-03-03,Present,"2026-04-18 17:23:03"
6294,41940,998,2026-03-08,Present,"2026-04-18 17:23:03"
6295,48898,1487,2026-03-02,Absent,"2026-04-18 17:23:03"
6296,19308,1496,2026-03-06,Present,"2026-04-18 17:23:03"
6297,13277,973,2026-03-07,Present,"2026-04-18 17:23:03"
6298,33384,1974,2026-03-02,Present,"2026-04-18 17:23:03"
6299,41750,1949,2026-03-08,Present,"2026-04-18 17:23:03"
6300,16833,1352,2026-03-07,Present,"2026-04-18 17:23:03"
6301,18565,814,2026-03-09,Present,"2026-04-18 17:23:03"
6302,26178,584,2026-03-05,Absent,"2026-04-18 17:23:03"
6303,44150,1482,2026-03-08,Absent,"2026-04-18 17:23:03"
6304,12509,1300,2026-03-02,Present,"2026-04-18 17:23:03"
6305,22725,559,2026-03-05,Present,"2026-04-18 17:23:03"
6306,25637,1004,2026-03-04,Present,"2026-04-18 17:23:03"
6307,14041,1700,2026-03-06,Present,"2026-04-18 17:23:03"
6308,9884,973,2026-03-03,Present,"2026-04-18 17:23:03"
6309,49403,1787,2026-03-01,Present,"2026-04-18 17:23:03"
6310,34112,701,2026-03-07,Present,"2026-04-18 17:23:03"
6311,9977,1974,2026-03-01,Present,"2026-04-18 17:23:03"
6312,36444,559,2026-03-03,Present,"2026-04-18 17:23:03"
6313,15926,756,2026-03-02,Present,"2026-04-18 17:23:03"
6314,40321,964,2026-03-09,Present,"2026-04-18 17:23:03"
6315,16470,962,2026-03-04,Present,"2026-04-18 17:23:03"
6316,11368,669,2026-03-03,Present,"2026-04-18 17:23:03"
6317,7141,624,2026-03-05,Present,"2026-04-18 17:23:03"
6318,35130,808,2026-03-08,Present,"2026-04-18 17:23:03"
6319,7756,901,2026-03-04,Present,"2026-04-18 17:23:03"
6320,39433,1914,2026-03-08,Present,"2026-04-18 17:23:03"
6321,1057,1202,2026-03-03,Present,"2026-04-18 17:23:03"
6322,21511,858,2026-03-06,Absent,"2026-04-18 17:23:03"
6323,44077,1553,2026-03-04,Present,"2026-04-18 17:23:03"
6324,46290,618,2026-03-10,Present,"2026-04-18 17:23:03"
6325,15766,1524,2026-03-04,Present,"2026-04-18 17:23:03"
6326,39373,1005,2026-03-04,Present,"2026-04-18 17:23:03"
6327,31965,906,2026-03-05,Present,"2026-04-18 17:23:03"
6328,14639,962,2026-03-09,Present,"2026-04-18 17:23:03"
6329,1683,1496,2026-03-07,Present,"2026-04-18 17:23:03"
6330,8843,1538,2026-03-04,Present,"2026-04-18 17:23:03"
6331,20779,973,2026-03-08,Present,"2026-04-18 17:23:03"
6332,22080,573,2026-03-03,Present,"2026-04-18 17:23:03"
6333,32022,911,2026-03-02,Present,"2026-04-18 17:23:03"
6334,10438,947,2026-03-05,Present,"2026-04-18 17:23:03"
6335,4995,1212,2026-03-10,Present,"2026-04-18 17:23:03"
6336,7616,792,2026-03-06,Present,"2026-04-18 17:23:03"
6337,483,876,2026-03-03,Present,"2026-04-18 17:23:03"
6338,49503,1787,2026-03-08,Present,"2026-04-18 17:23:03"
6339,34875,834,2026-03-08,Present,"2026-04-18 17:23:03"
6340,3401,1057,2026-03-07,Present,"2026-04-18 17:23:03"
6341,43635,1496,2026-03-02,Absent,"2026-04-18 17:23:03"
6342,44959,1974,2026-03-03,Absent,"2026-04-18 17:23:03"
6343,46035,1677,2026-03-01,Present,"2026-04-18 17:23:03"
6344,40540,759,2026-03-02,Present,"2026-04-18 17:23:03"
6345,38009,1587,2026-03-02,Present,"2026-04-18 17:23:03"
6346,35684,1101,2026-03-09,Present,"2026-04-18 17:23:03"
6347,43377,1152,2026-03-08,Present,"2026-04-18 17:23:03"
6348,33854,964,2026-03-02,Present,"2026-04-18 17:23:03"
6349,32591,756,2026-03-04,Present,"2026-04-18 17:23:03"
6350,13819,1300,2026-03-01,Present,"2026-04-18 17:23:03"
6351,5062,1102,2026-03-05,Present,"2026-04-18 17:23:03"
6352,45027,1170,2026-03-03,Present,"2026-04-18 17:23:03"
6353,21255,1914,2026-03-01,Present,"2026-04-18 17:23:03"
6354,22035,1670,2026-03-05,Present,"2026-04-18 17:23:03"
6355,3509,998,2026-03-07,Present,"2026-04-18 17:23:03"
6356,30449,1343,2026-03-07,Present,"2026-04-18 17:23:03"
6357,629,531,2026-03-09,Present,"2026-04-18 17:23:03"
6358,42327,759,2026-03-07,Absent,"2026-04-18 17:23:03"
6359,26821,1677,2026-03-03,Present,"2026-04-18 17:23:03"
6360,18899,1292,2026-03-02,Present,"2026-04-18 17:23:03"
6361,13055,1914,2026-03-05,Absent,"2026-04-18 17:23:03"
6362,37309,1974,2026-03-08,Present,"2026-04-18 17:23:03"
6363,44837,575,2026-03-09,Present,"2026-04-18 17:23:03"
6364,6173,759,2026-03-07,Present,"2026-04-18 17:23:03"
6365,4708,669,2026-03-07,Present,"2026-04-18 17:23:03"
6366,16381,584,2026-03-03,Present,"2026-04-18 17:23:03"
6367,42170,618,2026-03-04,Present,"2026-04-18 17:23:03"
6368,16686,1778,2026-03-07,Present,"2026-04-18 17:23:03"
6369,34262,1974,2026-03-01,Present,"2026-04-18 17:23:03"
6370,31889,1487,2026-03-01,Absent,"2026-04-18 17:23:03"
6371,16160,735,2026-03-08,Absent,"2026-04-18 17:23:03"
6372,26971,834,2026-03-08,Present,"2026-04-18 17:23:03"
6373,11282,1333,2026-03-06,Present,"2026-04-18 17:23:03"
6374,49890,911,2026-03-09,Present,"2026-04-18 17:23:03"
6375,18713,513,2026-03-01,Present,"2026-04-18 17:23:03"
6376,38468,559,2026-03-06,Present,"2026-04-18 17:23:03"
6377,47028,964,2026-03-01,Absent,"2026-04-18 17:23:03"
6378,25821,1960,2026-03-02,Present,"2026-04-18 17:23:03"
6379,39181,1036,2026-03-09,Absent,"2026-04-18 17:23:03"
6380,13507,1170,2026-03-07,Present,"2026-04-18 17:23:03"
6381,30619,1005,2026-03-07,Present,"2026-04-18 17:23:03"
6382,16008,1164,2026-03-03,Present,"2026-04-18 17:23:03"
6383,43755,1700,2026-03-09,Present,"2026-04-18 17:23:03"
6384,47503,1987,2026-03-06,Absent,"2026-04-18 17:23:03"
6385,31927,814,2026-03-09,Present,"2026-04-18 17:23:03"
6386,7442,701,2026-03-07,Present,"2026-04-18 17:23:03"
6387,30622,964,2026-03-01,Present,"2026-04-18 17:23:03"
6388,37871,1228,2026-03-07,Present,"2026-04-18 17:23:03"
6389,28158,1034,2026-03-09,Present,"2026-04-18 17:23:03"
6390,49346,1553,2026-03-02,Present,"2026-04-18 17:23:03"
6391,49368,1101,2026-03-08,Present,"2026-04-18 17:23:03"
6392,32533,1754,2026-03-02,Present,"2026-04-18 17:23:03"
6393,19951,1359,2026-03-05,Present,"2026-04-18 17:23:03"
6394,4995,1538,2026-03-09,Present,"2026-04-18 17:23:03"
6395,13724,1517,2026-03-03,Present,"2026-04-18 17:23:03"
6396,43093,1365,2026-03-08,Present,"2026-04-18 17:23:03"
6397,1665,876,2026-03-09,Present,"2026-04-18 17:23:03"
6398,48195,1152,2026-03-06,Present,"2026-04-18 17:23:03"
6399,2546,701,2026-03-01,Present,"2026-04-18 17:23:03"
6400,48862,1216,2026-03-09,Present,"2026-04-18 17:23:03"
6401,21356,618,2026-03-05,Absent,"2026-04-18 17:23:03"
6402,6673,1678,2026-03-08,Present,"2026-04-18 17:23:03"
6403,1547,998,2026-03-10,Present,"2026-04-18 17:23:03"
6404,22493,513,2026-03-07,Absent,"2026-04-18 17:23:03"
6405,38104,834,2026-03-03,Present,"2026-04-18 17:23:03"
6406,37594,584,2026-03-01,Present,"2026-04-18 17:23:03"
6407,42276,1914,2026-03-07,Present,"2026-04-18 17:23:03"
6408,16478,998,2026-03-09,Present,"2026-04-18 17:23:03"
6409,48926,1496,2026-03-10,Present,"2026-04-18 17:23:03"
6410,15197,998,2026-03-06,Present,"2026-04-18 17:23:03"
6411,38663,1292,2026-03-05,Absent,"2026-04-18 17:23:03"
6412,4637,735,2026-03-05,Present,"2026-04-18 17:23:03"
6413,37696,881,2026-03-09,Present,"2026-04-18 17:23:03"
6414,7971,916,2026-03-07,Present,"2026-04-18 17:23:03"
6415,15669,947,2026-03-10,Present,"2026-04-18 17:23:03"
6416,29559,876,2026-03-01,Present,"2026-04-18 17:23:03"
6417,19017,998,2026-03-09,Present,"2026-04-18 17:23:03"
6418,40606,1073,2026-03-02,Present,"2026-04-18 17:23:03"
6419,34184,759,2026-03-07,Present,"2026-04-18 17:23:03"
6420,41740,1034,2026-03-03,Present,"2026-04-18 17:23:03"
6421,11070,1830,2026-03-02,Present,"2026-04-18 17:23:03"
6422,789,1555,2026-03-08,Present,"2026-04-18 17:23:03"
6423,28650,1677,2026-03-08,Present,"2026-04-18 17:23:03"
6424,6005,1538,2026-03-06,Present,"2026-04-18 17:23:03"
6425,49086,669,2026-03-02,Present,"2026-04-18 17:23:03"
6426,45338,973,2026-03-02,Present,"2026-04-18 17:23:03"
6427,23023,947,2026-03-04,Present,"2026-04-18 17:23:03"
6428,21484,1300,2026-03-09,Present,"2026-04-18 17:23:03"
6429,19247,531,2026-03-04,Present,"2026-04-18 17:23:03"
6430,13051,1333,2026-03-05,Present,"2026-04-18 17:23:03"
6431,814,712,2026-03-04,Present,"2026-04-18 17:23:03"
6432,15630,766,2026-03-01,Absent,"2026-04-18 17:23:03"
6433,34826,1908,2026-03-03,Present,"2026-04-18 17:23:03"
6434,25261,998,2026-03-08,Present,"2026-04-18 17:23:03"
6435,4735,1984,2026-03-02,Present,"2026-04-18 17:23:03"
6436,6348,618,2026-03-10,Present,"2026-04-18 17:23:03"
6437,40213,1538,2026-03-05,Present,"2026-04-18 17:23:03"
6438,27899,1553,2026-03-05,Present,"2026-04-18 17:23:03"
6439,18713,513,2026-03-03,Present,"2026-04-18 17:23:03"
6440,17687,1757,2026-03-02,Present,"2026-04-18 17:23:03"
6441,20888,1005,2026-03-03,Present,"2026-04-18 17:23:03"
6442,34139,1960,2026-03-05,Present,"2026-04-18 17:23:03"
6443,36222,1374,2026-03-03,Present,"2026-04-18 17:23:03"
6444,1141,1292,2026-03-01,Present,"2026-04-18 17:23:03"
6445,14120,1948,2026-03-09,Present,"2026-04-18 17:23:03"
6446,49602,1908,2026-03-09,Present,"2026-04-18 17:23:03"
6447,38551,1677,2026-03-01,Present,"2026-04-18 17:23:03"
6448,1145,624,2026-03-09,Present,"2026-04-18 17:23:03"
6449,27182,1974,2026-03-06,Present,"2026-04-18 17:23:03"
6450,37982,1164,2026-03-05,Present,"2026-04-18 17:23:03"
6451,4601,901,2026-03-10,Absent,"2026-04-18 17:23:03"
6452,26334,624,2026-03-01,Present,"2026-04-18 17:23:03"
6453,39303,1987,2026-03-04,Present,"2026-04-18 17:23:03"
6454,31432,1253,2026-03-06,Present,"2026-04-18 17:23:03"
6455,6409,1202,2026-03-08,Present,"2026-04-18 17:23:03"
6456,1536,1700,2026-03-04,Present,"2026-04-18 17:23:03"
6457,38893,1524,2026-03-07,Present,"2026-04-18 17:23:03"
6458,13146,1987,2026-03-05,Present,"2026-04-18 17:23:03"
6459,22208,559,2026-03-09,Present,"2026-04-18 17:23:03"
6460,4967,1587,2026-03-07,Present,"2026-04-18 17:23:03"
6461,22380,916,2026-03-10,Present,"2026-04-18 17:23:03"
6462,41903,513,2026-03-06,Present,"2026-04-18 17:23:03"
6463,38677,1914,2026-03-06,Present,"2026-04-18 17:23:03"
6464,575,962,2026-03-09,Present,"2026-04-18 17:23:03"
6465,31825,1678,2026-03-07,Present,"2026-04-18 17:23:03"
6466,43634,1005,2026-03-10,Present,"2026-04-18 17:23:03"
6467,27007,1754,2026-03-09,Present,"2026-04-18 17:23:03"
6468,41509,1228,2026-03-10,Absent,"2026-04-18 17:23:03"
6469,36186,701,2026-03-01,Absent,"2026-04-18 17:23:03"
6470,3671,1553,2026-03-08,Present,"2026-04-18 17:23:03"
6471,47394,1834,2026-03-06,Present,"2026-04-18 17:23:03"
6472,44530,1176,2026-03-02,Present,"2026-04-18 17:23:03"
6473,13259,1055,2026-03-09,Present,"2026-04-18 17:23:03"
6474,14483,1757,2026-03-04,Present,"2026-04-18 17:23:03"
6475,2005,575,2026-03-04,Present,"2026-04-18 17:23:03"
6476,45745,1524,2026-03-09,Present,"2026-04-18 17:23:03"
6477,6074,1951,2026-03-07,Present,"2026-04-18 17:23:03"
6478,5657,1343,2026-03-03,Present,"2026-04-18 17:23:03"
6479,35135,808,2026-03-09,Present,"2026-04-18 17:23:03"
6480,5463,1787,2026-03-08,Present,"2026-04-18 17:23:03"
6481,47072,1359,2026-03-04,Absent,"2026-04-18 17:23:03"
6482,17124,766,2026-03-09,Present,"2026-04-18 17:23:03"
6483,17283,911,2026-03-08,Present,"2026-04-18 17:23:03"
6484,9467,1435,2026-03-03,Present,"2026-04-18 17:23:03"
6485,42835,1951,2026-03-07,Present,"2026-04-18 17:23:03"
6486,34442,1778,2026-03-05,Present,"2026-04-18 17:23:03"
6487,39507,1496,2026-03-09,Present,"2026-04-18 17:23:03"
6488,7702,1034,2026-03-02,Present,"2026-04-18 17:23:03"
6489,38917,1670,2026-03-01,Present,"2026-04-18 17:23:03"
6490,5786,1212,2026-03-01,Present,"2026-04-18 17:23:03"
6491,4415,1055,2026-03-06,Present,"2026-04-18 17:23:03"
6492,39026,1787,2026-03-08,Absent,"2026-04-18 17:23:03"
6493,37208,1517,2026-03-02,Present,"2026-04-18 17:23:03"
6494,5292,1422,2026-03-07,Present,"2026-04-18 17:23:03"
6495,39784,1553,2026-03-01,Present,"2026-04-18 17:23:03"
6496,10240,794,2026-03-08,Present,"2026-04-18 17:23:03"
6497,23080,1522,2026-03-10,Present,"2026-04-18 17:23:03"
6498,26870,1057,2026-03-08,Present,"2026-04-18 17:23:03"
6499,14190,1834,2026-03-07,Present,"2026-04-18 17:23:03"
6500,38334,1005,2026-03-08,Absent,"2026-04-18 17:23:03"
6501,735,901,2026-03-08,Present,"2026-04-18 17:23:03"
6502,47285,1340,2026-03-01,Present,"2026-04-18 17:23:03"
6503,41412,669,2026-03-07,Present,"2026-04-18 17:23:03"
6504,26770,1060,2026-03-09,Present,"2026-04-18 17:23:03"
6505,6842,756,2026-03-05,Present,"2026-04-18 17:23:03"
6506,39300,1487,2026-03-01,Present,"2026-04-18 17:23:03"
6507,25034,916,2026-03-08,Present,"2026-04-18 17:23:03"
6508,37533,1677,2026-03-03,Absent,"2026-04-18 17:23:03"
6509,48686,962,2026-03-07,Present,"2026-04-18 17:23:03"
6510,36914,1675,2026-03-01,Absent,"2026-04-18 17:23:03"
6511,38970,1571,2026-03-05,Absent,"2026-04-18 17:23:03"
6512,38544,1102,2026-03-08,Present,"2026-04-18 17:23:03"
6513,17746,766,2026-03-02,Present,"2026-04-18 17:23:03"
6514,21125,808,2026-03-01,Present,"2026-04-18 17:23:03"
6515,47502,735,2026-03-05,Present,"2026-04-18 17:23:03"
6516,9977,1987,2026-03-10,Present,"2026-04-18 17:23:03"
6517,25883,1152,2026-03-10,Present,"2026-04-18 17:23:03"
6518,12247,1960,2026-03-03,Present,"2026-04-18 17:23:03"
6519,10124,962,2026-03-07,Present,"2026-04-18 17:23:03"
6520,44992,1951,2026-03-04,Present,"2026-04-18 17:23:03"
6521,27729,618,2026-03-10,Present,"2026-04-18 17:23:03"
6522,17240,1834,2026-03-01,Present,"2026-04-18 17:23:03"
6523,41400,531,2026-03-07,Present,"2026-04-18 17:23:03"
6524,13564,1057,2026-03-04,Absent,"2026-04-18 17:23:03"
6525,23455,1496,2026-03-07,Absent,"2026-04-18 17:23:03"
6526,38127,881,2026-03-01,Present,"2026-04-18 17:23:03"
6527,35769,1216,2026-03-02,Present,"2026-04-18 17:23:03"
6528,30619,1675,2026-03-04,Present,"2026-04-18 17:23:03"
6529,8338,1757,2026-03-05,Present,"2026-04-18 17:23:03"
6530,49963,1422,2026-03-01,Present,"2026-04-18 17:23:03"
6531,8551,794,2026-03-02,Present,"2026-04-18 17:23:03"
6532,14255,1677,2026-03-04,Present,"2026-04-18 17:23:03"
6533,43964,1908,2026-03-07,Present,"2026-04-18 17:23:03"
6534,25797,1913,2026-03-07,Present,"2026-04-18 17:23:03"
6535,36849,573,2026-03-09,Present,"2026-04-18 17:23:03"
6536,36412,1333,2026-03-10,Present,"2026-04-18 17:23:03"
6537,13434,1496,2026-03-09,Absent,"2026-04-18 17:23:03"
6538,43614,1164,2026-03-03,Present,"2026-04-18 17:23:03"
6539,2017,1102,2026-03-10,Present,"2026-04-18 17:23:03"
6540,41043,1553,2026-03-09,Present,"2026-04-18 17:23:03"
6541,19049,906,2026-03-08,Present,"2026-04-18 17:23:03"
6542,41742,712,2026-03-08,Present,"2026-04-18 17:23:03"
6543,46783,1830,2026-03-05,Absent,"2026-04-18 17:23:03"
6544,38269,1778,2026-03-09,Present,"2026-04-18 17:23:03"
6545,39235,1409,2026-03-09,Present,"2026-04-18 17:23:03"
6546,44614,1757,2026-03-04,Present,"2026-04-18 17:23:03"
6547,21485,1055,2026-03-09,Absent,"2026-04-18 17:23:03"
6548,9215,624,2026-03-10,Present,"2026-04-18 17:23:03"
6549,22071,1787,2026-03-01,Present,"2026-04-18 17:23:03"
6550,4013,1951,2026-03-05,Present,"2026-04-18 17:23:03"
6551,25791,1300,2026-03-01,Present,"2026-04-18 17:23:03"
6552,12671,1300,2026-03-03,Present,"2026-04-18 17:23:03"
6553,13554,808,2026-03-04,Present,"2026-04-18 17:23:03"
6554,15075,1571,2026-03-10,Present,"2026-04-18 17:23:03"
6555,16184,1057,2026-03-07,Present,"2026-04-18 17:23:03"
6556,21275,1340,2026-03-10,Present,"2026-04-18 17:23:03"
6557,21125,808,2026-03-05,Absent,"2026-04-18 17:23:03"
6558,39974,1553,2026-03-09,Present,"2026-04-18 17:23:03"
6559,8456,1487,2026-03-10,Present,"2026-04-18 17:23:03"
6560,6558,1374,2026-03-02,Present,"2026-04-18 17:23:03"
6561,44480,584,2026-03-03,Present,"2026-04-18 17:23:03"
6562,22663,1422,2026-03-01,Present,"2026-04-18 17:23:03"
6563,4036,1555,2026-03-02,Present,"2026-04-18 17:23:03"
6564,14775,1587,2026-03-06,Present,"2026-04-18 17:23:03"
6565,38440,1987,2026-03-03,Present,"2026-04-18 17:23:03"
6566,22182,669,2026-03-08,Present,"2026-04-18 17:23:03"
6567,43603,1675,2026-03-07,Present,"2026-04-18 17:23:03"
6568,19635,1553,2026-03-07,Present,"2026-04-18 17:23:03"
6569,15243,1787,2026-03-09,Absent,"2026-04-18 17:23:03"
6570,21125,808,2026-03-04,Present,"2026-04-18 17:23:03"
6571,2274,575,2026-03-10,Present,"2026-04-18 17:23:03"
6572,5286,973,2026-03-05,Present,"2026-04-18 17:23:03"
6573,23975,1677,2026-03-03,Present,"2026-04-18 17:23:03"
6574,44034,513,2026-03-07,Present,"2026-04-18 17:23:03"
6575,32993,712,2026-03-05,Present,"2026-04-18 17:23:03"
6576,39000,1670,2026-03-03,Present,"2026-04-18 17:23:03"
6577,47372,669,2026-03-01,Present,"2026-04-18 17:23:03"
6578,23592,1055,2026-03-01,Present,"2026-04-18 17:23:03"
6579,22783,531,2026-03-10,Present,"2026-04-18 17:23:03"
6580,4575,575,2026-03-02,Present,"2026-04-18 17:23:03"
6581,13141,1587,2026-03-02,Present,"2026-04-18 17:23:03"
6582,26842,1300,2026-03-01,Present,"2026-04-18 17:23:03"
6583,25036,1948,2026-03-09,Absent,"2026-04-18 17:23:03"
6584,19279,858,2026-03-01,Present,"2026-04-18 17:23:03"
6585,4192,1487,2026-03-04,Present,"2026-04-18 17:23:03"
6586,9273,559,2026-03-07,Absent,"2026-04-18 17:23:03"
6587,6863,1987,2026-03-04,Present,"2026-04-18 17:23:03"
6588,3899,1422,2026-03-07,Present,"2026-04-18 17:23:03"
6589,41932,1757,2026-03-02,Present,"2026-04-18 17:23:03"
6590,33692,1951,2026-03-01,Absent,"2026-04-18 17:23:03"
6591,37014,998,2026-03-02,Absent,"2026-04-18 17:23:03"
6592,22821,906,2026-03-08,Present,"2026-04-18 17:23:03"
6593,36070,911,2026-03-07,Present,"2026-04-18 17:23:03"
6594,45692,1960,2026-03-04,Present,"2026-04-18 17:23:03"
6595,33045,1949,2026-03-04,Present,"2026-04-18 17:23:03"
6596,35468,794,2026-03-04,Present,"2026-04-18 17:23:03"
6597,49136,1754,2026-03-06,Absent,"2026-04-18 17:23:03"
6598,13554,1670,2026-03-07,Present,"2026-04-18 17:23:03"
6599,38617,1202,2026-03-02,Present,"2026-04-18 17:23:03"
6600,25034,584,2026-03-04,Present,"2026-04-18 17:23:03"
6601,18981,1830,2026-03-07,Present,"2026-04-18 17:23:03"
6602,8421,1948,2026-03-01,Present,"2026-04-18 17:23:03"
6603,38216,916,2026-03-05,Present,"2026-04-18 17:23:03"
6604,13760,1036,2026-03-08,Present,"2026-04-18 17:23:03"
6605,16505,1300,2026-03-03,Present,"2026-04-18 17:23:03"
6606,29030,1034,2026-03-07,Present,"2026-04-18 17:23:03"
6607,18757,1830,2026-03-08,Present,"2026-04-18 17:23:03"
6608,17783,1700,2026-03-02,Present,"2026-04-18 17:23:03"
6609,35731,964,2026-03-04,Present,"2026-04-18 17:23:03"
6610,14339,1073,2026-03-01,Absent,"2026-04-18 17:23:03"
6611,44976,911,2026-03-05,Present,"2026-04-18 17:23:03"
6612,13317,998,2026-03-03,Present,"2026-04-18 17:23:03"
6613,34618,1352,2026-03-05,Present,"2026-04-18 17:23:03"
6614,31144,1571,2026-03-01,Present,"2026-04-18 17:23:03"
6615,41119,1524,2026-03-05,Present,"2026-04-18 17:23:03"
6616,44294,756,2026-03-05,Absent,"2026-04-18 17:23:03"
6617,47121,654,2026-03-08,Present,"2026-04-18 17:23:03"
6618,28852,1101,2026-03-02,Present,"2026-04-18 17:23:03"
6619,7419,1951,2026-03-02,Absent,"2026-04-18 17:23:03"
6620,42504,1496,2026-03-06,Present,"2026-04-18 17:23:03"
6621,12538,654,2026-03-01,Present,"2026-04-18 17:23:03"
6622,37460,1830,2026-03-09,Present,"2026-04-18 17:23:03"
6623,45381,792,2026-03-10,Present,"2026-04-18 17:23:03"
6624,14266,1057,2026-03-02,Present,"2026-04-18 17:23:03"
6625,41371,1055,2026-03-10,Present,"2026-04-18 17:23:03"
6626,37487,876,2026-03-01,Present,"2026-04-18 17:23:03"
6627,32637,792,2026-03-10,Present,"2026-04-18 17:23:03"
6628,31533,1164,2026-03-09,Absent,"2026-04-18 17:23:03"
6629,10563,916,2026-03-07,Present,"2026-04-18 17:23:03"
6630,17657,624,2026-03-02,Present,"2026-04-18 17:23:03"
6631,42620,834,2026-03-10,Present,"2026-04-18 17:23:03"
6632,24306,1522,2026-03-08,Present,"2026-04-18 17:23:03"
6633,8261,1517,2026-03-04,Present,"2026-04-18 17:23:03"
6634,46608,1005,2026-03-08,Absent,"2026-04-18 17:23:03"
6635,42279,1553,2026-03-01,Present,"2026-04-18 17:23:03"
6636,27674,618,2026-03-06,Present,"2026-04-18 17:23:03"
6637,36070,911,2026-03-09,Present,"2026-04-18 17:23:03"
6638,33802,1073,2026-03-05,Present,"2026-04-18 17:23:03"
6639,24383,1034,2026-03-07,Present,"2026-04-18 17:23:03"
6640,36456,1164,2026-03-10,Present,"2026-04-18 17:23:03"
6641,38382,654,2026-03-05,Absent,"2026-04-18 17:23:03"
6642,28579,1073,2026-03-01,Present,"2026-04-18 17:23:03"
6643,1104,1778,2026-03-10,Absent,"2026-04-18 17:23:03"
6644,27205,1036,2026-03-07,Present,"2026-04-18 17:23:03"
6645,19455,531,2026-03-05,Present,"2026-04-18 17:23:03"
6646,28415,1754,2026-03-07,Present,"2026-04-18 17:23:03"
6647,18007,1152,2026-03-07,Present,"2026-04-18 17:23:03"
6648,34244,1538,2026-03-04,Present,"2026-04-18 17:23:03"
6649,15931,1951,2026-03-03,Present,"2026-04-18 17:23:03"
6650,7297,1343,2026-03-07,Present,"2026-04-18 17:23:03"
6651,39205,814,2026-03-01,Present,"2026-04-18 17:23:03"
6652,45293,1212,2026-03-02,Present,"2026-04-18 17:23:03"
6653,28875,559,2026-03-04,Present,"2026-04-18 17:23:03"
6654,42878,1057,2026-03-10,Present,"2026-04-18 17:23:03"
6655,45860,1675,2026-03-08,Present,"2026-04-18 17:23:03"
6656,20592,998,2026-03-01,Present,"2026-04-18 17:23:03"
6657,45846,513,2026-03-05,Present,"2026-04-18 17:23:03"
6658,30130,1184,2026-03-05,Present,"2026-04-18 17:23:03"
6659,7077,1908,2026-03-02,Absent,"2026-04-18 17:23:03"
6660,48527,947,2026-03-09,Present,"2026-04-18 17:23:03"
6661,8970,1374,2026-03-06,Present,"2026-04-18 17:23:03"
6662,1556,1587,2026-03-08,Present,"2026-04-18 17:23:03"
6663,38392,961,2026-03-07,Present,"2026-04-18 17:23:03"
6664,22035,858,2026-03-08,Present,"2026-04-18 17:23:03"
6665,3418,1176,2026-03-10,Present,"2026-04-18 17:23:03"
6666,28014,654,2026-03-10,Present,"2026-04-18 17:23:03"
6667,11342,1170,2026-03-08,Present,"2026-04-18 17:23:03"
6668,14296,1830,2026-03-06,Present,"2026-04-18 17:23:03"
6669,7480,814,2026-03-10,Present,"2026-04-18 17:23:03"
6670,19037,1522,2026-03-03,Present,"2026-04-18 17:23:03"
6671,4935,669,2026-03-10,Present,"2026-04-18 17:23:03"
6672,19112,1435,2026-03-04,Present,"2026-04-18 17:23:03"
6673,4390,834,2026-03-09,Present,"2026-04-18 17:23:03"
6674,13975,1101,2026-03-10,Present,"2026-04-18 17:23:03"
6675,18009,1164,2026-03-09,Present,"2026-04-18 17:23:03"
6676,31373,814,2026-03-08,Present,"2026-04-18 17:23:03"
6677,24683,1675,2026-03-02,Present,"2026-04-18 17:23:03"
6678,8464,1004,2026-03-08,Present,"2026-04-18 17:23:03"
6679,19455,1164,2026-03-04,Absent,"2026-04-18 17:23:03"
6680,36412,947,2026-03-03,Present,"2026-04-18 17:23:03"
6681,14933,1778,2026-03-03,Present,"2026-04-18 17:23:03"
6682,42136,1164,2026-03-07,Present,"2026-04-18 17:23:03"
6683,10435,1830,2026-03-04,Present,"2026-04-18 17:23:03"
6684,37246,1359,2026-03-02,Present,"2026-04-18 17:23:03"
6685,16403,1524,2026-03-05,Present,"2026-04-18 17:23:03"
6686,16242,1359,2026-03-04,Present,"2026-04-18 17:23:03"
6687,43790,1170,2026-03-10,Present,"2026-04-18 17:23:03"
6688,39927,1522,2026-03-01,Absent,"2026-04-18 17:23:03"
6689,30775,1184,2026-03-09,Present,"2026-04-18 17:23:03"
6690,20462,618,2026-03-04,Present,"2026-04-18 17:23:03"
6691,41938,1677,2026-03-05,Present,"2026-04-18 17:23:03"
6692,40516,915,2026-03-01,Present,"2026-04-18 17:23:03"
6693,24318,911,2026-03-05,Present,"2026-04-18 17:23:03"
6694,39098,1300,2026-03-02,Present,"2026-04-18 17:23:03"
6695,28158,1005,2026-03-07,Absent,"2026-04-18 17:23:03"
6696,4575,915,2026-03-07,Present,"2026-04-18 17:23:03"
6697,18832,1300,2026-03-04,Present,"2026-04-18 17:23:03"
6698,40127,1778,2026-03-03,Present,"2026-04-18 17:23:03"
6699,18757,1292,2026-03-04,Present,"2026-04-18 17:23:03"
6700,13393,1757,2026-03-08,Absent,"2026-04-18 17:23:03"
6701,7793,1960,2026-03-08,Present,"2026-04-18 17:23:03"
6702,10058,1948,2026-03-08,Present,"2026-04-18 17:23:03"
6703,24753,906,2026-03-09,Absent,"2026-04-18 17:23:03"
6704,40344,1228,2026-03-06,Present,"2026-04-18 17:23:03"
6705,16923,584,2026-03-08,Present,"2026-04-18 17:23:03"
6706,6257,1057,2026-03-04,Present,"2026-04-18 17:23:03"
6707,13291,834,2026-03-08,Present,"2026-04-18 17:23:03"
6708,1639,1176,2026-03-02,Present,"2026-04-18 17:23:03"
6709,42513,1253,2026-03-05,Present,"2026-04-18 17:23:03"
6710,3678,759,2026-03-08,Present,"2026-04-18 17:23:03"
6711,19674,1754,2026-03-06,Present,"2026-04-18 17:23:03"
6712,42631,814,2026-03-08,Present,"2026-04-18 17:23:03"
6713,39998,973,2026-03-10,Present,"2026-04-18 17:23:03"
6714,24564,973,2026-03-03,Present,"2026-04-18 17:23:03"
6715,1808,1333,2026-03-06,Present,"2026-04-18 17:23:03"
6716,19270,756,2026-03-08,Absent,"2026-04-18 17:23:03"
6717,11242,624,2026-03-05,Absent,"2026-04-18 17:23:03"
6718,40816,1496,2026-03-06,Present,"2026-04-18 17:23:03"
6719,22963,1343,2026-03-08,Present,"2026-04-18 17:23:03"
6720,47188,1164,2026-03-08,Present,"2026-04-18 17:23:03"
6721,33045,962,2026-03-09,Present,"2026-04-18 17:23:03"
6722,28993,1170,2026-03-03,Present,"2026-04-18 17:23:03"
6723,20496,901,2026-03-10,Present,"2026-04-18 17:23:03"
6724,5279,1005,2026-03-03,Present,"2026-04-18 17:23:03"
6725,42895,618,2026-03-01,Present,"2026-04-18 17:23:03"
6726,42471,1340,2026-03-03,Present,"2026-04-18 17:23:03"
6727,1469,1365,2026-03-08,Absent,"2026-04-18 17:23:03"
6728,172,1216,2026-03-03,Present,"2026-04-18 17:23:03"
6729,26315,1587,2026-03-09,Present,"2026-04-18 17:23:03"
6730,5831,1409,2026-03-01,Absent,"2026-04-18 17:23:03"
6731,5240,1487,2026-03-02,Present,"2026-04-18 17:23:03"
6732,13858,1670,2026-03-07,Present,"2026-04-18 17:23:03"
6733,14275,876,2026-03-02,Present,"2026-04-18 17:23:03"
6734,42040,759,2026-03-09,Present,"2026-04-18 17:23:03"
6735,45171,513,2026-03-08,Present,"2026-04-18 17:23:03"
6736,16252,916,2026-03-07,Present,"2026-04-18 17:23:03"
6737,23836,1300,2026-03-04,Present,"2026-04-18 17:23:03"
6738,35936,1571,2026-03-04,Present,"2026-04-18 17:23:03"
6739,6542,1678,2026-03-04,Present,"2026-04-18 17:23:03"
6740,29510,1300,2026-03-02,Absent,"2026-04-18 17:23:03"
6741,41973,1984,2026-03-08,Present,"2026-04-18 17:23:03"
6742,10234,1555,2026-03-05,Present,"2026-04-18 17:23:03"
6743,30131,1757,2026-03-01,Absent,"2026-04-18 17:23:03"
6744,35721,1951,2026-03-08,Present,"2026-04-18 17:23:03"
6745,28248,1228,2026-03-02,Present,"2026-04-18 17:23:03"
6746,23656,947,2026-03-01,Present,"2026-04-18 17:23:03"
6747,13636,559,2026-03-09,Present,"2026-04-18 17:23:03"
6748,31774,961,2026-03-08,Absent,"2026-04-18 17:23:03"
6749,31475,792,2026-03-10,Absent,"2026-04-18 17:23:03"
6750,21635,906,2026-03-03,Present,"2026-04-18 17:23:03"
6751,34674,1587,2026-03-06,Present,"2026-04-18 17:23:03"
6752,34300,1754,2026-03-05,Present,"2026-04-18 17:23:03"
6753,12091,1517,2026-03-02,Absent,"2026-04-18 17:23:03"
6754,16878,901,2026-03-03,Present,"2026-04-18 17:23:03"
6755,28394,735,2026-03-01,Present,"2026-04-18 17:23:03"
6756,5831,998,2026-03-04,Absent,"2026-04-18 17:23:03"
6757,45035,1409,2026-03-04,Present,"2026-04-18 17:23:03"
6758,33826,1949,2026-03-10,Present,"2026-04-18 17:23:03"
6759,40786,1670,2026-03-03,Present,"2026-04-18 17:23:03"
6760,9146,792,2026-03-07,Present,"2026-04-18 17:23:03"
6761,6858,1365,2026-03-08,Present,"2026-04-18 17:23:03"
6762,1223,1830,2026-03-02,Present,"2026-04-18 17:23:03"
6763,21391,1216,2026-03-06,Present,"2026-04-18 17:23:03"
6764,6815,1984,2026-03-09,Absent,"2026-04-18 17:23:03"
6765,40121,1057,2026-03-09,Absent,"2026-04-18 17:23:03"
6766,731,916,2026-03-04,Present,"2026-04-18 17:23:03"
6767,18448,901,2026-03-04,Absent,"2026-04-18 17:23:03"
6768,40592,911,2026-03-10,Present,"2026-04-18 17:23:03"
6769,14659,1333,2026-03-03,Present,"2026-04-18 17:23:03"
6770,30039,1555,2026-03-08,Present,"2026-04-18 17:23:03"
6771,33038,1974,2026-03-03,Present,"2026-04-18 17:23:03"
6772,15754,834,2026-03-10,Present,"2026-04-18 17:23:03"
6773,2437,1073,2026-03-02,Present,"2026-04-18 17:23:03"
6774,27682,1176,2026-03-02,Present,"2026-04-18 17:23:03"
6775,33558,701,2026-03-07,Present,"2026-04-18 17:23:03"
6776,8124,1675,2026-03-06,Present,"2026-04-18 17:23:03"
6777,23632,876,2026-03-03,Absent,"2026-04-18 17:23:03"
6778,49015,881,2026-03-06,Present,"2026-04-18 17:23:03"
6779,23562,876,2026-03-06,Present,"2026-04-18 17:23:03"
6780,33372,669,2026-03-08,Present,"2026-04-18 17:23:03"
6781,30559,1292,2026-03-06,Present,"2026-04-18 17:23:03"
6782,7680,1571,2026-03-03,Present,"2026-04-18 17:23:03"
6783,33045,962,2026-03-10,Present,"2026-04-18 17:23:03"
6784,26103,876,2026-03-07,Present,"2026-04-18 17:23:03"
6785,10328,1700,2026-03-10,Present,"2026-04-18 17:23:03"
6786,10208,1974,2026-03-06,Present,"2026-04-18 17:23:03"
6787,23411,1435,2026-03-05,Present,"2026-04-18 17:23:03"
6788,27449,962,2026-03-10,Absent,"2026-04-18 17:23:03"
6789,48535,1202,2026-03-04,Present,"2026-04-18 17:23:03"
6790,21390,712,2026-03-04,Present,"2026-04-18 17:23:03"
6791,44191,1057,2026-03-07,Present,"2026-04-18 17:23:03"
6792,22030,911,2026-03-01,Present,"2026-04-18 17:23:03"
6793,1698,911,2026-03-08,Present,"2026-04-18 17:23:03"
6794,25763,858,2026-03-05,Present,"2026-04-18 17:23:03"
6795,36274,1343,2026-03-01,Absent,"2026-04-18 17:23:03"
6796,37696,962,2026-03-05,Absent,"2026-04-18 17:23:03"
6797,36465,834,2026-03-06,Present,"2026-04-18 17:23:03"
6798,10357,1830,2026-03-08,Absent,"2026-04-18 17:23:03"
6799,49728,1948,2026-03-02,Present,"2026-04-18 17:23:03"
6800,25763,1830,2026-03-06,Present,"2026-04-18 17:23:03"
6801,3135,1073,2026-03-09,Absent,"2026-04-18 17:23:03"
6802,32454,1164,2026-03-01,Absent,"2026-04-18 17:23:03"
6803,7401,1170,2026-03-09,Present,"2026-04-18 17:23:03"
6804,11474,1984,2026-03-01,Present,"2026-04-18 17:23:03"
6805,23390,947,2026-03-08,Present,"2026-04-18 17:23:03"
6806,12280,901,2026-03-04,Present,"2026-04-18 17:23:03"
6807,46229,1422,2026-03-02,Present,"2026-04-18 17:23:03"
6808,8922,1675,2026-03-05,Present,"2026-04-18 17:23:03"
6809,25621,834,2026-03-08,Present,"2026-04-18 17:23:03"
6810,46939,1422,2026-03-08,Absent,"2026-04-18 17:23:03"
6811,40627,701,2026-03-05,Present,"2026-04-18 17:23:03"
6812,7409,1004,2026-03-05,Present,"2026-04-18 17:23:03"
6813,23405,618,2026-03-02,Present,"2026-04-18 17:23:03"
6814,16008,1754,2026-03-01,Present,"2026-04-18 17:23:03"
6815,881,973,2026-03-09,Present,"2026-04-18 17:23:03"
6816,42338,766,2026-03-07,Present,"2026-04-18 17:23:03"
6817,34493,1374,2026-03-05,Present,"2026-04-18 17:23:03"
6818,42459,654,2026-03-09,Present,"2026-04-18 17:23:03"
6819,16562,1677,2026-03-09,Present,"2026-04-18 17:23:03"
6820,23080,1496,2026-03-10,Present,"2026-04-18 17:23:03"
6821,24015,654,2026-03-08,Present,"2026-04-18 17:23:03"
6822,24605,701,2026-03-05,Present,"2026-04-18 17:23:03"
6823,45928,1587,2026-03-04,Present,"2026-04-18 17:23:03"
6824,47089,1184,2026-03-07,Present,"2026-04-18 17:23:03"
6825,24462,876,2026-03-02,Absent,"2026-04-18 17:23:03"
6826,23556,1487,2026-03-06,Present,"2026-04-18 17:23:03"
6827,7959,1333,2026-03-07,Absent,"2026-04-18 17:23:03"
6828,45638,1034,2026-03-04,Present,"2026-04-18 17:23:03"
6829,37130,1984,2026-03-02,Present,"2026-04-18 17:23:03"
6830,25996,1333,2026-03-05,Present,"2026-04-18 17:23:03"
6831,31061,1176,2026-03-02,Absent,"2026-04-18 17:23:03"
6832,46219,1482,2026-03-05,Absent,"2026-04-18 17:23:03"
6833,2466,876,2026-03-07,Present,"2026-04-18 17:23:03"
6834,47416,759,2026-03-10,Present,"2026-04-18 17:23:03"
6835,26323,1555,2026-03-01,Present,"2026-04-18 17:23:03"
6836,7884,1409,2026-03-02,Present,"2026-04-18 17:23:03"
6837,3270,1587,2026-03-10,Present,"2026-04-18 17:23:03"
6838,46258,1422,2026-03-06,Present,"2026-04-18 17:23:03"
6839,32267,1343,2026-03-08,Present,"2026-04-18 17:23:03"
6840,49198,701,2026-03-02,Present,"2026-04-18 17:23:03"
6841,26383,911,2026-03-06,Present,"2026-04-18 17:23:03"
6842,45572,584,2026-03-02,Absent,"2026-04-18 17:23:03"
6843,20495,1496,2026-03-09,Present,"2026-04-18 17:23:03"
6844,48115,1057,2026-03-06,Present,"2026-04-18 17:23:03"
6845,12482,584,2026-03-02,Present,"2026-04-18 17:23:03"
6846,15239,1949,2026-03-10,Absent,"2026-04-18 17:23:03"
6847,42994,1974,2026-03-01,Absent,"2026-04-18 17:23:03"
6848,46214,1678,2026-03-10,Present,"2026-04-18 17:23:03"
6849,47895,1170,2026-03-04,Present,"2026-04-18 17:23:03"
6850,49824,916,2026-03-01,Present,"2026-04-18 17:23:03"
6851,29351,961,2026-03-10,Present,"2026-04-18 17:23:03"
6852,48266,1496,2026-03-01,Present,"2026-04-18 17:23:03"
6853,25162,1060,2026-03-06,Present,"2026-04-18 17:23:03"
6854,9062,1948,2026-03-03,Present,"2026-04-18 17:23:03"
6855,32197,1055,2026-03-09,Present,"2026-04-18 17:23:03"
6856,38146,794,2026-03-02,Present,"2026-04-18 17:23:03"
6857,11058,1778,2026-03-07,Present,"2026-04-18 17:23:03"
6858,47607,1482,2026-03-08,Absent,"2026-04-18 17:23:03"
6859,48914,1300,2026-03-06,Present,"2026-04-18 17:23:03"
6860,41888,947,2026-03-08,Present,"2026-04-18 17:23:03"
6861,47000,1292,2026-03-05,Present,"2026-04-18 17:23:03"
6862,33287,1176,2026-03-08,Absent,"2026-04-18 17:23:03"
6863,18658,669,2026-03-08,Present,"2026-04-18 17:23:03"
6864,42160,1487,2026-03-02,Absent,"2026-04-18 17:23:03"
6865,20834,1587,2026-03-07,Present,"2026-04-18 17:23:03"
6866,15226,1587,2026-03-09,Present,"2026-04-18 17:23:03"
6867,2424,735,2026-03-09,Present,"2026-04-18 17:23:03"
6868,881,1598,2026-03-08,Present,"2026-04-18 17:23:03"
6869,23805,1228,2026-03-07,Absent,"2026-04-18 17:23:03"
6870,2371,1101,2026-03-07,Absent,"2026-04-18 17:23:03"
6871,27022,906,2026-03-01,Present,"2026-04-18 17:23:03"
6872,450,513,2026-03-04,Present,"2026-04-18 17:23:03"
6873,44759,1184,2026-03-06,Present,"2026-04-18 17:23:03"
6874,48418,1757,2026-03-08,Absent,"2026-04-18 17:23:03"
6875,27045,808,2026-03-04,Absent,"2026-04-18 17:23:03"
6876,6309,1571,2026-03-10,Present,"2026-04-18 17:23:03"
6877,39893,1004,2026-03-04,Present,"2026-04-18 17:23:03"
6878,12733,1678,2026-03-03,Present,"2026-04-18 17:23:03"
6879,6148,1374,2026-03-01,Present,"2026-04-18 17:23:03"
6880,20592,998,2026-03-07,Absent,"2026-04-18 17:23:03"
6881,5328,1677,2026-03-03,Present,"2026-04-18 17:23:03"
6882,10804,1333,2026-03-06,Present,"2026-04-18 17:23:03"
6883,3402,1948,2026-03-04,Present,"2026-04-18 17:23:03"
6884,44104,1960,2026-03-08,Absent,"2026-04-18 17:23:03"
6885,6079,901,2026-03-04,Present,"2026-04-18 17:23:03"
6886,6514,1435,2026-03-10,Present,"2026-04-18 17:23:03"
6887,6857,1496,2026-03-08,Present,"2026-04-18 17:23:03"
6888,45532,1754,2026-03-02,Absent,"2026-04-18 17:23:03"
6889,47047,964,2026-03-10,Present,"2026-04-18 17:23:03"
6890,46081,1374,2026-03-09,Present,"2026-04-18 17:23:03"
6891,4619,559,2026-03-04,Present,"2026-04-18 17:23:03"
6892,37304,1004,2026-03-04,Absent,"2026-04-18 17:23:03"
6893,22731,573,2026-03-04,Present,"2026-04-18 17:23:03"
6894,3785,1005,2026-03-01,Present,"2026-04-18 17:23:03"
6895,31386,1343,2026-03-09,Absent,"2026-04-18 17:23:03"
6896,17613,573,2026-03-02,Present,"2026-04-18 17:23:03"
6897,7997,1101,2026-03-08,Present,"2026-04-18 17:23:03"
6898,20586,1675,2026-03-10,Present,"2026-04-18 17:23:03"
6899,13018,759,2026-03-03,Present,"2026-04-18 17:23:03"
6900,16710,1553,2026-03-02,Present,"2026-04-18 17:23:03"
6901,35158,756,2026-03-06,Present,"2026-04-18 17:23:03"
6902,33826,1034,2026-03-07,Present,"2026-04-18 17:23:03"
6903,28266,1960,2026-03-03,Absent,"2026-04-18 17:23:03"
6904,12697,915,2026-03-03,Absent,"2026-04-18 17:23:03"
6905,3898,915,2026-03-08,Present,"2026-04-18 17:23:03"
6906,37407,712,2026-03-06,Present,"2026-04-18 17:23:03"
6907,25930,1571,2026-03-03,Present,"2026-04-18 17:23:03"
6908,32079,1057,2026-03-10,Absent,"2026-04-18 17:23:03"
6909,15493,962,2026-03-01,Absent,"2026-04-18 17:23:03"
6910,30234,1948,2026-03-04,Present,"2026-04-18 17:23:03"
6911,412,1340,2026-03-09,Present,"2026-04-18 17:23:03"
6912,6329,858,2026-03-09,Present,"2026-04-18 17:23:03"
6913,38943,1073,2026-03-02,Present,"2026-04-18 17:23:03"
6914,10807,573,2026-03-06,Present,"2026-04-18 17:23:03"
6915,36412,1333,2026-03-02,Present,"2026-04-18 17:23:03"
6916,33352,915,2026-03-09,Present,"2026-04-18 17:23:03"
6917,34486,759,2026-03-05,Absent,"2026-04-18 17:23:03"
6918,2789,1524,2026-03-02,Present,"2026-04-18 17:23:03"
6919,40893,998,2026-03-04,Present,"2026-04-18 17:23:03"
6920,12781,1170,2026-03-05,Absent,"2026-04-18 17:23:03"
6921,3763,947,2026-03-05,Present,"2026-04-18 17:23:03"
6922,1006,1374,2026-03-04,Present,"2026-04-18 17:23:03"
6923,29265,735,2026-03-10,Present,"2026-04-18 17:23:03"
6924,3524,1409,2026-03-04,Present,"2026-04-18 17:23:03"
6925,16730,701,2026-03-09,Present,"2026-04-18 17:23:03"
6926,30870,1482,2026-03-07,Present,"2026-04-18 17:23:03"
6927,4741,1555,2026-03-09,Present,"2026-04-18 17:23:03"
6928,4959,1482,2026-03-06,Present,"2026-04-18 17:23:03"
6929,17599,669,2026-03-05,Present,"2026-04-18 17:23:03"
6930,11032,513,2026-03-09,Present,"2026-04-18 17:23:03"
6931,38152,618,2026-03-08,Present,"2026-04-18 17:23:03"
6932,26059,1057,2026-03-09,Present,"2026-04-18 17:23:03"
6933,22596,1292,2026-03-10,Present,"2026-04-18 17:23:03"
6934,26280,1571,2026-03-03,Present,"2026-04-18 17:23:03"
6935,45432,1960,2026-03-03,Present,"2026-04-18 17:23:03"
6936,348,1005,2026-03-03,Absent,"2026-04-18 17:23:03"
6937,28516,618,2026-03-07,Present,"2026-04-18 17:23:03"
6938,35892,1496,2026-03-04,Present,"2026-04-18 17:23:03"
6939,48815,834,2026-03-06,Present,"2026-04-18 17:23:03"
6940,31239,654,2026-03-03,Present,"2026-04-18 17:23:03"
6941,20101,1487,2026-03-03,Present,"2026-04-18 17:23:03"
6942,31627,1409,2026-03-05,Present,"2026-04-18 17:23:03"
6943,49416,1333,2026-03-03,Present,"2026-04-18 17:23:03"
6944,19614,1754,2026-03-06,Absent,"2026-04-18 17:23:03"
6945,39000,1170,2026-03-07,Absent,"2026-04-18 17:23:03"
6946,30397,1292,2026-03-09,Present,"2026-04-18 17:23:03"
6947,9070,1352,2026-03-04,Present,"2026-04-18 17:23:03"
6948,19436,618,2026-03-05,Present,"2026-04-18 17:23:03"
6949,7997,1101,2026-03-05,Absent,"2026-04-18 17:23:03"
6950,16720,947,2026-03-01,Present,"2026-04-18 17:23:03"
6951,41013,1101,2026-03-09,Present,"2026-04-18 17:23:03"
6952,10734,906,2026-03-02,Present,"2026-04-18 17:23:03"
6953,14687,1754,2026-03-04,Present,"2026-04-18 17:23:03"
6954,42060,1055,2026-03-07,Present,"2026-04-18 17:23:03"
6955,26388,1678,2026-03-02,Present,"2026-04-18 17:23:03"
6956,38852,1435,2026-03-02,Present,"2026-04-18 17:23:03"
6957,31064,901,2026-03-08,Present,"2026-04-18 17:23:03"
6958,22638,794,2026-03-04,Present,"2026-04-18 17:23:03"
6959,7346,669,2026-03-03,Present,"2026-04-18 17:23:03"
6960,26318,1435,2026-03-04,Absent,"2026-04-18 17:23:03"
6961,41975,1538,2026-03-01,Present,"2026-04-18 17:23:03"
6962,24401,1571,2026-03-04,Present,"2026-04-18 17:23:03"
6963,24140,624,2026-03-02,Present,"2026-04-18 17:23:03"
6964,14704,759,2026-03-03,Present,"2026-04-18 17:23:03"
6965,48225,915,2026-03-03,Present,"2026-04-18 17:23:03"
6966,23157,1036,2026-03-03,Present,"2026-04-18 17:23:03"
6967,47047,794,2026-03-03,Present,"2026-04-18 17:23:03"
6968,1349,1352,2026-03-03,Present,"2026-04-18 17:23:03"
6969,42194,1677,2026-03-10,Present,"2026-04-18 17:23:03"
6970,25239,808,2026-03-07,Present,"2026-04-18 17:23:03"
6971,17903,712,2026-03-04,Present,"2026-04-18 17:23:03"
6972,37449,1675,2026-03-10,Present,"2026-04-18 17:23:03"
6973,43239,1598,2026-03-10,Absent,"2026-04-18 17:23:03"
6974,22230,1184,2026-03-06,Present,"2026-04-18 17:23:03"
6975,18870,858,2026-03-08,Absent,"2026-04-18 17:23:03"
6976,27502,961,2026-03-09,Present,"2026-04-18 17:23:03"
6977,45964,669,2026-03-03,Present,"2026-04-18 17:23:03"
6978,42989,792,2026-03-06,Absent,"2026-04-18 17:23:03"
6979,13856,1914,2026-03-10,Present,"2026-04-18 17:23:03"
6980,48189,906,2026-03-10,Present,"2026-04-18 17:23:03"
6981,18403,961,2026-03-10,Present,"2026-04-18 17:23:03"
6982,12244,1524,2026-03-02,Present,"2026-04-18 17:23:03"
6983,32191,1073,2026-03-02,Present,"2026-04-18 17:23:03"
6984,49445,876,2026-03-06,Present,"2026-04-18 17:23:03"
6985,12264,1538,2026-03-07,Present,"2026-04-18 17:23:03"
6986,23070,1496,2026-03-09,Present,"2026-04-18 17:23:03"
6987,8914,1340,2026-03-09,Present,"2026-04-18 17:23:03"
6988,36465,1202,2026-03-10,Present,"2026-04-18 17:23:03"
6989,37027,575,2026-03-04,Absent,"2026-04-18 17:23:03"
6990,30125,1164,2026-03-10,Present,"2026-04-18 17:23:03"
6991,25372,1060,2026-03-09,Absent,"2026-04-18 17:23:03"
6992,20292,735,2026-03-06,Present,"2026-04-18 17:23:03"
6993,12146,1778,2026-03-06,Present,"2026-04-18 17:23:03"
6994,45209,881,2026-03-06,Present,"2026-04-18 17:23:03"
6995,49113,1675,2026-03-05,Present,"2026-04-18 17:23:03"
6996,5609,1300,2026-03-08,Present,"2026-04-18 17:23:03"
6997,14847,1948,2026-03-03,Present,"2026-04-18 17:23:03"
6998,29992,1948,2026-03-01,Present,"2026-04-18 17:23:03"
6999,7597,559,2026-03-06,Present,"2026-04-18 17:23:03"
7000,18899,1004,2026-03-03,Absent,"2026-04-18 17:23:03"
7001,18843,1482,2026-03-10,Present,"2026-04-18 17:23:03"
7002,49673,1374,2026-03-03,Present,"2026-04-18 17:23:03"
7003,20717,1164,2026-03-05,Present,"2026-04-18 17:23:03"
7004,9448,1517,2026-03-01,Present,"2026-04-18 17:23:03"
7005,38314,1055,2026-03-04,Present,"2026-04-18 17:23:03"
7006,32472,906,2026-03-04,Present,"2026-04-18 17:23:03"
7007,6237,1555,2026-03-08,Present,"2026-04-18 17:23:03"
7008,44769,1517,2026-03-01,Present,"2026-04-18 17:23:03"
7009,47375,1352,2026-03-08,Present,"2026-04-18 17:23:03"
7010,13856,1987,2026-03-07,Present,"2026-04-18 17:23:03"
7011,34485,973,2026-03-04,Present,"2026-04-18 17:23:03"
7012,13912,1102,2026-03-03,Present,"2026-04-18 17:23:03"
7013,20865,1333,2026-03-07,Present,"2026-04-18 17:23:03"
7014,27981,756,2026-03-06,Absent,"2026-04-18 17:23:03"
7015,18611,573,2026-03-05,Absent,"2026-04-18 17:23:03"
7016,13856,559,2026-03-09,Absent,"2026-04-18 17:23:03"
7017,46442,998,2026-03-06,Present,"2026-04-18 17:23:03"
7018,25854,901,2026-03-04,Present,"2026-04-18 17:23:03"
7019,11329,1057,2026-03-09,Present,"2026-04-18 17:23:03"
7020,18770,712,2026-03-08,Present,"2026-04-18 17:23:03"
7021,35986,1101,2026-03-09,Present,"2026-04-18 17:23:03"
7022,41218,1340,2026-03-07,Present,"2026-04-18 17:23:03"
7023,22824,1292,2026-03-03,Absent,"2026-04-18 17:23:03"
7024,15168,947,2026-03-04,Present,"2026-04-18 17:23:03"
7025,11893,901,2026-03-01,Present,"2026-04-18 17:23:03"
7026,23011,1034,2026-03-08,Present,"2026-04-18 17:23:03"
7027,7062,1974,2026-03-03,Present,"2026-04-18 17:23:03"
7028,24584,1482,2026-03-10,Present,"2026-04-18 17:23:03"
7029,19987,1913,2026-03-09,Absent,"2026-04-18 17:23:03"
7030,21174,1057,2026-03-05,Absent,"2026-04-18 17:23:03"
7031,4192,531,2026-03-07,Present,"2026-04-18 17:23:03"
7032,42995,1102,2026-03-04,Present,"2026-04-18 17:23:03"
7033,45538,735,2026-03-06,Present,"2026-04-18 17:23:03"
7034,28972,1598,2026-03-08,Absent,"2026-04-18 17:23:03"
7035,48332,1834,2026-03-06,Present,"2026-04-18 17:23:03"
7036,12028,1216,2026-03-10,Present,"2026-04-18 17:23:03"
7037,34064,513,2026-03-07,Present,"2026-04-18 17:23:03"
7038,22371,1212,2026-03-03,Present,"2026-04-18 17:23:03"
7039,37562,1555,2026-03-01,Present,"2026-04-18 17:23:03"
7040,9614,814,2026-03-03,Present,"2026-04-18 17:23:03"
7041,297,1757,2026-03-08,Present,"2026-04-18 17:23:03"
7042,39061,1948,2026-03-10,Absent,"2026-04-18 17:23:03"
7043,9246,876,2026-03-02,Present,"2026-04-18 17:23:03"
7044,23489,513,2026-03-10,Present,"2026-04-18 17:23:03"
7045,33442,712,2026-03-10,Present,"2026-04-18 17:23:03"
7046,13979,1055,2026-03-09,Present,"2026-04-18 17:23:03"
7047,25708,1216,2026-03-02,Present,"2026-04-18 17:23:03"
7048,37828,876,2026-03-03,Present,"2026-04-18 17:23:03"
7049,8976,1677,2026-03-02,Absent,"2026-04-18 17:23:03"
7050,46143,1987,2026-03-03,Present,"2026-04-18 17:23:03"
7051,1342,906,2026-03-04,Present,"2026-04-18 17:23:03"
7052,4460,759,2026-03-06,Present,"2026-04-18 17:23:03"
7053,7622,575,2026-03-07,Present,"2026-04-18 17:23:03"
7054,24009,735,2026-03-04,Present,"2026-04-18 17:23:03"
7055,32890,858,2026-03-05,Present,"2026-04-18 17:23:03"
7056,12018,915,2026-03-02,Present,"2026-04-18 17:23:03"
7057,10812,559,2026-03-03,Present,"2026-04-18 17:23:03"
7058,36349,881,2026-03-06,Present,"2026-04-18 17:23:03"
7059,32768,1522,2026-03-06,Present,"2026-04-18 17:23:03"
7060,18273,1300,2026-03-08,Present,"2026-04-18 17:23:03"
7061,10215,876,2026-03-07,Present,"2026-04-18 17:23:03"
7062,16008,998,2026-03-02,Present,"2026-04-18 17:23:03"
7063,10625,1974,2026-03-08,Present,"2026-04-18 17:23:03"
7064,43039,1374,2026-03-09,Present,"2026-04-18 17:23:03"
7065,3203,1409,2026-03-06,Present,"2026-04-18 17:23:03"
7066,41728,1176,2026-03-07,Present,"2026-04-18 17:23:03"
7067,17068,808,2026-03-01,Present,"2026-04-18 17:23:03"
7068,34567,1036,2026-03-04,Present,"2026-04-18 17:23:03"
7069,14910,712,2026-03-03,Present,"2026-04-18 17:23:03"
7070,18772,1216,2026-03-10,Absent,"2026-04-18 17:23:03"
7071,19465,947,2026-03-07,Present,"2026-04-18 17:23:03"
7072,11229,1253,2026-03-10,Present,"2026-04-18 17:23:03"
7073,23735,1754,2026-03-07,Absent,"2026-04-18 17:23:03"
7074,47143,808,2026-03-02,Present,"2026-04-18 17:23:03"
7075,28124,858,2026-03-05,Present,"2026-04-18 17:23:03"
7076,42020,1352,2026-03-02,Present,"2026-04-18 17:23:03"
7077,3679,1496,2026-03-05,Present,"2026-04-18 17:23:03"
7078,20714,814,2026-03-08,Present,"2026-04-18 17:23:03"
7079,41549,531,2026-03-05,Present,"2026-04-18 17:23:03"
7080,5234,766,2026-03-06,Present,"2026-04-18 17:23:03"
7081,36504,1700,2026-03-01,Present,"2026-04-18 17:23:03"
7082,20586,1675,2026-03-01,Present,"2026-04-18 17:23:03"
7083,46710,1422,2026-03-07,Present,"2026-04-18 17:23:03"
7084,3128,814,2026-03-04,Present,"2026-04-18 17:23:03"
7085,41791,1004,2026-03-06,Present,"2026-04-18 17:23:03"
7086,9061,1678,2026-03-07,Absent,"2026-04-18 17:23:03"
7087,16168,1834,2026-03-03,Present,"2026-04-18 17:23:03"
7088,20138,701,2026-03-01,Present,"2026-04-18 17:23:03"
7089,7129,759,2026-03-05,Absent,"2026-04-18 17:23:03"
7090,11464,1333,2026-03-04,Absent,"2026-04-18 17:23:03"
7091,21318,808,2026-03-10,Present,"2026-04-18 17:23:03"
7092,25491,1949,2026-03-02,Present,"2026-04-18 17:23:03"
7093,6902,1951,2026-03-04,Present,"2026-04-18 17:23:03"
7094,35635,1359,2026-03-04,Present,"2026-04-18 17:23:03"
7095,11507,911,2026-03-01,Present,"2026-04-18 17:23:03"
7096,7218,1948,2026-03-08,Present,"2026-04-18 17:23:03"
7097,21884,618,2026-03-10,Present,"2026-04-18 17:23:03"
7098,15245,1987,2026-03-08,Absent,"2026-04-18 17:23:03"
7099,29412,1522,2026-03-07,Present,"2026-04-18 17:23:03"
7100,9862,1987,2026-03-03,Present,"2026-04-18 17:23:03"
7101,483,916,2026-03-03,Present,"2026-04-18 17:23:03"
7102,10652,1555,2026-03-02,Present,"2026-04-18 17:23:03"
7103,49959,1202,2026-03-02,Present,"2026-04-18 17:23:03"
7104,34061,1004,2026-03-09,Present,"2026-04-18 17:23:03"
7105,1692,1152,2026-03-10,Present,"2026-04-18 17:23:03"
7106,43821,1948,2026-03-09,Present,"2026-04-18 17:23:03"
7107,650,1422,2026-03-01,Present,"2026-04-18 17:23:03"
7108,27948,1834,2026-03-08,Present,"2026-04-18 17:23:03"
7109,1969,1987,2026-03-07,Present,"2026-04-18 17:23:03"
7110,14235,1538,2026-03-08,Present,"2026-04-18 17:23:03"
7111,20894,559,2026-03-06,Present,"2026-04-18 17:23:03"
7112,47318,701,2026-03-09,Present,"2026-04-18 17:23:03"
7113,11855,1176,2026-03-04,Absent,"2026-04-18 17:23:03"
7114,35396,1757,2026-03-01,Absent,"2026-04-18 17:23:03"
7115,39658,947,2026-03-06,Present,"2026-04-18 17:23:03"
7116,21820,1538,2026-03-08,Absent,"2026-04-18 17:23:03"
7117,38683,1352,2026-03-05,Present,"2026-04-18 17:23:03"
7118,16878,901,2026-03-07,Absent,"2026-04-18 17:23:03"
7119,23424,1700,2026-03-06,Present,"2026-04-18 17:23:03"
7120,45723,531,2026-03-08,Present,"2026-04-18 17:23:03"
7121,40211,1212,2026-03-10,Present,"2026-04-18 17:23:03"
7122,36245,624,2026-03-04,Present,"2026-04-18 17:23:03"
7123,3724,947,2026-03-09,Present,"2026-04-18 17:23:03"
7124,39166,814,2026-03-08,Present,"2026-04-18 17:23:03"
7125,22950,947,2026-03-02,Present,"2026-04-18 17:23:03"
7126,16697,1522,2026-03-05,Present,"2026-04-18 17:23:03"
7127,39183,1908,2026-03-01,Present,"2026-04-18 17:23:03"
7128,27562,1164,2026-03-08,Present,"2026-04-18 17:23:03"
7129,30794,1057,2026-03-10,Present,"2026-04-18 17:23:03"
7130,18663,573,2026-03-05,Present,"2026-04-18 17:23:03"
7131,20491,531,2026-03-02,Absent,"2026-04-18 17:23:03"
7132,5622,1487,2026-03-05,Present,"2026-04-18 17:23:03"
7133,25621,1598,2026-03-04,Present,"2026-04-18 17:23:03"
7134,44683,618,2026-03-04,Present,"2026-04-18 17:23:03"
7135,5458,1677,2026-03-04,Present,"2026-04-18 17:23:03"
7136,14255,973,2026-03-09,Present,"2026-04-18 17:23:03"
7137,7709,573,2026-03-07,Present,"2026-04-18 17:23:03"
7138,8137,1300,2026-03-01,Absent,"2026-04-18 17:23:03"
7139,24134,618,2026-03-08,Absent,"2026-04-18 17:23:03"
7140,23994,1960,2026-03-08,Present,"2026-04-18 17:23:03"
7141,17104,1170,2026-03-08,Present,"2026-04-18 17:23:03"
7142,27271,618,2026-03-05,Present,"2026-04-18 17:23:03"
7143,42895,881,2026-03-10,Present,"2026-04-18 17:23:03"
7144,48783,915,2026-03-07,Present,"2026-04-18 17:23:03"
7145,49843,1170,2026-03-05,Present,"2026-04-18 17:23:03"
7146,5347,1984,2026-03-03,Absent,"2026-04-18 17:23:03"
7147,680,1340,2026-03-01,Present,"2026-04-18 17:23:03"
7148,48546,654,2026-03-06,Present,"2026-04-18 17:23:03"
7149,20187,1987,2026-03-05,Absent,"2026-04-18 17:23:03"
7150,2153,1005,2026-03-06,Present,"2026-04-18 17:23:03"
7151,24852,1101,2026-03-03,Absent,"2026-04-18 17:23:03"
7152,3587,1984,2026-03-05,Present,"2026-04-18 17:23:03"
7153,27317,1292,2026-03-02,Absent,"2026-04-18 17:23:03"
7154,2169,901,2026-03-10,Present,"2026-04-18 17:23:03"
7155,38747,513,2026-03-04,Present,"2026-04-18 17:23:03"
7156,27971,1778,2026-03-02,Present,"2026-04-18 17:23:03"
7157,22039,911,2026-03-01,Present,"2026-04-18 17:23:03"
7158,41772,1152,2026-03-09,Present,"2026-04-18 17:23:03"
7159,20938,559,2026-03-07,Present,"2026-04-18 17:23:03"
7160,23088,1170,2026-03-09,Present,"2026-04-18 17:23:03"
7161,34646,1522,2026-03-03,Present,"2026-04-18 17:23:03"
7162,10812,1538,2026-03-07,Present,"2026-04-18 17:23:03"
7163,11015,1908,2026-03-01,Present,"2026-04-18 17:23:03"
7164,20473,584,2026-03-08,Present,"2026-04-18 17:23:03"
7165,30989,735,2026-03-02,Present,"2026-04-18 17:23:03"
7166,30377,1359,2026-03-10,Present,"2026-04-18 17:23:03"
7167,14350,1754,2026-03-08,Present,"2026-04-18 17:23:03"
7168,25744,1830,2026-03-05,Present,"2026-04-18 17:23:03"
7169,32942,911,2026-03-10,Present,"2026-04-18 17:23:03"
7170,25447,1216,2026-03-09,Present,"2026-04-18 17:23:03"
7171,28361,756,2026-03-01,Present,"2026-04-18 17:23:03"
7172,48383,624,2026-03-04,Present,"2026-04-18 17:23:03"
7173,16197,1913,2026-03-04,Absent,"2026-04-18 17:23:03"
7174,46214,1913,2026-03-04,Present,"2026-04-18 17:23:03"
7175,37594,1073,2026-03-01,Present,"2026-04-18 17:23:03"
7176,5774,1352,2026-03-02,Present,"2026-04-18 17:23:03"
7177,30026,962,2026-03-10,Present,"2026-04-18 17:23:03"
7178,14226,1496,2026-03-10,Present,"2026-04-18 17:23:03"
7179,39718,1073,2026-03-02,Present,"2026-04-18 17:23:03"
7180,33152,1409,2026-03-08,Present,"2026-04-18 17:23:03"
7181,39938,1778,2026-03-04,Present,"2026-04-18 17:23:03"
7182,9790,1352,2026-03-07,Present,"2026-04-18 17:23:03"
7183,34511,814,2026-03-03,Present,"2026-04-18 17:23:03"
7184,37542,1700,2026-03-07,Present,"2026-04-18 17:23:03"
7185,2761,1409,2026-03-06,Present,"2026-04-18 17:23:03"
7186,47870,1340,2026-03-02,Present,"2026-04-18 17:23:03"
7187,2032,916,2026-03-06,Absent,"2026-04-18 17:23:03"
7188,41950,1517,2026-03-07,Present,"2026-04-18 17:23:03"
7189,31121,1984,2026-03-06,Present,"2026-04-18 17:23:03"
7190,6878,1587,2026-03-01,Present,"2026-04-18 17:23:03"
7191,41970,1987,2026-03-04,Present,"2026-04-18 17:23:03"
7192,22804,654,2026-03-10,Present,"2026-04-18 17:23:03"
7193,34919,1359,2026-03-04,Present,"2026-04-18 17:23:03"
7194,31445,1553,2026-03-04,Present,"2026-04-18 17:23:03"
7195,16093,1913,2026-03-05,Present,"2026-04-18 17:23:03"
7196,22974,881,2026-03-06,Present,"2026-04-18 17:23:03"
7197,39496,1553,2026-03-02,Present,"2026-04-18 17:23:03"
7198,17153,1987,2026-03-04,Present,"2026-04-18 17:23:03"
7199,36330,947,2026-03-10,Present,"2026-04-18 17:23:03"
7200,15588,1487,2026-03-01,Present,"2026-04-18 17:23:03"
7201,9998,1830,2026-03-02,Present,"2026-04-18 17:23:03"
7202,35847,1524,2026-03-03,Present,"2026-04-18 17:23:03"
7203,14752,1587,2026-03-05,Absent,"2026-04-18 17:23:03"
7204,35050,669,2026-03-07,Present,"2026-04-18 17:23:03"
7205,1162,1374,2026-03-08,Present,"2026-04-18 17:23:03"
7206,49580,1908,2026-03-10,Present,"2026-04-18 17:23:03"
7207,45091,1984,2026-03-07,Present,"2026-04-18 17:23:03"
7208,3660,1571,2026-03-06,Present,"2026-04-18 17:23:03"
7209,6409,1216,2026-03-10,Present,"2026-04-18 17:23:03"
7210,14553,1948,2026-03-08,Absent,"2026-04-18 17:23:03"
7211,6585,1834,2026-03-07,Present,"2026-04-18 17:23:03"
7212,45821,916,2026-03-08,Present,"2026-04-18 17:23:03"
7213,2512,1057,2026-03-09,Present,"2026-04-18 17:23:03"
7214,24306,1522,2026-03-04,Present,"2026-04-18 17:23:03"
7215,42834,1374,2026-03-04,Present,"2026-04-18 17:23:03"
7216,7194,654,2026-03-04,Present,"2026-04-18 17:23:03"
7217,22144,1101,2026-03-04,Present,"2026-04-18 17:23:03"
7218,35513,915,2026-03-01,Present,"2026-04-18 17:23:03"
7219,27826,584,2026-03-09,Present,"2026-04-18 17:23:03"
7220,34374,1587,2026-03-05,Present,"2026-04-18 17:23:03"
7221,3388,1908,2026-03-10,Present,"2026-04-18 17:23:03"
7222,7323,915,2026-03-10,Present,"2026-04-18 17:23:03"
7223,7129,1343,2026-03-10,Present,"2026-04-18 17:23:03"
7224,8464,1496,2026-03-05,Present,"2026-04-18 17:23:03"
7225,17556,1102,2026-03-03,Present,"2026-04-18 17:23:03"
7226,35315,1487,2026-03-03,Present,"2026-04-18 17:23:03"
7227,8456,1073,2026-03-09,Present,"2026-04-18 17:23:03"
7228,27932,1522,2026-03-04,Present,"2026-04-18 17:23:03"
7229,33802,1055,2026-03-09,Present,"2026-04-18 17:23:03"
7230,10707,654,2026-03-10,Present,"2026-04-18 17:23:03"
7231,8295,1482,2026-03-06,Absent,"2026-04-18 17:23:03"
7232,2685,1202,2026-03-06,Present,"2026-04-18 17:23:03"
7233,16042,947,2026-03-06,Present,"2026-04-18 17:23:03"
7234,32879,1914,2026-03-06,Present,"2026-04-18 17:23:03"
7235,40648,575,2026-03-01,Present,"2026-04-18 17:23:03"
7236,22753,1176,2026-03-09,Present,"2026-04-18 17:23:03"
7237,35066,808,2026-03-08,Present,"2026-04-18 17:23:03"
7238,48496,1524,2026-03-08,Present,"2026-04-18 17:23:03"
7239,32063,584,2026-03-05,Present,"2026-04-18 17:23:03"
7240,20501,654,2026-03-03,Present,"2026-04-18 17:23:03"
7241,7014,1343,2026-03-05,Present,"2026-04-18 17:23:03"
7242,2838,1757,2026-03-07,Present,"2026-04-18 17:23:03"
7243,25841,876,2026-03-02,Present,"2026-04-18 17:23:03"
7244,38244,881,2026-03-05,Absent,"2026-04-18 17:23:03"
7245,44310,814,2026-03-02,Present,"2026-04-18 17:23:03"
7246,14646,701,2026-03-01,Absent,"2026-04-18 17:23:03"
7247,43006,961,2026-03-01,Present,"2026-04-18 17:23:03"
7248,41120,1482,2026-03-04,Present,"2026-04-18 17:23:03"
7249,32479,1004,2026-03-01,Present,"2026-04-18 17:23:03"
7250,25834,1409,2026-03-09,Present,"2026-04-18 17:23:03"
7251,31106,1538,2026-03-10,Absent,"2026-04-18 17:23:03"
7252,46633,1202,2026-03-06,Present,"2026-04-18 17:23:03"
7253,9488,1757,2026-03-07,Present,"2026-04-18 17:23:03"
7254,49198,911,2026-03-01,Present,"2026-04-18 17:23:03"
7255,35388,881,2026-03-05,Absent,"2026-04-18 17:23:03"
7256,25000,1757,2026-03-01,Present,"2026-04-18 17:23:03"
7257,10986,1754,2026-03-03,Present,"2026-04-18 17:23:03"
7258,39479,1830,2026-03-09,Present,"2026-04-18 17:23:03"
7259,27288,1300,2026-03-04,Absent,"2026-04-18 17:23:03"
7260,9222,1984,2026-03-08,Present,"2026-04-18 17:23:03"
7261,7389,1677,2026-03-01,Absent,"2026-04-18 17:23:03"
7262,14147,1830,2026-03-09,Present,"2026-04-18 17:23:03"
7263,12247,559,2026-03-02,Present,"2026-04-18 17:23:03"
7264,25907,1102,2026-03-08,Present,"2026-04-18 17:23:03"
7265,11563,1787,2026-03-10,Present,"2026-04-18 17:23:03"
7266,18514,1202,2026-03-02,Present,"2026-04-18 17:23:03"
7267,1121,998,2026-03-07,Present,"2026-04-18 17:23:03"
7268,3906,808,2026-03-09,Present,"2026-04-18 17:23:03"
7269,23180,1374,2026-03-04,Absent,"2026-04-18 17:23:03"
7270,46889,575,2026-03-03,Present,"2026-04-18 17:23:03"
7271,36621,1212,2026-03-01,Present,"2026-04-18 17:23:03"
7272,46797,1757,2026-03-06,Present,"2026-04-18 17:23:03"
7273,6144,1340,2026-03-09,Present,"2026-04-18 17:23:03"
7274,31667,1365,2026-03-06,Present,"2026-04-18 17:23:03"
7275,38184,575,2026-03-09,Present,"2026-04-18 17:23:03"
7276,45146,792,2026-03-07,Present,"2026-04-18 17:23:03"
7277,37681,916,2026-03-10,Present,"2026-04-18 17:23:03"
7278,809,618,2026-03-09,Absent,"2026-04-18 17:23:03"
7279,44440,1834,2026-03-02,Present,"2026-04-18 17:23:03"
7280,15454,1202,2026-03-04,Absent,"2026-04-18 17:23:03"
7281,15242,1176,2026-03-02,Present,"2026-04-18 17:23:03"
7282,17315,1352,2026-03-03,Present,"2026-04-18 17:23:03"
7283,15561,881,2026-03-05,Present,"2026-04-18 17:23:03"
7284,7063,1300,2026-03-03,Present,"2026-04-18 17:23:03"
7285,5073,1435,2026-03-08,Absent,"2026-04-18 17:23:03"
7286,38943,1073,2026-03-05,Present,"2026-04-18 17:23:03"
7287,43644,701,2026-03-04,Present,"2026-04-18 17:23:03"
7288,17657,1987,2026-03-05,Absent,"2026-04-18 17:23:03"
7289,21728,1987,2026-03-03,Present,"2026-04-18 17:23:03"
7290,6687,1073,2026-03-09,Present,"2026-04-18 17:23:03"
7291,5263,1553,2026-03-05,Present,"2026-04-18 17:23:03"
7292,25761,1435,2026-03-08,Present,"2026-04-18 17:23:03"
7293,15378,962,2026-03-01,Absent,"2026-04-18 17:23:03"
7294,20112,1060,2026-03-09,Absent,"2026-04-18 17:23:03"
7295,19263,1571,2026-03-05,Present,"2026-04-18 17:23:03"
7296,26448,1073,2026-03-07,Present,"2026-04-18 17:23:03"
7297,37407,1152,2026-03-05,Present,"2026-04-18 17:23:03"
7298,21213,834,2026-03-07,Present,"2026-04-18 17:23:03"
7299,25706,735,2026-03-05,Present,"2026-04-18 17:23:03"
7300,44660,792,2026-03-07,Present,"2026-04-18 17:23:03"
7301,16209,1352,2026-03-02,Present,"2026-04-18 17:23:03"
7302,20085,1948,2026-03-03,Present,"2026-04-18 17:23:03"
7303,46640,1228,2026-03-01,Absent,"2026-04-18 17:23:03"
7304,49958,1700,2026-03-01,Present,"2026-04-18 17:23:03"
7305,30363,1176,2026-03-01,Present,"2026-04-18 17:23:03"
7306,37326,911,2026-03-09,Present,"2026-04-18 17:23:03"
7307,5073,1830,2026-03-08,Present,"2026-04-18 17:23:03"
7308,46848,1670,2026-03-02,Present,"2026-04-18 17:23:03"
7309,27209,1036,2026-03-10,Present,"2026-04-18 17:23:03"
7310,25342,1101,2026-03-04,Present,"2026-04-18 17:23:03"
7311,35277,1170,2026-03-01,Present,"2026-04-18 17:23:03"
7312,14933,1778,2026-03-02,Present,"2026-04-18 17:23:03"
7313,11464,624,2026-03-04,Present,"2026-04-18 17:23:03"
7314,17961,792,2026-03-04,Present,"2026-04-18 17:23:03"
7315,16505,876,2026-03-02,Present,"2026-04-18 17:23:03"
7316,44298,1757,2026-03-04,Absent,"2026-04-18 17:23:03"
7317,49000,915,2026-03-10,Present,"2026-04-18 17:23:03"
7318,4273,1300,2026-03-10,Present,"2026-04-18 17:23:03"
7319,22365,1960,2026-03-10,Present,"2026-04-18 17:23:03"
7320,46003,964,2026-03-09,Present,"2026-04-18 17:23:03"
7321,46150,1216,2026-03-06,Absent,"2026-04-18 17:23:03"
7322,15242,814,2026-03-08,Present,"2026-04-18 17:23:03"
7323,30051,1984,2026-03-09,Present,"2026-04-18 17:23:03"
7324,11383,1482,2026-03-05,Present,"2026-04-18 17:23:03"
7325,20438,735,2026-03-05,Present,"2026-04-18 17:23:03"
7326,43348,1553,2026-03-09,Absent,"2026-04-18 17:23:03"
7327,21351,1176,2026-03-01,Present,"2026-04-18 17:23:03"
7328,5287,1057,2026-03-01,Present,"2026-04-18 17:23:03"
7329,40678,915,2026-03-04,Present,"2026-04-18 17:23:03"
7330,46181,1202,2026-03-02,Absent,"2026-04-18 17:23:03"
7331,1922,654,2026-03-08,Present,"2026-04-18 17:23:03"
7332,591,1101,2026-03-05,Present,"2026-04-18 17:23:03"
7333,45602,998,2026-03-08,Absent,"2026-04-18 17:23:03"
7334,10371,1517,2026-03-02,Present,"2026-04-18 17:23:03"
7335,11257,881,2026-03-04,Absent,"2026-04-18 17:23:03"
7336,39269,1482,2026-03-02,Present,"2026-04-18 17:23:03"
7337,35669,1517,2026-03-04,Present,"2026-04-18 17:23:03"
7338,8603,1365,2026-03-01,Present,"2026-04-18 17:23:03"
7339,4371,1571,2026-03-04,Present,"2026-04-18 17:23:03"
7340,27192,1184,2026-03-09,Present,"2026-04-18 17:23:03"
7341,24918,1057,2026-03-02,Absent,"2026-04-18 17:23:03"
7342,19483,1152,2026-03-07,Present,"2026-04-18 17:23:03"
7343,19255,573,2026-03-08,Present,"2026-04-18 17:23:03"
7344,23392,1787,2026-03-10,Absent,"2026-04-18 17:23:03"
7345,21635,961,2026-03-01,Absent,"2026-04-18 17:23:03"
7346,9051,1757,2026-03-05,Present,"2026-04-18 17:23:03"
7347,49539,1073,2026-03-06,Present,"2026-04-18 17:23:03"
7348,21390,1834,2026-03-01,Present,"2026-04-18 17:23:03"
7349,25719,1101,2026-03-01,Present,"2026-04-18 17:23:03"
7350,46543,559,2026-03-01,Present,"2026-04-18 17:23:03"
7351,6129,1300,2026-03-08,Present,"2026-04-18 17:23:03"
7352,49199,794,2026-03-05,Present,"2026-04-18 17:23:03"
7353,46154,1587,2026-03-06,Present,"2026-04-18 17:23:03"
7354,3706,1073,2026-03-02,Present,"2026-04-18 17:23:03"
7355,26887,669,2026-03-08,Present,"2026-04-18 17:23:03"
7356,20780,1987,2026-03-07,Present,"2026-04-18 17:23:03"
7357,27669,1700,2026-03-01,Present,"2026-04-18 17:23:03"
7358,44458,1482,2026-03-01,Absent,"2026-04-18 17:23:03"
7359,22905,1496,2026-03-10,Present,"2026-04-18 17:23:03"
7360,39407,1908,2026-03-06,Absent,"2026-04-18 17:23:03"
7361,9035,701,2026-03-04,Absent,"2026-04-18 17:23:03"
7362,5625,1343,2026-03-01,Present,"2026-04-18 17:23:03"
7363,1329,573,2026-03-08,Present,"2026-04-18 17:23:03"
7364,22228,1435,2026-03-07,Present,"2026-04-18 17:23:03"
7365,36979,1422,2026-03-09,Present,"2026-04-18 17:23:03"
7366,20092,1034,2026-03-02,Present,"2026-04-18 17:23:03"
7367,26873,1914,2026-03-07,Present,"2026-04-18 17:23:03"
7368,35710,906,2026-03-04,Present,"2026-04-18 17:23:03"
7369,25574,858,2026-03-07,Absent,"2026-04-18 17:23:03"
7370,5918,794,2026-03-03,Absent,"2026-04-18 17:23:03"
7371,27507,1700,2026-03-03,Present,"2026-04-18 17:23:03"
7372,15747,1292,2026-03-09,Present,"2026-04-18 17:23:03"
7373,26545,808,2026-03-03,Present,"2026-04-18 17:23:03"
7374,7567,1212,2026-03-02,Present,"2026-04-18 17:23:03"
7375,131,1212,2026-03-05,Absent,"2026-04-18 17:23:03"
7376,29625,1034,2026-03-04,Present,"2026-04-18 17:23:03"
7377,31826,1073,2026-03-06,Present,"2026-04-18 17:23:03"
7378,23325,1914,2026-03-03,Absent,"2026-04-18 17:23:03"
7379,36959,1359,2026-03-09,Present,"2026-04-18 17:23:03"
7380,46088,1787,2026-03-09,Present,"2026-04-18 17:23:03"
7381,45541,1152,2026-03-05,Present,"2026-04-18 17:23:03"
7382,46227,1778,2026-03-10,Present,"2026-04-18 17:23:03"
7383,42343,513,2026-03-08,Present,"2026-04-18 17:23:03"
7384,44294,1830,2026-03-05,Absent,"2026-04-18 17:23:03"
7385,22771,915,2026-03-04,Absent,"2026-04-18 17:23:03"
7386,36100,1435,2026-03-01,Present,"2026-04-18 17:23:03"
7387,28168,916,2026-03-02,Present,"2026-04-18 17:23:03"
7388,15239,901,2026-03-05,Absent,"2026-04-18 17:23:03"
7389,5843,1036,2026-03-07,Present,"2026-04-18 17:23:03"
7390,44310,1102,2026-03-04,Present,"2026-04-18 17:23:03"
7391,5622,1487,2026-03-10,Absent,"2026-04-18 17:23:03"
7392,32420,1555,2026-03-07,Present,"2026-04-18 17:23:03"
7393,18557,584,2026-03-09,Present,"2026-04-18 17:23:03"
7394,14155,1538,2026-03-09,Present,"2026-04-18 17:23:03"
7395,4951,1984,2026-03-04,Present,"2026-04-18 17:23:03"
7396,46224,759,2026-03-05,Present,"2026-04-18 17:23:03"
7397,39960,1101,2026-03-03,Present,"2026-04-18 17:23:03"
7398,44627,1538,2026-03-08,Absent,"2026-04-18 17:23:03"
7399,6842,1176,2026-03-09,Present,"2026-04-18 17:23:03"
7400,44957,1487,2026-03-04,Present,"2026-04-18 17:23:03"
7401,49664,947,2026-03-02,Present,"2026-04-18 17:23:03"
7402,24546,1228,2026-03-03,Present,"2026-04-18 17:23:03"
7403,16963,834,2026-03-08,Absent,"2026-04-18 17:23:03"
7404,12948,915,2026-03-02,Present,"2026-04-18 17:23:03"
7405,22371,915,2026-03-05,Present,"2026-04-18 17:23:03"
7406,19274,1212,2026-03-02,Present,"2026-04-18 17:23:03"
7407,35233,1164,2026-03-10,Absent,"2026-04-18 17:23:03"
7408,24229,1522,2026-03-05,Present,"2026-04-18 17:23:03"
7409,44959,559,2026-03-01,Present,"2026-04-18 17:23:03"
7410,9899,1216,2026-03-01,Present,"2026-04-18 17:23:03"
7411,4077,792,2026-03-05,Present,"2026-04-18 17:23:03"
7412,22925,808,2026-03-08,Absent,"2026-04-18 17:23:03"
7413,36954,901,2026-03-03,Present,"2026-04-18 17:23:03"
7414,31385,1587,2026-03-09,Present,"2026-04-18 17:23:03"
7415,42170,1951,2026-03-02,Present,"2026-04-18 17:23:03"
7416,18611,964,2026-03-02,Present,"2026-04-18 17:23:03"
7417,27321,1184,2026-03-04,Present,"2026-04-18 17:23:03"
7418,41119,1422,2026-03-07,Absent,"2026-04-18 17:23:03"
7419,9143,1422,2026-03-03,Present,"2026-04-18 17:23:03"
7420,24003,1060,2026-03-08,Present,"2026-04-18 17:23:03"
7421,23197,1101,2026-03-10,Present,"2026-04-18 17:23:03"
7422,11631,1757,2026-03-05,Present,"2026-04-18 17:23:03"
7423,35549,735,2026-03-05,Absent,"2026-04-18 17:23:03"
7424,5062,712,2026-03-08,Present,"2026-04-18 17:23:03"
7425,35090,881,2026-03-07,Present,"2026-04-18 17:23:03"
7426,12733,808,2026-03-07,Present,"2026-04-18 17:23:03"
7427,37700,1073,2026-03-05,Present,"2026-04-18 17:23:03"
7428,23257,1176,2026-03-08,Present,"2026-04-18 17:23:03"
7429,2741,1228,2026-03-07,Present,"2026-04-18 17:23:03"
7430,2457,1496,2026-03-07,Present,"2026-04-18 17:23:03"
7431,49180,1960,2026-03-06,Present,"2026-04-18 17:23:03"
7432,9096,1184,2026-03-08,Present,"2026-04-18 17:23:03"
7433,25537,1787,2026-03-08,Present,"2026-04-18 17:23:03"
7434,26217,915,2026-03-03,Present,"2026-04-18 17:23:03"
7435,26853,1060,2026-03-09,Present,"2026-04-18 17:23:03"
7436,30279,1034,2026-03-04,Present,"2026-04-18 17:23:03"
7437,18533,1830,2026-03-08,Present,"2026-04-18 17:23:03"
7438,14883,1359,2026-03-03,Present,"2026-04-18 17:23:03"
7439,11814,735,2026-03-08,Present,"2026-04-18 17:23:03"
7440,41549,1292,2026-03-05,Absent,"2026-04-18 17:23:03"
7441,46899,1908,2026-03-08,Present,"2026-04-18 17:23:03"
7442,6930,1374,2026-03-07,Absent,"2026-04-18 17:23:03"
7443,49421,901,2026-03-08,Present,"2026-04-18 17:23:03"
7444,48889,1212,2026-03-04,Present,"2026-04-18 17:23:03"
7445,47642,1482,2026-03-05,Present,"2026-04-18 17:23:03"
7446,49230,1005,2026-03-06,Present,"2026-04-18 17:23:03"
7447,25216,1292,2026-03-07,Present,"2026-04-18 17:23:03"
7448,19683,712,2026-03-02,Present,"2026-04-18 17:23:03"
7449,311,1300,2026-03-05,Absent,"2026-04-18 17:23:03"
7450,11577,1951,2026-03-02,Absent,"2026-04-18 17:23:03"
7451,27710,1913,2026-03-05,Absent,"2026-04-18 17:23:03"
7452,45293,1212,2026-03-10,Present,"2026-04-18 17:23:03"
7453,6346,1538,2026-03-03,Present,"2026-04-18 17:23:03"
7454,24099,1422,2026-03-07,Present,"2026-04-18 17:23:03"
7455,40767,915,2026-03-10,Present,"2026-04-18 17:23:03"
7456,24152,834,2026-03-10,Present,"2026-04-18 17:23:03"
7457,2603,1670,2026-03-06,Present,"2026-04-18 17:23:03"
7458,34415,1422,2026-03-10,Present,"2026-04-18 17:23:03"
7459,24283,1036,2026-03-04,Present,"2026-04-18 17:23:03"
7460,24590,1670,2026-03-07,Present,"2026-04-18 17:23:03"
7461,37946,1678,2026-03-10,Present,"2026-04-18 17:23:03"
7462,20639,513,2026-03-02,Present,"2026-04-18 17:23:03"
7463,10393,1352,2026-03-07,Present,"2026-04-18 17:23:03"
7464,37544,962,2026-03-05,Present,"2026-04-18 17:23:03"
7465,14893,808,2026-03-09,Absent,"2026-04-18 17:23:03"
7466,21288,792,2026-03-02,Absent,"2026-04-18 17:23:03"
7467,15149,1522,2026-03-10,Present,"2026-04-18 17:23:03"
7468,13974,1300,2026-03-07,Present,"2026-04-18 17:23:03"
7469,42558,1675,2026-03-06,Present,"2026-04-18 17:23:03"
7470,38048,759,2026-03-10,Present,"2026-04-18 17:23:03"
7471,22821,1524,2026-03-08,Present,"2026-04-18 17:23:03"
7472,12669,792,2026-03-07,Present,"2026-04-18 17:23:03"
7473,49611,1359,2026-03-05,Present,"2026-04-18 17:23:03"
7474,24289,1522,2026-03-03,Present,"2026-04-18 17:23:03"
7475,844,964,2026-03-08,Present,"2026-04-18 17:23:03"
7476,10191,916,2026-03-05,Present,"2026-04-18 17:23:03"
7477,20216,792,2026-03-09,Present,"2026-04-18 17:23:03"
7478,11214,575,2026-03-07,Present,"2026-04-18 17:23:03"
7479,1024,973,2026-03-05,Present,"2026-04-18 17:23:03"
7480,40884,1340,2026-03-08,Present,"2026-04-18 17:23:03"
7481,36483,1343,2026-03-03,Present,"2026-04-18 17:23:03"
7482,48972,911,2026-03-10,Present,"2026-04-18 17:23:03"
7483,19818,1834,2026-03-05,Present,"2026-04-18 17:23:03"
7484,2541,1960,2026-03-05,Present,"2026-04-18 17:23:03"
7485,22907,1974,2026-03-10,Present,"2026-04-18 17:23:03"
7486,10652,1005,2026-03-09,Absent,"2026-04-18 17:23:03"
7487,20032,814,2026-03-04,Present,"2026-04-18 17:23:03"
7488,16495,1984,2026-03-10,Present,"2026-04-18 17:23:03"
7489,42238,1913,2026-03-08,Present,"2026-04-18 17:23:03"
7490,8613,669,2026-03-07,Present,"2026-04-18 17:23:03"
7491,2525,624,2026-03-01,Present,"2026-04-18 17:23:03"
7492,20823,1960,2026-03-06,Absent,"2026-04-18 17:23:03"
7493,32479,1555,2026-03-09,Present,"2026-04-18 17:23:03"
7494,26372,1675,2026-03-02,Present,"2026-04-18 17:23:03"
7495,19574,1202,2026-03-02,Present,"2026-04-18 17:23:03"
7496,2525,1073,2026-03-07,Absent,"2026-04-18 17:23:03"
7497,16252,1073,2026-03-10,Present,"2026-04-18 17:23:03"
7498,4994,947,2026-03-06,Present,"2026-04-18 17:23:03"
7499,15919,1005,2026-03-06,Present,"2026-04-18 17:23:03"
7500,7174,1757,2026-03-02,Present,"2026-04-18 17:23:03"
7501,22283,701,2026-03-06,Present,"2026-04-18 17:23:03"
7502,41833,1482,2026-03-09,Present,"2026-04-18 17:23:03"
7503,23427,808,2026-03-09,Present,"2026-04-18 17:23:03"
7504,10557,1834,2026-03-07,Present,"2026-04-18 17:23:03"
7505,15731,881,2026-03-08,Present,"2026-04-18 17:23:03"
7506,7722,881,2026-03-05,Present,"2026-04-18 17:23:03"
7507,9012,1482,2026-03-06,Present,"2026-04-18 17:23:03"
7508,8103,573,2026-03-05,Absent,"2026-04-18 17:23:03"
7509,1095,1974,2026-03-10,Present,"2026-04-18 17:23:03"
7510,45107,669,2026-03-03,Present,"2026-04-18 17:23:03"
7511,15296,1908,2026-03-08,Absent,"2026-04-18 17:23:03"
7512,36189,1700,2026-03-07,Present,"2026-04-18 17:23:03"
7513,735,624,2026-03-02,Present,"2026-04-18 17:23:03"
7514,23301,1036,2026-03-07,Present,"2026-04-18 17:23:03"
7515,47621,1060,2026-03-07,Present,"2026-04-18 17:23:03"
7516,2174,1004,2026-03-05,Absent,"2026-04-18 17:23:03"
7517,31513,1496,2026-03-06,Present,"2026-04-18 17:23:03"
7518,16631,1352,2026-03-01,Absent,"2026-04-18 17:23:03"
7519,9183,901,2026-03-02,Present,"2026-04-18 17:23:03"
7520,26015,1960,2026-03-04,Present,"2026-04-18 17:23:03"
7521,22407,1670,2026-03-07,Absent,"2026-04-18 17:23:03"
7522,49545,1524,2026-03-10,Present,"2026-04-18 17:23:03"
7523,193,1102,2026-03-04,Present,"2026-04-18 17:23:03"
7524,35125,1228,2026-03-01,Present,"2026-04-18 17:23:03"
7525,44946,1482,2026-03-08,Present,"2026-04-18 17:23:03"
7526,8783,911,2026-03-04,Present,"2026-04-18 17:23:03"
7527,46745,794,2026-03-10,Present,"2026-04-18 17:23:03"
7528,1205,1435,2026-03-10,Absent,"2026-04-18 17:23:03"
7529,9776,1524,2026-03-02,Present,"2026-04-18 17:23:03"
7530,46192,1960,2026-03-08,Present,"2026-04-18 17:23:03"
7531,18273,1678,2026-03-10,Present,"2026-04-18 17:23:03"
7532,49485,1060,2026-03-05,Present,"2026-04-18 17:23:03"
7533,29520,1253,2026-03-03,Present,"2026-04-18 17:23:03"
7534,17695,1496,2026-03-07,Present,"2026-04-18 17:23:03"
7535,34300,1754,2026-03-07,Present,"2026-04-18 17:23:03"
7536,2791,1253,2026-03-01,Present,"2026-04-18 17:23:03"
7537,22582,756,2026-03-04,Present,"2026-04-18 17:23:03"
7538,37453,573,2026-03-05,Present,"2026-04-18 17:23:03"
7539,48706,756,2026-03-06,Present,"2026-04-18 17:23:03"
7540,47966,915,2026-03-10,Present,"2026-04-18 17:23:03"
7541,39002,1787,2026-03-07,Absent,"2026-04-18 17:23:03"
7542,24833,911,2026-03-01,Present,"2026-04-18 17:23:03"
7543,19714,1359,2026-03-02,Present,"2026-04-18 17:23:03"
7544,40235,1409,2026-03-01,Absent,"2026-04-18 17:23:03"
7545,16280,916,2026-03-08,Present,"2026-04-18 17:23:03"
7546,35311,1960,2026-03-03,Absent,"2026-04-18 17:23:03"
7547,6365,881,2026-03-05,Present,"2026-04-18 17:23:03"
7548,49264,1170,2026-03-05,Present,"2026-04-18 17:23:03"
7549,21509,881,2026-03-09,Present,"2026-04-18 17:23:03"
7550,19884,1004,2026-03-02,Present,"2026-04-18 17:23:03"
7551,2781,1830,2026-03-07,Present,"2026-04-18 17:23:03"
7552,5797,834,2026-03-10,Absent,"2026-04-18 17:23:03"
7553,14296,881,2026-03-03,Absent,"2026-04-18 17:23:03"
7554,34055,1987,2026-03-03,Present,"2026-04-18 17:23:03"
7555,34387,915,2026-03-06,Present,"2026-04-18 17:23:03"
7556,20495,1164,2026-03-02,Present,"2026-04-18 17:23:03"
7557,10563,1913,2026-03-08,Present,"2026-04-18 17:23:03"
7558,41883,712,2026-03-01,Absent,"2026-04-18 17:23:03"
7559,27048,998,2026-03-10,Absent,"2026-04-18 17:23:03"
7560,31640,1598,2026-03-06,Absent,"2026-04-18 17:23:03"
7561,1099,1228,2026-03-06,Present,"2026-04-18 17:23:03"
7562,35319,584,2026-03-04,Present,"2026-04-18 17:23:03"
7563,41308,1034,2026-03-01,Present,"2026-04-18 17:23:03"
7564,35739,1422,2026-03-02,Present,"2026-04-18 17:23:03"
7565,2868,1212,2026-03-07,Present,"2026-04-18 17:23:03"
7566,24490,964,2026-03-04,Present,"2026-04-18 17:23:03"
7567,45930,1913,2026-03-07,Absent,"2026-04-18 17:23:03"
7568,12226,1522,2026-03-10,Present,"2026-04-18 17:23:03"
7569,16829,624,2026-03-01,Present,"2026-04-18 17:23:03"
7570,34153,618,2026-03-02,Absent,"2026-04-18 17:23:03"
7571,36966,1949,2026-03-09,Present,"2026-04-18 17:23:03"
7572,28092,513,2026-03-08,Present,"2026-04-18 17:23:03"
7573,17226,1422,2026-03-07,Present,"2026-04-18 17:23:03"
7574,38244,858,2026-03-05,Absent,"2026-04-18 17:23:03"
7575,41750,1913,2026-03-07,Present,"2026-04-18 17:23:03"
7576,25952,947,2026-03-10,Present,"2026-04-18 17:23:03"
7577,14103,1678,2026-03-04,Present,"2026-04-18 17:23:03"
7578,36226,947,2026-03-10,Absent,"2026-04-18 17:23:03"
7579,36960,573,2026-03-07,Absent,"2026-04-18 17:23:03"
7580,13905,1757,2026-03-09,Present,"2026-04-18 17:23:03"
7581,6403,1176,2026-03-04,Present,"2026-04-18 17:23:03"
7582,26819,1422,2026-03-06,Present,"2026-04-18 17:23:03"
7583,44681,961,2026-03-06,Present,"2026-04-18 17:23:03"
7584,49039,1036,2026-03-02,Present,"2026-04-18 17:23:03"
7585,17828,808,2026-03-08,Absent,"2026-04-18 17:23:03"
7586,19310,973,2026-03-08,Present,"2026-04-18 17:23:03"
7587,28846,1101,2026-03-04,Present,"2026-04-18 17:23:03"
7588,3010,1102,2026-03-10,Present,"2026-04-18 17:23:03"
7589,905,1678,2026-03-02,Absent,"2026-04-18 17:23:03"
7590,42410,624,2026-03-02,Present,"2026-04-18 17:23:03"
7591,22561,906,2026-03-05,Present,"2026-04-18 17:23:03"
7592,5333,1170,2026-03-08,Present,"2026-04-18 17:23:03"
7593,13287,584,2026-03-04,Present,"2026-04-18 17:23:03"
7594,39170,1987,2026-03-05,Present,"2026-04-18 17:23:03"
7595,33734,1102,2026-03-06,Absent,"2026-04-18 17:23:03"
7596,9609,513,2026-03-06,Present,"2026-04-18 17:23:03"
7597,10124,1060,2026-03-09,Present,"2026-04-18 17:23:03"
7598,35117,624,2026-03-07,Present,"2026-04-18 17:23:03"
7599,2465,881,2026-03-03,Present,"2026-04-18 17:23:03"
7600,36960,573,2026-03-04,Present,"2026-04-18 17:23:03"
7601,21511,858,2026-03-04,Absent,"2026-04-18 17:23:03"
7602,8636,1948,2026-03-04,Absent,"2026-04-18 17:23:03"
7603,28361,1004,2026-03-10,Present,"2026-04-18 17:23:03"
7604,33840,915,2026-03-06,Present,"2026-04-18 17:23:03"
7605,21770,1184,2026-03-05,Present,"2026-04-18 17:23:03"
7606,25970,669,2026-03-01,Absent,"2026-04-18 17:23:03"
7607,16324,1202,2026-03-04,Present,"2026-04-18 17:23:03"
7608,22699,618,2026-03-10,Present,"2026-04-18 17:23:03"
7609,30026,1170,2026-03-10,Absent,"2026-04-18 17:23:03"
7610,20281,1365,2026-03-01,Present,"2026-04-18 17:23:03"
7611,883,1057,2026-03-04,Present,"2026-04-18 17:23:03"
7612,6869,1212,2026-03-02,Present,"2026-04-18 17:23:03"
7613,30623,1101,2026-03-08,Present,"2026-04-18 17:23:03"
7614,18772,669,2026-03-02,Present,"2026-04-18 17:23:03"
7615,15442,1202,2026-03-06,Present,"2026-04-18 17:23:03"
7616,37902,1292,2026-03-07,Present,"2026-04-18 17:23:03"
7617,32830,513,2026-03-02,Present,"2026-04-18 17:23:03"
7618,2572,915,2026-03-09,Present,"2026-04-18 17:23:03"
7619,40309,1365,2026-03-06,Present,"2026-04-18 17:23:03"
7620,37692,1951,2026-03-10,Present,"2026-04-18 17:23:03"
7621,775,759,2026-03-04,Absent,"2026-04-18 17:23:03"
7622,11855,1176,2026-03-03,Present,"2026-04-18 17:23:03"
7623,32269,1300,2026-03-07,Present,"2026-04-18 17:23:03"
7624,5831,998,2026-03-05,Present,"2026-04-18 17:23:03"
7625,34493,1757,2026-03-10,Present,"2026-04-18 17:23:03"
7626,40304,814,2026-03-09,Present,"2026-04-18 17:23:03"
7627,2789,1678,2026-03-07,Present,"2026-04-18 17:23:03"
7628,13683,1974,2026-03-10,Present,"2026-04-18 17:23:03"
7629,41583,759,2026-03-02,Present,"2026-04-18 17:23:03"
7630,1515,1587,2026-03-05,Absent,"2026-04-18 17:23:03"
7631,20380,1675,2026-03-02,Present,"2026-04-18 17:23:03"
7632,39691,1913,2026-03-05,Present,"2026-04-18 17:23:03"
7633,24750,1409,2026-03-07,Present,"2026-04-18 17:23:03"
7634,39343,1524,2026-03-07,Absent,"2026-04-18 17:23:03"
7635,31208,1675,2026-03-10,Present,"2026-04-18 17:23:03"
7636,22650,1987,2026-03-10,Absent,"2026-04-18 17:23:03"
7637,20582,1524,2026-03-07,Present,"2026-04-18 17:23:03"
7638,41389,513,2026-03-06,Present,"2026-04-18 17:23:03"
7639,32214,1292,2026-03-01,Present,"2026-04-18 17:23:03"
7640,35319,531,2026-03-04,Present,"2026-04-18 17:23:03"
7641,26335,701,2026-03-10,Absent,"2026-04-18 17:23:03"
7642,35385,1212,2026-03-01,Present,"2026-04-18 17:23:03"
7643,48890,1152,2026-03-06,Absent,"2026-04-18 17:23:03"
7644,33668,901,2026-03-05,Absent,"2026-04-18 17:23:03"
7645,28571,1060,2026-03-03,Present,"2026-04-18 17:23:03"
7646,172,1598,2026-03-02,Absent,"2026-04-18 17:23:03"
7647,36711,1034,2026-03-10,Present,"2026-04-18 17:23:03"
7648,47397,1757,2026-03-02,Present,"2026-04-18 17:23:03"
7649,14647,1102,2026-03-09,Present,"2026-04-18 17:23:03"
7650,33237,618,2026-03-08,Present,"2026-04-18 17:23:03"
7651,41896,712,2026-03-06,Present,"2026-04-18 17:23:03"
7652,43192,701,2026-03-09,Present,"2026-04-18 17:23:03"
7653,1195,669,2026-03-04,Absent,"2026-04-18 17:23:03"
7654,11276,1522,2026-03-06,Present,"2026-04-18 17:23:03"
7655,26396,1292,2026-03-10,Absent,"2026-04-18 17:23:03"
7656,44461,575,2026-03-04,Absent,"2026-04-18 17:23:03"
7657,18502,1184,2026-03-10,Absent,"2026-04-18 17:23:03"
7658,47568,1974,2026-03-06,Absent,"2026-04-18 17:23:03"
7659,19951,961,2026-03-03,Present,"2026-04-18 17:23:03"
7660,39468,1830,2026-03-05,Absent,"2026-04-18 17:23:03"
7661,15639,1152,2026-03-01,Present,"2026-04-18 17:23:03"
7662,2541,1984,2026-03-02,Present,"2026-04-18 17:23:03"
7663,14238,1170,2026-03-04,Present,"2026-04-18 17:23:03"
7664,48031,1359,2026-03-09,Present,"2026-04-18 17:23:03"
7665,17631,1060,2026-03-10,Absent,"2026-04-18 17:23:03"
7666,44143,513,2026-03-09,Absent,"2026-04-18 17:23:03"
7667,32637,1778,2026-03-04,Present,"2026-04-18 17:23:03"
7668,46912,1949,2026-03-08,Absent,"2026-04-18 17:23:03"
7669,30077,858,2026-03-07,Present,"2026-04-18 17:23:03"
7670,30510,531,2026-03-06,Present,"2026-04-18 17:23:03"
7671,47483,1212,2026-03-01,Present,"2026-04-18 17:23:03"
7672,3374,1170,2026-03-08,Absent,"2026-04-18 17:23:03"
7673,29551,654,2026-03-04,Present,"2026-04-18 17:23:03"
7674,19310,1365,2026-03-07,Present,"2026-04-18 17:23:03"
7675,36180,1757,2026-03-10,Present,"2026-04-18 17:23:03"
7676,11145,1004,2026-03-05,Absent,"2026-04-18 17:23:03"
7677,16160,1830,2026-03-05,Present,"2026-04-18 17:23:03"
7678,26521,1352,2026-03-04,Present,"2026-04-18 17:23:03"
7679,34304,575,2026-03-01,Present,"2026-04-18 17:23:03"
7680,13354,1974,2026-03-03,Absent,"2026-04-18 17:23:03"
7681,42105,1176,2026-03-07,Absent,"2026-04-18 17:23:03"
7682,2153,1553,2026-03-07,Absent,"2026-04-18 17:23:03"
7683,427,1960,2026-03-06,Present,"2026-04-18 17:23:03"
7684,37037,1333,2026-03-04,Present,"2026-04-18 17:23:03"
7685,40127,1212,2026-03-02,Absent,"2026-04-18 17:23:03"
7686,47095,1984,2026-03-05,Present,"2026-04-18 17:23:03"
7687,9505,1974,2026-03-08,Absent,"2026-04-18 17:23:03"
7688,39308,1300,2026-03-01,Present,"2026-04-18 17:23:03"
7689,27746,858,2026-03-09,Present,"2026-04-18 17:23:03"
7690,31092,1538,2026-03-10,Absent,"2026-04-18 17:23:03"
7691,7309,1292,2026-03-01,Present,"2026-04-18 17:23:03"
7692,24150,961,2026-03-04,Present,"2026-04-18 17:23:03"
7693,16168,962,2026-03-07,Present,"2026-04-18 17:23:03"
7694,29948,735,2026-03-07,Present,"2026-04-18 17:23:03"
7695,26372,1352,2026-03-04,Present,"2026-04-18 17:23:03"
7696,4762,1343,2026-03-01,Present,"2026-04-18 17:23:03"
7697,15672,1914,2026-03-05,Present,"2026-04-18 17:23:03"
7698,37552,1202,2026-03-01,Present,"2026-04-18 17:23:03"
7699,37165,1292,2026-03-07,Present,"2026-04-18 17:23:03"
7700,30533,962,2026-03-10,Present,"2026-04-18 17:23:03"
7701,22835,584,2026-03-03,Present,"2026-04-18 17:23:03"
7702,5826,735,2026-03-07,Present,"2026-04-18 17:23:03"
7703,45697,1524,2026-03-01,Present,"2026-04-18 17:23:03"
7704,4414,1538,2026-03-01,Present,"2026-04-18 17:23:03"
7705,33403,1004,2026-03-06,Present,"2026-04-18 17:23:03"
7706,44241,1675,2026-03-03,Present,"2026-04-18 17:23:03"
7707,40461,1960,2026-03-08,Present,"2026-04-18 17:23:03"
7708,31382,1778,2026-03-10,Present,"2026-04-18 17:23:03"
7709,6815,1987,2026-03-01,Absent,"2026-04-18 17:23:03"
7710,15241,1830,2026-03-09,Present,"2026-04-18 17:23:03"
7711,32978,735,2026-03-06,Present,"2026-04-18 17:23:03"
7712,9622,1212,2026-03-04,Present,"2026-04-18 17:23:03"
7713,8694,1176,2026-03-01,Present,"2026-04-18 17:23:03"
7714,24367,1487,2026-03-04,Present,"2026-04-18 17:23:03"
7715,24599,1951,2026-03-04,Present,"2026-04-18 17:23:03"
7716,16276,1678,2026-03-03,Absent,"2026-04-18 17:23:03"
7717,30438,1487,2026-03-08,Absent,"2026-04-18 17:23:03"
7718,28649,901,2026-03-01,Absent,"2026-04-18 17:23:03"
7719,36921,584,2026-03-08,Present,"2026-04-18 17:23:03"
7720,38850,1212,2026-03-04,Present,"2026-04-18 17:23:03"
7721,25117,1482,2026-03-04,Present,"2026-04-18 17:23:03"
7722,48774,1101,2026-03-07,Present,"2026-04-18 17:23:03"
7723,5203,654,2026-03-07,Present,"2026-04-18 17:23:03"
7724,4078,1202,2026-03-02,Present,"2026-04-18 17:23:03"
7725,16750,1352,2026-03-04,Present,"2026-04-18 17:23:03"
7726,19588,792,2026-03-01,Present,"2026-04-18 17:23:03"
7727,10268,794,2026-03-04,Present,"2026-04-18 17:23:03"
7728,5078,794,2026-03-10,Present,"2026-04-18 17:23:03"
7729,46596,1253,2026-03-04,Present,"2026-04-18 17:23:03"
7730,6606,1176,2026-03-07,Present,"2026-04-18 17:23:03"
7731,43294,916,2026-03-09,Present,"2026-04-18 17:23:03"
7732,7148,1352,2026-03-02,Absent,"2026-04-18 17:23:03"
7733,12831,654,2026-03-08,Present,"2026-04-18 17:23:03"
7734,37739,1034,2026-03-08,Present,"2026-04-18 17:23:03"
7735,16162,1164,2026-03-03,Present,"2026-04-18 17:23:03"
7736,27665,1253,2026-03-03,Absent,"2026-04-18 17:23:03"
7737,44627,1949,2026-03-01,Present,"2026-04-18 17:23:03"
7738,20216,1677,2026-03-09,Present,"2026-04-18 17:23:03"
7739,18244,584,2026-03-04,Present,"2026-04-18 17:23:03"
7740,6365,1102,2026-03-03,Present,"2026-04-18 17:23:03"
7741,43210,1343,2026-03-02,Present,"2026-04-18 17:23:03"
7742,33579,1164,2026-03-04,Present,"2026-04-18 17:23:03"
7743,30559,1292,2026-03-08,Present,"2026-04-18 17:23:03"
7744,36336,1055,2026-03-05,Present,"2026-04-18 17:23:03"
7745,2798,998,2026-03-03,Present,"2026-04-18 17:23:03"
7746,16625,1778,2026-03-03,Present,"2026-04-18 17:23:03"
7747,16923,1057,2026-03-05,Present,"2026-04-18 17:23:03"
7748,34444,1677,2026-03-01,Present,"2026-04-18 17:23:03"
7749,40646,1974,2026-03-03,Present,"2026-04-18 17:23:03"
7750,6210,834,2026-03-08,Present,"2026-04-18 17:23:03"
7751,27317,1152,2026-03-10,Present,"2026-04-18 17:23:03"
7752,30464,1482,2026-03-09,Present,"2026-04-18 17:23:03"
7753,8426,998,2026-03-05,Present,"2026-04-18 17:23:03"
7754,13884,1365,2026-03-03,Present,"2026-04-18 17:23:03"
7755,12781,1292,2026-03-08,Present,"2026-04-18 17:23:03"
7756,24668,1482,2026-03-02,Absent,"2026-04-18 17:23:03"
7757,15937,1555,2026-03-03,Present,"2026-04-18 17:23:03"
7758,23708,1057,2026-03-03,Present,"2026-04-18 17:23:03"
7759,46182,1787,2026-03-10,Present,"2026-04-18 17:23:03"
7760,22946,1987,2026-03-08,Present,"2026-04-18 17:23:03"
7761,45851,1834,2026-03-05,Present,"2026-04-18 17:23:03"
7762,44946,1482,2026-03-09,Present,"2026-04-18 17:23:03"
7763,31533,1948,2026-03-06,Present,"2026-04-18 17:23:03"
7764,43335,1524,2026-03-03,Present,"2026-04-18 17:23:03"
7765,49812,756,2026-03-01,Present,"2026-04-18 17:23:03"
7766,14944,1987,2026-03-08,Present,"2026-04-18 17:23:03"
7767,31266,973,2026-03-07,Absent,"2026-04-18 17:23:03"
7768,14901,1960,2026-03-01,Present,"2026-04-18 17:23:03"
7769,44397,1951,2026-03-10,Present,"2026-04-18 17:23:03"
7770,3670,1517,2026-03-03,Present,"2026-04-18 17:23:03"
7771,40254,573,2026-03-09,Absent,"2026-04-18 17:23:03"
7772,49969,575,2026-03-06,Present,"2026-04-18 17:23:03"
7773,25218,575,2026-03-05,Present,"2026-04-18 17:23:03"
7774,7713,1553,2026-03-08,Present,"2026-04-18 17:23:03"
7775,40578,618,2026-03-10,Absent,"2026-04-18 17:23:03"
7776,44577,1004,2026-03-02,Present,"2026-04-18 17:23:03"
7777,15896,901,2026-03-02,Present,"2026-04-18 17:23:03"
7778,43497,1524,2026-03-08,Absent,"2026-04-18 17:23:03"
7779,4217,766,2026-03-08,Present,"2026-04-18 17:23:03"
7780,12383,901,2026-03-02,Present,"2026-04-18 17:23:03"
7781,44055,735,2026-03-08,Present,"2026-04-18 17:23:03"
7782,35438,814,2026-03-03,Present,"2026-04-18 17:23:03"
7783,16202,624,2026-03-10,Present,"2026-04-18 17:23:03"
7784,19403,1359,2026-03-06,Present,"2026-04-18 17:23:03"
7785,35282,573,2026-03-02,Absent,"2026-04-18 17:23:03"
7786,4741,1487,2026-03-02,Absent,"2026-04-18 17:23:03"
7787,17283,1343,2026-03-04,Absent,"2026-04-18 17:23:03"
7788,10197,1678,2026-03-09,Present,"2026-04-18 17:23:03"
7789,21724,1170,2026-03-04,Absent,"2026-04-18 17:23:03"
7790,25703,624,2026-03-06,Present,"2026-04-18 17:23:03"
7791,16162,1034,2026-03-08,Present,"2026-04-18 17:23:03"
7792,32663,1517,2026-03-01,Present,"2026-04-18 17:23:03"
7793,19074,1005,2026-03-08,Absent,"2026-04-18 17:23:03"
7794,22494,1960,2026-03-03,Present,"2026-04-18 17:23:03"
7795,1056,1984,2026-03-03,Absent,"2026-04-18 17:23:03"
7796,24584,1055,2026-03-09,Present,"2026-04-18 17:23:03"
7797,10439,1374,2026-03-04,Absent,"2026-04-18 17:23:03"
7798,11122,624,2026-03-05,Present,"2026-04-18 17:23:03"
7799,30870,1055,2026-03-09,Absent,"2026-04-18 17:23:03"
7800,35687,1333,2026-03-07,Absent,"2026-04-18 17:23:03"
7801,38294,1670,2026-03-09,Present,"2026-04-18 17:23:03"
7802,32417,792,2026-03-03,Present,"2026-04-18 17:23:03"
7803,3663,1757,2026-03-04,Present,"2026-04-18 17:23:03"
7804,20646,1343,2026-03-06,Present,"2026-04-18 17:23:03"
7805,19301,735,2026-03-01,Present,"2026-04-18 17:23:03"
7806,41231,1101,2026-03-04,Present,"2026-04-18 17:23:03"
7807,41928,1060,2026-03-03,Present,"2026-04-18 17:23:03"
7808,3535,669,2026-03-10,Present,"2026-04-18 17:23:03"
7809,23097,1164,2026-03-10,Absent,"2026-04-18 17:23:03"
7810,23426,1060,2026-03-05,Present,"2026-04-18 17:23:03"
7811,7279,1914,2026-03-04,Absent,"2026-04-18 17:23:03"
7812,20193,759,2026-03-09,Present,"2026-04-18 17:23:03"
7813,38224,1830,2026-03-01,Present,"2026-04-18 17:23:03"
7814,10673,1409,2026-03-06,Present,"2026-04-18 17:23:03"
7815,229,1004,2026-03-08,Present,"2026-04-18 17:23:03"
7816,10577,735,2026-03-01,Present,"2026-04-18 17:23:03"
7817,36875,1333,2026-03-04,Present,"2026-04-18 17:23:03"
7818,33738,1202,2026-03-03,Present,"2026-04-18 17:23:03"
7819,18152,834,2026-03-10,Present,"2026-04-18 17:23:03"
7820,13974,1984,2026-03-10,Present,"2026-04-18 17:23:03"
7821,39381,1176,2026-03-09,Present,"2026-04-18 17:23:03"
7822,5268,916,2026-03-03,Present,"2026-04-18 17:23:03"
7823,42319,881,2026-03-09,Present,"2026-04-18 17:23:03"
7824,42515,1949,2026-03-04,Present,"2026-04-18 17:23:03"
7825,5609,1101,2026-03-07,Present,"2026-04-18 17:23:03"
7826,42718,916,2026-03-06,Absent,"2026-04-18 17:23:03"
7827,28453,1216,2026-03-10,Absent,"2026-04-18 17:23:03"
7828,18843,712,2026-03-01,Present,"2026-04-18 17:23:03"
7829,35483,1524,2026-03-09,Present,"2026-04-18 17:23:03"
7830,32457,794,2026-03-06,Present,"2026-04-18 17:23:03"
7831,22925,559,2026-03-04,Absent,"2026-04-18 17:23:03"
7832,43536,1517,2026-03-01,Absent,"2026-04-18 17:23:03"
7833,43705,1787,2026-03-05,Present,"2026-04-18 17:23:03"
7834,42529,1571,2026-03-06,Present,"2026-04-18 17:23:03"
7835,33475,906,2026-03-02,Present,"2026-04-18 17:23:03"
7836,8412,964,2026-03-06,Present,"2026-04-18 17:23:03"
7837,1235,1409,2026-03-01,Present,"2026-04-18 17:23:03"
7838,22484,1754,2026-03-08,Present,"2026-04-18 17:23:03"
7839,40167,1422,2026-03-09,Present,"2026-04-18 17:23:03"
7840,37939,1005,2026-03-08,Present,"2026-04-18 17:23:03"
7841,21766,1830,2026-03-03,Absent,"2026-04-18 17:23:03"
7842,47149,756,2026-03-03,Present,"2026-04-18 17:23:03"
7843,6823,1176,2026-03-05,Present,"2026-04-18 17:23:03"
7844,27899,1553,2026-03-06,Absent,"2026-04-18 17:23:03"
7845,46406,1057,2026-03-08,Absent,"2026-04-18 17:23:03"
7846,45097,973,2026-03-02,Absent,"2026-04-18 17:23:03"
7847,45928,1216,2026-03-07,Present,"2026-04-18 17:23:03"
7848,20225,1830,2026-03-10,Absent,"2026-04-18 17:23:03"
7849,35193,973,2026-03-09,Absent,"2026-04-18 17:23:03"
7850,14753,1365,2026-03-08,Present,"2026-04-18 17:23:03"
7851,9054,1598,2026-03-10,Absent,"2026-04-18 17:23:03"
7852,48527,1340,2026-03-09,Present,"2026-04-18 17:23:03"
7853,16740,1754,2026-03-02,Present,"2026-04-18 17:23:03"
7854,14479,962,2026-03-07,Present,"2026-04-18 17:23:03"
7855,10522,1678,2026-03-03,Present,"2026-04-18 17:23:03"
7856,35731,964,2026-03-08,Present,"2026-04-18 17:23:03"
7857,25878,1184,2026-03-06,Present,"2026-04-18 17:23:03"
7858,165,1908,2026-03-02,Present,"2026-04-18 17:23:03"
7859,43850,1102,2026-03-03,Present,"2026-04-18 17:23:03"
7860,36560,1073,2026-03-10,Present,"2026-04-18 17:23:03"
7861,40983,735,2026-03-08,Present,"2026-04-18 17:23:03"
7862,15787,1374,2026-03-09,Absent,"2026-04-18 17:23:03"
7863,37329,1300,2026-03-01,Present,"2026-04-18 17:23:03"
7864,34740,1352,2026-03-09,Present,"2026-04-18 17:23:03"
7865,33957,1754,2026-03-08,Present,"2026-04-18 17:23:03"
7866,24968,1778,2026-03-04,Present,"2026-04-18 17:23:03"
7867,38952,1571,2026-03-10,Present,"2026-04-18 17:23:03"
7868,44804,712,2026-03-01,Present,"2026-04-18 17:23:03"
7869,32457,1974,2026-03-02,Present,"2026-04-18 17:23:03"
7870,27634,814,2026-03-02,Absent,"2026-04-18 17:23:03"
7871,29536,792,2026-03-09,Present,"2026-04-18 17:23:03"
7872,40854,1754,2026-03-01,Present,"2026-04-18 17:23:03"
7873,21290,531,2026-03-08,Present,"2026-04-18 17:23:03"
7874,37482,1343,2026-03-07,Absent,"2026-04-18 17:23:03"
7875,15099,573,2026-03-08,Present,"2026-04-18 17:23:03"
7876,2189,1522,2026-03-03,Absent,"2026-04-18 17:23:03"
7877,19270,1496,2026-03-07,Present,"2026-04-18 17:23:03"
7878,10741,1913,2026-03-06,Present,"2026-04-18 17:23:03"
7879,6650,1184,2026-03-03,Present,"2026-04-18 17:23:03"
7880,35770,1253,2026-03-01,Present,"2026-04-18 17:23:03"
7881,46668,808,2026-03-08,Present,"2026-04-18 17:23:03"
7882,5190,1951,2026-03-08,Present,"2026-04-18 17:23:03"
7883,34875,1164,2026-03-08,Present,"2026-04-18 17:23:03"
7884,7577,1073,2026-03-04,Present,"2026-04-18 17:23:03"
7885,29555,1677,2026-03-08,Present,"2026-04-18 17:23:03"
7886,47718,911,2026-03-01,Present,"2026-04-18 17:23:03"
7887,6320,1677,2026-03-07,Present,"2026-04-18 17:23:03"
7888,8876,1948,2026-03-04,Present,"2026-04-18 17:23:03"
7889,35778,756,2026-03-01,Present,"2026-04-18 17:23:03"
7890,37367,1228,2026-03-07,Present,"2026-04-18 17:23:03"
7891,20398,1517,2026-03-04,Present,"2026-04-18 17:23:03"
7892,37482,1333,2026-03-08,Present,"2026-04-18 17:23:03"
7893,40973,1057,2026-03-04,Present,"2026-04-18 17:23:03"
7894,26025,1184,2026-03-04,Present,"2026-04-18 17:23:03"
7895,34076,1253,2026-03-10,Present,"2026-04-18 17:23:03"
7896,42860,808,2026-03-02,Present,"2026-04-18 17:23:03"
7897,30984,1202,2026-03-10,Present,"2026-04-18 17:23:03"
7898,18499,1522,2026-03-08,Present,"2026-04-18 17:23:03"
7899,19263,1228,2026-03-06,Present,"2026-04-18 17:23:03"
7900,18353,1216,2026-03-01,Present,"2026-04-18 17:23:03"
7901,26180,1060,2026-03-01,Present,"2026-04-18 17:23:03"
7902,30010,1482,2026-03-10,Present,"2026-04-18 17:23:03"
7903,47337,1333,2026-03-08,Present,"2026-04-18 17:23:03"
7904,11798,998,2026-03-08,Present,"2026-04-18 17:23:03"
7905,38076,531,2026-03-09,Absent,"2026-04-18 17:23:03"
7906,653,1374,2026-03-08,Absent,"2026-04-18 17:23:03"
7907,15529,759,2026-03-09,Present,"2026-04-18 17:23:03"
7908,12846,1409,2026-03-01,Present,"2026-04-18 17:23:03"
7909,45723,513,2026-03-01,Present,"2026-04-18 17:23:03"
7910,10163,1228,2026-03-07,Present,"2026-04-18 17:23:03"
7911,41254,1571,2026-03-01,Absent,"2026-04-18 17:23:03"
7912,15539,1524,2026-03-10,Present,"2026-04-18 17:23:03"
7913,48697,915,2026-03-01,Present,"2026-04-18 17:23:03"
7914,32682,906,2026-03-03,Present,"2026-04-18 17:23:03"
7915,2120,962,2026-03-10,Present,"2026-04-18 17:23:03"
7916,47915,1352,2026-03-06,Present,"2026-04-18 17:23:03"
7917,42236,1949,2026-03-04,Present,"2026-04-18 17:23:03"
7918,27304,1754,2026-03-02,Absent,"2026-04-18 17:23:03"
7919,22283,808,2026-03-08,Present,"2026-04-18 17:23:03"
7920,8521,973,2026-03-06,Present,"2026-04-18 17:23:03"
7921,22165,575,2026-03-10,Present,"2026-04-18 17:23:03"
7922,7595,735,2026-03-05,Present,"2026-04-18 17:23:03"
7923,6816,1343,2026-03-01,Present,"2026-04-18 17:23:03"
7924,40646,1340,2026-03-01,Present,"2026-04-18 17:23:03"
7925,41221,1517,2026-03-03,Present,"2026-04-18 17:23:03"
7926,49416,1598,2026-03-09,Present,"2026-04-18 17:23:03"
7927,38388,961,2026-03-02,Present,"2026-04-18 17:23:03"
7928,26375,1300,2026-03-05,Present,"2026-04-18 17:23:03"
7929,29068,1176,2026-03-01,Present,"2026-04-18 17:23:03"
7930,41446,998,2026-03-01,Present,"2026-04-18 17:23:03"
7931,38362,1496,2026-03-05,Present,"2026-04-18 17:23:03"
7932,1619,1435,2026-03-05,Present,"2026-04-18 17:23:03"
7933,47923,1005,2026-03-10,Present,"2026-04-18 17:23:03"
7934,40814,1787,2026-03-09,Present,"2026-04-18 17:23:03"
7935,33403,1677,2026-03-06,Present,"2026-04-18 17:23:03"
7936,26051,794,2026-03-03,Present,"2026-04-18 17:23:03"
7937,30116,1678,2026-03-05,Absent,"2026-04-18 17:23:03"
7938,4619,1170,2026-03-09,Present,"2026-04-18 17:23:03"
7939,29899,1212,2026-03-01,Present,"2026-04-18 17:23:03"
7940,4700,1678,2026-03-07,Present,"2026-04-18 17:23:03"
7941,23284,973,2026-03-10,Present,"2026-04-18 17:23:03"
7942,23877,531,2026-03-02,Present,"2026-04-18 17:23:03"
7943,33224,906,2026-03-02,Present,"2026-04-18 17:23:03"
7944,42700,947,2026-03-09,Present,"2026-04-18 17:23:03"
7945,31260,735,2026-03-02,Present,"2026-04-18 17:23:03"
7946,36441,1055,2026-03-08,Present,"2026-04-18 17:23:03"
7947,17884,1524,2026-03-05,Present,"2026-04-18 17:23:03"
7948,38838,808,2026-03-07,Absent,"2026-04-18 17:23:03"
7949,38333,915,2026-03-02,Present,"2026-04-18 17:23:03"
7950,41932,1949,2026-03-01,Present,"2026-04-18 17:23:03"
7951,12628,1292,2026-03-03,Present,"2026-04-18 17:23:03"
7952,10861,759,2026-03-01,Present,"2026-04-18 17:23:03"
7953,15783,901,2026-03-08,Absent,"2026-04-18 17:23:03"
7954,41543,915,2026-03-10,Present,"2026-04-18 17:23:03"
7955,2744,1598,2026-03-02,Present,"2026-04-18 17:23:03"
7956,28276,962,2026-03-07,Absent,"2026-04-18 17:23:03"
7957,45118,1948,2026-03-09,Present,"2026-04-18 17:23:03"
7958,42125,1757,2026-03-09,Present,"2026-04-18 17:23:03"
7959,25096,1005,2026-03-03,Present,"2026-04-18 17:23:03"
7960,43536,1101,2026-03-09,Present,"2026-04-18 17:23:03"
7961,5458,962,2026-03-09,Present,"2026-04-18 17:23:03"
7962,42844,947,2026-03-08,Present,"2026-04-18 17:23:03"
7963,15412,973,2026-03-08,Present,"2026-04-18 17:23:03"
7964,42107,1292,2026-03-08,Present,"2026-04-18 17:23:03"
7965,13838,712,2026-03-01,Present,"2026-04-18 17:23:03"
7966,2351,1374,2026-03-08,Present,"2026-04-18 17:23:03"
7967,25064,1176,2026-03-01,Present,"2026-04-18 17:23:03"
7968,47915,1152,2026-03-02,Present,"2026-04-18 17:23:03"
7969,42194,876,2026-03-07,Present,"2026-04-18 17:23:03"
7970,49339,916,2026-03-04,Present,"2026-04-18 17:23:03"
7971,6688,1678,2026-03-05,Present,"2026-04-18 17:23:03"
7972,24920,808,2026-03-07,Present,"2026-04-18 17:23:03"
7973,43374,624,2026-03-05,Absent,"2026-04-18 17:23:03"
7974,43712,1057,2026-03-03,Present,"2026-04-18 17:23:03"
7975,11562,1102,2026-03-02,Absent,"2026-04-18 17:23:03"
7976,15296,1908,2026-03-10,Absent,"2026-04-18 17:23:03"
7977,29288,1333,2026-03-02,Present,"2026-04-18 17:23:03"
7978,38735,1517,2026-03-07,Present,"2026-04-18 17:23:03"
7979,40317,1482,2026-03-02,Present,"2026-04-18 17:23:03"
7980,41669,858,2026-03-07,Present,"2026-04-18 17:23:03"
7981,8551,575,2026-03-07,Present,"2026-04-18 17:23:03"
7982,33802,1409,2026-03-02,Present,"2026-04-18 17:23:03"
7983,14107,584,2026-03-02,Present,"2026-04-18 17:23:03"
7984,22024,759,2026-03-07,Present,"2026-04-18 17:23:03"
7985,11686,1101,2026-03-02,Present,"2026-04-18 17:23:03"
7986,32562,1422,2026-03-03,Present,"2026-04-18 17:23:03"
7987,16648,1005,2026-03-08,Present,"2026-04-18 17:23:03"
7988,30186,1587,2026-03-01,Absent,"2026-04-18 17:23:03"
7989,7303,1034,2026-03-10,Present,"2026-04-18 17:23:03"
7990,19201,1598,2026-03-01,Present,"2026-04-18 17:23:03"
7991,31195,1184,2026-03-04,Absent,"2026-04-18 17:23:03"
7992,2693,1949,2026-03-03,Present,"2026-04-18 17:23:03"
7993,4708,1184,2026-03-02,Present,"2026-04-18 17:23:03"
7994,38152,618,2026-03-09,Present,"2026-04-18 17:23:03"
7995,20318,1365,2026-03-09,Present,"2026-04-18 17:23:03"
7996,33358,1034,2026-03-01,Absent,"2026-04-18 17:23:03"
7997,10641,654,2026-03-06,Absent,"2026-04-18 17:23:03"
7998,12321,1202,2026-03-06,Absent,"2026-04-18 17:23:03"
7999,1445,1553,2026-03-10,Absent,"2026-04-18 17:23:03"
8000,25346,1517,2026-03-04,Present,"2026-04-18 17:23:03"
8001,25287,1435,2026-03-03,Absent,"2026-04-18 17:23:03"
8002,34450,858,2026-03-08,Present,"2026-04-18 17:23:03"
8003,36410,1036,2026-03-10,Present,"2026-04-18 17:23:03"
8004,36685,1700,2026-03-08,Present,"2026-04-18 17:23:03"
8005,19818,961,2026-03-08,Present,"2026-04-18 17:23:03"
8006,20299,1202,2026-03-03,Present,"2026-04-18 17:23:03"
8007,41719,1170,2026-03-08,Present,"2026-04-18 17:23:03"
8008,25013,1670,2026-03-01,Present,"2026-04-18 17:23:03"
8009,30955,735,2026-03-08,Present,"2026-04-18 17:23:03"
8010,20172,1352,2026-03-01,Present,"2026-04-18 17:23:03"
8011,7812,1340,2026-03-10,Present,"2026-04-18 17:23:03"
8012,31077,1176,2026-03-04,Present,"2026-04-18 17:23:03"
8013,36336,1787,2026-03-05,Absent,"2026-04-18 17:23:03"
8014,27338,654,2026-03-01,Absent,"2026-04-18 17:23:03"
8015,26254,1057,2026-03-05,Present,"2026-04-18 17:23:03"
8016,34525,1948,2026-03-04,Present,"2026-04-18 17:23:03"
8017,45483,1073,2026-03-07,Present,"2026-04-18 17:23:03"
8018,34179,1960,2026-03-03,Present,"2026-04-18 17:23:03"
8019,17351,1057,2026-03-06,Present,"2026-04-18 17:23:03"
8020,38566,1176,2026-03-04,Absent,"2026-04-18 17:23:03"
8021,49234,1102,2026-03-10,Present,"2026-04-18 17:23:03"
8022,49485,1700,2026-03-02,Present,"2026-04-18 17:23:03"
8023,20562,1571,2026-03-09,Present,"2026-04-18 17:23:03"
8024,28358,947,2026-03-06,Present,"2026-04-18 17:23:03"
8025,25011,624,2026-03-02,Present,"2026-04-18 17:23:03"
8026,31710,1435,2026-03-04,Absent,"2026-04-18 17:23:03"
8027,3351,915,2026-03-04,Present,"2026-04-18 17:23:03"
8028,1390,1587,2026-03-02,Present,"2026-04-18 17:23:03"
8029,5885,1908,2026-03-03,Present,"2026-04-18 17:23:03"
8030,32170,1678,2026-03-09,Present,"2026-04-18 17:23:03"
8031,31167,1984,2026-03-07,Present,"2026-04-18 17:23:03"
8032,18771,1948,2026-03-06,Present,"2026-04-18 17:23:03"
8033,40534,1055,2026-03-02,Present,"2026-04-18 17:23:03"
8034,37450,1435,2026-03-07,Present,"2026-04-18 17:23:03"
8035,17381,1184,2026-03-09,Absent,"2026-04-18 17:23:03"
8036,8593,1176,2026-03-04,Present,"2026-04-18 17:23:03"
8037,24571,559,2026-03-08,Present,"2026-04-18 17:23:03"
8038,14005,1949,2026-03-02,Present,"2026-04-18 17:23:03"
8039,24254,794,2026-03-01,Present,"2026-04-18 17:23:03"
8040,39140,964,2026-03-10,Present,"2026-04-18 17:23:03"
8041,10663,1292,2026-03-01,Present,"2026-04-18 17:23:03"
8042,100,1987,2026-03-02,Present,"2026-04-18 17:23:03"
8043,42279,1553,2026-03-09,Present,"2026-04-18 17:23:03"
8044,21463,1678,2026-03-01,Present,"2026-04-18 17:23:03"
8045,11133,1587,2026-03-06,Present,"2026-04-18 17:23:03"
8046,33244,573,2026-03-05,Present,"2026-04-18 17:23:03"
8047,4511,814,2026-03-08,Present,"2026-04-18 17:23:03"
8048,35814,1340,2026-03-06,Present,"2026-04-18 17:23:03"
8049,9625,1101,2026-03-02,Present,"2026-04-18 17:23:03"
8050,12199,735,2026-03-07,Present,"2026-04-18 17:23:03"
8051,15089,1216,2026-03-02,Absent,"2026-04-18 17:23:03"
8052,1486,808,2026-03-08,Present,"2026-04-18 17:23:03"
8053,7880,1073,2026-03-06,Absent,"2026-04-18 17:23:03"
8054,37214,559,2026-03-10,Absent,"2026-04-18 17:23:03"
8055,28889,1522,2026-03-01,Present,"2026-04-18 17:23:03"
8056,33542,964,2026-03-07,Present,"2026-04-18 17:23:03"
8057,31631,1678,2026-03-06,Present,"2026-04-18 17:23:03"
8058,6886,531,2026-03-03,Absent,"2026-04-18 17:23:03"
8059,23681,1435,2026-03-01,Present,"2026-04-18 17:23:03"
8060,31889,1060,2026-03-05,Present,"2026-04-18 17:23:03"
8061,41617,531,2026-03-09,Present,"2026-04-18 17:23:03"
8062,26084,1216,2026-03-03,Present,"2026-04-18 17:23:03"
8063,31391,973,2026-03-10,Present,"2026-04-18 17:23:03"
8064,33152,1409,2026-03-02,Present,"2026-04-18 17:23:03"
8065,13681,1677,2026-03-10,Present,"2026-04-18 17:23:03"
8066,3785,1253,2026-03-04,Present,"2026-04-18 17:23:03"
8067,48125,1677,2026-03-07,Present,"2026-04-18 17:23:03"
8068,35220,792,2026-03-09,Present,"2026-04-18 17:23:03"
8069,17303,513,2026-03-01,Present,"2026-04-18 17:23:03"
8070,33434,1152,2026-03-03,Present,"2026-04-18 17:23:03"
8071,23012,1184,2026-03-07,Present,"2026-04-18 17:23:03"
8072,36979,1101,2026-03-04,Absent,"2026-04-18 17:23:03"
8073,15623,911,2026-03-01,Present,"2026-04-18 17:23:03"
8074,47616,513,2026-03-09,Present,"2026-04-18 17:23:03"
8075,19574,1496,2026-03-07,Present,"2026-04-18 17:23:03"
8076,13655,1834,2026-03-05,Present,"2026-04-18 17:23:03"
8077,23590,1359,2026-03-07,Present,"2026-04-18 17:23:03"
8078,40844,531,2026-03-01,Present,"2026-04-18 17:23:03"
8079,49560,915,2026-03-02,Present,"2026-04-18 17:23:03"
8080,30961,1754,2026-03-04,Absent,"2026-04-18 17:23:03"
8081,44285,1300,2026-03-05,Present,"2026-04-18 17:23:03"
8082,47163,1409,2026-03-10,Present,"2026-04-18 17:23:03"
8083,16105,1359,2026-03-08,Absent,"2026-04-18 17:23:03"
8084,40479,1101,2026-03-07,Absent,"2026-04-18 17:23:03"
8085,40670,1949,2026-03-09,Present,"2026-04-18 17:23:03"
8086,13264,1487,2026-03-07,Present,"2026-04-18 17:23:03"
8087,1217,834,2026-03-08,Present,"2026-04-18 17:23:03"
8088,38624,1951,2026-03-02,Present,"2026-04-18 17:23:03"
8089,49128,559,2026-03-07,Present,"2026-04-18 17:23:03"
8090,5222,654,2026-03-08,Present,"2026-04-18 17:23:03"
8091,29006,1216,2026-03-09,Present,"2026-04-18 17:23:03"
8092,10849,1496,2026-03-08,Absent,"2026-04-18 17:23:03"
8093,36628,1152,2026-03-06,Present,"2026-04-18 17:23:03"
8094,6566,669,2026-03-07,Present,"2026-04-18 17:23:03"
8095,27396,1352,2026-03-01,Present,"2026-04-18 17:23:03"
8096,36056,584,2026-03-07,Present,"2026-04-18 17:23:03"
8097,6804,834,2026-03-01,Present,"2026-04-18 17:23:03"
8098,35843,712,2026-03-09,Present,"2026-04-18 17:23:03"
8099,48889,1422,2026-03-02,Present,"2026-04-18 17:23:03"
8100,14753,1333,2026-03-01,Present,"2026-04-18 17:23:03"
8101,29470,759,2026-03-09,Present,"2026-04-18 17:23:03"
8102,6513,1004,2026-03-08,Present,"2026-04-18 17:23:03"
8103,4517,834,2026-03-01,Present,"2026-04-18 17:23:03"
8104,29551,654,2026-03-06,Present,"2026-04-18 17:23:03"
8105,12963,1914,2026-03-01,Absent,"2026-04-18 17:23:03"
8106,37583,1677,2026-03-06,Present,"2026-04-18 17:23:03"
8107,23868,1677,2026-03-07,Present,"2026-04-18 17:23:03"
8108,15287,911,2026-03-08,Present,"2026-04-18 17:23:03"
8109,24205,906,2026-03-04,Present,"2026-04-18 17:23:03"
8110,32432,1984,2026-03-10,Present,"2026-04-18 17:23:03"
8111,5786,876,2026-03-03,Absent,"2026-04-18 17:23:03"
8112,24099,1754,2026-03-03,Present,"2026-04-18 17:23:03"
8113,35489,808,2026-03-09,Absent,"2026-04-18 17:23:03"
8114,34139,1670,2026-03-03,Present,"2026-04-18 17:23:03"
8115,32558,1333,2026-03-05,Absent,"2026-04-18 17:23:03"
8116,13571,1778,2026-03-10,Present,"2026-04-18 17:23:03"
8117,36846,654,2026-03-08,Present,"2026-04-18 17:23:03"
8118,42779,1517,2026-03-01,Absent,"2026-04-18 17:23:03"
8119,35220,1670,2026-03-07,Present,"2026-04-18 17:23:03"
8120,45948,1004,2026-03-03,Absent,"2026-04-18 17:23:03"
8121,15767,1517,2026-03-04,Absent,"2026-04-18 17:23:03"
8122,45109,1598,2026-03-04,Absent,"2026-04-18 17:23:03"
8123,29520,1754,2026-03-10,Present,"2026-04-18 17:23:03"
8124,30449,1487,2026-03-07,Absent,"2026-04-18 17:23:03"
8125,3731,1333,2026-03-08,Present,"2026-04-18 17:23:03"
8126,17860,1538,2026-03-03,Present,"2026-04-18 17:23:03"
8127,38510,1365,2026-03-05,Absent,"2026-04-18 17:23:03"
8128,49295,1987,2026-03-02,Present,"2026-04-18 17:23:03"
8129,10950,964,2026-03-08,Absent,"2026-04-18 17:23:03"
8130,34471,1984,2026-03-09,Present,"2026-04-18 17:23:03"
8131,19257,1170,2026-03-10,Present,"2026-04-18 17:23:03"
8132,48065,1228,2026-03-01,Absent,"2026-04-18 17:23:03"
8133,24198,998,2026-03-05,Present,"2026-04-18 17:23:03"
8134,21580,1517,2026-03-10,Present,"2026-04-18 17:23:03"
8135,25258,973,2026-03-03,Absent,"2026-04-18 17:23:03"
8136,2814,973,2026-03-05,Present,"2026-04-18 17:23:03"
8137,7389,1830,2026-03-04,Present,"2026-04-18 17:23:03"
8138,47950,701,2026-03-10,Present,"2026-04-18 17:23:03"
8139,27827,1005,2026-03-08,Present,"2026-04-18 17:23:03"
8140,20717,964,2026-03-09,Present,"2026-04-18 17:23:03"
8141,42247,1948,2026-03-03,Present,"2026-04-18 17:23:03"
8142,28813,1913,2026-03-07,Present,"2026-04-18 17:23:03"
8143,47149,618,2026-03-08,Present,"2026-04-18 17:23:03"
8144,5893,1482,2026-03-07,Present,"2026-04-18 17:23:03"
8145,29129,1951,2026-03-01,Present,"2026-04-18 17:23:03"
8146,13239,575,2026-03-01,Present,"2026-04-18 17:23:03"
8147,13819,559,2026-03-09,Absent,"2026-04-18 17:23:03"
8148,11933,881,2026-03-04,Present,"2026-04-18 17:23:03"
8149,25487,808,2026-03-05,Present,"2026-04-18 17:23:03"
8150,13849,1677,2026-03-05,Present,"2026-04-18 17:23:03"
8151,18364,1216,2026-03-02,Present,"2026-04-18 17:23:03"
8152,12846,1409,2026-03-08,Present,"2026-04-18 17:23:03"
8153,16622,906,2026-03-06,Present,"2026-04-18 17:23:03"
8154,15548,1005,2026-03-03,Present,"2026-04-18 17:23:03"
8155,14775,1340,2026-03-09,Present,"2026-04-18 17:23:03"
8156,41944,1482,2026-03-05,Absent,"2026-04-18 17:23:03"
8157,11167,1754,2026-03-09,Present,"2026-04-18 17:23:03"
8158,19074,624,2026-03-10,Present,"2026-04-18 17:23:03"
8159,44961,808,2026-03-03,Present,"2026-04-18 17:23:03"
8160,49306,1522,2026-03-07,Absent,"2026-04-18 17:23:03"
8161,33902,1571,2026-03-02,Present,"2026-04-18 17:23:03"
8162,2840,1212,2026-03-01,Present,"2026-04-18 17:23:03"
8163,6956,1948,2026-03-10,Present,"2026-04-18 17:23:03"
8164,7442,1754,2026-03-10,Absent,"2026-04-18 17:23:03"
8165,5387,1435,2026-03-10,Present,"2026-04-18 17:23:03"
8166,45391,1333,2026-03-10,Present,"2026-04-18 17:23:03"
8167,16540,1359,2026-03-01,Present,"2026-04-18 17:23:03"
8168,3203,766,2026-03-03,Present,"2026-04-18 17:23:03"
8169,32969,1176,2026-03-01,Present,"2026-04-18 17:23:03"
8170,14847,1948,2026-03-02,Present,"2026-04-18 17:23:03"
8171,47918,531,2026-03-08,Present,"2026-04-18 17:23:03"
8172,43850,1914,2026-03-08,Present,"2026-04-18 17:23:03"
8173,17853,701,2026-03-09,Present,"2026-04-18 17:23:03"
8174,7129,759,2026-03-01,Present,"2026-04-18 17:23:03"
8175,16311,756,2026-03-01,Present,"2026-04-18 17:23:03"
8176,42194,1292,2026-03-07,Absent,"2026-04-18 17:23:03"
8177,13860,911,2026-03-10,Present,"2026-04-18 17:23:03"
8178,19719,1908,2026-03-02,Present,"2026-04-18 17:23:03"
8179,7409,962,2026-03-05,Present,"2026-04-18 17:23:03"
8180,29377,1555,2026-03-08,Present,"2026-04-18 17:23:03"
8181,30383,915,2026-03-08,Present,"2026-04-18 17:23:03"
8182,9587,858,2026-03-09,Present,"2026-04-18 17:23:03"
8183,24344,1435,2026-03-09,Present,"2026-04-18 17:23:03"
8184,41429,1482,2026-03-10,Present,"2026-04-18 17:23:03"
8185,31468,961,2026-03-05,Present,"2026-04-18 17:23:03"
8186,32021,964,2026-03-10,Present,"2026-04-18 17:23:03"
8187,26739,1757,2026-03-08,Absent,"2026-04-18 17:23:03"
8188,43767,1787,2026-03-06,Present,"2026-04-18 17:23:03"
8189,29490,1830,2026-03-04,Present,"2026-04-18 17:23:03"
8190,29021,1034,2026-03-10,Present,"2026-04-18 17:23:03"
8191,27975,794,2026-03-01,Present,"2026-04-18 17:23:03"
8192,35845,531,2026-03-08,Present,"2026-04-18 17:23:03"
8193,30039,1102,2026-03-03,Present,"2026-04-18 17:23:03"
8194,9978,1517,2026-03-07,Present,"2026-04-18 17:23:03"
8195,20126,911,2026-03-03,Present,"2026-04-18 17:23:03"
8196,6164,1300,2026-03-06,Present,"2026-04-18 17:23:03"
8197,35986,1202,2026-03-05,Present,"2026-04-18 17:23:03"
8198,44627,1571,2026-03-06,Present,"2026-04-18 17:23:03"
8199,37372,1253,2026-03-08,Absent,"2026-04-18 17:23:03"
8200,46834,1422,2026-03-07,Absent,"2026-04-18 17:23:03"
8201,32563,1587,2026-03-10,Present,"2026-04-18 17:23:03"
8202,35638,794,2026-03-01,Present,"2026-04-18 17:23:03"
8203,9005,1333,2026-03-04,Present,"2026-04-18 17:23:03"
8204,43208,1216,2026-03-04,Present,"2026-04-18 17:23:03"
8205,32678,1164,2026-03-06,Present,"2026-04-18 17:23:03"
8206,23251,1228,2026-03-09,Present,"2026-04-18 17:23:03"
8207,42296,1365,2026-03-08,Present,"2026-04-18 17:23:03"
8208,43709,1359,2026-03-10,Present,"2026-04-18 17:23:03"
8209,28654,915,2026-03-07,Present,"2026-04-18 17:23:03"
8210,41940,1598,2026-03-03,Absent,"2026-04-18 17:23:03"
8211,12766,1152,2026-03-06,Present,"2026-04-18 17:23:03"
8212,12608,1598,2026-03-04,Present,"2026-04-18 17:23:03"
8213,21655,1778,2026-03-09,Present,"2026-04-18 17:23:03"
8214,22262,1422,2026-03-07,Absent,"2026-04-18 17:23:03"
8215,16246,1176,2026-03-08,Present,"2026-04-18 17:23:03"
8216,47800,1555,2026-03-08,Present,"2026-04-18 17:23:03"
8217,12981,792,2026-03-05,Present,"2026-04-18 17:23:03"
8218,40578,573,2026-03-09,Present,"2026-04-18 17:23:03"
8219,36215,1340,2026-03-07,Present,"2026-04-18 17:23:03"
8220,21242,1974,2026-03-07,Present,"2026-04-18 17:23:03"
8221,47148,794,2026-03-10,Present,"2026-04-18 17:23:03"
8222,25183,1677,2026-03-01,Present,"2026-04-18 17:23:03"
8223,22282,1292,2026-03-08,Absent,"2026-04-18 17:23:03"
8224,43339,1757,2026-03-09,Present,"2026-04-18 17:23:03"
8225,5684,575,2026-03-06,Present,"2026-04-18 17:23:03"
8226,48590,1212,2026-03-04,Present,"2026-04-18 17:23:03"
8227,38142,1675,2026-03-10,Present,"2026-04-18 17:23:03"
8228,13887,794,2026-03-07,Absent,"2026-04-18 17:23:03"
8229,44104,1908,2026-03-10,Present,"2026-04-18 17:23:03"
8230,48104,1435,2026-03-08,Present,"2026-04-18 17:23:03"
8231,3664,911,2026-03-02,Present,"2026-04-18 17:23:03"
8232,44671,901,2026-03-02,Present,"2026-04-18 17:23:03"
8233,46829,559,2026-03-09,Present,"2026-04-18 17:23:03"
8234,15927,1422,2026-03-07,Absent,"2026-04-18 17:23:03"
8235,43168,1517,2026-03-02,Present,"2026-04-18 17:23:03"
8236,36477,1700,2026-03-01,Present,"2026-04-18 17:23:03"
8237,4403,1170,2026-03-04,Present,"2026-04-18 17:23:03"
8238,21013,1908,2026-03-06,Present,"2026-04-18 17:23:03"
8239,25162,1987,2026-03-02,Present,"2026-04-18 17:23:03"
8240,11583,1343,2026-03-05,Present,"2026-04-18 17:23:03"
8241,40980,858,2026-03-06,Present,"2026-04-18 17:23:03"
8242,40356,1496,2026-03-04,Present,"2026-04-18 17:23:03"
8243,5262,584,2026-03-02,Absent,"2026-04-18 17:23:03"
8244,3388,1984,2026-03-10,Present,"2026-04-18 17:23:03"
8245,30559,1598,2026-03-09,Absent,"2026-04-18 17:23:03"
8246,22093,1333,2026-03-04,Present,"2026-04-18 17:23:03"
8247,10824,961,2026-03-02,Absent,"2026-04-18 17:23:03"
8248,2603,1216,2026-03-06,Present,"2026-04-18 17:23:03"
8249,17118,964,2026-03-06,Present,"2026-04-18 17:23:03"
8250,31973,1496,2026-03-09,Absent,"2026-04-18 17:23:03"
8251,28649,1212,2026-03-03,Absent,"2026-04-18 17:23:03"
8252,45662,1101,2026-03-03,Present,"2026-04-18 17:23:03"
8253,14265,964,2026-03-06,Present,"2026-04-18 17:23:03"
8254,4652,1073,2026-03-03,Present,"2026-04-18 17:23:03"
8255,43839,808,2026-03-05,Present,"2026-04-18 17:23:03"
8256,9140,1757,2026-03-05,Present,"2026-04-18 17:23:03"
8257,46315,973,2026-03-03,Present,"2026-04-18 17:23:03"
8258,34061,911,2026-03-01,Present,"2026-04-18 17:23:03"
8259,47091,1352,2026-03-09,Present,"2026-04-18 17:23:03"
8260,35784,916,2026-03-02,Present,"2026-04-18 17:23:03"
8261,39468,1487,2026-03-06,Present,"2026-04-18 17:23:03"
8262,9180,1960,2026-03-07,Present,"2026-04-18 17:23:03"
8263,16796,962,2026-03-01,Present,"2026-04-18 17:23:03"
8264,25836,794,2026-03-01,Present,"2026-04-18 17:23:03"
8265,21929,1948,2026-03-03,Present,"2026-04-18 17:23:03"
8266,25266,759,2026-03-07,Present,"2026-04-18 17:23:03"
8267,36805,1524,2026-03-05,Present,"2026-04-18 17:23:03"
8268,21511,858,2026-03-08,Present,"2026-04-18 17:23:03"
8269,44326,1352,2026-03-10,Present,"2026-04-18 17:23:03"
8270,18213,1553,2026-03-07,Absent,"2026-04-18 17:23:03"
8271,21038,1184,2026-03-05,Present,"2026-04-18 17:23:03"
8272,43191,1073,2026-03-05,Present,"2026-04-18 17:23:03"
8273,9328,573,2026-03-10,Present,"2026-04-18 17:23:03"
8274,41256,669,2026-03-04,Present,"2026-04-18 17:23:03"
8275,34565,756,2026-03-07,Present,"2026-04-18 17:23:03"
8276,46797,1034,2026-03-10,Present,"2026-04-18 17:23:03"
8277,11507,901,2026-03-03,Present,"2026-04-18 17:23:03"
8278,25868,1987,2026-03-05,Present,"2026-04-18 17:23:03"
8279,41693,559,2026-03-01,Absent,"2026-04-18 17:23:03"
8280,40037,1778,2026-03-06,Present,"2026-04-18 17:23:03"
8281,3670,1951,2026-03-08,Absent,"2026-04-18 17:23:03"
8282,32892,1374,2026-03-08,Present,"2026-04-18 17:23:03"
8283,37140,1060,2026-03-05,Present,"2026-04-18 17:23:03"
8284,41208,881,2026-03-09,Present,"2026-04-18 17:23:03"
8285,24334,1524,2026-03-02,Present,"2026-04-18 17:23:03"
8286,6015,876,2026-03-04,Present,"2026-04-18 17:23:03"
8287,7214,1587,2026-03-03,Absent,"2026-04-18 17:23:03"
8288,9673,814,2026-03-03,Present,"2026-04-18 17:23:03"
8289,41669,858,2026-03-01,Present,"2026-04-18 17:23:03"
8290,47915,1587,2026-03-05,Present,"2026-04-18 17:23:03"
8291,22914,669,2026-03-04,Present,"2026-04-18 17:23:03"
8292,5930,654,2026-03-10,Absent,"2026-04-18 17:23:03"
8293,25606,1340,2026-03-03,Present,"2026-04-18 17:23:03"
8294,31864,906,2026-03-10,Present,"2026-04-18 17:23:03"
8295,8034,916,2026-03-02,Absent,"2026-04-18 17:23:03"
8296,11292,1522,2026-03-10,Present,"2026-04-18 17:23:03"
8297,26493,1834,2026-03-08,Present,"2026-04-18 17:23:03"
8298,25719,1057,2026-03-07,Present,"2026-04-18 17:23:03"
8299,38521,1212,2026-03-09,Present,"2026-04-18 17:23:03"
8300,48287,624,2026-03-08,Present,"2026-04-18 17:23:03"
8301,47184,1409,2026-03-08,Present,"2026-04-18 17:23:03"
8302,44414,961,2026-03-05,Present,"2026-04-18 17:23:03"
8303,23664,911,2026-03-05,Present,"2026-04-18 17:23:03"
8304,31710,1482,2026-03-08,Present,"2026-04-18 17:23:03"
8305,18557,1587,2026-03-09,Present,"2026-04-18 17:23:03"
8306,10065,513,2026-03-04,Absent,"2026-04-18 17:23:03"
8307,2522,1524,2026-03-06,Present,"2026-04-18 17:23:03"
8308,4312,1004,2026-03-07,Present,"2026-04-18 17:23:03"
8309,2864,1152,2026-03-02,Present,"2026-04-18 17:23:03"
8310,16280,1778,2026-03-02,Present,"2026-04-18 17:23:03"
8311,43210,1948,2026-03-04,Present,"2026-04-18 17:23:03"
8312,48911,1908,2026-03-09,Present,"2026-04-18 17:23:03"
8313,44473,1587,2026-03-01,Present,"2026-04-18 17:23:03"
8314,36504,712,2026-03-10,Absent,"2026-04-18 17:23:03"
8315,6181,1984,2026-03-07,Present,"2026-04-18 17:23:03"
8316,45280,973,2026-03-03,Present,"2026-04-18 17:23:03"
8317,4217,1101,2026-03-10,Present,"2026-04-18 17:23:03"
8318,5029,1057,2026-03-09,Present,"2026-04-18 17:23:03"
8319,28571,1435,2026-03-01,Absent,"2026-04-18 17:23:03"
8320,7131,876,2026-03-08,Present,"2026-04-18 17:23:03"
8321,32410,881,2026-03-08,Present,"2026-04-18 17:23:03"
8322,46760,1152,2026-03-07,Absent,"2026-04-18 17:23:03"
8323,12729,1677,2026-03-06,Absent,"2026-04-18 17:23:03"
8324,25706,1055,2026-03-09,Present,"2026-04-18 17:23:03"
8325,23870,1422,2026-03-04,Absent,"2026-04-18 17:23:03"
8326,48189,1914,2026-03-10,Present,"2026-04-18 17:23:03"
8327,28291,1778,2026-03-08,Present,"2026-04-18 17:23:03"
8328,2965,1435,2026-03-09,Present,"2026-04-18 17:23:03"
8329,24742,1101,2026-03-07,Absent,"2026-04-18 17:23:03"
8330,35892,1184,2026-03-06,Present,"2026-04-18 17:23:03"
8331,20365,1422,2026-03-01,Present,"2026-04-18 17:23:03"
8332,13051,1034,2026-03-05,Present,"2026-04-18 17:23:03"
8333,30598,1670,2026-03-08,Present,"2026-04-18 17:23:03"
8334,21728,858,2026-03-01,Present,"2026-04-18 17:23:03"
8335,19944,1598,2026-03-10,Present,"2026-04-18 17:23:03"
8336,12151,1292,2026-03-06,Present,"2026-04-18 17:23:03"
8337,13589,624,2026-03-03,Present,"2026-04-18 17:23:03"
8338,8146,1152,2026-03-07,Present,"2026-04-18 17:23:03"
8339,10084,1352,2026-03-09,Present,"2026-04-18 17:23:03"
8340,25064,998,2026-03-07,Present,"2026-04-18 17:23:03"
8341,10957,1164,2026-03-10,Present,"2026-04-18 17:23:03"
8342,27625,1164,2026-03-07,Present,"2026-04-18 17:23:03"
8343,11411,1834,2026-03-04,Present,"2026-04-18 17:23:03"
8344,10156,1435,2026-03-06,Present,"2026-04-18 17:23:03"
8345,30851,669,2026-03-04,Absent,"2026-04-18 17:23:03"
8346,47740,1913,2026-03-08,Present,"2026-04-18 17:23:03"
8347,4102,792,2026-03-01,Present,"2026-04-18 17:23:03"
8348,27048,513,2026-03-01,Present,"2026-04-18 17:23:03"
8349,23735,947,2026-03-03,Present,"2026-04-18 17:23:03"
8350,6134,1949,2026-03-09,Absent,"2026-04-18 17:23:03"
8351,43744,1677,2026-03-08,Absent,"2026-04-18 17:23:03"
8352,24852,1482,2026-03-08,Present,"2026-04-18 17:23:03"
8353,18253,1487,2026-03-09,Present,"2026-04-18 17:23:03"
8354,33669,1333,2026-03-02,Present,"2026-04-18 17:23:03"
8355,42863,1340,2026-03-02,Present,"2026-04-18 17:23:03"
8356,48885,1571,2026-03-06,Present,"2026-04-18 17:23:03"
8357,34465,1292,2026-03-08,Absent,"2026-04-18 17:23:03"
8358,3895,756,2026-03-06,Present,"2026-04-18 17:23:03"
8359,17302,1496,2026-03-07,Present,"2026-04-18 17:23:03"
8360,47600,531,2026-03-01,Present,"2026-04-18 17:23:03"
8361,35612,756,2026-03-01,Present,"2026-04-18 17:23:03"
8362,16395,1073,2026-03-01,Present,"2026-04-18 17:23:03"
8363,41545,794,2026-03-03,Present,"2026-04-18 17:23:03"
8364,16963,573,2026-03-04,Present,"2026-04-18 17:23:03"
8365,859,1778,2026-03-04,Present,"2026-04-18 17:23:03"
8366,20550,1984,2026-03-02,Absent,"2026-04-18 17:23:03"
8367,41656,1538,2026-03-07,Present,"2026-04-18 17:23:03"
8368,25620,901,2026-03-07,Present,"2026-04-18 17:23:03"
8369,44468,1913,2026-03-01,Present,"2026-04-18 17:23:03"
8370,6364,916,2026-03-04,Absent,"2026-04-18 17:23:03"
8371,17434,1834,2026-03-10,Absent,"2026-04-18 17:23:03"
8372,39938,1359,2026-03-03,Present,"2026-04-18 17:23:03"
8373,13075,1675,2026-03-07,Present,"2026-04-18 17:23:03"
8374,35883,1365,2026-03-04,Absent,"2026-04-18 17:23:03"
8375,26745,964,2026-03-01,Absent,"2026-04-18 17:23:03"
8376,11368,712,2026-03-09,Present,"2026-04-18 17:23:03"
8377,34410,947,2026-03-04,Absent,"2026-04-18 17:23:03"
8378,18156,916,2026-03-01,Present,"2026-04-18 17:23:03"
8379,31630,808,2026-03-08,Present,"2026-04-18 17:23:03"
8380,24933,1778,2026-03-01,Present,"2026-04-18 17:23:03"
8381,36270,1700,2026-03-01,Present,"2026-04-18 17:23:03"
8382,5152,1034,2026-03-01,Present,"2026-04-18 17:23:03"
8383,23443,1949,2026-03-07,Present,"2026-04-18 17:23:03"
8384,34992,1834,2026-03-03,Present,"2026-04-18 17:23:03"
8385,32686,1778,2026-03-01,Absent,"2026-04-18 17:23:03"
8386,11376,973,2026-03-08,Present,"2026-04-18 17:23:03"
8387,14111,961,2026-03-09,Present,"2026-04-18 17:23:03"
8388,38520,1253,2026-03-03,Present,"2026-04-18 17:23:03"
8389,22378,1057,2026-03-03,Present,"2026-04-18 17:23:03"
8390,14433,513,2026-03-10,Present,"2026-04-18 17:23:03"
8391,7176,1914,2026-03-01,Present,"2026-04-18 17:23:03"
8392,37533,1517,2026-03-02,Absent,"2026-04-18 17:23:03"
8393,21800,584,2026-03-06,Present,"2026-04-18 17:23:03"
8394,7886,834,2026-03-01,Present,"2026-04-18 17:23:03"
8395,37672,1757,2026-03-08,Present,"2026-04-18 17:23:03"
8396,15790,669,2026-03-03,Absent,"2026-04-18 17:23:03"
8397,644,901,2026-03-10,Present,"2026-04-18 17:23:03"
8398,25533,1757,2026-03-04,Present,"2026-04-18 17:23:03"
8399,9173,1496,2026-03-09,Present,"2026-04-18 17:23:03"
8400,16778,1960,2026-03-08,Present,"2026-04-18 17:23:03"
8401,41673,1060,2026-03-06,Present,"2026-04-18 17:23:03"
8402,4120,947,2026-03-01,Present,"2026-04-18 17:23:03"
8403,6409,1152,2026-03-08,Present,"2026-04-18 17:23:03"
8404,20359,1960,2026-03-09,Present,"2026-04-18 17:23:03"
8405,44222,1292,2026-03-09,Present,"2026-04-18 17:23:03"
8406,36291,735,2026-03-06,Absent,"2026-04-18 17:23:03"
8407,6031,1340,2026-03-05,Present,"2026-04-18 17:23:03"
8408,2120,962,2026-03-04,Present,"2026-04-18 17:23:03"
8409,27437,654,2026-03-02,Present,"2026-04-18 17:23:03"
8410,11004,1340,2026-03-08,Absent,"2026-04-18 17:23:03"
8411,33542,1422,2026-03-06,Absent,"2026-04-18 17:23:03"
8412,38685,669,2026-03-06,Present,"2026-04-18 17:23:03"
8413,35305,961,2026-03-10,Absent,"2026-04-18 17:23:03"
8414,11512,1228,2026-03-03,Absent,"2026-04-18 17:23:03"
8415,25183,618,2026-03-10,Present,"2026-04-18 17:23:03"
8416,25621,1598,2026-03-03,Present,"2026-04-18 17:23:03"
8417,41477,1152,2026-03-06,Present,"2026-04-18 17:23:03"
8418,45446,1292,2026-03-10,Present,"2026-04-18 17:23:03"
8419,49958,1700,2026-03-08,Present,"2026-04-18 17:23:03"
8420,33279,906,2026-03-06,Present,"2026-04-18 17:23:03"
8421,42551,1422,2026-03-08,Present,"2026-04-18 17:23:03"
8422,27321,916,2026-03-01,Absent,"2026-04-18 17:23:03"
8423,11654,1202,2026-03-07,Present,"2026-04-18 17:23:03"
8424,16695,1005,2026-03-05,Present,"2026-04-18 17:23:03"
8425,18104,911,2026-03-01,Present,"2026-04-18 17:23:03"
8426,49998,669,2026-03-04,Present,"2026-04-18 17:23:03"
8427,20667,701,2026-03-09,Present,"2026-04-18 17:23:03"
8428,29567,1055,2026-03-08,Present,"2026-04-18 17:23:03"
8429,44911,1778,2026-03-05,Present,"2026-04-18 17:23:03"
8430,19906,1176,2026-03-04,Present,"2026-04-18 17:23:03"
8431,1249,1365,2026-03-02,Present,"2026-04-18 17:23:03"
8432,45061,1496,2026-03-03,Present,"2026-04-18 17:23:03"
8433,31693,1598,2026-03-10,Present,"2026-04-18 17:23:03"
8434,1349,1352,2026-03-10,Present,"2026-04-18 17:23:03"
8435,9666,1060,2026-03-06,Present,"2026-04-18 17:23:03"
8436,37367,794,2026-03-06,Present,"2026-04-18 17:23:03"
8437,14437,1216,2026-03-05,Present,"2026-04-18 17:23:03"
8438,21393,1555,2026-03-06,Present,"2026-04-18 17:23:03"
8439,1698,911,2026-03-01,Present,"2026-04-18 17:23:03"
8440,39170,1435,2026-03-08,Present,"2026-04-18 17:23:03"
8441,9177,1034,2026-03-09,Present,"2026-04-18 17:23:03"
8442,12398,1787,2026-03-08,Absent,"2026-04-18 17:23:03"
8443,11636,858,2026-03-10,Present,"2026-04-18 17:23:03"
8444,35366,1184,2026-03-09,Present,"2026-04-18 17:23:03"
8445,16203,1974,2026-03-03,Present,"2026-04-18 17:23:03"
8446,46798,513,2026-03-02,Present,"2026-04-18 17:23:03"
8447,1998,1034,2026-03-02,Present,"2026-04-18 17:23:03"
8448,41023,1184,2026-03-09,Present,"2026-04-18 17:23:03"
8449,31846,858,2026-03-10,Present,"2026-04-18 17:23:03"
8450,45851,1482,2026-03-09,Present,"2026-04-18 17:23:03"
8451,14292,1034,2026-03-09,Absent,"2026-04-18 17:23:03"
8452,11981,1974,2026-03-05,Present,"2026-04-18 17:23:03"
8453,20820,712,2026-03-06,Present,"2026-04-18 17:23:03"
8454,25026,1253,2026-03-10,Present,"2026-04-18 17:23:03"
8455,16242,1352,2026-03-03,Present,"2026-04-18 17:23:03"
8456,41821,792,2026-03-09,Present,"2026-04-18 17:23:03"
8457,2971,808,2026-03-03,Present,"2026-04-18 17:23:03"
8458,39442,669,2026-03-06,Present,"2026-04-18 17:23:03"
8459,16804,1034,2026-03-01,Absent,"2026-04-18 17:23:03"
8460,29242,915,2026-03-02,Present,"2026-04-18 17:23:03"
8461,7299,901,2026-03-01,Absent,"2026-04-18 17:23:03"
8462,39193,1340,2026-03-05,Present,"2026-04-18 17:23:03"
8463,516,858,2026-03-08,Absent,"2026-04-18 17:23:03"
8464,18334,1496,2026-03-05,Present,"2026-04-18 17:23:03"
8465,41307,1057,2026-03-06,Present,"2026-04-18 17:23:03"
8466,34000,618,2026-03-02,Present,"2026-04-18 17:23:03"
8467,8605,906,2026-03-09,Absent,"2026-04-18 17:23:03"
8468,46258,1787,2026-03-06,Present,"2026-04-18 17:23:03"
8469,711,1675,2026-03-02,Present,"2026-04-18 17:23:03"
8470,10957,1435,2026-03-10,Present,"2026-04-18 17:23:03"
8471,7757,1571,2026-03-04,Present,"2026-04-18 17:23:03"
8472,41036,584,2026-03-05,Present,"2026-04-18 17:23:03"
8473,29094,1670,2026-03-09,Present,"2026-04-18 17:23:03"
8474,15962,1212,2026-03-01,Present,"2026-04-18 17:23:03"
8475,40774,1055,2026-03-09,Present,"2026-04-18 17:23:03"
8476,39489,1757,2026-03-01,Present,"2026-04-18 17:23:03"
8477,22293,1343,2026-03-02,Absent,"2026-04-18 17:23:03"
8478,42445,1522,2026-03-02,Present,"2026-04-18 17:23:03"
8479,17674,1365,2026-03-03,Absent,"2026-04-18 17:23:03"
8480,7647,1343,2026-03-09,Present,"2026-04-18 17:23:03"
8481,2920,1374,2026-03-08,Present,"2026-04-18 17:23:03"
8482,10021,1102,2026-03-01,Present,"2026-04-18 17:23:03"
8483,6191,998,2026-03-03,Present,"2026-04-18 17:23:03"
8484,14646,1216,2026-03-02,Present,"2026-04-18 17:23:03"
8485,23106,858,2026-03-08,Present,"2026-04-18 17:23:03"
8486,39910,1359,2026-03-05,Present,"2026-04-18 17:23:03"
8487,34185,575,2026-03-01,Present,"2026-04-18 17:23:03"
8488,27743,1700,2026-03-08,Absent,"2026-04-18 17:23:03"
8489,4359,1778,2026-03-06,Present,"2026-04-18 17:23:03"
8490,32591,1524,2026-03-02,Present,"2026-04-18 17:23:03"
8491,10012,1004,2026-03-01,Present,"2026-04-18 17:23:03"
8492,21391,1670,2026-03-09,Present,"2026-04-18 17:23:03"
8493,32037,808,2026-03-06,Present,"2026-04-18 17:23:03"
8494,26450,513,2026-03-04,Absent,"2026-04-18 17:23:03"
8495,41950,1571,2026-03-06,Present,"2026-04-18 17:23:03"
8496,1608,1830,2026-03-06,Present,"2026-04-18 17:23:03"
8497,4578,962,2026-03-01,Present,"2026-04-18 17:23:03"
8498,28043,961,2026-03-03,Present,"2026-04-18 17:23:03"
8499,10358,1073,2026-03-04,Absent,"2026-04-18 17:23:03"
8500,28615,1974,2026-03-06,Present,"2026-04-18 17:23:03"
8501,28031,1228,2026-03-02,Absent,"2026-04-18 17:23:03"
8502,38818,1553,2026-03-10,Present,"2026-04-18 17:23:03"
8503,23187,1333,2026-03-10,Absent,"2026-04-18 17:23:03"
8504,5035,973,2026-03-07,Present,"2026-04-18 17:23:03"
8505,14772,756,2026-03-07,Absent,"2026-04-18 17:23:03"
8506,45368,1487,2026-03-05,Absent,"2026-04-18 17:23:03"
8507,9177,573,2026-03-08,Present,"2026-04-18 17:23:03"
8508,24972,1949,2026-03-02,Present,"2026-04-18 17:23:03"
8509,3524,624,2026-03-02,Present,"2026-04-18 17:23:03"
8510,44461,1055,2026-03-07,Present,"2026-04-18 17:23:03"
8511,12187,1365,2026-03-05,Absent,"2026-04-18 17:23:03"
8512,28523,1228,2026-03-06,Present,"2026-04-18 17:23:03"
8513,17586,1164,2026-03-03,Present,"2026-04-18 17:23:03"
8514,35431,1948,2026-03-10,Present,"2026-04-18 17:23:03"
8515,25210,1974,2026-03-07,Present,"2026-04-18 17:23:03"
8516,25915,1571,2026-03-05,Present,"2026-04-18 17:23:03"
8517,42708,1216,2026-03-01,Present,"2026-04-18 17:23:03"
8518,20214,584,2026-03-09,Absent,"2026-04-18 17:23:03"
8519,26881,1987,2026-03-08,Present,"2026-04-18 17:23:03"
8520,19388,1253,2026-03-04,Present,"2026-04-18 17:23:03"
8521,19388,1253,2026-03-05,Present,"2026-04-18 17:23:03"
8522,26377,1830,2026-03-03,Present,"2026-04-18 17:23:03"
8523,23078,1555,2026-03-09,Present,"2026-04-18 17:23:03"
8524,16707,858,2026-03-02,Absent,"2026-04-18 17:23:03"
8525,20281,1073,2026-03-02,Present,"2026-04-18 17:23:03"
8526,6907,1034,2026-03-10,Present,"2026-04-18 17:23:03"
8527,16901,1176,2026-03-09,Present,"2026-04-18 17:23:03"
8528,9264,1538,2026-03-01,Present,"2026-04-18 17:23:03"
8529,21060,1060,2026-03-03,Absent,"2026-04-18 17:23:03"
8530,32904,584,2026-03-05,Absent,"2026-04-18 17:23:03"
8531,34979,1374,2026-03-01,Present,"2026-04-18 17:23:03"
8532,6890,881,2026-03-05,Present,"2026-04-18 17:23:03"
8533,22334,1754,2026-03-07,Absent,"2026-04-18 17:23:03"
8534,20032,1036,2026-03-09,Present,"2026-04-18 17:23:03"
8535,22907,1908,2026-03-05,Present,"2026-04-18 17:23:03"
8536,18601,1333,2026-03-10,Present,"2026-04-18 17:23:03"
8537,46913,1587,2026-03-08,Present,"2026-04-18 17:23:03"
8538,34947,794,2026-03-02,Present,"2026-04-18 17:23:03"
8539,5185,1212,2026-03-05,Present,"2026-04-18 17:23:03"
8540,49887,1005,2026-03-06,Present,"2026-04-18 17:23:03"
8541,32857,1057,2026-03-01,Absent,"2026-04-18 17:23:03"
8542,48375,1830,2026-03-08,Absent,"2026-04-18 17:23:03"
8543,36094,1834,2026-03-06,Present,"2026-04-18 17:23:03"
8544,44323,1300,2026-03-07,Present,"2026-04-18 17:23:03"
8545,18832,1101,2026-03-06,Absent,"2026-04-18 17:23:03"
8546,35170,1914,2026-03-05,Present,"2026-04-18 17:23:03"
8547,49408,1004,2026-03-05,Present,"2026-04-18 17:23:03"
8548,39370,1034,2026-03-01,Absent,"2026-04-18 17:23:03"
8549,25346,1974,2026-03-10,Present,"2026-04-18 17:23:03"
8550,13566,1538,2026-03-07,Present,"2026-04-18 17:23:03"
8551,26870,962,2026-03-04,Present,"2026-04-18 17:23:03"
8552,20033,1073,2026-03-05,Present,"2026-04-18 17:23:03"
8553,3703,1948,2026-03-05,Present,"2026-04-18 17:23:03"
8554,1445,1005,2026-03-07,Present,"2026-04-18 17:23:03"
8555,22166,881,2026-03-05,Present,"2026-04-18 17:23:03"
8556,39480,1522,2026-03-06,Present,"2026-04-18 17:23:03"
8557,473,1343,2026-03-10,Absent,"2026-04-18 17:23:03"
8558,26897,947,2026-03-03,Present,"2026-04-18 17:23:03"
8559,30557,1374,2026-03-05,Present,"2026-04-18 17:23:03"
8560,23308,1571,2026-03-07,Absent,"2026-04-18 17:23:03"
8561,33534,1435,2026-03-08,Present,"2026-04-18 17:23:03"
8562,3420,1517,2026-03-02,Absent,"2026-04-18 17:23:03"
8563,14662,916,2026-03-08,Present,"2026-04-18 17:23:03"
8564,4315,1228,2026-03-01,Present,"2026-04-18 17:23:03"
8565,33756,1914,2026-03-06,Present,"2026-04-18 17:23:03"
8566,22484,573,2026-03-03,Present,"2026-04-18 17:23:03"
8567,47817,1787,2026-03-01,Present,"2026-04-18 17:23:03"
8568,21987,1914,2026-03-09,Present,"2026-04-18 17:23:03"
8569,16916,1212,2026-03-01,Present,"2026-04-18 17:23:03"
8570,9592,962,2026-03-10,Present,"2026-04-18 17:23:03"
8571,3779,759,2026-03-04,Absent,"2026-04-18 17:23:03"
8572,43170,1487,2026-03-01,Present,"2026-04-18 17:23:03"
8573,2218,766,2026-03-01,Present,"2026-04-18 17:23:03"
8574,6864,1422,2026-03-02,Present,"2026-04-18 17:23:03"
8575,13287,712,2026-03-03,Present,"2026-04-18 17:23:03"
8576,35399,1948,2026-03-07,Present,"2026-04-18 17:23:03"
8577,20223,808,2026-03-10,Absent,"2026-04-18 17:23:03"
8578,48969,794,2026-03-04,Present,"2026-04-18 17:23:03"
8579,42231,1352,2026-03-01,Present,"2026-04-18 17:23:03"
8580,23066,1598,2026-03-01,Absent,"2026-04-18 17:23:03"
8581,4051,814,2026-03-09,Present,"2026-04-18 17:23:03"
8582,38704,1422,2026-03-07,Present,"2026-04-18 17:23:03"
8583,32749,1359,2026-03-04,Present,"2026-04-18 17:23:03"
8584,30943,1333,2026-03-02,Absent,"2026-04-18 17:23:03"
8585,34592,792,2026-03-04,Present,"2026-04-18 17:23:03"
8586,754,1170,2026-03-10,Present,"2026-04-18 17:23:03"
8587,18313,1670,2026-03-08,Present,"2026-04-18 17:23:03"
8588,15108,618,2026-03-10,Present,"2026-04-18 17:23:03"
8589,32830,513,2026-03-03,Absent,"2026-04-18 17:23:03"
8590,12608,915,2026-03-06,Present,"2026-04-18 17:23:03"
8591,42771,1005,2026-03-09,Present,"2026-04-18 17:23:03"
8592,20059,1598,2026-03-03,Present,"2026-04-18 17:23:03"
8593,22663,1216,2026-03-08,Present,"2026-04-18 17:23:03"
8594,5918,1005,2026-03-04,Present,"2026-04-18 17:23:03"
8595,42788,1343,2026-03-06,Present,"2026-04-18 17:23:03"
8596,40774,1164,2026-03-01,Present,"2026-04-18 17:23:03"
8597,32558,1517,2026-03-08,Present,"2026-04-18 17:23:03"
8598,18981,1830,2026-03-09,Absent,"2026-04-18 17:23:03"
8599,25997,1212,2026-03-09,Present,"2026-04-18 17:23:03"
8600,591,1948,2026-03-02,Present,"2026-04-18 17:23:03"
8601,28082,1292,2026-03-08,Absent,"2026-04-18 17:23:03"
8602,19540,808,2026-03-05,Absent,"2026-04-18 17:23:03"
8603,38991,759,2026-03-06,Present,"2026-04-18 17:23:03"
8604,49738,906,2026-03-01,Present,"2026-04-18 17:23:03"
8605,31901,1670,2026-03-03,Present,"2026-04-18 17:23:03"
8606,15766,973,2026-03-06,Present,"2026-04-18 17:23:03"
8607,5279,911,2026-03-05,Present,"2026-04-18 17:23:03"
8608,16863,1984,2026-03-07,Present,"2026-04-18 17:23:03"
8609,10683,1522,2026-03-04,Absent,"2026-04-18 17:23:03"
8610,34498,1951,2026-03-08,Present,"2026-04-18 17:23:03"
8611,3196,1170,2026-03-03,Absent,"2026-04-18 17:23:03"
8612,30125,808,2026-03-05,Present,"2026-04-18 17:23:03"
8613,46035,814,2026-03-03,Present,"2026-04-18 17:23:03"
8614,22337,1409,2026-03-07,Present,"2026-04-18 17:23:03"
8615,13289,1960,2026-03-01,Present,"2026-04-18 17:23:03"
8616,15721,858,2026-03-07,Absent,"2026-04-18 17:23:03"
8617,46589,559,2026-03-07,Absent,"2026-04-18 17:23:03"
8618,6907,1984,2026-03-02,Absent,"2026-04-18 17:23:03"
8619,4415,1055,2026-03-04,Present,"2026-04-18 17:23:03"
8620,20103,766,2026-03-07,Present,"2026-04-18 17:23:03"
8621,22786,1522,2026-03-06,Present,"2026-04-18 17:23:03"
8622,6737,1073,2026-03-03,Absent,"2026-04-18 17:23:03"
8623,44364,1960,2026-03-06,Present,"2026-04-18 17:23:03"
8624,40746,1057,2026-03-04,Present,"2026-04-18 17:23:03"
8625,35770,1253,2026-03-05,Present,"2026-04-18 17:23:03"
8626,19613,915,2026-03-06,Present,"2026-04-18 17:23:03"
8627,32542,814,2026-03-05,Present,"2026-04-18 17:23:03"
8628,29312,1517,2026-03-03,Present,"2026-04-18 17:23:03"
8629,23132,1359,2026-03-05,Present,"2026-04-18 17:23:03"
8630,7062,1677,2026-03-06,Absent,"2026-04-18 17:23:03"
8631,2107,1253,2026-03-03,Absent,"2026-04-18 17:23:03"
8632,19434,915,2026-03-04,Present,"2026-04-18 17:23:03"
8633,32288,756,2026-03-06,Present,"2026-04-18 17:23:03"
8634,8124,858,2026-03-01,Present,"2026-04-18 17:23:03"
8635,6905,1004,2026-03-04,Present,"2026-04-18 17:23:03"
8636,40151,1005,2026-03-09,Present,"2026-04-18 17:23:03"
8637,31492,559,2026-03-08,Present,"2026-04-18 17:23:03"
8638,35722,1678,2026-03-04,Present,"2026-04-18 17:23:03"
8639,38286,1340,2026-03-03,Present,"2026-04-18 17:23:03"
8640,39140,1914,2026-03-03,Present,"2026-04-18 17:23:03"
8641,40218,531,2026-03-09,Present,"2026-04-18 17:23:03"
8642,38465,1914,2026-03-06,Present,"2026-04-18 17:23:03"
8643,41766,1675,2026-03-07,Present,"2026-04-18 17:23:03"
8644,10990,858,2026-03-07,Present,"2026-04-18 17:23:03"
8645,4683,575,2026-03-04,Absent,"2026-04-18 17:23:03"
8646,17111,1073,2026-03-03,Present,"2026-04-18 17:23:03"
8647,13298,559,2026-03-07,Present,"2026-04-18 17:23:03"
8648,27285,1834,2026-03-03,Present,"2026-04-18 17:23:03"
8649,41056,1365,2026-03-05,Present,"2026-04-18 17:23:03"
8650,885,1216,2026-03-04,Present,"2026-04-18 17:23:03"
8651,36441,1422,2026-03-08,Present,"2026-04-18 17:23:03"
8652,42227,1675,2026-03-01,Present,"2026-04-18 17:23:03"
8653,36180,1365,2026-03-07,Present,"2026-04-18 17:23:03"
8654,6017,1496,2026-03-07,Present,"2026-04-18 17:23:03"
8655,19494,1948,2026-03-10,Present,"2026-04-18 17:23:03"
8656,33152,584,2026-03-03,Present,"2026-04-18 17:23:03"
8657,45535,1974,2026-03-01,Present,"2026-04-18 17:23:03"
8658,43787,1333,2026-03-09,Present,"2026-04-18 17:23:03"
8659,21128,1060,2026-03-10,Present,"2026-04-18 17:23:03"
8660,726,998,2026-03-02,Present,"2026-04-18 17:23:03"
8661,49167,834,2026-03-06,Present,"2026-04-18 17:23:03"
8662,18643,1374,2026-03-08,Absent,"2026-04-18 17:23:03"
8663,17017,531,2026-03-05,Present,"2026-04-18 17:23:03"
8664,47026,1057,2026-03-04,Present,"2026-04-18 17:23:03"
8665,23590,712,2026-03-06,Present,"2026-04-18 17:23:03"
8666,10279,584,2026-03-05,Present,"2026-04-18 17:23:03"
8667,24830,1555,2026-03-05,Absent,"2026-04-18 17:23:03"
8668,42471,1170,2026-03-05,Present,"2026-04-18 17:23:03"
8669,27449,1365,2026-03-09,Present,"2026-04-18 17:23:03"
8670,25693,1365,2026-03-07,Present,"2026-04-18 17:23:03"
8671,16344,1538,2026-03-03,Present,"2026-04-18 17:23:03"
8672,45677,961,2026-03-03,Absent,"2026-04-18 17:23:03"
8673,40014,834,2026-03-05,Present,"2026-04-18 17:23:03"
8674,13884,1778,2026-03-09,Present,"2026-04-18 17:23:03"
8675,19987,1913,2026-03-02,Present,"2026-04-18 17:23:03"
8676,40774,1164,2026-03-02,Present,"2026-04-18 17:23:03"
8677,5441,1359,2026-03-02,Present,"2026-04-18 17:23:03"
8678,19015,1170,2026-03-09,Absent,"2026-04-18 17:23:03"
8679,21954,1055,2026-03-01,Present,"2026-04-18 17:23:03"
8680,36345,1005,2026-03-09,Present,"2026-04-18 17:23:03"
8681,24459,881,2026-03-07,Present,"2026-04-18 17:23:03"
8682,14707,1292,2026-03-07,Present,"2026-04-18 17:23:03"
8683,41743,1176,2026-03-05,Present,"2026-04-18 17:23:03"
8684,47512,1757,2026-03-03,Present,"2026-04-18 17:23:03"
8685,21863,858,2026-03-10,Present,"2026-04-18 17:23:03"
8686,22688,1176,2026-03-07,Present,"2026-04-18 17:23:03"
8687,46908,1538,2026-03-06,Present,"2026-04-18 17:23:03"
8688,12377,1571,2026-03-03,Absent,"2026-04-18 17:23:03"
8689,43344,1300,2026-03-09,Present,"2026-04-18 17:23:03"
8690,9447,1253,2026-03-01,Absent,"2026-04-18 17:23:03"
8691,10607,618,2026-03-03,Present,"2026-04-18 17:23:03"
8692,9934,1253,2026-03-02,Present,"2026-04-18 17:23:03"
8693,12759,1951,2026-03-04,Present,"2026-04-18 17:23:03"
8694,35143,1359,2026-03-02,Present,"2026-04-18 17:23:03"
8695,48889,1678,2026-03-03,Present,"2026-04-18 17:23:03"
8696,23234,1700,2026-03-10,Present,"2026-04-18 17:23:03"
8697,44757,1949,2026-03-08,Present,"2026-04-18 17:23:03"
8698,16252,1757,2026-03-04,Absent,"2026-04-18 17:23:03"
8699,1145,1352,2026-03-04,Absent,"2026-04-18 17:23:03"
8700,42596,1004,2026-03-01,Present,"2026-04-18 17:23:03"
8701,25491,1949,2026-03-10,Present,"2026-04-18 17:23:03"
8702,1155,1073,2026-03-06,Present,"2026-04-18 17:23:03"
8703,8855,834,2026-03-07,Present,"2026-04-18 17:23:03"
8704,32365,1496,2026-03-03,Present,"2026-04-18 17:23:03"
8705,3348,559,2026-03-05,Present,"2026-04-18 17:23:03"
8706,25487,531,2026-03-09,Present,"2026-04-18 17:23:03"
8707,38186,1757,2026-03-04,Present,"2026-04-18 17:23:03"
8708,12754,906,2026-03-05,Present,"2026-04-18 17:23:03"
8709,11250,618,2026-03-09,Absent,"2026-04-18 17:23:03"
8710,32269,1538,2026-03-03,Present,"2026-04-18 17:23:03"
8711,22630,654,2026-03-05,Present,"2026-04-18 17:23:03"
8712,10986,1496,2026-03-03,Absent,"2026-04-18 17:23:03"
8713,18871,1005,2026-03-07,Present,"2026-04-18 17:23:03"
8714,5574,1598,2026-03-10,Present,"2026-04-18 17:23:03"
8715,29322,1228,2026-03-02,Absent,"2026-04-18 17:23:03"
8716,20589,1212,2026-03-04,Present,"2026-04-18 17:23:03"
8717,23115,794,2026-03-09,Present,"2026-04-18 17:23:03"
8718,45930,1913,2026-03-08,Present,"2026-04-18 17:23:03"
8719,17853,964,2026-03-09,Present,"2026-04-18 17:23:03"
8720,3524,1409,2026-03-07,Present,"2026-04-18 17:23:03"
8721,39075,881,2026-03-04,Present,"2026-04-18 17:23:03"
8722,49520,881,2026-03-04,Present,"2026-04-18 17:23:03"
8723,21972,1184,2026-03-03,Absent,"2026-04-18 17:23:03"
8724,3420,1057,2026-03-09,Present,"2026-04-18 17:23:03"
8725,24687,1948,2026-03-06,Present,"2026-04-18 17:23:03"
8726,44403,1555,2026-03-04,Present,"2026-04-18 17:23:03"
8727,11139,1571,2026-03-03,Absent,"2026-04-18 17:23:03"
8728,22996,618,2026-03-09,Present,"2026-04-18 17:23:03"
8729,39493,1675,2026-03-08,Present,"2026-04-18 17:23:03"
8730,20410,1036,2026-03-04,Absent,"2026-04-18 17:23:03"
8731,35989,575,2026-03-01,Present,"2026-04-18 17:23:03"
8732,26196,735,2026-03-05,Present,"2026-04-18 17:23:03"
8733,11202,1102,2026-03-07,Present,"2026-04-18 17:23:03"
8734,8622,1101,2026-03-04,Present,"2026-04-18 17:23:03"
8735,37235,1571,2026-03-07,Present,"2026-04-18 17:23:03"
8736,32913,961,2026-03-10,Present,"2026-04-18 17:23:03"
8737,10360,1677,2026-03-07,Present,"2026-04-18 17:23:03"
8738,49003,916,2026-03-09,Present,"2026-04-18 17:23:03"
8739,5721,735,2026-03-05,Present,"2026-04-18 17:23:03"
8740,22356,1555,2026-03-06,Present,"2026-04-18 17:23:03"
8741,35135,1677,2026-03-02,Present,"2026-04-18 17:23:03"
8742,29630,1538,2026-03-06,Present,"2026-04-18 17:23:03"
8743,47269,1908,2026-03-04,Present,"2026-04-18 17:23:03"
8744,35438,1700,2026-03-07,Present,"2026-04-18 17:23:03"
8745,41617,1216,2026-03-05,Absent,"2026-04-18 17:23:03"
8746,32752,911,2026-03-09,Absent,"2026-04-18 17:23:03"
8747,28995,756,2026-03-10,Absent,"2026-04-18 17:23:03"
8748,19390,1587,2026-03-06,Present,"2026-04-18 17:23:03"
8749,11508,814,2026-03-01,Present,"2026-04-18 17:23:03"
8750,16673,701,2026-03-10,Present,"2026-04-18 17:23:03"
8751,19183,1555,2026-03-06,Present,"2026-04-18 17:23:03"
8752,2416,584,2026-03-02,Present,"2026-04-18 17:23:03"
8753,8188,1228,2026-03-03,Present,"2026-04-18 17:23:03"
8754,13918,1435,2026-03-02,Present,"2026-04-18 17:23:03"
8755,3450,1170,2026-03-02,Present,"2026-04-18 17:23:03"
8756,2821,1036,2026-03-04,Absent,"2026-04-18 17:23:03"
8757,8517,911,2026-03-08,Present,"2026-04-18 17:23:03"
8758,12790,961,2026-03-08,Present,"2026-04-18 17:23:03"
8759,44124,669,2026-03-01,Present,"2026-04-18 17:23:03"
8760,17802,1055,2026-03-07,Present,"2026-04-18 17:23:03"
8761,46785,1055,2026-03-06,Present,"2026-04-18 17:23:03"
8762,15864,973,2026-03-01,Absent,"2026-04-18 17:23:03"
8763,31239,654,2026-03-06,Present,"2026-04-18 17:23:03"
8764,39551,759,2026-03-08,Present,"2026-04-18 17:23:03"
8765,39647,947,2026-03-05,Present,"2026-04-18 17:23:03"
8766,6047,1340,2026-03-04,Absent,"2026-04-18 17:23:03"
8767,24436,759,2026-03-01,Present,"2026-04-18 17:23:03"
8768,30510,1496,2026-03-02,Present,"2026-04-18 17:23:03"
8769,45928,1587,2026-03-03,Present,"2026-04-18 17:23:03"
8770,35388,1300,2026-03-06,Present,"2026-04-18 17:23:03"
8771,5605,973,2026-03-09,Absent,"2026-04-18 17:23:03"
8772,41621,624,2026-03-07,Present,"2026-04-18 17:23:03"
8773,46541,964,2026-03-01,Absent,"2026-04-18 17:23:03"
8774,36441,1422,2026-03-04,Present,"2026-04-18 17:23:03"
8775,40726,1834,2026-03-02,Present,"2026-04-18 17:23:03"
8776,16395,1365,2026-03-01,Absent,"2026-04-18 17:23:03"
8777,5270,1057,2026-03-07,Present,"2026-04-18 17:23:03"
8778,47706,1524,2026-03-05,Present,"2026-04-18 17:23:03"
8779,20502,1587,2026-03-01,Present,"2026-04-18 17:23:03"
8780,1753,881,2026-03-03,Present,"2026-04-18 17:23:03"
8781,7367,1036,2026-03-01,Present,"2026-04-18 17:23:03"
8782,37721,1834,2026-03-05,Absent,"2026-04-18 17:23:03"
8783,1740,1984,2026-03-03,Present,"2026-04-18 17:23:03"
8784,2444,1487,2026-03-08,Present,"2026-04-18 17:23:03"
8785,46229,654,2026-03-07,Present,"2026-04-18 17:23:03"
8786,10397,1435,2026-03-09,Present,"2026-04-18 17:23:03"
8787,29859,858,2026-03-08,Present,"2026-04-18 17:23:03"
8788,7057,1152,2026-03-09,Present,"2026-04-18 17:23:03"
8789,38852,1435,2026-03-07,Present,"2026-04-18 17:23:03"
8790,4950,1036,2026-03-10,Present,"2026-04-18 17:23:03"
8791,38216,1677,2026-03-01,Present,"2026-04-18 17:23:03"
8792,37014,911,2026-03-03,Present,"2026-04-18 17:23:03"
8793,10215,1228,2026-03-09,Present,"2026-04-18 17:23:03"
8794,24456,756,2026-03-02,Absent,"2026-04-18 17:23:03"
8795,11824,1359,2026-03-01,Present,"2026-04-18 17:23:03"
8796,46124,1538,2026-03-02,Present,"2026-04-18 17:23:03"
8797,844,906,2026-03-04,Present,"2026-04-18 17:23:03"
8798,892,1487,2026-03-10,Present,"2026-04-18 17:23:03"
8799,43922,911,2026-03-07,Present,"2026-04-18 17:23:03"
8800,37676,906,2026-03-06,Present,"2026-04-18 17:23:03"
8801,7369,1036,2026-03-01,Present,"2026-04-18 17:23:03"
8802,13244,901,2026-03-04,Absent,"2026-04-18 17:23:03"
8803,35814,962,2026-03-08,Absent,"2026-04-18 17:23:03"
8804,3503,1913,2026-03-02,Absent,"2026-04-18 17:23:03"
8805,22638,1343,2026-03-03,Present,"2026-04-18 17:23:03"
8806,32281,759,2026-03-02,Present,"2026-04-18 17:23:03"
8807,42124,1228,2026-03-01,Present,"2026-04-18 17:23:03"
8808,2360,1036,2026-03-02,Present,"2026-04-18 17:23:03"
8809,49230,1757,2026-03-05,Present,"2026-04-18 17:23:03"
8810,24108,1587,2026-03-09,Present,"2026-04-18 17:23:03"
8811,4043,964,2026-03-10,Present,"2026-04-18 17:23:03"
8812,16328,766,2026-03-06,Absent,"2026-04-18 17:23:03"
8813,15490,1034,2026-03-03,Present,"2026-04-18 17:23:03"
8814,49517,1984,2026-03-08,Present,"2026-04-18 17:23:03"
8815,39260,1300,2026-03-03,Present,"2026-04-18 17:23:03"
8816,3033,1830,2026-03-06,Present,"2026-04-18 17:23:03"
8817,32297,1292,2026-03-08,Present,"2026-04-18 17:23:03"
8818,2410,1913,2026-03-03,Absent,"2026-04-18 17:23:03"
8819,40578,1914,2026-03-09,Present,"2026-04-18 17:23:03"
8820,27634,1422,2026-03-08,Present,"2026-04-18 17:23:03"
8821,23453,1036,2026-03-02,Present,"2026-04-18 17:23:03"
8822,39078,1352,2026-03-07,Present,"2026-04-18 17:23:03"
8823,49577,1700,2026-03-07,Present,"2026-04-18 17:23:03"
8824,43526,876,2026-03-02,Present,"2026-04-18 17:23:03"
8825,12343,1951,2026-03-03,Present,"2026-04-18 17:23:03"
8826,15884,1365,2026-03-08,Absent,"2026-04-18 17:23:03"
8827,6267,973,2026-03-03,Present,"2026-04-18 17:23:03"
8828,5234,1984,2026-03-09,Present,"2026-04-18 17:23:03"
8829,44304,712,2026-03-07,Present,"2026-04-18 17:23:03"
8830,46887,1678,2026-03-07,Present,"2026-04-18 17:23:03"
8831,36598,1212,2026-03-07,Present,"2026-04-18 17:23:03"
8832,44496,906,2026-03-03,Present,"2026-04-18 17:23:03"
8833,18753,1974,2026-03-01,Present,"2026-04-18 17:23:03"
8834,10899,701,2026-03-03,Present,"2026-04-18 17:23:03"
8835,17196,794,2026-03-01,Absent,"2026-04-18 17:23:03"
8836,28773,1034,2026-03-10,Present,"2026-04-18 17:23:03"
8837,7650,1352,2026-03-06,Present,"2026-04-18 17:23:03"
8838,6512,1587,2026-03-07,Absent,"2026-04-18 17:23:03"
8839,13800,1292,2026-03-06,Present,"2026-04-18 17:23:03"
8840,19362,1102,2026-03-02,Absent,"2026-04-18 17:23:03"
8841,7794,559,2026-03-07,Present,"2026-04-18 17:23:03"
8842,25676,1359,2026-03-05,Absent,"2026-04-18 17:23:03"
8843,29629,1754,2026-03-05,Present,"2026-04-18 17:23:03"
8844,16389,1152,2026-03-04,Absent,"2026-04-18 17:23:03"
8845,27435,712,2026-03-06,Absent,"2026-04-18 17:23:03"
8846,7876,1914,2026-03-08,Present,"2026-04-18 17:23:03"
8847,13501,808,2026-03-01,Present,"2026-04-18 17:23:03"
8848,35889,1908,2026-03-06,Present,"2026-04-18 17:23:03"
8849,20770,1216,2026-03-03,Absent,"2026-04-18 17:23:03"
8850,46731,575,2026-03-03,Present,"2026-04-18 17:23:03"
8851,31643,1004,2026-03-02,Present,"2026-04-18 17:23:03"
8852,38367,756,2026-03-07,Present,"2026-04-18 17:23:03"
8853,43104,1005,2026-03-10,Present,"2026-04-18 17:23:03"
8854,24564,1374,2026-03-03,Present,"2026-04-18 17:23:03"
8855,17012,1960,2026-03-01,Present,"2026-04-18 17:23:03"
8856,24268,794,2026-03-10,Present,"2026-04-18 17:23:03"
8857,5263,1005,2026-03-01,Present,"2026-04-18 17:23:03"
8858,43175,1365,2026-03-09,Present,"2026-04-18 17:23:03"
8859,37453,901,2026-03-01,Present,"2026-04-18 17:23:03"
8860,16073,1571,2026-03-09,Present,"2026-04-18 17:23:03"
8861,38849,1409,2026-03-06,Absent,"2026-04-18 17:23:03"
8862,18129,1170,2026-03-05,Present,"2026-04-18 17:23:03"
8863,13933,1422,2026-03-10,Present,"2026-04-18 17:23:03"
8864,20126,962,2026-03-06,Present,"2026-04-18 17:23:03"
8865,23581,794,2026-03-05,Present,"2026-04-18 17:23:03"
8866,24119,1553,2026-03-04,Absent,"2026-04-18 17:23:03"
8867,32648,1253,2026-03-06,Present,"2026-04-18 17:23:03"
8868,28842,1778,2026-03-05,Present,"2026-04-18 17:23:03"
8869,4832,701,2026-03-09,Present,"2026-04-18 17:23:03"
8870,48314,1359,2026-03-03,Present,"2026-04-18 17:23:03"
8871,47476,1102,2026-03-03,Present,"2026-04-18 17:23:03"
8872,44273,1987,2026-03-04,Present,"2026-04-18 17:23:03"
8873,4051,1055,2026-03-05,Present,"2026-04-18 17:23:03"
8874,3012,964,2026-03-04,Present,"2026-04-18 17:23:03"
8875,36964,1948,2026-03-02,Present,"2026-04-18 17:23:03"
8876,40804,1754,2026-03-06,Present,"2026-04-18 17:23:03"
8877,10221,1365,2026-03-07,Present,"2026-04-18 17:23:03"
8878,27396,1352,2026-03-09,Present,"2026-04-18 17:23:03"
8879,41052,1960,2026-03-06,Absent,"2026-04-18 17:23:03"
8880,9960,906,2026-03-04,Present,"2026-04-18 17:23:03"
8881,28453,1555,2026-03-05,Present,"2026-04-18 17:23:03"
8882,26576,1914,2026-03-01,Absent,"2026-04-18 17:23:03"
8883,44660,834,2026-03-01,Present,"2026-04-18 17:23:03"
8884,47333,759,2026-03-10,Present,"2026-04-18 17:23:03"
8885,49421,1908,2026-03-07,Present,"2026-04-18 17:23:03"
8886,17185,1073,2026-03-06,Present,"2026-04-18 17:23:03"
8887,47447,1553,2026-03-10,Present,"2026-04-18 17:23:03"
8888,13811,1152,2026-03-05,Present,"2026-04-18 17:23:03"
8889,40799,962,2026-03-03,Present,"2026-04-18 17:23:03"
8890,44803,792,2026-03-02,Present,"2026-04-18 17:23:03"
8891,37165,1004,2026-03-04,Present,"2026-04-18 17:23:03"
8892,15867,1984,2026-03-03,Present,"2026-04-18 17:23:03"
8893,6890,1951,2026-03-05,Present,"2026-04-18 17:23:03"
8894,7214,1555,2026-03-04,Present,"2026-04-18 17:23:03"
8895,43399,1060,2026-03-03,Present,"2026-04-18 17:23:03"
8896,22699,1913,2026-03-03,Present,"2026-04-18 17:23:03"
8897,22069,906,2026-03-07,Present,"2026-04-18 17:23:03"
8898,6688,1004,2026-03-08,Present,"2026-04-18 17:23:03"
8899,3505,1102,2026-03-06,Present,"2026-04-18 17:23:03"
8900,41283,1670,2026-03-08,Present,"2026-04-18 17:23:03"
8901,24446,1340,2026-03-05,Present,"2026-04-18 17:23:03"
8902,49628,1352,2026-03-07,Present,"2026-04-18 17:23:03"
8903,10082,792,2026-03-09,Present,"2026-04-18 17:23:03"
8904,22925,669,2026-03-03,Absent,"2026-04-18 17:23:03"
8905,36409,1987,2026-03-10,Absent,"2026-04-18 17:23:03"
8906,10999,1949,2026-03-08,Absent,"2026-04-18 17:23:03"
8907,39129,1202,2026-03-09,Present,"2026-04-18 17:23:03"
8908,47753,1036,2026-03-10,Present,"2026-04-18 17:23:03"
8909,22698,1787,2026-03-02,Present,"2026-04-18 17:23:03"
8910,9308,808,2026-03-10,Present,"2026-04-18 17:23:03"
8911,34528,1176,2026-03-05,Present,"2026-04-18 17:23:03"
8912,7389,1830,2026-03-02,Present,"2026-04-18 17:23:03"
8913,11317,1587,2026-03-01,Absent,"2026-04-18 17:23:03"
8914,1870,1212,2026-03-04,Absent,"2026-04-18 17:23:03"
8915,49005,1787,2026-03-09,Present,"2026-04-18 17:23:03"
8916,11974,911,2026-03-01,Present,"2026-04-18 17:23:03"
8917,34442,1374,2026-03-06,Present,"2026-04-18 17:23:03"
8918,32997,1300,2026-03-02,Present,"2026-04-18 17:23:03"
8919,45361,1422,2026-03-04,Present,"2026-04-18 17:23:03"
8920,19263,1034,2026-03-10,Absent,"2026-04-18 17:23:03"
8921,19168,858,2026-03-10,Absent,"2026-04-18 17:23:03"
8922,35804,1004,2026-03-02,Present,"2026-04-18 17:23:03"
8923,1624,1036,2026-03-04,Present,"2026-04-18 17:23:03"
8924,21858,1409,2026-03-07,Present,"2026-04-18 17:23:03"
8925,8733,947,2026-03-07,Present,"2026-04-18 17:23:03"
8926,12118,1352,2026-03-08,Absent,"2026-04-18 17:23:03"
8927,37534,1216,2026-03-09,Present,"2026-04-18 17:23:03"
8928,44458,654,2026-03-04,Present,"2026-04-18 17:23:03"
8929,5520,1374,2026-03-03,Absent,"2026-04-18 17:23:03"
8930,49005,1253,2026-03-07,Present,"2026-04-18 17:23:03"
8931,4036,881,2026-03-09,Present,"2026-04-18 17:23:03"
8932,2710,1984,2026-03-09,Present,"2026-04-18 17:23:03"
8933,46990,712,2026-03-03,Present,"2026-04-18 17:23:03"
8934,31837,1435,2026-03-03,Present,"2026-04-18 17:23:03"
8935,34501,964,2026-03-03,Present,"2026-04-18 17:23:03"
8936,12509,1984,2026-03-06,Present,"2026-04-18 17:23:03"
8937,849,1678,2026-03-09,Absent,"2026-04-18 17:23:03"
8938,23405,1359,2026-03-02,Present,"2026-04-18 17:23:03"
8939,13932,1170,2026-03-07,Present,"2026-04-18 17:23:03"
8940,36733,756,2026-03-07,Absent,"2026-04-18 17:23:03"
8941,40628,1170,2026-03-06,Present,"2026-04-18 17:23:03"
8942,11263,1216,2026-03-07,Present,"2026-04-18 17:23:03"
8943,37634,1834,2026-03-02,Present,"2026-04-18 17:23:03"
8944,1495,834,2026-03-05,Absent,"2026-04-18 17:23:03"
8945,34119,1170,2026-03-04,Present,"2026-04-18 17:23:03"
8946,48290,915,2026-03-09,Present,"2026-04-18 17:23:03"
8947,15939,1352,2026-03-06,Present,"2026-04-18 17:23:03"
8948,2360,1216,2026-03-09,Present,"2026-04-18 17:23:03"
8949,38838,1517,2026-03-07,Present,"2026-04-18 17:23:03"
8950,19134,814,2026-03-10,Present,"2026-04-18 17:23:03"
8951,40449,1300,2026-03-07,Present,"2026-04-18 17:23:03"
8952,13438,1176,2026-03-03,Present,"2026-04-18 17:23:03"
8953,6250,1913,2026-03-05,Present,"2026-04-18 17:23:03"
8954,34511,1754,2026-03-02,Present,"2026-04-18 17:23:03"
8955,4967,1587,2026-03-08,Present,"2026-04-18 17:23:03"
8956,11891,1778,2026-03-07,Present,"2026-04-18 17:23:03"
8957,22596,1055,2026-03-07,Present,"2026-04-18 17:23:03"
8958,7893,1164,2026-03-05,Present,"2026-04-18 17:23:03"
8959,19203,1482,2026-03-08,Present,"2026-04-18 17:23:03"
8960,28792,1343,2026-03-08,Present,"2026-04-18 17:23:03"
8961,21884,618,2026-03-01,Present,"2026-04-18 17:23:03"
8962,10734,1571,2026-03-08,Present,"2026-04-18 17:23:03"
8963,39296,1102,2026-03-03,Absent,"2026-04-18 17:23:03"
8964,15359,973,2026-03-01,Present,"2026-04-18 17:23:03"
8965,13650,1340,2026-03-01,Present,"2026-04-18 17:23:03"
8966,37883,756,2026-03-01,Present,"2026-04-18 17:23:03"
8967,30863,964,2026-03-07,Present,"2026-04-18 17:23:03"
8968,34841,1757,2026-03-01,Present,"2026-04-18 17:23:03"
8969,16842,559,2026-03-06,Present,"2026-04-18 17:23:03"
8970,35401,858,2026-03-08,Present,"2026-04-18 17:23:03"
8971,32960,513,2026-03-04,Present,"2026-04-18 17:23:03"
8972,40254,1948,2026-03-01,Present,"2026-04-18 17:23:03"
8973,10134,531,2026-03-07,Present,"2026-04-18 17:23:03"
8974,46504,1055,2026-03-03,Absent,"2026-04-18 17:23:03"
8975,33888,808,2026-03-09,Present,"2026-04-18 17:23:03"
8976,39759,618,2026-03-05,Absent,"2026-04-18 17:23:03"
8977,46044,1060,2026-03-01,Present,"2026-04-18 17:23:03"
8978,19506,1834,2026-03-05,Present,"2026-04-18 17:23:03"
8979,43581,1678,2026-03-01,Present,"2026-04-18 17:23:03"
8980,23152,1677,2026-03-02,Present,"2026-04-18 17:23:03"
8981,13366,1677,2026-03-06,Present,"2026-04-18 17:23:03"
8982,27653,1587,2026-03-04,Present,"2026-04-18 17:23:03"
8983,29629,1164,2026-03-10,Present,"2026-04-18 17:23:03"
8984,29059,559,2026-03-07,Present,"2026-04-18 17:23:03"
8985,165,1102,2026-03-01,Present,"2026-04-18 17:23:03"
8986,37600,1333,2026-03-02,Absent,"2026-04-18 17:23:03"
8987,41833,1057,2026-03-02,Present,"2026-04-18 17:23:03"
8988,37246,1164,2026-03-10,Absent,"2026-04-18 17:23:03"
8989,43247,1343,2026-03-01,Present,"2026-04-18 17:23:03"
8990,11824,1374,2026-03-03,Present,"2026-04-18 17:23:03"
8991,49316,1914,2026-03-03,Absent,"2026-04-18 17:23:03"
8992,41335,834,2026-03-04,Present,"2026-04-18 17:23:03"
8993,21124,624,2026-03-02,Present,"2026-04-18 17:23:03"
8994,22910,1951,2026-03-02,Absent,"2026-04-18 17:23:03"
8995,22844,1949,2026-03-10,Present,"2026-04-18 17:23:03"
8996,28579,1073,2026-03-05,Present,"2026-04-18 17:23:03"
8997,6513,1830,2026-03-03,Present,"2026-04-18 17:23:03"
8998,46293,1359,2026-03-05,Present,"2026-04-18 17:23:03"
8999,9020,1333,2026-03-06,Present,"2026-04-18 17:23:03"
9000,39193,1987,2026-03-05,Present,"2026-04-18 17:23:03"
9001,21393,1555,2026-03-01,Present,"2026-04-18 17:23:03"
9002,27641,513,2026-03-06,Present,"2026-04-18 17:23:03"
9003,44394,712,2026-03-01,Present,"2026-04-18 17:23:03"
9004,30241,1587,2026-03-05,Present,"2026-04-18 17:23:03"
9005,34274,766,2026-03-03,Present,"2026-04-18 17:23:03"
9006,36748,834,2026-03-01,Present,"2026-04-18 17:23:03"
9007,43634,1005,2026-03-08,Present,"2026-04-18 17:23:03"
9008,49871,1176,2026-03-09,Present,"2026-04-18 17:23:03"
9009,38109,1482,2026-03-09,Absent,"2026-04-18 17:23:03"
9010,7013,1184,2026-03-04,Absent,"2026-04-18 17:23:03"
9011,47706,584,2026-03-08,Absent,"2026-04-18 17:23:03"
9012,2963,1987,2026-03-03,Present,"2026-04-18 17:23:03"
9013,29575,1496,2026-03-03,Absent,"2026-04-18 17:23:03"
9014,49602,1678,2026-03-08,Absent,"2026-04-18 17:23:03"
9015,44904,1359,2026-03-06,Present,"2026-04-18 17:23:03"
9016,13135,1555,2026-03-08,Present,"2026-04-18 17:23:03"
9017,5249,834,2026-03-08,Present,"2026-04-18 17:23:03"
9018,2442,1834,2026-03-08,Present,"2026-04-18 17:23:03"
9019,49291,1482,2026-03-07,Present,"2026-04-18 17:23:03"
9020,29698,701,2026-03-06,Present,"2026-04-18 17:23:03"
9021,46423,1913,2026-03-09,Present,"2026-04-18 17:23:03"
9022,32170,911,2026-03-02,Present,"2026-04-18 17:23:03"
9023,7389,1830,2026-03-10,Present,"2026-04-18 17:23:03"
9024,34560,906,2026-03-06,Present,"2026-04-18 17:23:03"
9025,10163,1948,2026-03-02,Present,"2026-04-18 17:23:03"
9026,23590,915,2026-03-04,Present,"2026-04-18 17:23:03"
9027,48706,1034,2026-03-04,Present,"2026-04-18 17:23:03"
9028,26116,1057,2026-03-08,Present,"2026-04-18 17:23:03"
9029,10866,1292,2026-03-01,Present,"2026-04-18 17:23:03"
9030,2787,1343,2026-03-10,Present,"2026-04-18 17:23:03"
9031,44449,1034,2026-03-02,Present,"2026-04-18 17:23:03"
9032,19438,513,2026-03-10,Present,"2026-04-18 17:23:03"
9033,9057,559,2026-03-09,Absent,"2026-04-18 17:23:03"
9034,48568,1036,2026-03-03,Present,"2026-04-18 17:23:03"
9035,1511,1949,2026-03-03,Present,"2026-04-18 17:23:03"
9036,44806,1754,2026-03-06,Present,"2026-04-18 17:23:03"
9037,24599,1496,2026-03-02,Present,"2026-04-18 17:23:03"
9038,33957,1754,2026-03-10,Present,"2026-04-18 17:23:03"
9039,29745,1949,2026-03-03,Present,"2026-04-18 17:23:03"
9040,7945,881,2026-03-07,Present,"2026-04-18 17:23:03"
9041,30548,1598,2026-03-02,Present,"2026-04-18 17:23:03"
9042,42891,1253,2026-03-05,Present,"2026-04-18 17:23:03"
9043,1442,1987,2026-03-04,Present,"2026-04-18 17:23:03"
9044,9069,1176,2026-03-09,Present,"2026-04-18 17:23:03"
9045,16515,1333,2026-03-08,Present,"2026-04-18 17:23:03"
9046,18801,1754,2026-03-07,Present,"2026-04-18 17:23:03"
9047,27393,1292,2026-03-08,Present,"2026-04-18 17:23:03"
9048,48469,901,2026-03-04,Present,"2026-04-18 17:23:03"
9049,17153,1060,2026-03-04,Present,"2026-04-18 17:23:03"
9050,22382,1951,2026-03-04,Present,"2026-04-18 17:23:03"
9051,12021,915,2026-03-03,Present,"2026-04-18 17:23:03"
9052,2863,794,2026-03-08,Present,"2026-04-18 17:23:03"
9053,5416,1487,2026-03-01,Present,"2026-04-18 17:23:03"
9054,18570,814,2026-03-04,Present,"2026-04-18 17:23:03"
9055,34601,834,2026-03-10,Present,"2026-04-18 17:23:03"
9056,20997,1757,2026-03-09,Present,"2026-04-18 17:23:03"
9057,2933,1352,2026-03-03,Present,"2026-04-18 17:23:03"
9058,27276,1571,2026-03-04,Present,"2026-04-18 17:23:03"
9059,5857,911,2026-03-01,Present,"2026-04-18 17:23:03"
9060,11273,1365,2026-03-04,Present,"2026-04-18 17:23:03"
9061,32281,1778,2026-03-05,Present,"2026-04-18 17:23:03"
9062,10439,1374,2026-03-01,Present,"2026-04-18 17:23:03"
9063,49089,998,2026-03-07,Present,"2026-04-18 17:23:03"
9064,8855,1164,2026-03-10,Present,"2026-04-18 17:23:03"
9065,13359,1913,2026-03-02,Present,"2026-04-18 17:23:03"
9066,28813,1913,2026-03-08,Absent,"2026-04-18 17:23:03"
9067,25278,792,2026-03-09,Present,"2026-04-18 17:23:03"
9068,7258,1202,2026-03-08,Present,"2026-04-18 17:23:03"
9069,24446,1984,2026-03-10,Absent,"2026-04-18 17:23:03"
9070,21318,759,2026-03-08,Present,"2026-04-18 17:23:03"
9071,2864,712,2026-03-07,Present,"2026-04-18 17:23:03"
9072,11282,1333,2026-03-01,Present,"2026-04-18 17:23:03"
9073,18790,1333,2026-03-09,Present,"2026-04-18 17:23:03"
9074,38918,1212,2026-03-07,Present,"2026-04-18 17:23:03"
9075,26580,1700,2026-03-03,Present,"2026-04-18 17:23:03"
9076,27177,1212,2026-03-08,Present,"2026-04-18 17:23:03"
9077,38388,513,2026-03-04,Present,"2026-04-18 17:23:03"
9078,25116,1587,2026-03-07,Present,"2026-04-18 17:23:03"
9079,25996,1700,2026-03-06,Present,"2026-04-18 17:23:03"
9080,7713,1553,2026-03-09,Absent,"2026-04-18 17:23:03"
9081,42023,756,2026-03-05,Absent,"2026-04-18 17:23:03"
9082,27916,792,2026-03-09,Absent,"2026-04-18 17:23:03"
9083,30211,756,2026-03-04,Present,"2026-04-18 17:23:03"
9084,7431,1435,2026-03-05,Absent,"2026-04-18 17:23:03"
9085,10268,759,2026-03-10,Present,"2026-04-18 17:23:03"
9086,32374,1409,2026-03-07,Absent,"2026-04-18 17:23:03"
9087,26128,1034,2026-03-06,Absent,"2026-04-18 17:23:03"
9088,9151,1004,2026-03-04,Present,"2026-04-18 17:23:03"
9089,31492,1102,2026-03-10,Present,"2026-04-18 17:23:03"
9090,30809,1598,2026-03-01,Present,"2026-04-18 17:23:03"
9091,38468,559,2026-03-02,Absent,"2026-04-18 17:23:03"
9092,22643,575,2026-03-10,Present,"2026-04-18 17:23:03"
9093,28239,1787,2026-03-09,Present,"2026-04-18 17:23:03"
9094,1340,1333,2026-03-10,Present,"2026-04-18 17:23:03"
9095,29265,1228,2026-03-08,Present,"2026-04-18 17:23:03"
9096,35743,1216,2026-03-10,Present,"2026-04-18 17:23:03"
9097,2390,1538,2026-03-02,Present,"2026-04-18 17:23:03"
9098,24342,1675,2026-03-01,Present,"2026-04-18 17:23:03"
9099,17595,1333,2026-03-07,Present,"2026-04-18 17:23:03"
9100,32214,1292,2026-03-03,Absent,"2026-04-18 17:23:03"
9101,8456,1057,2026-03-02,Present,"2026-04-18 17:23:03"
9102,41994,766,2026-03-06,Present,"2026-04-18 17:23:03"
9103,4832,701,2026-03-03,Present,"2026-04-18 17:23:03"
9104,6144,998,2026-03-06,Present,"2026-04-18 17:23:03"
9105,10201,1228,2026-03-02,Present,"2026-04-18 17:23:03"
9106,30039,1101,2026-03-07,Present,"2026-04-18 17:23:03"
9107,5608,792,2026-03-04,Present,"2026-04-18 17:23:03"
9108,16631,1352,2026-03-04,Present,"2026-04-18 17:23:03"
9109,10878,1102,2026-03-05,Absent,"2026-04-18 17:23:03"
9110,22031,1004,2026-03-09,Present,"2026-04-18 17:23:03"
9111,23995,669,2026-03-10,Present,"2026-04-18 17:23:03"
9112,25914,759,2026-03-03,Present,"2026-04-18 17:23:03"
9113,26544,906,2026-03-01,Present,"2026-04-18 17:23:03"
9114,34705,756,2026-03-08,Absent,"2026-04-18 17:23:03"
9115,9337,1212,2026-03-07,Present,"2026-04-18 17:23:03"
9116,27669,1253,2026-03-09,Present,"2026-04-18 17:23:03"
9117,18737,962,2026-03-02,Present,"2026-04-18 17:23:03"
9118,4677,962,2026-03-09,Present,"2026-04-18 17:23:03"
9119,361,1036,2026-03-08,Present,"2026-04-18 17:23:03"
9120,5611,759,2026-03-08,Absent,"2026-04-18 17:23:03"
9121,33565,881,2026-03-03,Absent,"2026-04-18 17:23:03"
9122,44401,1487,2026-03-03,Absent,"2026-04-18 17:23:03"
9123,3976,1487,2026-03-06,Present,"2026-04-18 17:23:03"
9124,46985,1984,2026-03-10,Present,"2026-04-18 17:23:03"
9125,3684,1571,2026-03-10,Present,"2026-04-18 17:23:03"
9126,18078,998,2026-03-03,Present,"2026-04-18 17:23:03"
9127,44674,1951,2026-03-09,Present,"2026-04-18 17:23:03"
9128,7299,1300,2026-03-08,Present,"2026-04-18 17:23:03"
9129,39209,1170,2026-03-01,Present,"2026-04-18 17:23:03"
9130,7275,1522,2026-03-03,Absent,"2026-04-18 17:23:03"
9131,40567,575,2026-03-07,Present,"2026-04-18 17:23:03"
9132,6043,1374,2026-03-08,Present,"2026-04-18 17:23:03"
9133,16695,1787,2026-03-02,Present,"2026-04-18 17:23:03"
9134,5339,1553,2026-03-04,Absent,"2026-04-18 17:23:03"
9135,17737,1587,2026-03-02,Present,"2026-04-18 17:23:03"
9136,44304,1949,2026-03-06,Present,"2026-04-18 17:23:03"
9137,40356,513,2026-03-01,Present,"2026-04-18 17:23:03"
9138,4954,961,2026-03-08,Present,"2026-04-18 17:23:03"
9139,2971,808,2026-03-02,Present,"2026-04-18 17:23:03"
9140,43151,814,2026-03-09,Present,"2026-04-18 17:23:03"
9141,30334,1004,2026-03-09,Present,"2026-04-18 17:23:03"
9142,41378,1754,2026-03-01,Absent,"2026-04-18 17:23:03"
9143,6191,1787,2026-03-09,Present,"2026-04-18 17:23:03"
9144,3300,1517,2026-03-01,Present,"2026-04-18 17:23:03"
9145,28857,1913,2026-03-05,Present,"2026-04-18 17:23:03"
9146,23641,876,2026-03-04,Present,"2026-04-18 17:23:03"
9147,35299,1359,2026-03-09,Present,"2026-04-18 17:23:03"
9148,3046,1176,2026-03-06,Absent,"2026-04-18 17:23:03"
9149,19436,876,2026-03-10,Present,"2026-04-18 17:23:03"
9150,38128,669,2026-03-06,Absent,"2026-04-18 17:23:03"
9151,15732,834,2026-03-07,Present,"2026-04-18 17:23:03"
9152,37407,531,2026-03-04,Present,"2026-04-18 17:23:03"
9153,38356,575,2026-03-07,Present,"2026-04-18 17:23:03"
9154,35845,1176,2026-03-07,Present,"2026-04-18 17:23:03"
9155,49805,1184,2026-03-06,Present,"2026-04-18 17:23:03"
9156,20242,1435,2026-03-05,Present,"2026-04-18 17:23:03"
9157,12187,962,2026-03-09,Present,"2026-04-18 17:23:03"
9158,44294,1949,2026-03-08,Present,"2026-04-18 17:23:03"
9159,49938,1496,2026-03-01,Present,"2026-04-18 17:23:03"
9160,35546,1202,2026-03-05,Absent,"2026-04-18 17:23:03"
9161,42105,1914,2026-03-09,Absent,"2026-04-18 17:23:03"
9162,10227,881,2026-03-05,Absent,"2026-04-18 17:23:03"
9163,39683,814,2026-03-02,Present,"2026-04-18 17:23:03"
9164,32570,858,2026-03-06,Present,"2026-04-18 17:23:03"
9165,35722,559,2026-03-01,Present,"2026-04-18 17:23:03"
9166,1884,1524,2026-03-03,Present,"2026-04-18 17:23:03"
9167,7038,1571,2026-03-03,Absent,"2026-04-18 17:23:03"
9168,26689,1571,2026-03-08,Present,"2026-04-18 17:23:03"
9169,1340,1202,2026-03-08,Present,"2026-04-18 17:23:03"
9170,25162,1060,2026-03-02,Present,"2026-04-18 17:23:03"
9171,41742,1914,2026-03-10,Absent,"2026-04-18 17:23:03"
9172,9075,1787,2026-03-08,Absent,"2026-04-18 17:23:03"
9173,27355,998,2026-03-05,Present,"2026-04-18 17:23:03"
9174,24564,1374,2026-03-01,Present,"2026-04-18 17:23:03"
9175,12674,947,2026-03-05,Absent,"2026-04-18 17:23:03"
9176,31007,962,2026-03-10,Absent,"2026-04-18 17:23:03"
9177,41276,915,2026-03-01,Present,"2026-04-18 17:23:03"
9178,43204,1678,2026-03-01,Present,"2026-04-18 17:23:03"
9179,36267,998,2026-03-06,Present,"2026-04-18 17:23:03"
9180,32032,1359,2026-03-08,Present,"2026-04-18 17:23:03"
9181,20159,1675,2026-03-04,Present,"2026-04-18 17:23:03"
9182,30041,973,2026-03-06,Present,"2026-04-18 17:23:03"
9183,6599,794,2026-03-06,Present,"2026-04-18 17:23:03"
9184,9960,1948,2026-03-08,Absent,"2026-04-18 17:23:03"
9185,27804,1587,2026-03-01,Present,"2026-04-18 17:23:03"
9186,44614,1757,2026-03-06,Absent,"2026-04-18 17:23:03"
9187,35659,756,2026-03-08,Absent,"2026-04-18 17:23:03"
9188,17038,735,2026-03-06,Absent,"2026-04-18 17:23:03"
9189,2686,1055,2026-03-01,Present,"2026-04-18 17:23:03"
9190,28729,1034,2026-03-02,Present,"2026-04-18 17:23:03"
9191,34010,1571,2026-03-02,Present,"2026-04-18 17:23:03"
9192,40045,1678,2026-03-08,Present,"2026-04-18 17:23:03"
9193,10065,1571,2026-03-06,Present,"2026-04-18 17:23:03"
9194,35904,1778,2026-03-04,Present,"2026-04-18 17:23:03"
9195,37542,1700,2026-03-01,Present,"2026-04-18 17:23:03"
9196,2932,1960,2026-03-03,Present,"2026-04-18 17:23:03"
9197,25997,1333,2026-03-04,Absent,"2026-04-18 17:23:03"
9198,9140,735,2026-03-07,Present,"2026-04-18 17:23:03"
9199,13407,1598,2026-03-01,Present,"2026-04-18 17:23:03"
9200,5475,1678,2026-03-05,Absent,"2026-04-18 17:23:03"
9201,37208,1333,2026-03-02,Present,"2026-04-18 17:23:03"
9202,2863,792,2026-03-08,Present,"2026-04-18 17:23:03"
9203,33957,1152,2026-03-01,Present,"2026-04-18 17:23:03"
9204,7577,794,2026-03-06,Absent,"2026-04-18 17:23:03"
9205,40347,1914,2026-03-04,Present,"2026-04-18 17:23:03"
9206,32793,998,2026-03-03,Present,"2026-04-18 17:23:03"
9207,22729,575,2026-03-03,Present,"2026-04-18 17:23:03"
9208,19015,1670,2026-03-04,Absent,"2026-04-18 17:23:03"
9209,3411,973,2026-03-07,Present,"2026-04-18 17:23:03"
9210,48863,1517,2026-03-07,Present,"2026-04-18 17:23:03"
9211,42600,947,2026-03-10,Absent,"2026-04-18 17:23:03"
9212,48795,1487,2026-03-08,Present,"2026-04-18 17:23:03"
9213,17671,962,2026-03-01,Present,"2026-04-18 17:23:03"
9214,1966,916,2026-03-01,Present,"2026-04-18 17:23:03"
9215,30322,1292,2026-03-02,Present,"2026-04-18 17:23:03"
9216,44475,1949,2026-03-04,Present,"2026-04-18 17:23:03"
9217,41111,701,2026-03-02,Present,"2026-04-18 17:23:03"
9218,47019,1228,2026-03-06,Present,"2026-04-18 17:23:03"
9219,27136,1700,2026-03-04,Present,"2026-04-18 17:23:03"
9220,32761,1340,2026-03-02,Present,"2026-04-18 17:23:03"
9221,12074,573,2026-03-02,Present,"2026-04-18 17:23:03"
9222,23620,1184,2026-03-07,Present,"2026-04-18 17:23:03"
9223,45359,575,2026-03-02,Present,"2026-04-18 17:23:03"
9224,13420,1422,2026-03-06,Absent,"2026-04-18 17:23:03"
9225,38066,1834,2026-03-03,Absent,"2026-04-18 17:23:03"
9226,4272,1987,2026-03-08,Present,"2026-04-18 17:23:03"
9227,14584,915,2026-03-08,Present,"2026-04-18 17:23:03"
9228,30002,1176,2026-03-05,Present,"2026-04-18 17:23:03"
9229,43813,1101,2026-03-05,Present,"2026-04-18 17:23:03"
9230,18268,1292,2026-03-01,Present,"2026-04-18 17:23:03"
9231,38453,766,2026-03-10,Present,"2026-04-18 17:23:03"
9232,11081,1517,2026-03-01,Present,"2026-04-18 17:23:03"
9233,15041,1670,2026-03-06,Absent,"2026-04-18 17:23:03"
9234,13819,1677,2026-03-06,Present,"2026-04-18 17:23:03"
9235,10577,624,2026-03-09,Present,"2026-04-18 17:23:03"
9236,2174,858,2026-03-03,Present,"2026-04-18 17:23:03"
9237,12955,1057,2026-03-01,Present,"2026-04-18 17:23:03"
9238,33438,1524,2026-03-10,Present,"2026-04-18 17:23:03"
9239,33657,794,2026-03-07,Present,"2026-04-18 17:23:03"
9240,42224,1036,2026-03-03,Absent,"2026-04-18 17:23:03"
9241,31870,858,2026-03-09,Present,"2026-04-18 17:23:03"
9242,41420,1598,2026-03-04,Present,"2026-04-18 17:23:03"
9243,29149,834,2026-03-07,Absent,"2026-04-18 17:23:03"
9244,48170,1176,2026-03-08,Present,"2026-04-18 17:23:03"
9245,12806,1949,2026-03-05,Present,"2026-04-18 17:23:03"
9246,16311,794,2026-03-03,Present,"2026-04-18 17:23:03"
9247,39376,1524,2026-03-01,Present,"2026-04-18 17:23:03"
9248,43634,1005,2026-03-05,Present,"2026-04-18 17:23:03"
9249,36044,1005,2026-03-09,Present,"2026-04-18 17:23:03"
9250,26379,756,2026-03-02,Present,"2026-04-18 17:23:03"
9251,4959,901,2026-03-01,Absent,"2026-04-18 17:23:03"
9252,42788,575,2026-03-05,Present,"2026-04-18 17:23:03"
9253,3666,1409,2026-03-05,Absent,"2026-04-18 17:23:03"
9254,7595,1482,2026-03-03,Present,"2026-04-18 17:23:03"
9255,16067,1571,2026-03-02,Present,"2026-04-18 17:23:03"
9256,19787,794,2026-03-01,Present,"2026-04-18 17:23:03"
9257,1547,881,2026-03-03,Present,"2026-04-18 17:23:03"
9258,6074,1176,2026-03-05,Present,"2026-04-18 17:23:03"
9259,26598,1951,2026-03-04,Present,"2026-04-18 17:23:03"
9260,25028,1170,2026-03-06,Absent,"2026-04-18 17:23:03"
9261,31186,906,2026-03-10,Absent,"2026-04-18 17:23:03"
9262,40157,1005,2026-03-07,Present,"2026-04-18 17:23:03"
9263,46798,1496,2026-03-09,Absent,"2026-04-18 17:23:03"
9264,11029,1487,2026-03-10,Present,"2026-04-18 17:23:03"
9265,4025,1482,2026-03-10,Present,"2026-04-18 17:23:03"
9266,6320,1677,2026-03-09,Present,"2026-04-18 17:23:03"
9267,25019,1164,2026-03-07,Present,"2026-04-18 17:23:03"
9268,44944,1333,2026-03-03,Present,"2026-04-18 17:23:03"
9269,25452,964,2026-03-04,Present,"2026-04-18 17:23:03"
9270,4112,1435,2026-03-06,Present,"2026-04-18 17:23:03"
9271,32631,1034,2026-03-02,Present,"2026-04-18 17:23:03"
9272,24395,1409,2026-03-01,Present,"2026-04-18 17:23:03"
9273,14161,1949,2026-03-10,Present,"2026-04-18 17:23:03"
9274,31597,1914,2026-03-08,Absent,"2026-04-18 17:23:03"
9275,20068,1101,2026-03-09,Present,"2026-04-18 17:23:03"
9276,2098,531,2026-03-05,Present,"2026-04-18 17:23:03"
9277,2590,1202,2026-03-04,Present,"2026-04-18 17:23:03"
9278,694,1101,2026-03-03,Present,"2026-04-18 17:23:03"
9279,24731,1359,2026-03-06,Present,"2026-04-18 17:23:03"
9280,3950,881,2026-03-01,Present,"2026-04-18 17:23:03"
9281,29436,1913,2026-03-08,Present,"2026-04-18 17:23:03"
9282,14452,1754,2026-03-07,Present,"2026-04-18 17:23:03"
9283,34112,1073,2026-03-03,Absent,"2026-04-18 17:23:03"
9284,38705,1834,2026-03-07,Absent,"2026-04-18 17:23:03"
9285,20515,735,2026-03-01,Present,"2026-04-18 17:23:03"
9286,49887,876,2026-03-02,Present,"2026-04-18 17:23:03"
9287,47699,1340,2026-03-09,Present,"2026-04-18 17:23:03"
9288,1728,1435,2026-03-08,Absent,"2026-04-18 17:23:03"
9289,49384,756,2026-03-09,Present,"2026-04-18 17:23:03"
9290,17333,1908,2026-03-05,Present,"2026-04-18 17:23:03"
9291,32053,1496,2026-03-04,Present,"2026-04-18 17:23:03"
9292,48590,1598,2026-03-08,Present,"2026-04-18 17:23:03"
9293,47877,712,2026-03-08,Present,"2026-04-18 17:23:03"
9294,35317,808,2026-03-07,Present,"2026-04-18 17:23:03"
9295,25383,756,2026-03-02,Present,"2026-04-18 17:23:03"
9296,42504,1164,2026-03-08,Present,"2026-04-18 17:23:03"
9297,37509,1987,2026-03-02,Present,"2026-04-18 17:23:03"
9298,21236,1176,2026-03-08,Absent,"2026-04-18 17:23:03"
9299,45795,1164,2026-03-10,Present,"2026-04-18 17:23:03"
9300,36938,1164,2026-03-07,Present,"2026-04-18 17:23:03"
9301,47871,1359,2026-03-06,Present,"2026-04-18 17:23:03"
9302,19327,1333,2026-03-05,Present,"2026-04-18 17:23:03"
9303,44638,947,2026-03-06,Present,"2026-04-18 17:23:03"
9304,39421,1482,2026-03-09,Present,"2026-04-18 17:23:03"
9305,49445,624,2026-03-09,Present,"2026-04-18 17:23:03"
9306,41256,513,2026-03-10,Present,"2026-04-18 17:23:03"
9307,45218,1292,2026-03-03,Present,"2026-04-18 17:23:03"
9308,29604,1913,2026-03-03,Present,"2026-04-18 17:23:03"
9309,40628,1949,2026-03-08,Absent,"2026-04-18 17:23:03"
9310,6509,1152,2026-03-09,Absent,"2026-04-18 17:23:03"
9311,19717,1908,2026-03-09,Present,"2026-04-18 17:23:03"
9312,45020,735,2026-03-09,Present,"2026-04-18 17:23:03"
9313,25952,1700,2026-03-03,Absent,"2026-04-18 17:23:03"
9314,30388,1374,2026-03-03,Present,"2026-04-18 17:23:03"
9315,27004,1292,2026-03-04,Present,"2026-04-18 17:23:03"
9316,46634,1170,2026-03-07,Present,"2026-04-18 17:23:03"
9317,47522,1300,2026-03-04,Present,"2026-04-18 17:23:03"
9318,42159,1553,2026-03-03,Present,"2026-04-18 17:23:03"
9319,6148,1987,2026-03-10,Present,"2026-04-18 17:23:03"
9320,31942,1212,2026-03-03,Present,"2026-04-18 17:23:03"
9321,29444,1587,2026-03-06,Present,"2026-04-18 17:23:03"
9322,37898,513,2026-03-06,Absent,"2026-04-18 17:23:03"
9323,40260,1343,2026-03-09,Present,"2026-04-18 17:23:03"
9324,46001,584,2026-03-02,Present,"2026-04-18 17:23:03"
9325,43705,1787,2026-03-07,Present,"2026-04-18 17:23:03"
9326,22617,1212,2026-03-09,Present,"2026-04-18 17:23:03"
9327,27695,1101,2026-03-07,Present,"2026-04-18 17:23:03"
9328,25210,1057,2026-03-03,Present,"2026-04-18 17:23:03"
9329,7459,1948,2026-03-05,Present,"2026-04-18 17:23:03"
9330,18067,1036,2026-03-07,Present,"2026-04-18 17:23:03"
9331,10139,1598,2026-03-01,Absent,"2026-04-18 17:23:03"
9332,5828,1553,2026-03-04,Present,"2026-04-18 17:23:03"
9333,4152,584,2026-03-06,Present,"2026-04-18 17:23:03"
9334,43203,961,2026-03-10,Present,"2026-04-18 17:23:03"
9335,19624,1960,2026-03-04,Absent,"2026-04-18 17:23:03"
9336,40943,998,2026-03-05,Present,"2026-04-18 17:23:03"
9337,14923,618,2026-03-05,Present,"2026-04-18 17:23:03"
9338,45313,1352,2026-03-10,Present,"2026-04-18 17:23:03"
9339,7375,1073,2026-03-10,Present,"2026-04-18 17:23:03"
9340,3138,1587,2026-03-06,Present,"2026-04-18 17:23:03"
9341,3862,654,2026-03-01,Present,"2026-04-18 17:23:03"
9342,27822,1987,2026-03-03,Absent,"2026-04-18 17:23:03"
9343,174,618,2026-03-02,Absent,"2026-04-18 17:23:03"
9344,31125,1435,2026-03-10,Present,"2026-04-18 17:23:03"
9345,22136,654,2026-03-04,Present,"2026-04-18 17:23:03"
9346,40761,1487,2026-03-05,Absent,"2026-04-18 17:23:03"
9347,16162,712,2026-03-04,Absent,"2026-04-18 17:23:03"
9348,15359,961,2026-03-01,Present,"2026-04-18 17:23:03"
9349,34091,1678,2026-03-10,Absent,"2026-04-18 17:23:03"
9350,25821,814,2026-03-10,Present,"2026-04-18 17:23:03"
9351,43963,1333,2026-03-09,Present,"2026-04-18 17:23:03"
9352,24153,701,2026-03-10,Present,"2026-04-18 17:23:03"
9353,23556,1553,2026-03-03,Present,"2026-04-18 17:23:03"
9354,41510,1359,2026-03-04,Present,"2026-04-18 17:23:03"
9355,45723,513,2026-03-05,Present,"2026-04-18 17:23:03"
9356,24564,1164,2026-03-03,Present,"2026-04-18 17:23:03"
9357,958,1343,2026-03-07,Absent,"2026-04-18 17:23:03"
9358,28729,858,2026-03-08,Present,"2026-04-18 17:23:03"
9359,4772,1101,2026-03-07,Present,"2026-04-18 17:23:03"
9360,3762,584,2026-03-04,Absent,"2026-04-18 17:23:03"
9361,33577,1409,2026-03-03,Absent,"2026-04-18 17:23:03"
9362,10106,559,2026-03-07,Present,"2026-04-18 17:23:03"
9363,36611,915,2026-03-09,Present,"2026-04-18 17:23:03"
9364,25453,1073,2026-03-01,Present,"2026-04-18 17:23:03"
9365,26544,881,2026-03-10,Present,"2026-04-18 17:23:03"
9366,10986,1677,2026-03-10,Present,"2026-04-18 17:23:03"
9367,9968,712,2026-03-04,Present,"2026-04-18 17:23:03"
9368,1694,1422,2026-03-04,Present,"2026-04-18 17:23:03"
9369,1527,1060,2026-03-08,Present,"2026-04-18 17:23:03"
9370,14452,766,2026-03-03,Present,"2026-04-18 17:23:03"
9371,41428,1102,2026-03-09,Present,"2026-04-18 17:23:03"
9372,36379,701,2026-03-02,Absent,"2026-04-18 17:23:03"
9373,38938,794,2026-03-10,Present,"2026-04-18 17:23:03"
9374,9486,1987,2026-03-09,Present,"2026-04-18 17:23:03"
9375,844,964,2026-03-05,Present,"2026-04-18 17:23:03"
9376,10393,1060,2026-03-10,Present,"2026-04-18 17:23:03"
9377,6134,973,2026-03-05,Present,"2026-04-18 17:23:03"
9378,18636,1152,2026-03-04,Present,"2026-04-18 17:23:03"
9379,35157,701,2026-03-04,Present,"2026-04-18 17:23:03"
9380,1497,906,2026-03-10,Present,"2026-04-18 17:23:03"
9381,42803,1496,2026-03-10,Present,"2026-04-18 17:23:03"
9382,14880,1170,2026-03-05,Absent,"2026-04-18 17:23:03"
9383,39821,1948,2026-03-09,Absent,"2026-04-18 17:23:03"
9384,30338,1948,2026-03-07,Absent,"2026-04-18 17:23:03"
9385,40151,998,2026-03-09,Present,"2026-04-18 17:23:03"
9386,13149,998,2026-03-08,Present,"2026-04-18 17:23:03"
9387,8833,1949,2026-03-09,Present,"2026-04-18 17:23:03"
9388,1511,1057,2026-03-06,Present,"2026-04-18 17:23:03"
9389,32031,759,2026-03-01,Absent,"2026-04-18 17:23:03"
9390,26830,1034,2026-03-06,Absent,"2026-04-18 17:23:03"
9391,16863,1102,2026-03-03,Absent,"2026-04-18 17:23:03"
9392,47565,792,2026-03-04,Present,"2026-04-18 17:23:03"
9393,20030,618,2026-03-06,Present,"2026-04-18 17:23:03"
9394,24852,973,2026-03-09,Present,"2026-04-18 17:23:03"
9395,14207,1005,2026-03-01,Present,"2026-04-18 17:23:03"
9396,6401,998,2026-03-07,Present,"2026-04-18 17:23:03"
9397,36293,1164,2026-03-06,Present,"2026-04-18 17:23:03"
9398,45131,584,2026-03-10,Present,"2026-04-18 17:23:03"
9399,7369,1036,2026-03-03,Absent,"2026-04-18 17:23:03"
9400,32641,712,2026-03-07,Present,"2026-04-18 17:23:03"
9401,30510,531,2026-03-05,Absent,"2026-04-18 17:23:03"
9402,26521,1422,2026-03-07,Present,"2026-04-18 17:23:03"
9403,5379,1913,2026-03-05,Present,"2026-04-18 17:23:03"
9404,9312,1754,2026-03-06,Present,"2026-04-18 17:23:03"
9405,40814,876,2026-03-05,Present,"2026-04-18 17:23:03"
9406,44342,1598,2026-03-09,Present,"2026-04-18 17:23:03"
9407,28319,1974,2026-03-03,Present,"2026-04-18 17:23:03"
9408,38938,794,2026-03-01,Present,"2026-04-18 17:23:03"
9409,4251,961,2026-03-05,Present,"2026-04-18 17:23:03"
9410,10307,1164,2026-03-05,Present,"2026-04-18 17:23:03"
9411,252,1176,2026-03-05,Absent,"2026-04-18 17:23:03"
9412,41450,1300,2026-03-06,Present,"2026-04-18 17:23:03"
9413,34705,1333,2026-03-07,Present,"2026-04-18 17:23:03"
9414,1217,1333,2026-03-08,Present,"2026-04-18 17:23:03"
9415,29887,1057,2026-03-04,Present,"2026-04-18 17:23:03"
9416,14281,1670,2026-03-09,Present,"2026-04-18 17:23:03"
9417,43477,1908,2026-03-08,Present,"2026-04-18 17:23:03"
9418,43891,1496,2026-03-07,Present,"2026-04-18 17:23:03"
9419,33814,1176,2026-03-09,Absent,"2026-04-18 17:23:03"
9420,44627,1754,2026-03-03,Present,"2026-04-18 17:23:03"
9421,47680,1571,2026-03-09,Present,"2026-04-18 17:23:03"
9422,27695,1984,2026-03-09,Present,"2026-04-18 17:23:03"
9423,40593,1522,2026-03-03,Absent,"2026-04-18 17:23:03"
9424,39166,814,2026-03-07,Present,"2026-04-18 17:23:03"
9425,3723,1522,2026-03-05,Present,"2026-04-18 17:23:03"
9426,35697,1960,2026-03-03,Absent,"2026-04-18 17:23:03"
9427,22478,1524,2026-03-07,Present,"2026-04-18 17:23:03"
9428,6052,1834,2026-03-07,Present,"2026-04-18 17:23:03"
9429,21542,1212,2026-03-02,Absent,"2026-04-18 17:23:03"
9430,17586,1164,2026-03-07,Present,"2026-04-18 17:23:03"
9431,2019,911,2026-03-05,Present,"2026-04-18 17:23:03"
9432,19674,1754,2026-03-04,Present,"2026-04-18 17:23:03"
9433,19708,1908,2026-03-09,Present,"2026-04-18 17:23:03"
9434,23801,1587,2026-03-07,Present,"2026-04-18 17:23:03"
9435,19946,1675,2026-03-05,Present,"2026-04-18 17:23:03"
9436,18251,1949,2026-03-10,Present,"2026-04-18 17:23:03"
9437,37822,1055,2026-03-01,Absent,"2026-04-18 17:23:03"
9438,17935,756,2026-03-10,Absent,"2026-04-18 17:23:03"
9439,13283,584,2026-03-07,Present,"2026-04-18 17:23:03"
9440,3906,654,2026-03-03,Present,"2026-04-18 17:23:03"
9441,8193,1553,2026-03-03,Present,"2026-04-18 17:23:03"
9442,21255,735,2026-03-07,Present,"2026-04-18 17:23:03"
9443,47871,735,2026-03-02,Present,"2026-04-18 17:23:03"
9444,46924,1914,2026-03-07,Present,"2026-04-18 17:23:03"
9445,1926,915,2026-03-09,Present,"2026-04-18 17:23:03"
9446,40735,1757,2026-03-01,Present,"2026-04-18 17:23:03"
9447,28805,618,2026-03-09,Absent,"2026-04-18 17:23:03"
9448,19837,618,2026-03-02,Present,"2026-04-18 17:23:03"
9449,5677,559,2026-03-04,Present,"2026-04-18 17:23:03"
9450,46693,1170,2026-03-02,Present,"2026-04-18 17:23:03"
9451,49871,1292,2026-03-09,Absent,"2026-04-18 17:23:03"
9452,9273,1184,2026-03-02,Present,"2026-04-18 17:23:03"
9453,28749,973,2026-03-05,Present,"2026-04-18 17:23:03"
9454,20190,584,2026-03-02,Present,"2026-04-18 17:23:03"
9455,3239,584,2026-03-07,Present,"2026-04-18 17:23:03"
9456,7796,1101,2026-03-05,Present,"2026-04-18 17:23:03"
9457,37881,654,2026-03-08,Present,"2026-04-18 17:23:03"
9458,25452,964,2026-03-05,Present,"2026-04-18 17:23:03"
9459,32016,1184,2026-03-01,Present,"2026-04-18 17:23:03"
9460,14829,1675,2026-03-08,Absent,"2026-04-18 17:23:03"
9461,2920,759,2026-03-03,Absent,"2026-04-18 17:23:03"
9462,31411,584,2026-03-05,Present,"2026-04-18 17:23:03"
9463,40176,1292,2026-03-10,Present,"2026-04-18 17:23:03"
9464,32973,669,2026-03-01,Present,"2026-04-18 17:23:03"
9465,32071,1555,2026-03-10,Present,"2026-04-18 17:23:03"
9466,4251,961,2026-03-09,Present,"2026-04-18 17:23:03"
9467,18364,1677,2026-03-04,Absent,"2026-04-18 17:23:03"
9468,45999,513,2026-03-06,Present,"2026-04-18 17:23:03"
9469,46760,1974,2026-03-04,Present,"2026-04-18 17:23:03"
9470,28471,973,2026-03-02,Absent,"2026-04-18 17:23:03"
9471,3890,1754,2026-03-02,Absent,"2026-04-18 17:23:03"
9472,28043,961,2026-03-06,Absent,"2026-04-18 17:23:03"
9473,34405,1333,2026-03-04,Absent,"2026-04-18 17:23:03"
9474,47610,1677,2026-03-04,Present,"2026-04-18 17:23:03"
9475,41896,1757,2026-03-03,Present,"2026-04-18 17:23:03"
9476,17520,624,2026-03-10,Present,"2026-04-18 17:23:03"
9477,26842,1170,2026-03-05,Present,"2026-04-18 17:23:03"
9478,5203,901,2026-03-08,Present,"2026-04-18 17:23:03"
9479,22441,1678,2026-03-08,Present,"2026-04-18 17:23:03"
9480,22147,1951,2026-03-08,Present,"2026-04-18 17:23:03"
9481,14065,1374,2026-03-09,Present,"2026-04-18 17:23:03"
9482,9222,1913,2026-03-07,Present,"2026-04-18 17:23:03"
9483,40384,906,2026-03-05,Present,"2026-04-18 17:23:03"
9484,40303,559,2026-03-07,Absent,"2026-04-18 17:23:03"
9485,31435,1216,2026-03-01,Absent,"2026-04-18 17:23:03"
9486,11678,1914,2026-03-07,Present,"2026-04-18 17:23:03"
9487,14829,1675,2026-03-05,Present,"2026-04-18 17:23:03"
9488,26235,1212,2026-03-05,Present,"2026-04-18 17:23:03"
9489,44588,513,2026-03-10,Present,"2026-04-18 17:23:03"
9490,1698,1202,2026-03-05,Absent,"2026-04-18 17:23:03"
9491,11828,1292,2026-03-04,Present,"2026-04-18 17:23:03"
9492,7884,916,2026-03-08,Present,"2026-04-18 17:23:03"
9493,29846,1587,2026-03-06,Present,"2026-04-18 17:23:03"
9494,42746,624,2026-03-08,Present,"2026-04-18 17:23:03"
9495,19088,1333,2026-03-07,Present,"2026-04-18 17:23:03"
9496,10704,1496,2026-03-10,Present,"2026-04-18 17:23:03"
9497,14932,1004,2026-03-01,Present,"2026-04-18 17:23:03"
9498,47052,1778,2026-03-04,Absent,"2026-04-18 17:23:03"
9499,43654,1422,2026-03-09,Absent,"2026-04-18 17:23:03"
9500,11706,1340,2026-03-09,Present,"2026-04-18 17:23:03"
9501,12057,964,2026-03-03,Present,"2026-04-18 17:23:03"
9502,1720,1677,2026-03-07,Present,"2026-04-18 17:23:03"
9503,45399,1340,2026-03-03,Absent,"2026-04-18 17:23:03"
9504,1248,834,2026-03-01,Present,"2026-04-18 17:23:03"
9505,8843,1102,2026-03-03,Present,"2026-04-18 17:23:03"
9506,15791,759,2026-03-02,Present,"2026-04-18 17:23:03"
9507,29737,1184,2026-03-02,Absent,"2026-04-18 17:23:03"
9508,28684,876,2026-03-08,Present,"2026-04-18 17:23:03"
9509,42276,618,2026-03-09,Present,"2026-04-18 17:23:03"
9510,4466,1914,2026-03-10,Present,"2026-04-18 17:23:03"
9511,38868,1675,2026-03-02,Present,"2026-04-18 17:23:03"
9512,12281,834,2026-03-01,Present,"2026-04-18 17:23:03"
9513,19326,735,2026-03-01,Present,"2026-04-18 17:23:03"
9514,31722,1700,2026-03-03,Present,"2026-04-18 17:23:03"
9515,47578,1422,2026-03-02,Present,"2026-04-18 17:23:03"
9516,42170,901,2026-03-04,Present,"2026-04-18 17:23:03"
9517,15516,1343,2026-03-02,Absent,"2026-04-18 17:23:03"
9518,8871,1951,2026-03-09,Present,"2026-04-18 17:23:03"
9519,45183,1778,2026-03-01,Present,"2026-04-18 17:23:03"
9520,4700,1948,2026-03-04,Present,"2026-04-18 17:23:03"
9521,22663,1422,2026-03-10,Present,"2026-04-18 17:23:03"
9522,22506,858,2026-03-02,Absent,"2026-04-18 17:23:03"
9523,48807,701,2026-03-08,Present,"2026-04-18 17:23:03"
9524,18792,1524,2026-03-05,Present,"2026-04-18 17:23:03"
9525,6510,735,2026-03-02,Present,"2026-04-18 17:23:03"
9526,38996,575,2026-03-04,Absent,"2026-04-18 17:23:03"
9527,49642,1913,2026-03-04,Present,"2026-04-18 17:23:03"
9528,11366,1164,2026-03-07,Present,"2026-04-18 17:23:03"
9529,41080,998,2026-03-06,Present,"2026-04-18 17:23:03"
9530,42771,1830,2026-03-06,Present,"2026-04-18 17:23:03"
9531,34236,1352,2026-03-01,Absent,"2026-04-18 17:23:03"
9532,46053,1754,2026-03-08,Present,"2026-04-18 17:23:03"
9533,23147,654,2026-03-05,Present,"2026-04-18 17:23:03"
9534,41772,759,2026-03-05,Present,"2026-04-18 17:23:03"
9535,8871,1482,2026-03-07,Present,"2026-04-18 17:23:03"
9536,30476,1152,2026-03-01,Present,"2026-04-18 17:23:03"
9537,5527,1778,2026-03-01,Present,"2026-04-18 17:23:03"
9538,20190,1164,2026-03-07,Present,"2026-04-18 17:23:03"
9539,26978,1409,2026-03-10,Present,"2026-04-18 17:23:03"
9540,18156,1152,2026-03-04,Present,"2026-04-18 17:23:03"
9541,32694,1422,2026-03-03,Present,"2026-04-18 17:23:03"
9542,25821,1960,2026-03-06,Present,"2026-04-18 17:23:03"
9543,431,1754,2026-03-05,Present,"2026-04-18 17:23:03"
9544,48241,1216,2026-03-04,Absent,"2026-04-18 17:23:03"
9545,18855,712,2026-03-04,Present,"2026-04-18 17:23:03"
9546,11692,1004,2026-03-10,Present,"2026-04-18 17:23:03"
9547,5007,1960,2026-03-10,Present,"2026-04-18 17:23:03"
9548,39182,1951,2026-03-05,Present,"2026-04-18 17:23:03"
9549,13548,1409,2026-03-09,Absent,"2026-04-18 17:23:03"
9550,8003,1830,2026-03-02,Present,"2026-04-18 17:23:03"
9551,25491,1343,2026-03-07,Present,"2026-04-18 17:23:03"
9552,49539,1333,2026-03-09,Absent,"2026-04-18 17:23:03"
9553,39433,669,2026-03-09,Present,"2026-04-18 17:23:03"
9554,36479,1005,2026-03-06,Present,"2026-04-18 17:23:03"
9555,37121,701,2026-03-01,Present,"2026-04-18 17:23:03"
9556,37872,881,2026-03-09,Absent,"2026-04-18 17:23:03"
9557,17333,1482,2026-03-02,Present,"2026-04-18 17:23:03"
9558,43966,1914,2026-03-01,Present,"2026-04-18 17:23:03"
9559,39286,1778,2026-03-02,Absent,"2026-04-18 17:23:03"
9560,38970,1677,2026-03-04,Present,"2026-04-18 17:23:03"
9561,6123,1522,2026-03-01,Present,"2026-04-18 17:23:03"
9562,26240,792,2026-03-07,Present,"2026-04-18 17:23:03"
9563,37811,1055,2026-03-02,Present,"2026-04-18 17:23:03"
9564,2982,911,2026-03-06,Present,"2026-04-18 17:23:03"
9565,43219,1176,2026-03-02,Absent,"2026-04-18 17:23:03"
9566,28362,973,2026-03-04,Absent,"2026-04-18 17:23:03"
9567,6957,1036,2026-03-06,Present,"2026-04-18 17:23:03"
9568,4978,916,2026-03-04,Absent,"2026-04-18 17:23:03"
9569,30806,1228,2026-03-02,Present,"2026-04-18 17:23:03"
9570,5906,1202,2026-03-09,Present,"2026-04-18 17:23:03"
9571,49421,1984,2026-03-02,Present,"2026-04-18 17:23:03"
9572,14350,1787,2026-03-09,Present,"2026-04-18 17:23:03"
9573,14932,701,2026-03-03,Present,"2026-04-18 17:23:03"
9574,21030,1538,2026-03-05,Present,"2026-04-18 17:23:03"
9575,30181,1834,2026-03-09,Present,"2026-04-18 17:23:03"
9576,18275,1522,2026-03-02,Present,"2026-04-18 17:23:03"
9577,29307,1524,2026-03-04,Present,"2026-04-18 17:23:03"
9578,6958,1101,2026-03-09,Present,"2026-04-18 17:23:03"
9579,25116,1034,2026-03-06,Absent,"2026-04-18 17:23:03"
9580,35065,1228,2026-03-09,Present,"2026-04-18 17:23:03"
9581,1632,1359,2026-03-09,Absent,"2026-04-18 17:23:03"
9582,37764,1216,2026-03-07,Present,"2026-04-18 17:23:03"
9583,43399,531,2026-03-08,Absent,"2026-04-18 17:23:03"
9584,20491,1908,2026-03-07,Present,"2026-04-18 17:23:03"
9585,9443,1176,2026-03-10,Present,"2026-04-18 17:23:03"
9586,313,1913,2026-03-09,Present,"2026-04-18 17:23:03"
9587,38989,766,2026-03-04,Present,"2026-04-18 17:23:03"
9588,24860,1365,2026-03-08,Present,"2026-04-18 17:23:03"
9589,807,998,2026-03-08,Absent,"2026-04-18 17:23:03"
9590,37875,1036,2026-03-10,Present,"2026-04-18 17:23:03"
9591,37856,1073,2026-03-08,Present,"2026-04-18 17:23:03"
9592,25466,1365,2026-03-01,Present,"2026-04-18 17:23:03"
9593,15226,1587,2026-03-05,Absent,"2026-04-18 17:23:03"
9594,38128,1359,2026-03-03,Absent,"2026-04-18 17:23:03"
9595,4312,1352,2026-03-03,Present,"2026-04-18 17:23:03"
9596,19434,1960,2026-03-02,Present,"2026-04-18 17:23:03"
9597,40468,1522,2026-03-03,Present,"2026-04-18 17:23:03"
9598,47717,1005,2026-03-09,Present,"2026-04-18 17:23:03"
9599,47443,962,2026-03-05,Present,"2026-04-18 17:23:03"
9600,23310,1553,2026-03-09,Present,"2026-04-18 17:23:03"
9601,17038,1487,2026-03-01,Present,"2026-04-18 17:23:03"
9602,21543,1057,2026-03-05,Present,"2026-04-18 17:23:03"
9603,1639,1374,2026-03-07,Present,"2026-04-18 17:23:03"
9604,31689,901,2026-03-06,Present,"2026-04-18 17:23:03"
9605,31951,531,2026-03-01,Present,"2026-04-18 17:23:03"
9606,21781,1340,2026-03-09,Present,"2026-04-18 17:23:03"
9607,3184,834,2026-03-08,Present,"2026-04-18 17:23:03"
9608,42995,1005,2026-03-01,Present,"2026-04-18 17:23:03"
9609,18273,1333,2026-03-09,Present,"2026-04-18 17:23:03"
9610,32820,1055,2026-03-04,Present,"2026-04-18 17:23:03"
9611,24456,1004,2026-03-08,Present,"2026-04-18 17:23:03"
9612,43767,1787,2026-03-08,Absent,"2026-04-18 17:23:03"
9613,18319,1677,2026-03-03,Present,"2026-04-18 17:23:03"
9614,9660,1435,2026-03-05,Present,"2026-04-18 17:23:03"
9615,9958,1374,2026-03-10,Present,"2026-04-18 17:23:03"
9616,21658,1914,2026-03-02,Present,"2026-04-18 17:23:03"
9617,49618,531,2026-03-08,Present,"2026-04-18 17:23:03"
9618,25529,1949,2026-03-07,Absent,"2026-04-18 17:23:03"
9619,44550,1675,2026-03-06,Present,"2026-04-18 17:23:03"
9620,11291,1914,2026-03-09,Present,"2026-04-18 17:23:03"
9621,44077,1101,2026-03-02,Present,"2026-04-18 17:23:03"
9622,19173,1524,2026-03-03,Present,"2026-04-18 17:23:03"
9623,16384,1216,2026-03-07,Present,"2026-04-18 17:23:03"
9624,436,1754,2026-03-09,Present,"2026-04-18 17:23:03"
9625,48709,1914,2026-03-09,Present,"2026-04-18 17:23:03"
9626,5684,1365,2026-03-03,Present,"2026-04-18 17:23:03"
9627,6164,1102,2026-03-03,Present,"2026-04-18 17:23:03"
9628,30865,1951,2026-03-02,Absent,"2026-04-18 17:23:03"
9629,15356,1333,2026-03-10,Absent,"2026-04-18 17:23:03"
9630,40670,1598,2026-03-09,Present,"2026-04-18 17:23:03"
9631,9374,876,2026-03-07,Absent,"2026-04-18 17:23:03"
9632,30303,1482,2026-03-02,Absent,"2026-04-18 17:23:03"
9633,11502,584,2026-03-08,Present,"2026-04-18 17:23:03"
9634,12444,1949,2026-03-02,Absent,"2026-04-18 17:23:03"
9635,24109,1176,2026-03-05,Present,"2026-04-18 17:23:03"
9636,49230,1987,2026-03-10,Present,"2026-04-18 17:23:03"
9637,23681,1496,2026-03-06,Present,"2026-04-18 17:23:03"
9638,14887,624,2026-03-06,Absent,"2026-04-18 17:23:03"
9639,18771,1948,2026-03-02,Present,"2026-04-18 17:23:03"
9640,7137,901,2026-03-06,Absent,"2026-04-18 17:23:03"
9641,28124,858,2026-03-07,Present,"2026-04-18 17:23:03"
9642,34426,1949,2026-03-04,Present,"2026-04-18 17:23:03"
9643,11329,1057,2026-03-01,Present,"2026-04-18 17:23:03"
9644,8234,1960,2026-03-05,Present,"2026-04-18 17:23:03"
9645,7810,1678,2026-03-10,Present,"2026-04-18 17:23:03"
9646,29625,1300,2026-03-05,Absent,"2026-04-18 17:23:03"
9647,32864,1435,2026-03-10,Present,"2026-04-18 17:23:03"
9648,45745,1524,2026-03-03,Present,"2026-04-18 17:23:03"
9649,28157,1670,2026-03-01,Present,"2026-04-18 17:23:03"
9650,7298,1960,2026-03-05,Absent,"2026-04-18 17:23:03"
9651,30627,1496,2026-03-10,Present,"2026-04-18 17:23:03"
9652,47966,735,2026-03-03,Present,"2026-04-18 17:23:03"
9653,15603,1598,2026-03-08,Absent,"2026-04-18 17:23:03"
9654,36657,794,2026-03-01,Present,"2026-04-18 17:23:03"
9655,28844,906,2026-03-10,Present,"2026-04-18 17:23:03"
9656,3371,1435,2026-03-07,Present,"2026-04-18 17:23:03"
9657,21017,947,2026-03-10,Absent,"2026-04-18 17:23:03"
9658,26250,1522,2026-03-03,Present,"2026-04-18 17:23:03"
9659,28044,1538,2026-03-09,Absent,"2026-04-18 17:23:03"
9660,34466,1787,2026-03-07,Present,"2026-04-18 17:23:03"
9661,38142,1184,2026-03-09,Present,"2026-04-18 17:23:03"
9662,40384,906,2026-03-01,Absent,"2026-04-18 17:23:03"
9663,3340,1202,2026-03-07,Present,"2026-04-18 17:23:03"
9664,31300,1060,2026-03-09,Present,"2026-04-18 17:23:03"
9665,40646,1340,2026-03-04,Present,"2026-04-18 17:23:03"
9666,6623,1212,2026-03-09,Present,"2026-04-18 17:23:03"
9667,26304,766,2026-03-07,Present,"2026-04-18 17:23:03"
9668,46541,1974,2026-03-07,Present,"2026-04-18 17:23:03"
9669,42746,1365,2026-03-10,Present,"2026-04-18 17:23:03"
9670,33352,1253,2026-03-04,Absent,"2026-04-18 17:23:03"
9671,48432,1482,2026-03-07,Present,"2026-04-18 17:23:03"
9672,21817,766,2026-03-06,Present,"2026-04-18 17:23:03"
9673,39488,1517,2026-03-07,Absent,"2026-04-18 17:23:03"
9674,18144,947,2026-03-05,Present,"2026-04-18 17:23:03"
9675,13605,881,2026-03-06,Present,"2026-04-18 17:23:03"
9676,10398,1974,2026-03-04,Present,"2026-04-18 17:23:03"
9677,22389,947,2026-03-03,Present,"2026-04-18 17:23:03"
9678,3743,794,2026-03-05,Present,"2026-04-18 17:23:03"
9679,9887,1073,2026-03-04,Present,"2026-04-18 17:23:03"
9680,14747,618,2026-03-08,Present,"2026-04-18 17:23:03"
9681,5353,1598,2026-03-04,Present,"2026-04-18 17:23:03"
9682,33996,1951,2026-03-05,Absent,"2026-04-18 17:23:03"
9683,28889,1184,2026-03-06,Absent,"2026-04-18 17:23:03"
9684,39651,1675,2026-03-06,Present,"2026-04-18 17:23:03"
9685,25606,1587,2026-03-02,Present,"2026-04-18 17:23:03"
9686,24004,1700,2026-03-09,Present,"2026-04-18 17:23:03"
9687,1235,1409,2026-03-02,Present,"2026-04-18 17:23:03"
9688,44420,1908,2026-03-05,Absent,"2026-04-18 17:23:03"
9689,30936,1055,2026-03-03,Present,"2026-04-18 17:23:03"
9690,33475,1152,2026-03-04,Present,"2026-04-18 17:23:03"
9691,49580,1908,2026-03-05,Present,"2026-04-18 17:23:03"
9692,43582,1409,2026-03-04,Present,"2026-04-18 17:23:03"
9693,21044,834,2026-03-06,Absent,"2026-04-18 17:23:03"
9694,5450,1055,2026-03-02,Present,"2026-04-18 17:23:03"
9695,46088,1787,2026-03-04,Present,"2026-04-18 17:23:03"
9696,3113,911,2026-03-04,Absent,"2026-04-18 17:23:03"
9697,48878,1678,2026-03-03,Present,"2026-04-18 17:23:03"
9698,20842,1830,2026-03-05,Present,"2026-04-18 17:23:03"
9699,43107,964,2026-03-03,Absent,"2026-04-18 17:23:03"
9700,17086,1908,2026-03-02,Present,"2026-04-18 17:23:03"
9701,36338,1365,2026-03-02,Present,"2026-04-18 17:23:03"
9702,16344,1216,2026-03-01,Absent,"2026-04-18 17:23:03"
9703,14045,794,2026-03-07,Present,"2026-04-18 17:23:03"
9704,4677,573,2026-03-01,Present,"2026-04-18 17:23:03"
9705,13146,1164,2026-03-07,Present,"2026-04-18 17:23:03"
9706,1753,701,2026-03-03,Absent,"2026-04-18 17:23:03"
9707,10234,1555,2026-03-03,Present,"2026-04-18 17:23:03"
9708,28897,1987,2026-03-08,Present,"2026-04-18 17:23:03"
9709,47204,1435,2026-03-09,Present,"2026-04-18 17:23:03"
9710,18931,808,2026-03-03,Present,"2026-04-18 17:23:03"
9711,30043,1216,2026-03-02,Present,"2026-04-18 17:23:03"
9712,22121,1951,2026-03-05,Present,"2026-04-18 17:23:03"
9713,10562,1524,2026-03-09,Absent,"2026-04-18 17:23:03"
9714,21897,1365,2026-03-06,Present,"2026-04-18 17:23:03"
9715,25017,1202,2026-03-09,Absent,"2026-04-18 17:23:03"
9716,10502,559,2026-03-10,Present,"2026-04-18 17:23:03"
9717,43736,1101,2026-03-04,Present,"2026-04-18 17:23:03"
9718,7394,1184,2026-03-07,Present,"2026-04-18 17:23:03"
9719,26425,1365,2026-03-03,Absent,"2026-04-18 17:23:03"
9720,29099,973,2026-03-10,Present,"2026-04-18 17:23:03"
9721,6043,1184,2026-03-05,Absent,"2026-04-18 17:23:03"
9722,49236,1960,2026-03-10,Present,"2026-04-18 17:23:03"
9723,36283,973,2026-03-06,Present,"2026-04-18 17:23:03"
9724,28006,1487,2026-03-06,Present,"2026-04-18 17:23:03"
9725,27276,1487,2026-03-02,Present,"2026-04-18 17:23:03"
9726,16410,792,2026-03-05,Present,"2026-04-18 17:23:03"
9727,34667,1170,2026-03-10,Present,"2026-04-18 17:23:03"
9728,24710,1073,2026-03-06,Present,"2026-04-18 17:23:03"
9729,34873,1675,2026-03-03,Present,"2026-04-18 17:23:03"
9730,31973,1496,2026-03-07,Present,"2026-04-18 17:23:03"
9731,19310,1365,2026-03-04,Present,"2026-04-18 17:23:03"
9732,48948,1913,2026-03-02,Present,"2026-04-18 17:23:03"
9733,2864,1571,2026-03-06,Absent,"2026-04-18 17:23:03"
9734,5843,906,2026-03-02,Present,"2026-04-18 17:23:03"
9735,15955,573,2026-03-01,Present,"2026-04-18 17:23:03"
9736,43891,858,2026-03-08,Absent,"2026-04-18 17:23:03"
9737,46311,559,2026-03-03,Present,"2026-04-18 17:23:03"
9738,20171,575,2026-03-03,Present,"2026-04-18 17:23:03"
9739,36830,792,2026-03-01,Present,"2026-04-18 17:23:03"
9740,49805,654,2026-03-01,Present,"2026-04-18 17:23:03"
9741,10052,1228,2026-03-05,Present,"2026-04-18 17:23:03"
9742,10794,794,2026-03-10,Present,"2026-04-18 17:23:03"
9743,7014,1517,2026-03-07,Present,"2026-04-18 17:23:03"
9744,14755,1951,2026-03-10,Present,"2026-04-18 17:23:03"
9745,10065,513,2026-03-05,Present,"2026-04-18 17:23:03"
9746,5957,1754,2026-03-09,Absent,"2026-04-18 17:23:03"
9747,39860,962,2026-03-08,Present,"2026-04-18 17:23:03"
9748,23282,1517,2026-03-01,Present,"2026-04-18 17:23:03"
9749,39370,1034,2026-03-07,Absent,"2026-04-18 17:23:03"
9750,45821,916,2026-03-01,Present,"2026-04-18 17:23:03"
9751,4466,973,2026-03-04,Absent,"2026-04-18 17:23:03"
9752,33894,834,2026-03-06,Present,"2026-04-18 17:23:03"
9753,33894,1496,2026-03-02,Present,"2026-04-18 17:23:03"
9754,27556,1333,2026-03-03,Present,"2026-04-18 17:23:03"
9755,22853,624,2026-03-08,Present,"2026-04-18 17:23:03"
9756,25878,1340,2026-03-01,Present,"2026-04-18 17:23:03"
9757,40213,1598,2026-03-06,Present,"2026-04-18 17:23:03"
9758,4209,1984,2026-03-01,Present,"2026-04-18 17:23:03"
9759,13057,1538,2026-03-02,Absent,"2026-04-18 17:23:03"
9760,26086,1830,2026-03-08,Present,"2026-04-18 17:23:03"
9761,25538,911,2026-03-01,Present,"2026-04-18 17:23:03"
9762,2150,1212,2026-03-04,Present,"2026-04-18 17:23:03"
9763,46912,1482,2026-03-04,Present,"2026-04-18 17:23:03"
9764,43170,624,2026-03-09,Present,"2026-04-18 17:23:03"
9765,43147,575,2026-03-06,Present,"2026-04-18 17:23:03"
9766,3000,1598,2026-03-07,Present,"2026-04-18 17:23:03"
9767,3684,1754,2026-03-01,Absent,"2026-04-18 17:23:03"
9768,22868,881,2026-03-03,Absent,"2026-04-18 17:23:03"
9769,46820,559,2026-03-05,Present,"2026-04-18 17:23:03"
9770,21277,1170,2026-03-07,Absent,"2026-04-18 17:23:03"
9771,1502,513,2026-03-02,Present,"2026-04-18 17:23:03"
9772,12381,1524,2026-03-07,Present,"2026-04-18 17:23:03"
9773,4273,1678,2026-03-02,Present,"2026-04-18 17:23:03"
9774,17213,1700,2026-03-10,Absent,"2026-04-18 17:23:03"
9775,16432,1678,2026-03-03,Present,"2026-04-18 17:23:03"
9776,38957,1176,2026-03-04,Present,"2026-04-18 17:23:03"
9777,6816,1677,2026-03-07,Present,"2026-04-18 17:23:03"
9778,6563,1754,2026-03-05,Present,"2026-04-18 17:23:03"
9779,10899,1700,2026-03-03,Present,"2026-04-18 17:23:03"
9780,9953,1359,2026-03-05,Absent,"2026-04-18 17:23:03"
9781,6346,1060,2026-03-01,Present,"2026-04-18 17:23:03"
9782,39098,1343,2026-03-07,Present,"2026-04-18 17:23:03"
9783,19912,814,2026-03-09,Present,"2026-04-18 17:23:03"
9784,26347,1913,2026-03-01,Present,"2026-04-18 17:23:03"
9785,8521,808,2026-03-03,Present,"2026-04-18 17:23:03"
9786,39320,1913,2026-03-05,Present,"2026-04-18 17:23:03"
9787,21497,1949,2026-03-02,Present,"2026-04-18 17:23:03"
9788,2606,916,2026-03-07,Present,"2026-04-18 17:23:03"
9789,35973,1678,2026-03-06,Present,"2026-04-18 17:23:03"
9790,29553,1517,2026-03-03,Present,"2026-04-18 17:23:03"
9791,25200,1670,2026-03-04,Present,"2026-04-18 17:23:03"
9792,28452,766,2026-03-01,Present,"2026-04-18 17:23:03"
9793,39122,1834,2026-03-07,Present,"2026-04-18 17:23:03"
9794,10369,1212,2026-03-05,Present,"2026-04-18 17:23:03"
9795,17185,1073,2026-03-02,Present,"2026-04-18 17:23:03"
9796,28342,1102,2026-03-07,Absent,"2026-04-18 17:23:03"
9797,3517,1984,2026-03-10,Present,"2026-04-18 17:23:03"
9798,33680,808,2026-03-08,Present,"2026-04-18 17:23:03"
9799,47797,1212,2026-03-06,Present,"2026-04-18 17:23:03"
9800,36366,1496,2026-03-09,Present,"2026-04-18 17:23:03"
9801,24029,1057,2026-03-02,Present,"2026-04-18 17:23:03"
9802,46065,1675,2026-03-10,Present,"2026-04-18 17:23:03"
9803,905,1678,2026-03-06,Absent,"2026-04-18 17:23:03"
9804,35130,1422,2026-03-06,Present,"2026-04-18 17:23:03"
9805,25537,1340,2026-03-01,Absent,"2026-04-18 17:23:03"
9806,38396,1984,2026-03-06,Present,"2026-04-18 17:23:03"
9807,49804,1343,2026-03-01,Absent,"2026-04-18 17:23:03"
9808,42414,1555,2026-03-03,Present,"2026-04-18 17:23:03"
9809,7367,962,2026-03-05,Present,"2026-04-18 17:23:03"
9810,33894,1374,2026-03-01,Present,"2026-04-18 17:23:03"
9811,13843,1202,2026-03-04,Absent,"2026-04-18 17:23:03"
9812,25997,1333,2026-03-03,Absent,"2026-04-18 17:23:03"
9813,18219,1949,2026-03-08,Present,"2026-04-18 17:23:03"
9814,37460,1948,2026-03-06,Present,"2026-04-18 17:23:03"
9815,14103,1908,2026-03-06,Present,"2026-04-18 17:23:03"
9816,34135,1787,2026-03-06,Absent,"2026-04-18 17:23:03"
9817,46393,973,2026-03-03,Present,"2026-04-18 17:23:03"
9818,20138,701,2026-03-02,Present,"2026-04-18 17:23:03"
9819,10042,575,2026-03-06,Present,"2026-04-18 17:23:03"
9820,19183,964,2026-03-02,Absent,"2026-04-18 17:23:03"
9821,22412,1496,2026-03-10,Present,"2026-04-18 17:23:03"
9822,9852,559,2026-03-04,Present,"2026-04-18 17:23:03"
9823,27562,1487,2026-03-02,Present,"2026-04-18 17:23:03"
9824,15049,794,2026-03-04,Present,"2026-04-18 17:23:03"
9825,35060,1757,2026-03-06,Present,"2026-04-18 17:23:03"
9826,45182,1830,2026-03-10,Present,"2026-04-18 17:23:03"
9827,1873,1292,2026-03-03,Present,"2026-04-18 17:23:03"
9828,43204,735,2026-03-03,Present,"2026-04-18 17:23:03"
9829,7974,1034,2026-03-02,Absent,"2026-04-18 17:23:03"
9830,27519,1034,2026-03-01,Present,"2026-04-18 17:23:03"
9831,39286,1787,2026-03-02,Present,"2026-04-18 17:23:03"
9832,42007,1170,2026-03-06,Absent,"2026-04-18 17:23:03"
9833,13509,1365,2026-03-07,Present,"2026-04-18 17:23:03"
9834,46053,915,2026-03-06,Present,"2026-04-18 17:23:03"
9835,26545,1675,2026-03-02,Present,"2026-04-18 17:23:03"
9836,35863,792,2026-03-01,Present,"2026-04-18 17:23:03"
9837,8555,1487,2026-03-03,Present,"2026-04-18 17:23:03"
9838,20695,1914,2026-03-04,Present,"2026-04-18 17:23:03"
9839,14874,1004,2026-03-05,Absent,"2026-04-18 17:23:03"
9840,40025,1340,2026-03-03,Present,"2026-04-18 17:23:03"
9841,3060,1152,2026-03-08,Present,"2026-04-18 17:23:03"
9842,43497,1517,2026-03-08,Present,"2026-04-18 17:23:03"
9843,32913,701,2026-03-10,Present,"2026-04-18 17:23:03"
9844,31238,1678,2026-03-10,Present,"2026-04-18 17:23:03"
9845,25278,618,2026-03-09,Absent,"2026-04-18 17:23:03"
9846,29953,901,2026-03-07,Present,"2026-04-18 17:23:03"
9847,33360,618,2026-03-09,Present,"2026-04-18 17:23:03"
9848,25016,1164,2026-03-08,Present,"2026-04-18 17:23:03"
9849,37634,1343,2026-03-08,Absent,"2026-04-18 17:23:03"
9850,24830,1102,2026-03-02,Present,"2026-04-18 17:23:03"
9851,16540,1359,2026-03-05,Absent,"2026-04-18 17:23:03"
9852,4126,1960,2026-03-04,Present,"2026-04-18 17:23:03"
9853,6982,1034,2026-03-03,Present,"2026-04-18 17:23:03"
9854,2279,624,2026-03-06,Absent,"2026-04-18 17:23:03"
9855,36974,1571,2026-03-01,Present,"2026-04-18 17:23:03"
9856,9782,1984,2026-03-10,Present,"2026-04-18 17:23:03"
9857,25937,1343,2026-03-08,Present,"2026-04-18 17:23:03"
9858,33490,1538,2026-03-03,Present,"2026-04-18 17:23:03"
9859,3456,1522,2026-03-06,Absent,"2026-04-18 17:23:03"
9860,34389,973,2026-03-09,Present,"2026-04-18 17:23:03"
9861,28433,575,2026-03-05,Present,"2026-04-18 17:23:03"
9862,30812,1343,2026-03-08,Present,"2026-04-18 17:23:03"
9863,45014,1778,2026-03-10,Absent,"2026-04-18 17:23:03"
9864,31702,1778,2026-03-06,Present,"2026-04-18 17:23:03"
9865,15165,1675,2026-03-06,Present,"2026-04-18 17:23:03"
9866,22007,1212,2026-03-06,Absent,"2026-04-18 17:23:03"
9867,2267,1700,2026-03-01,Present,"2026-04-18 17:23:03"
9868,4802,1292,2026-03-07,Absent,"2026-04-18 17:23:03"
9869,22650,1359,2026-03-07,Present,"2026-04-18 17:23:03"
9870,48043,1984,2026-03-10,Present,"2026-04-18 17:23:03"
9871,26050,1352,2026-03-06,Absent,"2026-04-18 17:23:03"
9872,14850,808,2026-03-10,Present,"2026-04-18 17:23:03"
9873,15287,834,2026-03-05,Present,"2026-04-18 17:23:03"
9874,12391,1555,2026-03-05,Present,"2026-04-18 17:23:03"
9875,49442,712,2026-03-10,Present,"2026-04-18 17:23:03"
9876,46686,1670,2026-03-03,Absent,"2026-04-18 17:23:03"
9877,30662,1598,2026-03-04,Present,"2026-04-18 17:23:03"
9878,13588,712,2026-03-04,Present,"2026-04-18 17:23:03"
9879,20019,1216,2026-03-07,Present,"2026-04-18 17:23:03"
9880,1442,1228,2026-03-05,Present,"2026-04-18 17:23:03"
9881,10531,947,2026-03-06,Present,"2026-04-18 17:23:03"
9882,33360,1409,2026-03-01,Present,"2026-04-18 17:23:03"
9883,3791,1754,2026-03-10,Present,"2026-04-18 17:23:03"
9884,42253,584,2026-03-07,Absent,"2026-04-18 17:23:03"
9885,32214,1292,2026-03-07,Absent,"2026-04-18 17:23:03"
9886,3779,766,2026-03-01,Absent,"2026-04-18 17:23:03"
9887,2938,1152,2026-03-09,Present,"2026-04-18 17:23:03"
9888,2274,575,2026-03-07,Present,"2026-04-18 17:23:03"
9889,239,1343,2026-03-08,Present,"2026-04-18 17:23:03"
9890,24694,1517,2026-03-01,Present,"2026-04-18 17:23:03"
9891,41549,1340,2026-03-06,Present,"2026-04-18 17:23:03"
9892,8872,1678,2026-03-02,Present,"2026-04-18 17:23:03"
9893,28079,1487,2026-03-05,Present,"2026-04-18 17:23:03"
9894,13596,1670,2026-03-10,Absent,"2026-04-18 17:23:03"
9895,2337,1754,2026-03-02,Present,"2026-04-18 17:23:03"
9896,49324,1778,2026-03-10,Present,"2026-04-18 17:23:03"
9897,34873,1517,2026-03-10,Present,"2026-04-18 17:23:03"
9898,11648,1435,2026-03-03,Absent,"2026-04-18 17:23:03"
9899,39345,624,2026-03-03,Present,"2026-04-18 17:23:03"
9900,23550,1834,2026-03-05,Absent,"2026-04-18 17:23:03"
9901,27285,876,2026-03-05,Present,"2026-04-18 17:23:03"
9902,46537,1101,2026-03-07,Present,"2026-04-18 17:23:03"
9903,19254,1482,2026-03-04,Present,"2026-04-18 17:23:03"
9904,44585,712,2026-03-03,Present,"2026-04-18 17:23:03"
9905,24425,1517,2026-03-03,Present,"2026-04-18 17:23:03"
9906,16239,1754,2026-03-04,Present,"2026-04-18 17:23:03"
9907,17485,1677,2026-03-06,Absent,"2026-04-18 17:23:03"
9908,20035,756,2026-03-10,Present,"2026-04-18 17:23:03"
9909,22693,1984,2026-03-01,Present,"2026-04-18 17:23:03"
9910,10052,1102,2026-03-07,Present,"2026-04-18 17:23:03"
9911,8609,701,2026-03-08,Absent,"2026-04-18 17:23:03"
9912,7021,1949,2026-03-01,Absent,"2026-04-18 17:23:03"
9913,43189,1830,2026-03-05,Present,"2026-04-18 17:23:03"
9914,14898,624,2026-03-02,Present,"2026-04-18 17:23:03"
9915,15592,1004,2026-03-05,Present,"2026-04-18 17:23:03"
9916,38251,1496,2026-03-04,Absent,"2026-04-18 17:23:03"
9917,4813,792,2026-03-10,Present,"2026-04-18 17:23:03"
9918,9361,916,2026-03-10,Absent,"2026-04-18 17:23:03"
9919,1329,973,2026-03-05,Absent,"2026-04-18 17:23:03"
9920,43026,1524,2026-03-04,Present,"2026-04-18 17:23:03"
9921,1405,1482,2026-03-06,Present,"2026-04-18 17:23:03"
9922,18144,1340,2026-03-02,Present,"2026-04-18 17:23:03"
9923,15203,858,2026-03-10,Present,"2026-04-18 17:23:03"
9924,1933,575,2026-03-03,Present,"2026-04-18 17:23:03"
9925,37532,1522,2026-03-02,Absent,"2026-04-18 17:23:03"
9926,15249,794,2026-03-09,Present,"2026-04-18 17:23:03"
9927,27007,1300,2026-03-05,Present,"2026-04-18 17:23:03"
9928,32631,814,2026-03-05,Present,"2026-04-18 17:23:03"
9929,37067,1787,2026-03-09,Present,"2026-04-18 17:23:03"
9930,9837,1152,2026-03-01,Present,"2026-04-18 17:23:03"
9931,7702,1034,2026-03-07,Absent,"2026-04-18 17:23:03"
9932,22667,1517,2026-03-06,Absent,"2026-04-18 17:23:03"
9933,25760,1359,2026-03-02,Present,"2026-04-18 17:23:03"
9934,49011,964,2026-03-07,Present,"2026-04-18 17:23:03"
9935,13839,1913,2026-03-07,Present,"2026-04-18 17:23:03"
9936,14540,911,2026-03-04,Present,"2026-04-18 17:23:03"
9937,15993,1974,2026-03-08,Present,"2026-04-18 17:23:03"
9938,18801,1778,2026-03-03,Present,"2026-04-18 17:23:03"
9939,6248,1101,2026-03-06,Present,"2026-04-18 17:23:03"
9940,35727,1300,2026-03-08,Absent,"2026-04-18 17:23:03"
9941,26961,756,2026-03-03,Present,"2026-04-18 17:23:03"
9942,44057,1496,2026-03-05,Absent,"2026-04-18 17:23:03"
9943,46379,1487,2026-03-09,Present,"2026-04-18 17:23:03"
9944,49709,1678,2026-03-05,Present,"2026-04-18 17:23:03"
9945,46050,1553,2026-03-09,Present,"2026-04-18 17:23:03"
9946,20216,1677,2026-03-03,Present,"2026-04-18 17:23:03"
9947,19141,915,2026-03-07,Present,"2026-04-18 17:23:03"
9948,20796,1987,2026-03-06,Absent,"2026-04-18 17:23:03"
9949,29783,1778,2026-03-06,Present,"2026-04-18 17:23:03"
9950,31513,1538,2026-03-07,Present,"2026-04-18 17:23:03"
9951,24731,1778,2026-03-10,Absent,"2026-04-18 17:23:03"
9952,2932,964,2026-03-06,Present,"2026-04-18 17:23:03"
9953,45581,624,2026-03-04,Present,"2026-04-18 17:23:03"
9954,6170,1830,2026-03-05,Present,"2026-04-18 17:23:03"
9955,8247,1435,2026-03-03,Present,"2026-04-18 17:23:03"
9956,11824,1587,2026-03-05,Present,"2026-04-18 17:23:03"
9957,15791,1228,2026-03-10,Present,"2026-04-18 17:23:03"
9958,34315,961,2026-03-04,Absent,"2026-04-18 17:23:03"
9959,12391,1359,2026-03-04,Present,"2026-04-18 17:23:03"
9960,46446,1522,2026-03-09,Present,"2026-04-18 17:23:03"
9961,9802,1036,2026-03-03,Absent,"2026-04-18 17:23:03"
9962,45118,1948,2026-03-10,Present,"2026-04-18 17:23:03"
9963,17315,1914,2026-03-04,Absent,"2026-04-18 17:23:03"
9964,4615,858,2026-03-01,Present,"2026-04-18 17:23:03"
9965,18488,712,2026-03-05,Present,"2026-04-18 17:23:03"
9966,16631,1587,2026-03-06,Present,"2026-04-18 17:23:03"
9967,22963,1352,2026-03-10,Present,"2026-04-18 17:23:03"
9968,16829,916,2026-03-05,Present,"2026-04-18 17:23:03"
9969,37692,906,2026-03-10,Present,"2026-04-18 17:23:03"
9970,41446,531,2026-03-06,Present,"2026-04-18 17:23:03"
9971,1390,1908,2026-03-06,Present,"2026-04-18 17:23:03"
9972,7317,1948,2026-03-06,Present,"2026-04-18 17:23:03"
9973,6346,1055,2026-03-05,Present,"2026-04-18 17:23:03"
9974,28341,1553,2026-03-03,Present,"2026-04-18 17:23:03"
9975,15526,1253,2026-03-06,Present,"2026-04-18 17:23:03"
9976,35613,814,2026-03-04,Present,"2026-04-18 17:23:03"
9977,32900,1524,2026-03-08,Present,"2026-04-18 17:23:03"
9978,25581,1253,2026-03-01,Absent,"2026-04-18 17:23:03"
9979,2117,584,2026-03-09,Present,"2026-04-18 17:23:03"
9980,38970,808,2026-03-07,Present,"2026-04-18 17:23:03"
9981,34431,701,2026-03-06,Present,"2026-04-18 17:23:03"
9982,17746,1228,2026-03-03,Present,"2026-04-18 17:23:03"
9983,15585,1960,2026-03-04,Present,"2026-04-18 17:23:03"
9984,36680,624,2026-03-02,Present,"2026-04-18 17:23:03"
9985,19798,1908,2026-03-02,Absent,"2026-04-18 17:23:03"
9986,44264,1913,2026-03-07,Present,"2026-04-18 17:23:03"
9987,23109,1343,2026-03-06,Absent,"2026-04-18 17:23:03"
9988,48284,1036,2026-03-02,Present,"2026-04-18 17:23:03"
9989,48396,1700,2026-03-06,Present,"2026-04-18 17:23:03"
9990,26576,1670,2026-03-04,Present,"2026-04-18 17:23:03"
9991,2564,1422,2026-03-10,Present,"2026-04-18 17:23:03"
9992,48031,1333,2026-03-04,Absent,"2026-04-18 17:23:03"
9993,41364,973,2026-03-10,Present,"2026-04-18 17:23:03"
9994,3135,947,2026-03-09,Present,"2026-04-18 17:23:03"
9995,25520,881,2026-03-08,Absent,"2026-04-18 17:23:03"
9996,14774,998,2026-03-01,Present,"2026-04-18 17:23:03"
9997,18870,1948,2026-03-04,Present,"2026-04-18 17:23:03"
9998,5547,1914,2026-03-05,Present,"2026-04-18 17:23:03"
9999,44686,1073,2026-03-04,Present,"2026-04-18 17:23:03"
10000,13565,1908,2026-03-02,Present,"2026-04-18 17:23:03"
10001,3636,1057,2026-03-03,Present,"2026-04-18 17:23:03"
10002,47775,1522,2026-03-08,Present,"2026-04-18 17:23:03"
10003,30851,1102,2026-03-04,Present,"2026-04-18 17:23:03"
10004,34921,916,2026-03-01,Present,"2026-04-18 17:23:03"
10005,14292,1034,2026-03-02,Present,"2026-04-18 17:23:03"
10006,17104,1487,2026-03-04,Present,"2026-04-18 17:23:03"
10007,14621,573,2026-03-09,Present,"2026-04-18 17:23:03"
10008,41447,814,2026-03-05,Present,"2026-04-18 17:23:03"
10009,23788,1170,2026-03-08,Absent,"2026-04-18 17:23:03"
10010,8294,1555,2026-03-08,Present,"2026-04-18 17:23:03"
10011,38396,1987,2026-03-06,Absent,"2026-04-18 17:23:03"
10012,42718,998,2026-03-07,Absent,"2026-04-18 17:23:03"
10013,15757,1340,2026-03-07,Present,"2026-04-18 17:23:03"
10014,41344,1987,2026-03-06,Present,"2026-04-18 17:23:03"
10015,24415,1700,2026-03-05,Present,"2026-04-18 17:23:03"
10016,45314,1974,2026-03-08,Present,"2026-04-18 17:23:03"
10017,8146,962,2026-03-08,Present,"2026-04-18 17:23:03"
10018,9016,1055,2026-03-05,Absent,"2026-04-18 17:23:03"
10019,40983,1598,2026-03-03,Present,"2026-04-18 17:23:03"
10020,5193,1951,2026-03-05,Present,"2026-04-18 17:23:03"
10021,16328,1524,2026-03-05,Present,"2026-04-18 17:23:03"
10022,5187,1524,2026-03-09,Absent,"2026-04-18 17:23:03"
10023,1490,735,2026-03-08,Present,"2026-04-18 17:23:03"
10024,29554,1908,2026-03-08,Absent,"2026-04-18 17:23:03"
10025,12668,906,2026-03-08,Present,"2026-04-18 17:23:03"
10026,24944,961,2026-03-04,Present,"2026-04-18 17:23:03"
10027,40783,814,2026-03-06,Absent,"2026-04-18 17:23:03"
10028,20138,1004,2026-03-10,Present,"2026-04-18 17:23:03"
10029,31576,1343,2026-03-08,Present,"2026-04-18 17:23:03"
10030,40427,964,2026-03-05,Present,"2026-04-18 17:23:03"
10031,36345,915,2026-03-10,Present,"2026-04-18 17:23:03"
10032,19588,792,2026-03-03,Present,"2026-04-18 17:23:03"
10033,859,1102,2026-03-07,Present,"2026-04-18 17:23:03"
10034,33248,1587,2026-03-06,Present,"2026-04-18 17:23:03"
10035,17998,1951,2026-03-09,Present,"2026-04-18 17:23:03"
10036,30806,961,2026-03-01,Present,"2026-04-18 17:23:03"
10037,49682,1352,2026-03-06,Present,"2026-04-18 17:23:03"
10038,38244,808,2026-03-07,Present,"2026-04-18 17:23:03"
10039,45170,1482,2026-03-10,Present,"2026-04-18 17:23:03"
10040,45433,1700,2026-03-04,Present,"2026-04-18 17:23:03"
10041,27126,1951,2026-03-07,Present,"2026-04-18 17:23:03"
10042,32214,1202,2026-03-07,Present,"2026-04-18 17:23:03"
10043,5051,1034,2026-03-06,Present,"2026-04-18 17:23:03"
10044,15959,1435,2026-03-01,Present,"2026-04-18 17:23:03"
10045,670,513,2026-03-03,Present,"2026-04-18 17:23:03"
10046,17296,1060,2026-03-04,Present,"2026-04-18 17:23:03"
10047,14845,792,2026-03-10,Present,"2026-04-18 17:23:03"
10048,15754,766,2026-03-09,Present,"2026-04-18 17:23:03"
10049,36610,858,2026-03-10,Present,"2026-04-18 17:23:03"
10050,30388,901,2026-03-02,Absent,"2026-04-18 17:23:03"
10051,7346,901,2026-03-01,Present,"2026-04-18 17:23:03"
10052,25158,1228,2026-03-03,Present,"2026-04-18 17:23:03"
10053,47170,513,2026-03-07,Absent,"2026-04-18 17:23:03"
10054,45218,1292,2026-03-02,Absent,"2026-04-18 17:23:03"
10055,27582,1571,2026-03-05,Present,"2026-04-18 17:23:03"
10056,24383,1948,2026-03-08,Present,"2026-04-18 17:23:03"
10057,44243,712,2026-03-04,Present,"2026-04-18 17:23:03"
10058,48726,1587,2026-03-01,Absent,"2026-04-18 17:23:03"
10059,49005,1598,2026-03-01,Present,"2026-04-18 17:23:03"
10060,45222,1164,2026-03-04,Present,"2026-04-18 17:23:03"
10061,12246,1359,2026-03-05,Present,"2026-04-18 17:23:03"
10062,14207,1914,2026-03-04,Present,"2026-04-18 17:23:03"
10063,40449,1960,2026-03-01,Absent,"2026-04-18 17:23:03"
10064,46832,964,2026-03-01,Present,"2026-04-18 17:23:03"
10065,19811,1292,2026-03-08,Absent,"2026-04-18 17:23:03"
10066,27805,964,2026-03-09,Present,"2026-04-18 17:23:03"
10067,36240,1359,2026-03-02,Present,"2026-04-18 17:23:03"
10068,8123,1834,2026-03-10,Absent,"2026-04-18 17:23:03"
10069,20986,906,2026-03-07,Present,"2026-04-18 17:23:03"
10070,5333,1102,2026-03-02,Present,"2026-04-18 17:23:03"
10071,38207,669,2026-03-01,Present,"2026-04-18 17:23:03"
10072,39120,1517,2026-03-08,Present,"2026-04-18 17:23:03"
10073,28564,1496,2026-03-01,Present,"2026-04-18 17:23:03"
10074,39685,1700,2026-03-08,Present,"2026-04-18 17:23:03"
10075,43867,792,2026-03-02,Present,"2026-04-18 17:23:03"
10076,18105,906,2026-03-07,Present,"2026-04-18 17:23:03"
10077,33307,1176,2026-03-09,Absent,"2026-04-18 17:23:03"
10078,31273,1700,2026-03-03,Present,"2026-04-18 17:23:03"
10079,39537,575,2026-03-10,Present,"2026-04-18 17:23:03"
10080,13624,1253,2026-03-08,Present,"2026-04-18 17:23:03"
10081,28973,1757,2026-03-02,Present,"2026-04-18 17:23:03"
10082,31886,1055,2026-03-01,Absent,"2026-04-18 17:23:03"
10083,37240,735,2026-03-05,Present,"2026-04-18 17:23:03"
10084,23115,1102,2026-03-02,Present,"2026-04-18 17:23:03"
10085,20405,1409,2026-03-03,Present,"2026-04-18 17:23:03"
10086,35450,1517,2026-03-05,Present,"2026-04-18 17:23:03"
10087,2603,1216,2026-03-07,Present,"2026-04-18 17:23:03"
10088,5280,1184,2026-03-04,Present,"2026-04-18 17:23:03"
10089,9675,1587,2026-03-03,Absent,"2026-04-18 17:23:03"
10090,9656,1170,2026-03-08,Present,"2026-04-18 17:23:03"
10091,47607,1292,2026-03-08,Present,"2026-04-18 17:23:03"
10092,30077,573,2026-03-07,Present,"2026-04-18 17:23:03"
10093,33927,1487,2026-03-04,Present,"2026-04-18 17:23:03"
10094,8137,1757,2026-03-02,Present,"2026-04-18 17:23:03"
10095,48385,1184,2026-03-06,Present,"2026-04-18 17:23:03"
10096,32019,1524,2026-03-07,Absent,"2026-04-18 17:23:03"
10097,44788,1176,2026-03-09,Present,"2026-04-18 17:23:03"
10098,26875,1908,2026-03-03,Absent,"2026-04-18 17:23:03"
10099,8857,964,2026-03-01,Present,"2026-04-18 17:23:03"
10100,4361,1914,2026-03-06,Absent,"2026-04-18 17:23:03"
10101,37967,575,2026-03-07,Present,"2026-04-18 17:23:03"
10102,7409,1987,2026-03-06,Absent,"2026-04-18 17:23:03"
10103,23134,1170,2026-03-10,Absent,"2026-04-18 17:23:03"
10104,37798,1365,2026-03-03,Present,"2026-04-18 17:23:03"
10105,34594,906,2026-03-06,Present,"2026-04-18 17:23:03"
10106,31219,573,2026-03-03,Absent,"2026-04-18 17:23:03"
10107,5022,1908,2026-03-10,Present,"2026-04-18 17:23:03"
10108,18771,1496,2026-03-04,Present,"2026-04-18 17:23:03"
10109,8261,1517,2026-03-10,Present,"2026-04-18 17:23:03"
10110,27597,1359,2026-03-05,Present,"2026-04-18 17:23:03"
10111,1765,814,2026-03-08,Absent,"2026-04-18 17:23:03"
10112,29418,624,2026-03-08,Present,"2026-04-18 17:23:03"
10113,14774,559,2026-03-02,Absent,"2026-04-18 17:23:03"
10114,19810,1216,2026-03-10,Present,"2026-04-18 17:23:03"
10115,37460,1184,2026-03-06,Present,"2026-04-18 17:23:03"
10116,13264,808,2026-03-10,Present,"2026-04-18 17:23:03"
10117,14355,1359,2026-03-09,Absent,"2026-04-18 17:23:03"
10118,49545,1517,2026-03-02,Present,"2026-04-18 17:23:03"
10119,4959,618,2026-03-07,Absent,"2026-04-18 17:23:03"
10120,30641,1555,2026-03-08,Present,"2026-04-18 17:23:03"
10121,40366,669,2026-03-07,Present,"2026-04-18 17:23:03"
10122,44283,756,2026-03-04,Present,"2026-04-18 17:23:03"
10123,7218,1960,2026-03-06,Present,"2026-04-18 17:23:03"
10124,42835,916,2026-03-03,Present,"2026-04-18 17:23:03"
10125,30186,1984,2026-03-04,Present,"2026-04-18 17:23:03"
10126,1344,1984,2026-03-07,Present,"2026-04-18 17:23:03"
10127,3609,1677,2026-03-09,Present,"2026-04-18 17:23:03"
10128,8552,911,2026-03-01,Absent,"2026-04-18 17:23:03"
10129,44158,906,2026-03-05,Present,"2026-04-18 17:23:03"
10130,9934,1253,2026-03-01,Present,"2026-04-18 17:23:03"
10131,32267,1343,2026-03-09,Absent,"2026-04-18 17:23:03"
10132,34535,1060,2026-03-10,Present,"2026-04-18 17:23:03"
10133,28126,1496,2026-03-01,Present,"2026-04-18 17:23:03"
10134,11308,814,2026-03-10,Present,"2026-04-18 17:23:03"
10135,19778,1700,2026-03-05,Absent,"2026-04-18 17:23:03"
10136,21309,1036,2026-03-10,Present,"2026-04-18 17:23:03"
10137,37654,1055,2026-03-04,Present,"2026-04-18 17:23:03"
10138,11383,1487,2026-03-03,Present,"2026-04-18 17:23:03"
10139,38715,513,2026-03-06,Present,"2026-04-18 17:23:03"
10140,42005,1333,2026-03-02,Present,"2026-04-18 17:23:03"
10141,23603,1914,2026-03-01,Present,"2026-04-18 17:23:03"
10142,2267,573,2026-03-09,Present,"2026-04-18 17:23:03"
10143,24925,669,2026-03-01,Absent,"2026-04-18 17:23:03"
10144,33244,792,2026-03-07,Present,"2026-04-18 17:23:03"
10145,16242,1004,2026-03-07,Present,"2026-04-18 17:23:03"
10146,41245,1700,2026-03-03,Present,"2026-04-18 17:23:03"
10147,33170,1587,2026-03-08,Present,"2026-04-18 17:23:03"
10148,26361,1170,2026-03-06,Absent,"2026-04-18 17:23:03"
10149,28922,712,2026-03-01,Present,"2026-04-18 17:23:03"
10150,49606,1253,2026-03-03,Present,"2026-04-18 17:23:03"
10151,17998,618,2026-03-02,Present,"2026-04-18 17:23:03"
10152,7300,911,2026-03-08,Present,"2026-04-18 17:23:03"
10153,30116,881,2026-03-06,Present,"2026-04-18 17:23:03"
10154,25970,1678,2026-03-07,Absent,"2026-04-18 17:23:03"
10155,7610,1333,2026-03-09,Present,"2026-04-18 17:23:03"
10156,41883,962,2026-03-06,Present,"2026-04-18 17:23:03"
10157,23197,1359,2026-03-03,Absent,"2026-04-18 17:23:03"
10158,28852,1073,2026-03-08,Present,"2026-04-18 17:23:03"
10159,43669,998,2026-03-09,Present,"2026-04-18 17:23:03"
10160,1490,624,2026-03-02,Present,"2026-04-18 17:23:03"
10161,29247,1598,2026-03-10,Present,"2026-04-18 17:23:03"
10162,13426,876,2026-03-03,Present,"2026-04-18 17:23:03"
10163,30622,1340,2026-03-08,Absent,"2026-04-18 17:23:03"
10164,26770,1060,2026-03-03,Present,"2026-04-18 17:23:03"
10165,34646,1522,2026-03-06,Present,"2026-04-18 17:23:03"
10166,33248,1524,2026-03-06,Present,"2026-04-18 17:23:03"
10167,16568,1034,2026-03-04,Present,"2026-04-18 17:23:03"
10168,19922,712,2026-03-03,Present,"2026-04-18 17:23:03"
10169,4357,1340,2026-03-06,Present,"2026-04-18 17:23:03"
10170,19891,1212,2026-03-03,Present,"2026-04-18 17:23:03"
10171,14423,1073,2026-03-09,Absent,"2026-04-18 17:23:03"
10172,16184,916,2026-03-10,Present,"2026-04-18 17:23:03"
10173,8594,1184,2026-03-06,Present,"2026-04-18 17:23:03"
10174,13135,1435,2026-03-05,Present,"2026-04-18 17:23:03"
10175,6627,1524,2026-03-02,Present,"2026-04-18 17:23:03"
10176,35566,575,2026-03-01,Absent,"2026-04-18 17:23:03"
10177,13530,911,2026-03-06,Present,"2026-04-18 17:23:03"
10178,4935,1522,2026-03-06,Present,"2026-04-18 17:23:03"
10179,24899,881,2026-03-09,Present,"2026-04-18 17:23:03"
10180,29167,1060,2026-03-01,Present,"2026-04-18 17:23:03"
10181,7974,808,2026-03-05,Present,"2026-04-18 17:23:03"
10182,3777,1073,2026-03-01,Absent,"2026-04-18 17:23:03"
10183,49566,1908,2026-03-04,Present,"2026-04-18 17:23:03"
10184,30627,876,2026-03-04,Present,"2026-04-18 17:23:03"
10185,28500,876,2026-03-07,Absent,"2026-04-18 17:23:03"
10186,4171,906,2026-03-09,Present,"2026-04-18 17:23:03"
10187,10521,1333,2026-03-07,Present,"2026-04-18 17:23:03"
10188,40534,1212,2026-03-10,Absent,"2026-04-18 17:23:03"
10189,2691,1216,2026-03-07,Present,"2026-04-18 17:23:03"
10190,11392,513,2026-03-10,Present,"2026-04-18 17:23:03"
10191,10221,1787,2026-03-01,Present,"2026-04-18 17:23:03"
10192,33023,964,2026-03-06,Present,"2026-04-18 17:23:03"
10193,32768,1359,2026-03-01,Present,"2026-04-18 17:23:03"
10194,32960,1538,2026-03-08,Present,"2026-04-18 17:23:03"
10195,2173,1435,2026-03-06,Present,"2026-04-18 17:23:03"
10196,14950,1359,2026-03-07,Present,"2026-04-18 17:23:03"
10197,45334,735,2026-03-07,Present,"2026-04-18 17:23:03"
10198,17571,513,2026-03-08,Present,"2026-04-18 17:23:03"
10199,9827,1170,2026-03-07,Present,"2026-04-18 17:23:03"
10200,29129,1343,2026-03-02,Present,"2026-04-18 17:23:03"
10201,15979,1553,2026-03-05,Present,"2026-04-18 17:23:03"
10202,27217,1951,2026-03-04,Present,"2026-04-18 17:23:03"
10203,15075,1435,2026-03-07,Present,"2026-04-18 17:23:03"
10204,48043,1984,2026-03-02,Present,"2026-04-18 17:23:03"
10205,22039,654,2026-03-09,Present,"2026-04-18 17:23:03"
10206,25692,759,2026-03-07,Present,"2026-04-18 17:23:03"
10207,9312,1670,2026-03-08,Absent,"2026-04-18 17:23:03"
10208,49023,1212,2026-03-09,Present,"2026-04-18 17:23:03"
10209,48267,1036,2026-03-09,Absent,"2026-04-18 17:23:03"
10210,31501,575,2026-03-09,Absent,"2026-04-18 17:23:03"
10211,40014,1409,2026-03-07,Present,"2026-04-18 17:23:03"
10212,42453,1216,2026-03-04,Present,"2026-04-18 17:23:03"
10213,44621,575,2026-03-01,Present,"2026-04-18 17:23:03"
10214,12674,998,2026-03-10,Present,"2026-04-18 17:23:03"
10215,13807,1073,2026-03-04,Absent,"2026-04-18 17:23:03"
10216,5333,1102,2026-03-07,Present,"2026-04-18 17:23:03"
10217,10393,881,2026-03-05,Absent,"2026-04-18 17:23:03"
10218,6416,911,2026-03-02,Present,"2026-04-18 17:23:03"
10219,7864,1555,2026-03-03,Present,"2026-04-18 17:23:03"
10220,48283,1212,2026-03-02,Present,"2026-04-18 17:23:03"
10221,11998,701,2026-03-05,Present,"2026-04-18 17:23:03"
10222,3232,808,2026-03-09,Absent,"2026-04-18 17:23:03"
10223,7064,1778,2026-03-05,Present,"2026-04-18 17:23:03"
10224,18563,1184,2026-03-06,Absent,"2026-04-18 17:23:03"
10225,30752,1987,2026-03-02,Present,"2026-04-18 17:23:03"
10226,31739,876,2026-03-06,Present,"2026-04-18 17:23:03"
10227,42248,1340,2026-03-09,Present,"2026-04-18 17:23:03"
10228,23011,1675,2026-03-08,Present,"2026-04-18 17:23:03"
10229,46403,735,2026-03-02,Absent,"2026-04-18 17:23:03"
10230,10601,513,2026-03-04,Present,"2026-04-18 17:23:03"
10231,35731,1253,2026-03-07,Present,"2026-04-18 17:23:03"
10232,10987,906,2026-03-02,Present,"2026-04-18 17:23:03"
10233,8855,834,2026-03-04,Present,"2026-04-18 17:23:03"
10234,3555,1170,2026-03-06,Present,"2026-04-18 17:23:03"
10235,662,1102,2026-03-04,Present,"2026-04-18 17:23:03"
10236,16410,1778,2026-03-04,Absent,"2026-04-18 17:23:03"
10237,35277,962,2026-03-07,Present,"2026-04-18 17:23:03"
10238,7431,766,2026-03-05,Present,"2026-04-18 17:23:03"
10239,17605,1517,2026-03-07,Absent,"2026-04-18 17:23:03"
10240,45851,1036,2026-03-07,Present,"2026-04-18 17:23:03"
10241,31526,1974,2026-03-06,Absent,"2026-04-18 17:23:03"
10242,40972,1184,2026-03-06,Present,"2026-04-18 17:23:03"
10243,24512,1984,2026-03-03,Present,"2026-04-18 17:23:03"
10244,40740,1670,2026-03-08,Present,"2026-04-18 17:23:03"
10245,757,1587,2026-03-04,Absent,"2026-04-18 17:23:03"
10246,2970,973,2026-03-05,Present,"2026-04-18 17:23:03"
10247,589,1496,2026-03-02,Present,"2026-04-18 17:23:03"
10248,45443,1675,2026-03-05,Absent,"2026-04-18 17:23:03"
10249,21912,916,2026-03-05,Present,"2026-04-18 17:23:03"
10250,45662,1101,2026-03-07,Present,"2026-04-18 17:23:03"
10251,28030,1913,2026-03-06,Absent,"2026-04-18 17:23:03"
10252,19042,1422,2026-03-08,Present,"2026-04-18 17:23:03"
10253,24830,624,2026-03-04,Present,"2026-04-18 17:23:03"
10254,33336,1517,2026-03-02,Present,"2026-04-18 17:23:03"
10255,3678,1787,2026-03-08,Present,"2026-04-18 17:23:03"
10256,21030,1675,2026-03-02,Present,"2026-04-18 17:23:03"
10257,38316,1914,2026-03-10,Present,"2026-04-18 17:23:03"
10258,43736,1101,2026-03-08,Present,"2026-04-18 17:23:03"
10259,4885,1949,2026-03-08,Present,"2026-04-18 17:23:03"
10260,43199,1787,2026-03-02,Present,"2026-04-18 17:23:03"
10261,2886,1228,2026-03-03,Absent,"2026-04-18 17:23:03"
10262,43063,1522,2026-03-10,Present,"2026-04-18 17:23:03"
10263,6367,998,2026-03-06,Present,"2026-04-18 17:23:03"
10264,49398,573,2026-03-08,Present,"2026-04-18 17:23:03"
10265,23744,1553,2026-03-06,Present,"2026-04-18 17:23:03"
10266,28442,669,2026-03-03,Present,"2026-04-18 17:23:03"
10267,209,1333,2026-03-04,Present,"2026-04-18 17:23:03"
10268,2541,559,2026-03-01,Present,"2026-04-18 17:23:03"
10269,12552,1522,2026-03-09,Present,"2026-04-18 17:23:03"
10270,40534,1055,2026-03-06,Present,"2026-04-18 17:23:03"
10271,48329,1343,2026-03-02,Present,"2026-04-18 17:23:03"
10272,30955,1670,2026-03-08,Present,"2026-04-18 17:23:03"
10273,23917,735,2026-03-01,Present,"2026-04-18 17:23:03"
10274,809,1960,2026-03-09,Present,"2026-04-18 17:23:03"
10275,26059,1984,2026-03-10,Absent,"2026-04-18 17:23:03"
10276,1931,756,2026-03-02,Absent,"2026-04-18 17:23:03"
10277,7705,901,2026-03-09,Present,"2026-04-18 17:23:03"
10278,44911,1300,2026-03-03,Present,"2026-04-18 17:23:03"
10279,3243,1340,2026-03-02,Present,"2026-04-18 17:23:03"
10280,44681,1057,2026-03-02,Present,"2026-04-18 17:23:03"
10281,3944,1787,2026-03-05,Present,"2026-04-18 17:23:03"
10282,30623,1101,2026-03-06,Absent,"2026-04-18 17:23:03"
10283,44475,1700,2026-03-03,Present,"2026-04-18 17:23:03"
10284,23411,1333,2026-03-07,Present,"2026-04-18 17:23:03"
10285,32170,1700,2026-03-04,Present,"2026-04-18 17:23:03"
10286,38777,1073,2026-03-01,Present,"2026-04-18 17:23:03"
10287,39640,1057,2026-03-05,Absent,"2026-04-18 17:23:03"
10288,27380,1757,2026-03-04,Present,"2026-04-18 17:23:03"
10289,2838,1517,2026-03-04,Present,"2026-04-18 17:23:03"
10290,28487,1830,2026-03-07,Present,"2026-04-18 17:23:03"
10291,49111,1598,2026-03-03,Present,"2026-04-18 17:23:03"
10292,28729,1102,2026-03-09,Present,"2026-04-18 17:23:03"
10293,8408,1300,2026-03-04,Absent,"2026-04-18 17:23:03"
10294,39507,1496,2026-03-01,Present,"2026-04-18 17:23:03"
10295,14155,808,2026-03-05,Absent,"2026-04-18 17:23:03"
10296,44724,735,2026-03-08,Present,"2026-04-18 17:23:03"
10297,10663,961,2026-03-04,Absent,"2026-04-18 17:23:03"
10298,46837,998,2026-03-06,Present,"2026-04-18 17:23:03"
10299,7294,1340,2026-03-04,Present,"2026-04-18 17:23:03"
10300,14266,1333,2026-03-10,Absent,"2026-04-18 17:23:03"
10301,8370,915,2026-03-01,Present,"2026-04-18 17:23:03"
10302,3530,1678,2026-03-02,Present,"2026-04-18 17:23:03"
10303,23070,1496,2026-03-01,Present,"2026-04-18 17:23:03"
10304,26448,1102,2026-03-01,Absent,"2026-04-18 17:23:03"
10305,13769,1553,2026-03-08,Present,"2026-04-18 17:23:03"
10306,46250,1778,2026-03-01,Absent,"2026-04-18 17:23:03"
10307,35053,794,2026-03-03,Present,"2026-04-18 17:23:03"
10308,18009,1778,2026-03-03,Absent,"2026-04-18 17:23:03"
10309,25266,573,2026-03-06,Present,"2026-04-18 17:23:03"
10310,21955,911,2026-03-04,Present,"2026-04-18 17:23:03"
10311,23012,1517,2026-03-06,Present,"2026-04-18 17:23:03"
10312,25594,792,2026-03-08,Present,"2026-04-18 17:23:03"
10313,39499,1482,2026-03-08,Present,"2026-04-18 17:23:03"
10314,4361,911,2026-03-02,Present,"2026-04-18 17:23:03"
10315,10962,1571,2026-03-01,Absent,"2026-04-18 17:23:03"
10316,33414,916,2026-03-02,Present,"2026-04-18 17:23:03"
10317,34826,1908,2026-03-08,Present,"2026-04-18 17:23:03"
10318,40929,573,2026-03-08,Present,"2026-04-18 17:23:03"
10319,43236,834,2026-03-03,Present,"2026-04-18 17:23:03"
10320,21318,1253,2026-03-06,Present,"2026-04-18 17:23:03"
10321,45702,1949,2026-03-04,Absent,"2026-04-18 17:23:03"
10322,6979,901,2026-03-03,Present,"2026-04-18 17:23:03"
10323,22163,1538,2026-03-09,Present,"2026-04-18 17:23:03"
10324,10462,876,2026-03-08,Absent,"2026-04-18 17:23:03"
10325,48341,669,2026-03-04,Present,"2026-04-18 17:23:03"
10326,1349,1212,2026-03-09,Present,"2026-04-18 17:23:03"
10327,42153,1517,2026-03-04,Present,"2026-04-18 17:23:03"
10328,35277,1055,2026-03-04,Present,"2026-04-18 17:23:03"
10329,3891,1340,2026-03-04,Present,"2026-04-18 17:23:03"
10330,39211,1212,2026-03-04,Present,"2026-04-18 17:23:03"
10331,1390,1948,2026-03-04,Present,"2026-04-18 17:23:03"
10332,2360,1036,2026-03-05,Present,"2026-04-18 17:23:03"
10333,6970,792,2026-03-04,Present,"2026-04-18 17:23:03"
10334,30798,1678,2026-03-02,Present,"2026-04-18 17:23:03"
10335,25227,1409,2026-03-09,Present,"2026-04-18 17:23:03"
10336,7971,531,2026-03-07,Present,"2026-04-18 17:23:03"
10337,10878,901,2026-03-06,Present,"2026-04-18 17:23:03"
10338,32869,1914,2026-03-10,Present,"2026-04-18 17:23:03"
10339,23581,575,2026-03-06,Present,"2026-04-18 17:23:03"
10340,23367,876,2026-03-07,Present,"2026-04-18 17:23:03"
10341,34537,584,2026-03-04,Present,"2026-04-18 17:23:03"
10342,35697,1587,2026-03-07,Present,"2026-04-18 17:23:03"
10343,48726,531,2026-03-10,Present,"2026-04-18 17:23:03"
10344,44251,618,2026-03-07,Present,"2026-04-18 17:23:03"
10345,3624,1212,2026-03-05,Present,"2026-04-18 17:23:03"
10346,9624,759,2026-03-04,Present,"2026-04-18 17:23:03"
10347,9448,1164,2026-03-08,Present,"2026-04-18 17:23:03"
10348,6550,1055,2026-03-03,Present,"2026-04-18 17:23:03"
10349,18334,1974,2026-03-04,Present,"2026-04-18 17:23:03"
10350,40913,792,2026-03-05,Present,"2026-04-18 17:23:03"
10351,8976,964,2026-03-07,Present,"2026-04-18 17:23:03"
10352,32800,1374,2026-03-01,Present,"2026-04-18 17:23:03"
10353,40791,1675,2026-03-06,Present,"2026-04-18 17:23:03"
10354,8871,766,2026-03-02,Present,"2026-04-18 17:23:03"
10355,41117,1522,2026-03-01,Absent,"2026-04-18 17:23:03"
10356,2926,1787,2026-03-09,Present,"2026-04-18 17:23:03"
10357,18335,1587,2026-03-01,Present,"2026-04-18 17:23:03"
10358,8674,1914,2026-03-04,Present,"2026-04-18 17:23:03"
10359,31760,814,2026-03-09,Absent,"2026-04-18 17:23:03"
10360,10502,1553,2026-03-07,Absent,"2026-04-18 17:23:03"
10361,48195,1435,2026-03-03,Present,"2026-04-18 17:23:03"
10362,48649,1176,2026-03-10,Absent,"2026-04-18 17:23:03"
10363,36155,1374,2026-03-07,Present,"2026-04-18 17:23:03"
10364,2522,1524,2026-03-05,Present,"2026-04-18 17:23:03"
10365,6449,858,2026-03-08,Present,"2026-04-18 17:23:03"
10366,15943,1538,2026-03-03,Present,"2026-04-18 17:23:03"
10367,6414,1987,2026-03-01,Present,"2026-04-18 17:23:03"
10368,2868,1340,2026-03-03,Present,"2026-04-18 17:23:03"
10369,19724,1152,2026-03-01,Present,"2026-04-18 17:23:03"
10370,2126,1974,2026-03-04,Present,"2026-04-18 17:23:03"
10371,16436,1004,2026-03-04,Present,"2026-04-18 17:23:03"
10372,24663,916,2026-03-09,Present,"2026-04-18 17:23:03"
10373,43709,1333,2026-03-07,Absent,"2026-04-18 17:23:03"
10374,27575,792,2026-03-05,Present,"2026-04-18 17:23:03"
10375,252,1073,2026-03-07,Absent,"2026-04-18 17:23:03"
10376,36817,1365,2026-03-08,Absent,"2026-04-18 17:23:03"
10377,45490,1948,2026-03-02,Present,"2026-04-18 17:23:03"
10378,46770,998,2026-03-02,Present,"2026-04-18 17:23:03"
10379,22663,1216,2026-03-07,Present,"2026-04-18 17:23:03"
10380,21821,1960,2026-03-06,Present,"2026-04-18 17:23:03"
10381,29418,1913,2026-03-02,Present,"2026-04-18 17:23:03"
10382,12300,1057,2026-03-01,Present,"2026-04-18 17:23:03"
10383,31825,1787,2026-03-08,Absent,"2026-04-18 17:23:03"
10384,23491,1914,2026-03-05,Absent,"2026-04-18 17:23:03"
10385,30699,1482,2026-03-09,Present,"2026-04-18 17:23:03"
10386,46182,1948,2026-03-06,Present,"2026-04-18 17:23:03"
10387,11299,911,2026-03-04,Present,"2026-04-18 17:23:03"
10388,12314,1482,2026-03-08,Present,"2026-04-18 17:23:03"
10389,1191,911,2026-03-03,Present,"2026-04-18 17:23:03"
10390,13807,1908,2026-03-06,Present,"2026-04-18 17:23:03"
10391,22464,654,2026-03-07,Present,"2026-04-18 17:23:03"
10392,36615,1101,2026-03-03,Present,"2026-04-18 17:23:03"
10393,7215,1164,2026-03-02,Present,"2026-04-18 17:23:03"
10394,22385,1055,2026-03-03,Present,"2026-04-18 17:23:03"
10395,36366,916,2026-03-03,Present,"2026-04-18 17:23:03"
10396,28329,1496,2026-03-02,Present,"2026-04-18 17:23:03"
10397,46381,1517,2026-03-07,Present,"2026-04-18 17:23:03"
10398,14261,1359,2026-03-05,Present,"2026-04-18 17:23:03"
10399,36238,1034,2026-03-10,Absent,"2026-04-18 17:23:03"
10400,1663,1754,2026-03-08,Absent,"2026-04-18 17:23:03"
10401,41321,1060,2026-03-02,Absent,"2026-04-18 17:23:03"
10402,46953,998,2026-03-06,Present,"2026-04-18 17:23:03"
10403,14655,1034,2026-03-08,Absent,"2026-04-18 17:23:03"
10404,32035,1409,2026-03-01,Present,"2026-04-18 17:23:03"
10405,14535,1522,2026-03-06,Absent,"2026-04-18 17:23:03"
10406,22071,1778,2026-03-09,Present,"2026-04-18 17:23:03"
10407,38998,916,2026-03-01,Absent,"2026-04-18 17:23:03"
10408,31254,901,2026-03-01,Present,"2026-04-18 17:23:03"
10409,40241,1352,2026-03-09,Present,"2026-04-18 17:23:03"
10410,15945,1152,2026-03-01,Present,"2026-04-18 17:23:03"
10411,14107,881,2026-03-04,Present,"2026-04-18 17:23:03"
10412,40779,1333,2026-03-06,Present,"2026-04-18 17:23:03"
10413,48057,1422,2026-03-01,Present,"2026-04-18 17:23:03"
10414,4701,701,2026-03-09,Absent,"2026-04-18 17:23:03"
10415,47244,1555,2026-03-06,Present,"2026-04-18 17:23:03"
10416,28582,1949,2026-03-07,Present,"2026-04-18 17:23:03"
10417,17159,998,2026-03-02,Present,"2026-04-18 17:23:03"
10418,39428,1974,2026-03-01,Absent,"2026-04-18 17:23:03"
10419,35546,756,2026-03-10,Present,"2026-04-18 17:23:03"
10420,31711,1974,2026-03-10,Present,"2026-04-18 17:23:03"
10421,34756,759,2026-03-02,Present,"2026-04-18 17:23:03"
10422,26546,973,2026-03-02,Present,"2026-04-18 17:23:03"
10423,35108,1571,2026-03-04,Absent,"2026-04-18 17:23:03"
10424,33279,654,2026-03-03,Present,"2026-04-18 17:23:03"
10425,46724,766,2026-03-02,Present,"2026-04-18 17:23:03"
10426,29404,834,2026-03-07,Present,"2026-04-18 17:23:03"
10427,20921,1359,2026-03-07,Absent,"2026-04-18 17:23:03"
10428,15243,1778,2026-03-09,Present,"2026-04-18 17:23:03"
10429,13421,1834,2026-03-02,Absent,"2026-04-18 17:23:03"
10430,37367,1352,2026-03-07,Absent,"2026-04-18 17:23:03"
10431,13257,669,2026-03-02,Present,"2026-04-18 17:23:03"
10432,35656,1004,2026-03-01,Present,"2026-04-18 17:23:03"
10433,49456,1778,2026-03-08,Present,"2026-04-18 17:23:03"
10434,32749,759,2026-03-01,Present,"2026-04-18 17:23:03"
10435,39433,1914,2026-03-05,Present,"2026-04-18 17:23:03"
10436,11232,1482,2026-03-02,Present,"2026-04-18 17:23:03"
10437,46872,618,2026-03-09,Present,"2026-04-18 17:23:03"
10438,13201,1036,2026-03-03,Present,"2026-04-18 17:23:03"
10439,32637,911,2026-03-08,Absent,"2026-04-18 17:23:03"
10440,7990,1598,2026-03-05,Absent,"2026-04-18 17:23:03"
10441,39640,1036,2026-03-05,Present,"2026-04-18 17:23:03"
10442,13494,1212,2026-03-03,Absent,"2026-04-18 17:23:03"
10443,376,1300,2026-03-06,Absent,"2026-04-18 17:23:03"
10444,20059,1678,2026-03-04,Present,"2026-04-18 17:23:03"
10445,11693,1951,2026-03-05,Present,"2026-04-18 17:23:03"
10446,26247,513,2026-03-01,Present,"2026-04-18 17:23:03"
10447,7038,1951,2026-03-08,Present,"2026-04-18 17:23:03"
10448,30917,1670,2026-03-06,Present,"2026-04-18 17:23:03"
10449,29788,1587,2026-03-05,Present,"2026-04-18 17:23:03"
10450,4771,808,2026-03-04,Present,"2026-04-18 17:23:03"
10451,22771,915,2026-03-05,Present,"2026-04-18 17:23:03"
10452,35369,1365,2026-03-03,Present,"2026-04-18 17:23:03"
10453,47430,669,2026-03-04,Present,"2026-04-18 17:23:03"
10454,1608,961,2026-03-08,Present,"2026-04-18 17:23:03"
10455,14347,1101,2026-03-10,Present,"2026-04-18 17:23:03"
10456,17822,1538,2026-03-10,Present,"2026-04-18 17:23:03"
10457,30009,964,2026-03-06,Present,"2026-04-18 17:23:03"
10458,15927,1202,2026-03-03,Present,"2026-04-18 17:23:03"
10459,19335,759,2026-03-02,Present,"2026-04-18 17:23:03"
10460,13838,973,2026-03-07,Present,"2026-04-18 17:23:03"
10461,26014,1333,2026-03-08,Present,"2026-04-18 17:23:03"
10462,10347,1340,2026-03-02,Present,"2026-04-18 17:23:03"
10463,8758,901,2026-03-10,Present,"2026-04-18 17:23:03"
10464,38155,1343,2026-03-03,Absent,"2026-04-18 17:23:03"
10465,15351,1948,2026-03-02,Present,"2026-04-18 17:23:03"
10466,46873,1908,2026-03-06,Absent,"2026-04-18 17:23:03"
10467,49108,1482,2026-03-06,Present,"2026-04-18 17:23:03"
10468,46044,1949,2026-03-07,Present,"2026-04-18 17:23:03"
10469,39784,1914,2026-03-05,Present,"2026-04-18 17:23:03"
10470,44187,1496,2026-03-09,Present,"2026-04-18 17:23:03"
10471,40649,1184,2026-03-06,Present,"2026-04-18 17:23:03"
10472,32997,881,2026-03-05,Present,"2026-04-18 17:23:03"
10473,49705,1365,2026-03-09,Present,"2026-04-18 17:23:03"
10474,46958,669,2026-03-09,Present,"2026-04-18 17:23:03"
10475,25744,1914,2026-03-09,Absent,"2026-04-18 17:23:03"
10476,27057,1340,2026-03-01,Present,"2026-04-18 17:23:03"
10477,46516,858,2026-03-05,Present,"2026-04-18 17:23:03"
10478,2877,1974,2026-03-01,Absent,"2026-04-18 17:23:03"
10479,49884,973,2026-03-01,Absent,"2026-04-18 17:23:03"
10480,10058,1004,2026-03-08,Present,"2026-04-18 17:23:03"
10481,2877,1343,2026-03-05,Present,"2026-04-18 17:23:03"
10482,43455,1677,2026-03-08,Present,"2026-04-18 17:23:03"
10483,10899,947,2026-03-09,Present,"2026-04-18 17:23:03"
10484,1673,1176,2026-03-02,Present,"2026-04-18 17:23:03"
10485,3664,792,2026-03-02,Present,"2026-04-18 17:23:03"
10486,41708,1598,2026-03-05,Present,"2026-04-18 17:23:03"
10487,9303,1908,2026-03-02,Absent,"2026-04-18 17:23:03"
10488,7880,901,2026-03-08,Present,"2026-04-18 17:23:03"
10489,35431,1948,2026-03-09,Present,"2026-04-18 17:23:03"
10490,6015,876,2026-03-07,Present,"2026-04-18 17:23:03"
10491,40887,834,2026-03-10,Present,"2026-04-18 17:23:03"
10492,39205,701,2026-03-03,Present,"2026-04-18 17:23:03"
10493,17185,1073,2026-03-08,Present,"2026-04-18 17:23:03"
10494,13793,1036,2026-03-02,Present,"2026-04-18 17:23:03"
10495,25077,906,2026-03-04,Present,"2026-04-18 17:23:03"
10496,41009,1176,2026-03-07,Present,"2026-04-18 17:23:03"
10497,48121,573,2026-03-04,Present,"2026-04-18 17:23:03"
10498,7349,901,2026-03-09,Present,"2026-04-18 17:23:03"
10499,21017,1587,2026-03-07,Present,"2026-04-18 17:23:03"
10500,414,1482,2026-03-09,Present,"2026-04-18 17:23:03"
10501,38999,1913,2026-03-04,Present,"2026-04-18 17:23:03"
10502,30852,618,2026-03-10,Present,"2026-04-18 17:23:03"
10503,35158,756,2026-03-01,Absent,"2026-04-18 17:23:03"
10504,35839,1754,2026-03-04,Present,"2026-04-18 17:23:03"
10505,33496,916,2026-03-05,Present,"2026-04-18 17:23:03"
10506,21426,559,2026-03-01,Present,"2026-04-18 17:23:03"
10507,39168,766,2026-03-04,Present,"2026-04-18 17:23:03"
10508,22001,1004,2026-03-06,Present,"2026-04-18 17:23:03"
10509,1440,1333,2026-03-07,Present,"2026-04-18 17:23:03"
10510,31117,1333,2026-03-07,Present,"2026-04-18 17:23:03"
10511,40854,1587,2026-03-02,Present,"2026-04-18 17:23:03"
10512,30821,1034,2026-03-08,Present,"2026-04-18 17:23:03"
10513,31346,1055,2026-03-03,Present,"2026-04-18 17:23:03"
10514,37460,1435,2026-03-04,Absent,"2026-04-18 17:23:03"
10515,7342,701,2026-03-06,Absent,"2026-04-18 17:23:03"
10516,47867,618,2026-03-10,Present,"2026-04-18 17:23:03"
10517,22426,901,2026-03-08,Absent,"2026-04-18 17:23:03"
10518,6766,1830,2026-03-01,Present,"2026-04-18 17:23:03"
10519,18332,1374,2026-03-06,Present,"2026-04-18 17:23:03"
10520,33733,1598,2026-03-02,Present,"2026-04-18 17:23:03"
10521,44607,1005,2026-03-02,Absent,"2026-04-18 17:23:03"
10522,5351,1778,2026-03-02,Present,"2026-04-18 17:23:03"
10523,12378,1073,2026-03-10,Present,"2026-04-18 17:23:03"
10524,38311,1496,2026-03-10,Present,"2026-04-18 17:23:03"
10525,10140,792,2026-03-09,Present,"2026-04-18 17:23:03"
10526,45312,915,2026-03-04,Present,"2026-04-18 17:23:03"
10527,2078,1960,2026-03-05,Present,"2026-04-18 17:23:03"
10528,421,1553,2026-03-03,Present,"2026-04-18 17:23:03"
10529,39829,1598,2026-03-05,Absent,"2026-04-18 17:23:03"
10530,23963,1164,2026-03-09,Present,"2026-04-18 17:23:03"
10531,42504,1164,2026-03-06,Present,"2026-04-18 17:23:03"
10532,21959,1913,2026-03-07,Present,"2026-04-18 17:23:03"
10533,40383,1409,2026-03-03,Present,"2026-04-18 17:23:03"
10534,37710,1974,2026-03-04,Absent,"2026-04-18 17:23:03"
10535,27415,1553,2026-03-06,Present,"2026-04-18 17:23:03"
10536,43335,1524,2026-03-01,Present,"2026-04-18 17:23:03"
10537,27877,1365,2026-03-06,Absent,"2026-04-18 17:23:03"
10538,38529,1987,2026-03-02,Present,"2026-04-18 17:23:03"
10539,17213,792,2026-03-04,Present,"2026-04-18 17:23:03"
10540,16428,1787,2026-03-09,Present,"2026-04-18 17:23:03"
10541,18421,1036,2026-03-06,Absent,"2026-04-18 17:23:03"
10542,45597,1352,2026-03-01,Absent,"2026-04-18 17:23:03"
10543,16280,834,2026-03-02,Absent,"2026-04-18 17:23:03"
10544,3041,1913,2026-03-07,Present,"2026-04-18 17:23:03"
10545,23833,735,2026-03-02,Present,"2026-04-18 17:23:03"
10546,6847,962,2026-03-01,Absent,"2026-04-18 17:23:03"
10547,3514,1948,2026-03-04,Present,"2026-04-18 17:23:03"
10548,35311,1253,2026-03-02,Present,"2026-04-18 17:23:03"
10549,32780,1340,2026-03-05,Present,"2026-04-18 17:23:03"
10550,42686,1176,2026-03-01,Present,"2026-04-18 17:23:03"
10551,2124,915,2026-03-05,Present,"2026-04-18 17:23:03"
10552,14898,1496,2026-03-09,Present,"2026-04-18 17:23:03"
10553,41354,756,2026-03-09,Present,"2026-04-18 17:23:03"
10554,23521,1522,2026-03-07,Present,"2026-04-18 17:23:03"
10555,16768,1343,2026-03-02,Present,"2026-04-18 17:23:03"
10556,17871,1359,2026-03-10,Present,"2026-04-18 17:23:03"
10557,8320,906,2026-03-08,Absent,"2026-04-18 17:23:03"
10558,32533,808,2026-03-03,Present,"2026-04-18 17:23:03"
10559,33138,1333,2026-03-06,Absent,"2026-04-18 17:23:03"
10560,239,1422,2026-03-05,Present,"2026-04-18 17:23:03"
10561,47610,624,2026-03-06,Present,"2026-04-18 17:23:03"
10562,28260,964,2026-03-02,Present,"2026-04-18 17:23:03"
10563,3185,1834,2026-03-09,Present,"2026-04-18 17:23:03"
10564,19798,1908,2026-03-10,Present,"2026-04-18 17:23:03"
10565,29017,1754,2026-03-01,Present,"2026-04-18 17:23:03"
10566,6638,559,2026-03-06,Present,"2026-04-18 17:23:03"
10567,31561,814,2026-03-06,Present,"2026-04-18 17:23:03"
10568,18989,1754,2026-03-01,Present,"2026-04-18 17:23:03"
10569,1141,1675,2026-03-07,Present,"2026-04-18 17:23:03"
10570,9177,876,2026-03-08,Present,"2026-04-18 17:23:03"
10571,14868,792,2026-03-04,Present,"2026-04-18 17:23:03"
10572,33443,1587,2026-03-08,Present,"2026-04-18 17:23:03"
10573,35722,814,2026-03-05,Absent,"2026-04-18 17:23:03"
10574,7862,1164,2026-03-08,Present,"2026-04-18 17:23:03"
10575,28126,916,2026-03-03,Present,"2026-04-18 17:23:03"
10576,48904,1678,2026-03-03,Absent,"2026-04-18 17:23:03"
10577,35483,1482,2026-03-10,Present,"2026-04-18 17:23:03"
10578,49527,1359,2026-03-01,Present,"2026-04-18 17:23:03"
10579,24884,1253,2026-03-07,Present,"2026-04-18 17:23:03"
10580,27743,961,2026-03-04,Present,"2026-04-18 17:23:03"
10581,40540,964,2026-03-07,Absent,"2026-04-18 17:23:03"
10582,21124,513,2026-03-06,Present,"2026-04-18 17:23:03"
10583,3228,701,2026-03-10,Present,"2026-04-18 17:23:03"
10584,42081,1034,2026-03-04,Present,"2026-04-18 17:23:03"
10585,39751,881,2026-03-01,Present,"2026-04-18 17:23:03"
10586,17361,1034,2026-03-01,Present,"2026-04-18 17:23:03"
10587,13816,1435,2026-03-05,Present,"2026-04-18 17:23:03"
10588,19319,573,2026-03-10,Absent,"2026-04-18 17:23:03"
10589,18792,1359,2026-03-01,Present,"2026-04-18 17:23:03"
10590,29711,624,2026-03-06,Present,"2026-04-18 17:23:03"
10591,18636,1960,2026-03-08,Present,"2026-04-18 17:23:03"
10592,33681,1102,2026-03-01,Present,"2026-04-18 17:23:03"
10593,34867,1340,2026-03-10,Present,"2026-04-18 17:23:03"
10594,49539,1587,2026-03-02,Present,"2026-04-18 17:23:03"
10595,29170,1598,2026-03-03,Present,"2026-04-18 17:23:03"
10596,42599,1553,2026-03-10,Absent,"2026-04-18 17:23:03"
10597,15005,1300,2026-03-01,Present,"2026-04-18 17:23:03"
10598,12122,814,2026-03-07,Absent,"2026-04-18 17:23:03"
10599,35731,1374,2026-03-08,Present,"2026-04-18 17:23:03"
10600,26745,573,2026-03-03,Present,"2026-04-18 17:23:03"
10601,44166,998,2026-03-01,Present,"2026-04-18 17:23:03"
10602,28844,906,2026-03-01,Absent,"2026-04-18 17:23:03"
10603,39381,1677,2026-03-02,Present,"2026-04-18 17:23:03"
10604,40645,1055,2026-03-04,Present,"2026-04-18 17:23:03"
10605,19544,1908,2026-03-05,Present,"2026-04-18 17:23:03"
10606,44394,1700,2026-03-05,Present,"2026-04-18 17:23:03"
10607,7650,1352,2026-03-07,Absent,"2026-04-18 17:23:03"
10608,11565,947,2026-03-07,Present,"2026-04-18 17:23:03"
10609,1757,1216,2026-03-04,Present,"2026-04-18 17:23:03"
10610,9104,1036,2026-03-08,Present,"2026-04-18 17:23:03"
10611,37673,876,2026-03-10,Present,"2026-04-18 17:23:03"
10612,32062,1987,2026-03-05,Present,"2026-04-18 17:23:03"
10613,38646,1409,2026-03-08,Present,"2026-04-18 17:23:03"
10614,19385,1834,2026-03-01,Present,"2026-04-18 17:23:03"
10615,18098,1228,2026-03-08,Present,"2026-04-18 17:23:03"
10616,17075,1587,2026-03-08,Present,"2026-04-18 17:23:03"
10617,16585,792,2026-03-08,Present,"2026-04-18 17:23:03"
10618,26631,858,2026-03-05,Absent,"2026-04-18 17:23:03"
10619,18510,1670,2026-03-08,Present,"2026-04-18 17:23:03"
10620,25536,1830,2026-03-07,Present,"2026-04-18 17:23:03"
10621,10359,973,2026-03-07,Present,"2026-04-18 17:23:03"
10622,48234,756,2026-03-09,Present,"2026-04-18 17:23:03"
10623,24967,1176,2026-03-01,Present,"2026-04-18 17:23:03"
10624,21918,962,2026-03-09,Present,"2026-04-18 17:23:03"
10625,9986,814,2026-03-01,Absent,"2026-04-18 17:23:03"
10626,42642,1949,2026-03-08,Present,"2026-04-18 17:23:03"
10627,43610,1960,2026-03-02,Present,"2026-04-18 17:23:03"
10628,15846,998,2026-03-06,Present,"2026-04-18 17:23:03"
10629,27263,1914,2026-03-09,Present,"2026-04-18 17:23:03"
10630,22942,998,2026-03-10,Absent,"2026-04-18 17:23:03"
10631,5913,1555,2026-03-10,Absent,"2026-04-18 17:23:03"
10632,19346,1184,2026-03-03,Present,"2026-04-18 17:23:03"
10633,5078,947,2026-03-10,Absent,"2026-04-18 17:23:03"
10634,38286,1170,2026-03-02,Present,"2026-04-18 17:23:03"
10635,13938,901,2026-03-05,Absent,"2026-04-18 17:23:03"
10636,7299,1060,2026-03-10,Present,"2026-04-18 17:23:03"
10637,13501,1834,2026-03-06,Present,"2026-04-18 17:23:03"
10638,7453,1057,2026-03-08,Present,"2026-04-18 17:23:03"
10639,1408,1164,2026-03-06,Present,"2026-04-18 17:23:03"
10640,17086,1908,2026-03-04,Present,"2026-04-18 17:23:03"
10641,43081,1176,2026-03-04,Present,"2026-04-18 17:23:03"
10642,17624,1987,2026-03-04,Present,"2026-04-18 17:23:03"
10643,33602,1987,2026-03-04,Present,"2026-04-18 17:23:03"
10644,45523,1202,2026-03-07,Present,"2026-04-18 17:23:03"
10645,23110,1152,2026-03-02,Present,"2026-04-18 17:23:03"
10646,24609,1036,2026-03-08,Absent,"2026-04-18 17:23:03"
10647,26398,1834,2026-03-09,Absent,"2026-04-18 17:23:03"
10648,1289,573,2026-03-02,Present,"2026-04-18 17:23:03"
10649,295,1677,2026-03-08,Present,"2026-04-18 17:23:03"
10650,23072,973,2026-03-10,Present,"2026-04-18 17:23:03"
10651,6859,1496,2026-03-09,Present,"2026-04-18 17:23:03"
10652,36319,1343,2026-03-10,Present,"2026-04-18 17:23:03"
10653,7778,1073,2026-03-01,Present,"2026-04-18 17:23:03"
10654,34172,1908,2026-03-03,Present,"2026-04-18 17:23:03"
10655,44222,1555,2026-03-09,Present,"2026-04-18 17:23:03"
10656,21277,1987,2026-03-08,Present,"2026-04-18 17:23:03"
10657,8247,1675,2026-03-04,Present,"2026-04-18 17:23:03"
10658,24207,618,2026-03-01,Present,"2026-04-18 17:23:03"
10659,16740,654,2026-03-08,Present,"2026-04-18 17:23:03"
10660,3600,1253,2026-03-01,Present,"2026-04-18 17:23:03"
10661,19224,876,2026-03-07,Present,"2026-04-18 17:23:03"
10662,6813,1340,2026-03-03,Present,"2026-04-18 17:23:03"
10663,16924,794,2026-03-09,Present,"2026-04-18 17:23:03"
10664,19654,584,2026-03-07,Present,"2026-04-18 17:23:03"
10665,23216,1055,2026-03-05,Present,"2026-04-18 17:23:03"
10666,39532,906,2026-03-09,Absent,"2026-04-18 17:23:03"
10667,7137,973,2026-03-10,Present,"2026-04-18 17:23:03"
10668,24662,1948,2026-03-02,Absent,"2026-04-18 17:23:03"
10669,2164,1292,2026-03-04,Present,"2026-04-18 17:23:03"
10670,34535,624,2026-03-08,Absent,"2026-04-18 17:23:03"
10671,5626,1598,2026-03-05,Present,"2026-04-18 17:23:03"
10672,33838,1914,2026-03-05,Present,"2026-04-18 17:23:03"
10673,28913,1300,2026-03-05,Present,"2026-04-18 17:23:03"
10674,20919,766,2026-03-07,Present,"2026-04-18 17:23:03"
10675,24392,1343,2026-03-01,Present,"2026-04-18 17:23:03"
10676,17571,973,2026-03-01,Present,"2026-04-18 17:23:03"
10677,46731,1034,2026-03-09,Present,"2026-04-18 17:23:03"
10678,29645,858,2026-03-06,Absent,"2026-04-18 17:23:03"
10679,11148,858,2026-03-09,Present,"2026-04-18 17:23:03"
10680,47621,814,2026-03-05,Present,"2026-04-18 17:23:03"
10681,23969,766,2026-03-05,Absent,"2026-04-18 17:23:03"
10682,45691,559,2026-03-10,Present,"2026-04-18 17:23:03"
10683,8259,1170,2026-03-07,Absent,"2026-04-18 17:23:03"
10684,22194,1359,2026-03-10,Present,"2026-04-18 17:23:03"
10685,16364,1184,2026-03-04,Present,"2026-04-18 17:23:03"
10686,48224,1216,2026-03-06,Present,"2026-04-18 17:23:03"
10687,21385,1496,2026-03-04,Present,"2026-04-18 17:23:03"
10688,2927,1834,2026-03-09,Absent,"2026-04-18 17:23:03"
10689,8048,1587,2026-03-09,Present,"2026-04-18 17:23:03"
10690,32134,1951,2026-03-05,Absent,"2026-04-18 17:23:03"
10691,19384,1005,2026-03-03,Present,"2026-04-18 17:23:03"
10692,22853,1524,2026-03-06,Present,"2026-04-18 17:23:03"
10693,43856,1949,2026-03-06,Present,"2026-04-18 17:23:03"
10694,11407,1598,2026-03-10,Present,"2026-04-18 17:23:03"
10695,38377,1216,2026-03-09,Present,"2026-04-18 17:23:03"
10696,20984,575,2026-03-03,Present,"2026-04-18 17:23:03"
10697,34299,654,2026-03-08,Present,"2026-04-18 17:23:03"
10698,4187,1984,2026-03-08,Present,"2026-04-18 17:23:03"
10699,30492,1834,2026-03-04,Present,"2026-04-18 17:23:03"
10700,30452,654,2026-03-06,Present,"2026-04-18 17:23:03"
10701,5676,1555,2026-03-10,Present,"2026-04-18 17:23:03"
10702,20070,1060,2026-03-05,Present,"2026-04-18 17:23:03"
10703,20714,1949,2026-03-06,Present,"2026-04-18 17:23:03"
10704,26332,1984,2026-03-09,Absent,"2026-04-18 17:23:03"
10705,48536,792,2026-03-09,Absent,"2026-04-18 17:23:03"
10706,40658,618,2026-03-06,Absent,"2026-04-18 17:23:03"
10707,40726,1036,2026-03-10,Present,"2026-04-18 17:23:03"
10708,21859,1170,2026-03-03,Present,"2026-04-18 17:23:03"
10709,25367,1587,2026-03-05,Present,"2026-04-18 17:23:03"
10710,1965,973,2026-03-10,Present,"2026-04-18 17:23:03"
10711,17263,792,2026-03-08,Absent,"2026-04-18 17:23:03"
10712,6870,998,2026-03-03,Present,"2026-04-18 17:23:03"
10713,8068,1228,2026-03-05,Present,"2026-04-18 17:23:03"
10714,10024,1948,2026-03-05,Absent,"2026-04-18 17:23:03"
10715,12400,1228,2026-03-04,Present,"2026-04-18 17:23:03"
10716,13554,1101,2026-03-03,Absent,"2026-04-18 17:23:03"
10717,49489,1517,2026-03-04,Present,"2026-04-18 17:23:03"
10718,42656,1073,2026-03-08,Absent,"2026-04-18 17:23:03"
10719,12088,906,2026-03-10,Absent,"2026-04-18 17:23:03"
10720,18250,1482,2026-03-10,Present,"2026-04-18 17:23:03"
10721,8972,1292,2026-03-06,Present,"2026-04-18 17:23:03"
10722,10792,792,2026-03-08,Present,"2026-04-18 17:23:03"
10723,20842,1830,2026-03-03,Present,"2026-04-18 17:23:03"
10724,18037,1787,2026-03-02,Present,"2026-04-18 17:23:03"
10725,47177,531,2026-03-02,Present,"2026-04-18 17:23:03"
10726,30466,794,2026-03-08,Present,"2026-04-18 17:23:03"
10727,34381,794,2026-03-02,Absent,"2026-04-18 17:23:03"
10728,27097,964,2026-03-06,Present,"2026-04-18 17:23:03"
10729,39183,1057,2026-03-05,Present,"2026-04-18 17:23:03"
10730,19720,1435,2026-03-01,Present,"2026-04-18 17:23:03"
10731,48824,876,2026-03-04,Present,"2026-04-18 17:23:03"
10732,44671,1670,2026-03-01,Present,"2026-04-18 17:23:03"
10733,29711,1170,2026-03-07,Present,"2026-04-18 17:23:03"
10734,49846,808,2026-03-04,Present,"2026-04-18 17:23:03"
10735,18538,1914,2026-03-03,Absent,"2026-04-18 17:23:03"
10736,39226,1365,2026-03-05,Present,"2026-04-18 17:23:03"
10737,32246,1700,2026-03-05,Absent,"2026-04-18 17:23:03"
10738,5820,1757,2026-03-01,Present,"2026-04-18 17:23:03"
10739,18596,973,2026-03-02,Present,"2026-04-18 17:23:03"
10740,23870,1352,2026-03-03,Present,"2026-04-18 17:23:03"
10741,11502,618,2026-03-10,Present,"2026-04-18 17:23:03"
10742,29555,1677,2026-03-07,Absent,"2026-04-18 17:23:03"
10743,39505,1005,2026-03-06,Present,"2026-04-18 17:23:03"
10744,21124,531,2026-03-09,Present,"2026-04-18 17:23:03"
10745,9810,1787,2026-03-05,Present,"2026-04-18 17:23:03"
10746,14682,1176,2026-03-02,Present,"2026-04-18 17:23:03"
10747,16384,1914,2026-03-01,Present,"2026-04-18 17:23:03"
10748,6325,531,2026-03-09,Absent,"2026-04-18 17:23:03"
10749,28809,998,2026-03-10,Present,"2026-04-18 17:23:03"
10750,20984,964,2026-03-01,Present,"2026-04-18 17:23:03"
10751,10470,1834,2026-03-08,Absent,"2026-04-18 17:23:03"
10752,41419,1292,2026-03-09,Present,"2026-04-18 17:23:03"
10753,37839,1960,2026-03-08,Absent,"2026-04-18 17:23:03"
10754,25171,1778,2026-03-06,Present,"2026-04-18 17:23:03"
10755,10807,1913,2026-03-01,Present,"2026-04-18 17:23:03"
10756,23003,1677,2026-03-01,Present,"2026-04-18 17:23:03"
10757,27784,1253,2026-03-09,Present,"2026-04-18 17:23:03"
10758,37912,1184,2026-03-08,Present,"2026-04-18 17:23:03"
10759,48234,794,2026-03-01,Absent,"2026-04-18 17:23:03"
10760,15085,1253,2026-03-01,Present,"2026-04-18 17:23:03"
10761,12060,584,2026-03-07,Present,"2026-04-18 17:23:03"
10762,28363,1164,2026-03-06,Present,"2026-04-18 17:23:03"
10763,22565,901,2026-03-10,Present,"2026-04-18 17:23:03"
10764,24217,756,2026-03-08,Present,"2026-04-18 17:23:03"
10765,25520,881,2026-03-09,Present,"2026-04-18 17:23:03"
10766,44577,1055,2026-03-01,Absent,"2026-04-18 17:23:03"
10767,26383,911,2026-03-02,Absent,"2026-04-18 17:23:03"
10768,45126,1073,2026-03-07,Present,"2026-04-18 17:23:03"
10769,13079,964,2026-03-06,Present,"2026-04-18 17:23:03"
10770,44705,1522,2026-03-02,Present,"2026-04-18 17:23:03"
10771,10339,858,2026-03-03,Present,"2026-04-18 17:23:03"
10772,10807,1340,2026-03-04,Absent,"2026-04-18 17:23:03"
10773,43088,834,2026-03-05,Present,"2026-04-18 17:23:03"
10774,16163,906,2026-03-10,Present,"2026-04-18 17:23:03"
10775,12046,1004,2026-03-02,Absent,"2026-04-18 17:23:03"
10776,37534,1216,2026-03-05,Present,"2026-04-18 17:23:03"
10777,43856,1598,2026-03-07,Present,"2026-04-18 17:23:03"
10778,8951,759,2026-03-08,Present,"2026-04-18 17:23:03"
10779,21972,1678,2026-03-04,Present,"2026-04-18 17:23:03"
10780,26131,766,2026-03-03,Present,"2026-04-18 17:23:03"
10781,10924,1482,2026-03-03,Present,"2026-04-18 17:23:03"
10782,24335,1352,2026-03-07,Present,"2026-04-18 17:23:03"
10783,15467,1365,2026-03-01,Present,"2026-04-18 17:23:03"
10784,30478,973,2026-03-08,Present,"2026-04-18 17:23:03"
10785,664,1101,2026-03-07,Absent,"2026-04-18 17:23:03"
10786,23882,766,2026-03-03,Present,"2026-04-18 17:23:03"
10787,43770,654,2026-03-01,Absent,"2026-04-18 17:23:03"
10788,16311,1152,2026-03-08,Present,"2026-04-18 17:23:03"
10789,7553,964,2026-03-10,Present,"2026-04-18 17:23:03"
10790,42253,575,2026-03-07,Absent,"2026-04-18 17:23:03"
10791,6429,624,2026-03-04,Present,"2026-04-18 17:23:03"
10792,49963,1675,2026-03-07,Present,"2026-04-18 17:23:03"
10793,16704,961,2026-03-01,Present,"2026-04-18 17:23:03"
10794,17296,1101,2026-03-08,Present,"2026-04-18 17:23:03"
10795,32092,1036,2026-03-03,Present,"2026-04-18 17:23:03"
10796,3509,618,2026-03-10,Present,"2026-04-18 17:23:03"
10797,12402,573,2026-03-05,Present,"2026-04-18 17:23:03"
10798,16586,1212,2026-03-03,Present,"2026-04-18 17:23:03"
10799,20087,1300,2026-03-03,Absent,"2026-04-18 17:23:03"
10800,22615,1422,2026-03-02,Absent,"2026-04-18 17:23:03"
10801,43168,1212,2026-03-09,Present,"2026-04-18 17:23:03"
10802,8338,962,2026-03-08,Present,"2026-04-18 17:23:03"
10803,20978,1598,2026-03-05,Present,"2026-04-18 17:23:03"
10804,6144,1340,2026-03-10,Present,"2026-04-18 17:23:03"
10805,44473,792,2026-03-10,Present,"2026-04-18 17:23:03"
10806,100,1487,2026-03-08,Present,"2026-04-18 17:23:03"
10807,37246,1164,2026-03-06,Absent,"2026-04-18 17:23:03"
10808,48041,531,2026-03-09,Present,"2026-04-18 17:23:03"
10809,45948,1987,2026-03-06,Absent,"2026-04-18 17:23:03"
10810,47474,964,2026-03-01,Present,"2026-04-18 17:23:03"
10811,8674,559,2026-03-07,Present,"2026-04-18 17:23:03"
10812,34535,624,2026-03-10,Present,"2026-04-18 17:23:03"
10813,5395,1034,2026-03-08,Absent,"2026-04-18 17:23:03"
10814,34131,911,2026-03-10,Present,"2026-04-18 17:23:03"
10815,5662,901,2026-03-07,Absent,"2026-04-18 17:23:03"
10816,43603,1675,2026-03-10,Present,"2026-04-18 17:23:03"
10817,16763,1517,2026-03-09,Present,"2026-04-18 17:23:03"
10818,33640,1152,2026-03-08,Absent,"2026-04-18 17:23:03"
10819,13849,1102,2026-03-03,Absent,"2026-04-18 17:23:03"
10820,14906,1352,2026-03-09,Present,"2026-04-18 17:23:03"
10821,19384,794,2026-03-03,Present,"2026-04-18 17:23:03"
10822,14445,1754,2026-03-06,Present,"2026-04-18 17:23:03"
10823,9383,618,2026-03-03,Present,"2026-04-18 17:23:03"
10824,15197,1538,2026-03-08,Present,"2026-04-18 17:23:03"
10825,45405,1212,2026-03-01,Present,"2026-04-18 17:23:03"
10826,31916,1830,2026-03-07,Absent,"2026-04-18 17:23:03"
10827,10539,814,2026-03-02,Present,"2026-04-18 17:23:03"
10828,4238,973,2026-03-09,Present,"2026-04-18 17:23:03"
10829,27934,1184,2026-03-04,Present,"2026-04-18 17:23:03"
10830,16477,1164,2026-03-03,Present,"2026-04-18 17:23:03"
10831,4385,1974,2026-03-04,Present,"2026-04-18 17:23:03"
10832,44180,1553,2026-03-02,Present,"2026-04-18 17:23:03"
10833,2886,911,2026-03-06,Present,"2026-04-18 17:23:03"
10834,19675,654,2026-03-03,Present,"2026-04-18 17:23:03"
10835,37871,1670,2026-03-08,Present,"2026-04-18 17:23:03"
10836,2272,876,2026-03-07,Present,"2026-04-18 17:23:03"
10837,255,1216,2026-03-02,Present,"2026-04-18 17:23:03"
10838,36376,513,2026-03-08,Present,"2026-04-18 17:23:03"
10839,41808,1949,2026-03-01,Absent,"2026-04-18 17:23:03"
10840,14887,947,2026-03-08,Present,"2026-04-18 17:23:03"
10841,39428,1974,2026-03-06,Present,"2026-04-18 17:23:03"
10842,27826,1340,2026-03-05,Present,"2026-04-18 17:23:03"
10843,16704,961,2026-03-02,Present,"2026-04-18 17:23:03"
10844,49628,1984,2026-03-04,Present,"2026-04-18 17:23:03"
10845,24342,792,2026-03-01,Absent,"2026-04-18 17:23:03"
10846,6890,1948,2026-03-01,Present,"2026-04-18 17:23:03"
10847,26978,814,2026-03-01,Present,"2026-04-18 17:23:03"
10848,18211,575,2026-03-09,Present,"2026-04-18 17:23:03"
10849,40855,973,2026-03-08,Present,"2026-04-18 17:23:03"
10850,3132,1212,2026-03-06,Present,"2026-04-18 17:23:03"
10851,8946,1487,2026-03-06,Present,"2026-04-18 17:23:03"
10852,3561,1102,2026-03-09,Present,"2026-04-18 17:23:03"
10853,48726,531,2026-03-04,Present,"2026-04-18 17:23:03"
10854,29859,808,2026-03-10,Present,"2026-04-18 17:23:03"
10855,29698,1034,2026-03-01,Present,"2026-04-18 17:23:03"
10856,24662,911,2026-03-06,Present,"2026-04-18 17:23:03"
10857,30917,1914,2026-03-08,Present,"2026-04-18 17:23:03"
10858,20740,559,2026-03-02,Absent,"2026-04-18 17:23:03"
10859,12628,1834,2026-03-07,Present,"2026-04-18 17:23:03"
10860,44344,1700,2026-03-08,Present,"2026-04-18 17:23:03"
10861,27374,1487,2026-03-02,Present,"2026-04-18 17:23:03"
10862,22069,814,2026-03-01,Absent,"2026-04-18 17:23:03"
10863,48418,618,2026-03-08,Present,"2026-04-18 17:23:03"
10864,47241,624,2026-03-10,Present,"2026-04-18 17:23:03"
10865,19165,1333,2026-03-09,Present,"2026-04-18 17:23:03"
10866,46820,1005,2026-03-09,Present,"2026-04-18 17:23:03"
10867,2478,1060,2026-03-06,Present,"2026-04-18 17:23:03"
10868,39927,1517,2026-03-03,Present,"2026-04-18 17:23:03"
10869,48543,1948,2026-03-05,Present,"2026-04-18 17:23:03"
10870,38851,1482,2026-03-06,Present,"2026-04-18 17:23:03"
10871,3184,712,2026-03-02,Present,"2026-04-18 17:23:03"
10872,35531,624,2026-03-07,Present,"2026-04-18 17:23:03"
10873,36291,947,2026-03-08,Present,"2026-04-18 17:23:03"
10874,26944,513,2026-03-02,Present,"2026-04-18 17:23:03"
10875,16399,973,2026-03-04,Present,"2026-04-18 17:23:03"
10876,6548,998,2026-03-06,Present,"2026-04-18 17:23:03"
10877,18211,1974,2026-03-04,Present,"2026-04-18 17:23:03"
10878,23251,559,2026-03-04,Absent,"2026-04-18 17:23:03"
10879,37881,1960,2026-03-04,Absent,"2026-04-18 17:23:03"
10880,13302,1176,2026-03-05,Present,"2026-04-18 17:23:03"
10881,9299,961,2026-03-03,Present,"2026-04-18 17:23:03"
10882,33279,973,2026-03-03,Absent,"2026-04-18 17:23:03"
10883,15239,1913,2026-03-08,Present,"2026-04-18 17:23:03"
10884,21951,1202,2026-03-06,Present,"2026-04-18 17:23:03"
10885,3203,766,2026-03-06,Absent,"2026-04-18 17:23:03"
10886,10985,1482,2026-03-03,Present,"2026-04-18 17:23:03"
10887,32266,1340,2026-03-04,Absent,"2026-04-18 17:23:03"
10888,13471,1216,2026-03-03,Present,"2026-04-18 17:23:03"
10889,442,1073,2026-03-08,Present,"2026-04-18 17:23:03"
10890,2390,1538,2026-03-03,Present,"2026-04-18 17:23:03"
10891,34567,973,2026-03-03,Present,"2026-04-18 17:23:03"
10892,31693,901,2026-03-02,Present,"2026-04-18 17:23:03"
10893,6320,916,2026-03-08,Present,"2026-04-18 17:23:03"
10894,43054,1949,2026-03-07,Present,"2026-04-18 17:23:03"
10895,41928,712,2026-03-08,Present,"2026-04-18 17:23:03"
10896,31592,654,2026-03-08,Present,"2026-04-18 17:23:03"
10897,36223,911,2026-03-05,Absent,"2026-04-18 17:23:03"
10898,13564,947,2026-03-04,Present,"2026-04-18 17:23:03"
10899,6428,1948,2026-03-06,Present,"2026-04-18 17:23:03"
10900,19802,792,2026-03-08,Present,"2026-04-18 17:23:03"
10901,37887,1343,2026-03-02,Present,"2026-04-18 17:23:03"
10902,23023,901,2026-03-08,Present,"2026-04-18 17:23:03"
10903,40431,766,2026-03-09,Present,"2026-04-18 17:23:03"
10904,42663,1949,2026-03-10,Present,"2026-04-18 17:23:03"
10905,35157,1216,2026-03-03,Absent,"2026-04-18 17:23:03"
10906,4588,1538,2026-03-07,Present,"2026-04-18 17:23:03"
10907,38567,559,2026-03-01,Present,"2026-04-18 17:23:03"
10908,40752,1152,2026-03-05,Absent,"2026-04-18 17:23:03"
10909,35315,1487,2026-03-01,Present,"2026-04-18 17:23:03"
10910,313,712,2026-03-05,Present,"2026-04-18 17:23:03"
10911,4094,906,2026-03-03,Present,"2026-04-18 17:23:03"
10912,21463,1678,2026-03-04,Present,"2026-04-18 17:23:03"
10913,12712,1055,2026-03-10,Absent,"2026-04-18 17:23:03"
10914,8843,1538,2026-03-05,Present,"2026-04-18 17:23:03"
10915,32274,911,2026-03-01,Absent,"2026-04-18 17:23:03"
10916,36685,1292,2026-03-01,Present,"2026-04-18 17:23:03"
10917,28082,1292,2026-03-02,Present,"2026-04-18 17:23:03"
10918,41964,1487,2026-03-10,Present,"2026-04-18 17:23:03"
10919,49673,1598,2026-03-08,Present,"2026-04-18 17:23:03"
10920,14307,911,2026-03-02,Absent,"2026-04-18 17:23:03"
10921,30140,1409,2026-03-02,Absent,"2026-04-18 17:23:03"
10922,25804,1675,2026-03-04,Absent,"2026-04-18 17:23:03"
10923,24773,1422,2026-03-02,Absent,"2026-04-18 17:23:03"
10924,3401,1057,2026-03-03,Present,"2026-04-18 17:23:03"
10925,18698,669,2026-03-08,Present,"2026-04-18 17:23:03"
10926,34849,756,2026-03-05,Present,"2026-04-18 17:23:03"
10927,34742,1517,2026-03-07,Present,"2026-04-18 17:23:03"
10928,18255,1343,2026-03-04,Present,"2026-04-18 17:23:03"
10929,7298,1036,2026-03-05,Present,"2026-04-18 17:23:03"
10930,2837,1343,2026-03-07,Present,"2026-04-18 17:23:03"
10931,2412,1212,2026-03-06,Present,"2026-04-18 17:23:03"
10932,28266,559,2026-03-04,Present,"2026-04-18 17:23:03"
10933,20189,876,2026-03-07,Present,"2026-04-18 17:23:03"
10934,3600,834,2026-03-02,Present,"2026-04-18 17:23:03"
10935,15477,575,2026-03-08,Present,"2026-04-18 17:23:03"
10936,39787,1700,2026-03-08,Present,"2026-04-18 17:23:03"
10937,1746,1700,2026-03-01,Present,"2026-04-18 17:23:03"
10938,46332,962,2026-03-10,Present,"2026-04-18 17:23:03"
10939,3843,1987,2026-03-07,Present,"2026-04-18 17:23:03"
10940,16119,915,2026-03-05,Absent,"2026-04-18 17:23:03"
10941,5249,1754,2026-03-05,Present,"2026-04-18 17:23:03"
10942,20033,573,2026-03-03,Present,"2026-04-18 17:23:03"
10943,2789,1830,2026-03-01,Present,"2026-04-18 17:23:03"
10944,43192,1522,2026-03-05,Present,"2026-04-18 17:23:03"
10945,43279,575,2026-03-02,Present,"2026-04-18 17:23:03"
10946,45432,1960,2026-03-01,Absent,"2026-04-18 17:23:03"
10947,36748,792,2026-03-02,Absent,"2026-04-18 17:23:03"
10948,13277,973,2026-03-08,Present,"2026-04-18 17:23:03"
10949,14859,1834,2026-03-06,Absent,"2026-04-18 17:23:03"
10950,30341,1004,2026-03-06,Present,"2026-04-18 17:23:03"
10951,12942,1754,2026-03-04,Present,"2026-04-18 17:23:03"
10952,20327,1365,2026-03-03,Absent,"2026-04-18 17:23:03"
10953,8758,1343,2026-03-01,Present,"2026-04-18 17:23:03"
10954,32454,1949,2026-03-01,Present,"2026-04-18 17:23:03"
10955,32191,916,2026-03-01,Present,"2026-04-18 17:23:03"
10956,23216,876,2026-03-08,Present,"2026-04-18 17:23:03"
10957,38616,1176,2026-03-02,Absent,"2026-04-18 17:23:03"
10958,12357,1571,2026-03-06,Present,"2026-04-18 17:23:03"
10959,12942,1553,2026-03-08,Present,"2026-04-18 17:23:03"
10960,42070,808,2026-03-06,Present,"2026-04-18 17:23:03"
10961,42253,1152,2026-03-09,Present,"2026-04-18 17:23:03"
10962,49005,1365,2026-03-02,Present,"2026-04-18 17:23:03"
10963,31395,808,2026-03-08,Present,"2026-04-18 17:23:03"
10964,27580,1677,2026-03-02,Present,"2026-04-18 17:23:03"
10965,4051,1055,2026-03-03,Present,"2026-04-18 17:23:03"
10966,8337,584,2026-03-02,Present,"2026-04-18 17:23:03"
10967,26027,1034,2026-03-10,Present,"2026-04-18 17:23:03"
10968,30847,1034,2026-03-08,Present,"2026-04-18 17:23:03"
10969,44362,1374,2026-03-09,Present,"2026-04-18 17:23:03"
10970,31667,1908,2026-03-03,Present,"2026-04-18 17:23:03"
10971,1203,1948,2026-03-08,Present,"2026-04-18 17:23:03"
10972,32214,1538,2026-03-01,Present,"2026-04-18 17:23:03"
10973,4806,1359,2026-03-02,Present,"2026-04-18 17:23:03"
10974,39292,669,2026-03-03,Present,"2026-04-18 17:23:03"
10975,8118,712,2026-03-10,Present,"2026-04-18 17:23:03"
10976,3010,1496,2026-03-08,Absent,"2026-04-18 17:23:03"
10977,33981,654,2026-03-06,Present,"2026-04-18 17:23:03"
10978,21488,1987,2026-03-01,Present,"2026-04-18 17:23:03"
10979,8914,1778,2026-03-09,Present,"2026-04-18 17:23:03"
10980,47239,858,2026-03-09,Present,"2026-04-18 17:23:03"
10981,28216,961,2026-03-09,Present,"2026-04-18 17:23:03"
10982,435,876,2026-03-02,Present,"2026-04-18 17:23:03"
10983,3326,766,2026-03-06,Absent,"2026-04-18 17:23:03"
10984,2363,1005,2026-03-03,Present,"2026-04-18 17:23:03"
10985,31172,1787,2026-03-06,Present,"2026-04-18 17:23:03"
10986,42543,1555,2026-03-07,Present,"2026-04-18 17:23:03"
10987,14265,1757,2026-03-09,Absent,"2026-04-18 17:23:03"
10988,12810,1365,2026-03-10,Present,"2026-04-18 17:23:03"
10989,14238,792,2026-03-07,Present,"2026-04-18 17:23:03"
10990,24140,756,2026-03-08,Present,"2026-04-18 17:23:03"
10991,16387,1352,2026-03-10,Present,"2026-04-18 17:23:03"
10992,44353,792,2026-03-10,Absent,"2026-04-18 17:23:03"
10993,27263,1343,2026-03-02,Present,"2026-04-18 17:23:03"
10994,3448,1212,2026-03-02,Present,"2026-04-18 17:23:03"
10995,35566,947,2026-03-04,Present,"2026-04-18 17:23:03"
10996,22093,1757,2026-03-09,Present,"2026-04-18 17:23:03"
10997,37386,998,2026-03-07,Present,"2026-04-18 17:23:03"
10998,16686,1487,2026-03-10,Present,"2026-04-18 17:23:03"
10999,17674,1754,2026-03-04,Present,"2026-04-18 17:23:03"
11000,1876,1778,2026-03-10,Present,"2026-04-18 17:23:03"
11001,47506,1057,2026-03-04,Present,"2026-04-18 17:23:03"
11002,47434,834,2026-03-07,Present,"2026-04-18 17:23:03"
11003,10866,916,2026-03-05,Present,"2026-04-18 17:23:03"
11004,7959,808,2026-03-03,Absent,"2026-04-18 17:23:03"
11005,37824,1675,2026-03-04,Present,"2026-04-18 17:23:03"
11006,17980,1228,2026-03-08,Present,"2026-04-18 17:23:03"
11007,1342,794,2026-03-09,Present,"2026-04-18 17:23:03"
11008,48555,1700,2026-03-02,Present,"2026-04-18 17:23:03"
11009,26988,1060,2026-03-09,Absent,"2026-04-18 17:23:03"
11010,22182,1700,2026-03-08,Present,"2026-04-18 17:23:03"
11011,41023,1184,2026-03-08,Absent,"2026-04-18 17:23:03"
11012,21912,1228,2026-03-03,Present,"2026-04-18 17:23:03"
11013,8416,964,2026-03-08,Present,"2026-04-18 17:23:03"
11014,20592,998,2026-03-05,Absent,"2026-04-18 17:23:03"
11015,32686,964,2026-03-05,Present,"2026-04-18 17:23:03"
11016,13874,1374,2026-03-01,Present,"2026-04-18 17:23:03"
11017,20195,766,2026-03-09,Absent,"2026-04-18 17:23:03"
11018,30961,618,2026-03-06,Present,"2026-04-18 17:23:03"
11019,3322,1538,2026-03-10,Present,"2026-04-18 17:23:03"
11020,24937,701,2026-03-02,Present,"2026-04-18 17:23:03"
11021,46765,808,2026-03-02,Present,"2026-04-18 17:23:03"
11022,16979,1228,2026-03-07,Present,"2026-04-18 17:23:03"
11023,36800,814,2026-03-06,Present,"2026-04-18 17:23:03"
11024,14755,1951,2026-03-09,Present,"2026-04-18 17:23:03"
11025,34137,964,2026-03-10,Present,"2026-04-18 17:23:03"
11026,20938,915,2026-03-02,Absent,"2026-04-18 17:23:03"
11027,32557,1538,2026-03-06,Present,"2026-04-18 17:23:03"
11028,23066,1152,2026-03-02,Present,"2026-04-18 17:23:03"
11029,16796,1677,2026-03-04,Present,"2026-04-18 17:23:03"
11030,19671,1340,2026-03-07,Present,"2026-04-18 17:23:03"
11031,7236,947,2026-03-02,Absent,"2026-04-18 17:23:03"
11032,23995,669,2026-03-04,Present,"2026-04-18 17:23:03"
11033,32011,962,2026-03-09,Present,"2026-04-18 17:23:03"
11034,27439,1675,2026-03-10,Present,"2026-04-18 17:23:03"
11035,17571,915,2026-03-04,Absent,"2026-04-18 17:23:03"
11036,11978,1101,2026-03-03,Present,"2026-04-18 17:23:03"
11037,28805,1522,2026-03-03,Present,"2026-04-18 17:23:03"
11038,20438,584,2026-03-03,Absent,"2026-04-18 17:23:03"
11039,18275,1253,2026-03-09,Present,"2026-04-18 17:23:03"
11040,34262,1228,2026-03-10,Present,"2026-04-18 17:23:03"
11041,412,1598,2026-03-04,Present,"2026-04-18 17:23:03"
11042,35280,1974,2026-03-01,Present,"2026-04-18 17:23:03"
11043,5007,573,2026-03-10,Absent,"2026-04-18 17:23:03"
11044,42069,1949,2026-03-03,Present,"2026-04-18 17:23:03"
11045,41400,531,2026-03-04,Present,"2026-04-18 17:23:03"
11046,27419,701,2026-03-03,Present,"2026-04-18 17:23:03"
11047,10123,1914,2026-03-09,Absent,"2026-04-18 17:23:03"
11048,15604,1517,2026-03-07,Present,"2026-04-18 17:23:03"
11049,32960,513,2026-03-07,Present,"2026-04-18 17:23:03"
11050,23339,1004,2026-03-06,Present,"2026-04-18 17:23:03"
11051,35399,1754,2026-03-01,Absent,"2026-04-18 17:23:03"
11052,48713,513,2026-03-04,Present,"2026-04-18 17:23:03"
11053,49198,1034,2026-03-04,Present,"2026-04-18 17:23:03"
11054,31421,1677,2026-03-10,Present,"2026-04-18 17:23:03"
11055,49349,1538,2026-03-08,Absent,"2026-04-18 17:23:03"
11056,26254,1102,2026-03-06,Present,"2026-04-18 17:23:03"
11057,13257,1184,2026-03-06,Present,"2026-04-18 17:23:03"
11058,39701,1913,2026-03-06,Absent,"2026-04-18 17:23:03"
11059,49975,1948,2026-03-08,Present,"2026-04-18 17:23:03"
11060,18244,1228,2026-03-06,Present,"2026-04-18 17:23:03"
11061,22731,1202,2026-03-07,Present,"2026-04-18 17:23:03"
11062,49350,756,2026-03-07,Present,"2026-04-18 17:23:03"
11063,2686,1538,2026-03-04,Present,"2026-04-18 17:23:03"
11064,36841,1004,2026-03-10,Present,"2026-04-18 17:23:03"
11065,9178,1300,2026-03-03,Present,"2026-04-18 17:23:03"
11066,44281,1960,2026-03-04,Present,"2026-04-18 17:23:03"
11067,1720,1677,2026-03-03,Present,"2026-04-18 17:23:03"
11068,7942,531,2026-03-07,Present,"2026-04-18 17:23:03"
11069,16813,973,2026-03-06,Present,"2026-04-18 17:23:03"
11070,43644,973,2026-03-04,Present,"2026-04-18 17:23:03"
11071,26158,973,2026-03-01,Absent,"2026-04-18 17:23:03"
11072,23454,766,2026-03-03,Present,"2026-04-18 17:23:03"
11073,28516,1073,2026-03-08,Absent,"2026-04-18 17:23:03"
11074,46502,1374,2026-03-01,Present,"2026-04-18 17:23:03"
11075,3786,876,2026-03-05,Absent,"2026-04-18 17:23:03"
11076,7512,1487,2026-03-06,Absent,"2026-04-18 17:23:03"
11077,23411,1333,2026-03-06,Absent,"2026-04-18 17:23:03"
11078,8105,1365,2026-03-04,Present,"2026-04-18 17:23:03"
11079,34170,1908,2026-03-03,Absent,"2026-04-18 17:23:03"
11080,34596,1073,2026-03-04,Present,"2026-04-18 17:23:03"
11081,15375,998,2026-03-06,Present,"2026-04-18 17:23:03"
11082,34576,876,2026-03-05,Present,"2026-04-18 17:23:03"
11083,27958,1055,2026-03-03,Absent,"2026-04-18 17:23:03"
11084,27679,858,2026-03-05,Present,"2026-04-18 17:23:03"
11085,23417,1343,2026-03-07,Present,"2026-04-18 17:23:03"
11086,42844,1212,2026-03-09,Present,"2026-04-18 17:23:03"
11087,7647,1678,2026-03-08,Present,"2026-04-18 17:23:03"
11088,37334,1073,2026-03-03,Present,"2026-04-18 17:23:03"
11089,17273,1522,2026-03-10,Present,"2026-04-18 17:23:03"
11090,9827,1948,2026-03-02,Present,"2026-04-18 17:23:03"
11091,34578,1487,2026-03-06,Absent,"2026-04-18 17:23:03"
11092,40779,1343,2026-03-02,Present,"2026-04-18 17:23:03"
11093,44905,881,2026-03-06,Present,"2026-04-18 17:23:03"
11094,11869,1960,2026-03-09,Absent,"2026-04-18 17:23:03"
11095,2838,1202,2026-03-06,Present,"2026-04-18 17:23:03"
11096,26767,1036,2026-03-09,Present,"2026-04-18 17:23:03"
11097,31889,1555,2026-03-09,Absent,"2026-04-18 17:23:03"
11098,3082,1409,2026-03-01,Present,"2026-04-18 17:23:03"
11099,41180,1700,2026-03-02,Absent,"2026-04-18 17:23:03"
11100,39656,618,2026-03-07,Present,"2026-04-18 17:23:03"
11101,462,1524,2026-03-10,Present,"2026-04-18 17:23:03"
11102,24456,1754,2026-03-01,Present,"2026-04-18 17:23:03"
11103,23961,1951,2026-03-09,Absent,"2026-04-18 17:23:03"
11104,7650,911,2026-03-09,Present,"2026-04-18 17:23:03"
11105,26773,964,2026-03-08,Present,"2026-04-18 17:23:03"
11106,20799,1055,2026-03-05,Present,"2026-04-18 17:23:03"
11107,26819,1422,2026-03-04,Absent,"2026-04-18 17:23:03"
11108,41509,573,2026-03-04,Absent,"2026-04-18 17:23:03"
11109,4950,1908,2026-03-09,Present,"2026-04-18 17:23:03"
11110,17282,947,2026-03-09,Absent,"2026-04-18 17:23:03"
11111,13525,1164,2026-03-10,Absent,"2026-04-18 17:23:03"
11112,3239,1496,2026-03-01,Present,"2026-04-18 17:23:03"
11113,31554,573,2026-03-01,Present,"2026-04-18 17:23:03"
11114,46571,1757,2026-03-05,Present,"2026-04-18 17:23:03"
11115,43253,1913,2026-03-09,Present,"2026-04-18 17:23:03"
11116,43282,1343,2026-03-01,Present,"2026-04-18 17:23:03"
11117,35784,1374,2026-03-01,Present,"2026-04-18 17:23:03"
11118,29710,1101,2026-03-09,Present,"2026-04-18 17:23:03"
11119,11495,712,2026-03-05,Absent,"2026-04-18 17:23:03"
11120,46915,1164,2026-03-09,Present,"2026-04-18 17:23:03"
11121,44273,1036,2026-03-05,Present,"2026-04-18 17:23:03"
11122,20814,575,2026-03-09,Present,"2026-04-18 17:23:03"
11123,40218,1212,2026-03-10,Absent,"2026-04-18 17:23:03"
11124,35276,701,2026-03-02,Present,"2026-04-18 17:23:03"
11125,12018,1409,2026-03-03,Present,"2026-04-18 17:23:03"
11126,1509,1343,2026-03-07,Present,"2026-04-18 17:23:03"
11127,16515,1359,2026-03-05,Present,"2026-04-18 17:23:03"
11128,47685,1914,2026-03-05,Present,"2026-04-18 17:23:03"
11129,21030,1034,2026-03-06,Absent,"2026-04-18 17:23:03"
11130,16067,906,2026-03-05,Present,"2026-04-18 17:23:03"
11131,8970,1587,2026-03-07,Present,"2026-04-18 17:23:03"
11132,2421,1754,2026-03-02,Present,"2026-04-18 17:23:03"
11133,36602,1754,2026-03-09,Present,"2026-04-18 17:23:03"
11134,39532,998,2026-03-09,Present,"2026-04-18 17:23:03"
11135,3890,998,2026-03-05,Present,"2026-04-18 17:23:03"
11136,44790,1004,2026-03-02,Present,"2026-04-18 17:23:03"
11137,42490,1170,2026-03-02,Present,"2026-04-18 17:23:03"
11138,3185,1102,2026-03-01,Present,"2026-04-18 17:23:03"
11139,14530,575,2026-03-04,Present,"2026-04-18 17:23:03"
11140,37532,1522,2026-03-03,Present,"2026-04-18 17:23:03"
11141,21589,1757,2026-03-10,Absent,"2026-04-18 17:23:03"
11142,8555,1212,2026-03-02,Absent,"2026-04-18 17:23:03"
11143,9922,1176,2026-03-02,Present,"2026-04-18 17:23:03"
11144,15516,1960,2026-03-02,Present,"2026-04-18 17:23:03"
11145,42040,881,2026-03-05,Present,"2026-04-18 17:23:03"
11146,1405,1184,2026-03-08,Absent,"2026-04-18 17:23:03"
11147,49941,712,2026-03-03,Present,"2026-04-18 17:23:03"
11148,44885,669,2026-03-05,Present,"2026-04-18 17:23:03"
11149,26918,1787,2026-03-01,Absent,"2026-04-18 17:23:03"
11150,9398,1004,2026-03-02,Present,"2026-04-18 17:23:03"
11151,44150,1830,2026-03-06,Absent,"2026-04-18 17:23:03"
11152,7811,881,2026-03-03,Absent,"2026-04-18 17:23:03"
11153,2971,808,2026-03-06,Present,"2026-04-18 17:23:03"
11154,44511,1678,2026-03-04,Present,"2026-04-18 17:23:03"
11155,22092,1553,2026-03-09,Absent,"2026-04-18 17:23:03"
11156,19328,701,2026-03-08,Present,"2026-04-18 17:23:03"
11157,29593,766,2026-03-03,Present,"2026-04-18 17:23:03"
11158,45824,1300,2026-03-06,Present,"2026-04-18 17:23:03"
11159,19442,1057,2026-03-06,Present,"2026-04-18 17:23:03"
11160,43059,654,2026-03-02,Present,"2026-04-18 17:23:03"
11161,2320,1670,2026-03-07,Present,"2026-04-18 17:23:03"
11162,36964,1409,2026-03-05,Present,"2026-04-18 17:23:03"
11163,23136,915,2026-03-06,Present,"2026-04-18 17:23:03"
11164,39519,1036,2026-03-10,Present,"2026-04-18 17:23:03"
11165,885,962,2026-03-04,Present,"2026-04-18 17:23:03"
11166,12917,1571,2026-03-08,Present,"2026-04-18 17:23:03"
11167,12476,654,2026-03-01,Present,"2026-04-18 17:23:03"
11168,11636,1005,2026-03-04,Present,"2026-04-18 17:23:03"
11169,10573,1365,2026-03-01,Absent,"2026-04-18 17:23:03"
11170,22043,1101,2026-03-01,Absent,"2026-04-18 17:23:03"
11171,32137,1176,2026-03-07,Present,"2026-04-18 17:23:03"
11172,48223,1517,2026-03-04,Present,"2026-04-18 17:23:03"
11173,43805,1004,2026-03-04,Present,"2026-04-18 17:23:03"
11174,17937,559,2026-03-08,Present,"2026-04-18 17:23:03"
11175,29559,1005,2026-03-09,Present,"2026-04-18 17:23:03"
11176,33038,1340,2026-03-04,Present,"2026-04-18 17:23:03"
11177,3527,1678,2026-03-04,Present,"2026-04-18 17:23:03"
11178,45044,1538,2026-03-06,Present,"2026-04-18 17:23:03"
11179,36575,1170,2026-03-02,Present,"2026-04-18 17:23:03"
11180,6461,756,2026-03-02,Present,"2026-04-18 17:23:03"
11181,3464,1700,2026-03-10,Present,"2026-04-18 17:23:03"
11182,22118,1522,2026-03-03,Present,"2026-04-18 17:23:03"
11183,26187,1754,2026-03-01,Present,"2026-04-18 17:23:03"
11184,7712,1949,2026-03-08,Present,"2026-04-18 17:23:03"
11185,31977,794,2026-03-01,Present,"2026-04-18 17:23:03"
11186,17263,962,2026-03-02,Absent,"2026-04-18 17:23:03"
11187,36874,1343,2026-03-03,Absent,"2026-04-18 17:23:03"
11188,19597,1517,2026-03-10,Present,"2026-04-18 17:23:03"
11189,2013,1170,2026-03-07,Present,"2026-04-18 17:23:03"
11190,30674,1300,2026-03-01,Present,"2026-04-18 17:23:03"
11191,2970,1101,2026-03-08,Present,"2026-04-18 17:23:03"
11192,48948,792,2026-03-08,Present,"2026-04-18 17:23:03"
11193,31640,1598,2026-03-09,Present,"2026-04-18 17:23:03"
11194,45109,1598,2026-03-05,Absent,"2026-04-18 17:23:03"
11195,47176,792,2026-03-10,Absent,"2026-04-18 17:23:03"
11196,27553,1571,2026-03-06,Present,"2026-04-18 17:23:03"
11197,20840,654,2026-03-06,Present,"2026-04-18 17:23:03"
11198,27186,1571,2026-03-03,Present,"2026-04-18 17:23:03"
11199,31835,1951,2026-03-06,Present,"2026-04-18 17:23:03"
11200,39998,973,2026-03-04,Present,"2026-04-18 17:23:03"
11201,23066,1340,2026-03-05,Present,"2026-04-18 17:23:03"
11202,30946,624,2026-03-10,Present,"2026-04-18 17:23:03"
11203,16210,1176,2026-03-02,Present,"2026-04-18 17:23:03"
11204,29541,1253,2026-03-04,Present,"2026-04-18 17:23:03"
11205,17986,1987,2026-03-06,Present,"2026-04-18 17:23:03"
11206,19317,766,2026-03-07,Absent,"2026-04-18 17:23:03"
11207,38268,712,2026-03-04,Present,"2026-04-18 17:23:03"
11208,17998,1951,2026-03-01,Present,"2026-04-18 17:23:03"
11209,25665,1913,2026-03-07,Absent,"2026-04-18 17:23:03"
11210,36476,584,2026-03-07,Present,"2026-04-18 17:23:03"
11211,5574,901,2026-03-04,Absent,"2026-04-18 17:23:03"
11212,35193,794,2026-03-05,Present,"2026-04-18 17:23:03"
11213,44484,513,2026-03-09,Present,"2026-04-18 17:23:03"
11214,8464,1496,2026-03-03,Absent,"2026-04-18 17:23:03"
11215,17828,808,2026-03-09,Present,"2026-04-18 17:23:03"
11216,48121,559,2026-03-04,Present,"2026-04-18 17:23:03"
11217,13598,1914,2026-03-04,Present,"2026-04-18 17:23:03"
11218,3450,1057,2026-03-05,Present,"2026-04-18 17:23:03"
11219,14235,1914,2026-03-04,Present,"2026-04-18 17:23:03"
11220,39989,961,2026-03-05,Present,"2026-04-18 17:23:03"
11221,13912,794,2026-03-09,Present,"2026-04-18 17:23:03"
11222,42057,1984,2026-03-01,Present,"2026-04-18 17:23:03"
11223,49731,1101,2026-03-01,Absent,"2026-04-18 17:23:03"
11224,10459,1202,2026-03-02,Present,"2026-04-18 17:23:03"
11225,979,1960,2026-03-03,Present,"2026-04-18 17:23:03"
11226,5611,916,2026-03-07,Present,"2026-04-18 17:23:03"
11227,21236,834,2026-03-02,Absent,"2026-04-18 17:23:03"
11228,5918,1517,2026-03-07,Present,"2026-04-18 17:23:03"
11229,43100,973,2026-03-02,Present,"2026-04-18 17:23:03"
11230,3984,1212,2026-03-08,Present,"2026-04-18 17:23:03"
11231,24539,1913,2026-03-01,Absent,"2026-04-18 17:23:03"
11232,32968,1340,2026-03-05,Present,"2026-04-18 17:23:03"
11233,43601,906,2026-03-07,Present,"2026-04-18 17:23:03"
11234,13393,584,2026-03-01,Present,"2026-04-18 17:23:03"
11235,24434,1949,2026-03-03,Absent,"2026-04-18 17:23:03"
11236,23417,1343,2026-03-02,Present,"2026-04-18 17:23:03"
11237,9922,1598,2026-03-01,Present,"2026-04-18 17:23:03"
11238,41874,1228,2026-03-08,Present,"2026-04-18 17:23:03"
11239,18990,1951,2026-03-09,Absent,"2026-04-18 17:23:03"
11240,2530,962,2026-03-10,Absent,"2026-04-18 17:23:03"
11241,14753,1487,2026-03-05,Present,"2026-04-18 17:23:03"
11242,25952,1496,2026-03-10,Present,"2026-04-18 17:23:03"
11243,47555,1598,2026-03-03,Absent,"2026-04-18 17:23:03"
11244,20371,1212,2026-03-03,Present,"2026-04-18 17:23:03"
11245,13991,1700,2026-03-05,Present,"2026-04-18 17:23:03"
11246,4152,735,2026-03-10,Present,"2026-04-18 17:23:03"
11247,20699,1587,2026-03-07,Present,"2026-04-18 17:23:03"
11248,25479,701,2026-03-08,Present,"2026-04-18 17:23:03"
11249,13947,1778,2026-03-08,Present,"2026-04-18 17:23:03"
11250,29886,1908,2026-03-10,Present,"2026-04-18 17:23:03"
11251,49000,1340,2026-03-04,Present,"2026-04-18 17:23:03"
11252,21243,1102,2026-03-05,Present,"2026-04-18 17:23:03"
11253,3786,573,2026-03-04,Present,"2026-04-18 17:23:03"
11254,28487,973,2026-03-07,Present,"2026-04-18 17:23:03"
11255,24992,1787,2026-03-06,Present,"2026-04-18 17:23:03"
11256,35045,1212,2026-03-03,Absent,"2026-04-18 17:23:03"
11257,16869,1055,2026-03-02,Present,"2026-04-18 17:23:03"
11258,22426,901,2026-03-10,Present,"2026-04-18 17:23:03"
11259,17344,814,2026-03-10,Present,"2026-04-18 17:23:03"
11260,8413,1340,2026-03-05,Present,"2026-04-18 17:23:03"
11261,33423,1034,2026-03-04,Present,"2026-04-18 17:23:03"
11262,40631,881,2026-03-01,Absent,"2026-04-18 17:23:03"
11263,35060,1253,2026-03-06,Present,"2026-04-18 17:23:03"
11264,43644,701,2026-03-09,Present,"2026-04-18 17:23:03"
11265,36373,1300,2026-03-07,Present,"2026-04-18 17:23:03"
11266,40645,618,2026-03-01,Present,"2026-04-18 17:23:03"
11267,13142,901,2026-03-05,Present,"2026-04-18 17:23:03"
11268,47239,1365,2026-03-02,Present,"2026-04-18 17:23:03"
11269,32820,1057,2026-03-01,Present,"2026-04-18 17:23:03"
11270,46758,1340,2026-03-06,Present,"2026-04-18 17:23:03"
11271,2963,808,2026-03-08,Present,"2026-04-18 17:23:03"
11272,46607,1365,2026-03-08,Present,"2026-04-18 17:23:03"
11273,33814,1228,2026-03-03,Present,"2026-04-18 17:23:03"
11274,9736,1352,2026-03-06,Present,"2026-04-18 17:23:03"
11275,3301,1496,2026-03-03,Absent,"2026-04-18 17:23:03"
11276,46544,1101,2026-03-03,Present,"2026-04-18 17:23:03"
11277,865,1913,2026-03-06,Present,"2026-04-18 17:23:03"
11278,21103,858,2026-03-06,Present,"2026-04-18 17:23:03"
11279,37021,756,2026-03-05,Present,"2026-04-18 17:23:03"
11280,31440,973,2026-03-04,Present,"2026-04-18 17:23:03"
11281,33237,1908,2026-03-01,Absent,"2026-04-18 17:23:03"
11282,38851,1598,2026-03-08,Present,"2026-04-18 17:23:03"
11283,13979,1517,2026-03-05,Present,"2026-04-18 17:23:03"
11284,13431,1057,2026-03-08,Absent,"2026-04-18 17:23:03"
11285,12328,1960,2026-03-08,Present,"2026-04-18 17:23:03"
11286,18433,1164,2026-03-02,Present,"2026-04-18 17:23:03"
11287,15116,1830,2026-03-07,Absent,"2026-04-18 17:23:03"
11288,24119,1553,2026-03-01,Absent,"2026-04-18 17:23:03"
11289,44809,1960,2026-03-10,Present,"2026-04-18 17:23:03"
11290,41791,1960,2026-03-01,Present,"2026-04-18 17:23:03"
11291,31558,1228,2026-03-04,Present,"2026-04-18 17:23:03"
11292,35470,998,2026-03-10,Present,"2026-04-18 17:23:03"
11293,16232,1152,2026-03-10,Present,"2026-04-18 17:23:03"
11294,23659,1409,2026-03-04,Present,"2026-04-18 17:23:03"
11295,20693,1333,2026-03-10,Present,"2026-04-18 17:23:03"
11296,40254,1587,2026-03-04,Absent,"2026-04-18 17:23:03"
11297,11796,1359,2026-03-02,Absent,"2026-04-18 17:23:03"
11298,42558,1152,2026-03-08,Present,"2026-04-18 17:23:03"
11299,39728,1987,2026-03-06,Present,"2026-04-18 17:23:03"
11300,23147,1555,2026-03-01,Present,"2026-04-18 17:23:03"
11301,43279,1005,2026-03-10,Present,"2026-04-18 17:23:03"
11302,38859,1553,2026-03-03,Present,"2026-04-18 17:23:03"
11303,46190,575,2026-03-04,Present,"2026-04-18 17:23:03"
11304,33688,901,2026-03-09,Present,"2026-04-18 17:23:03"
11305,32472,1170,2026-03-01,Present,"2026-04-18 17:23:03"
11306,34187,964,2026-03-06,Present,"2026-04-18 17:23:03"
11307,22334,1435,2026-03-01,Present,"2026-04-18 17:23:03"
11308,18705,1960,2026-03-07,Present,"2026-04-18 17:23:03"
11309,16792,1101,2026-03-07,Present,"2026-04-18 17:23:03"
11310,32142,701,2026-03-09,Present,"2026-04-18 17:23:03"
11311,11003,756,2026-03-10,Present,"2026-04-18 17:23:03"
11312,39308,584,2026-03-07,Present,"2026-04-18 17:23:03"
11313,29454,1292,2026-03-01,Absent,"2026-04-18 17:23:03"
11314,29661,1834,2026-03-06,Present,"2026-04-18 17:23:03"
11315,21318,624,2026-03-07,Absent,"2026-04-18 17:23:03"
11316,6053,1587,2026-03-08,Present,"2026-04-18 17:23:03"
11317,27381,1101,2026-03-01,Present,"2026-04-18 17:23:03"
11318,49000,1292,2026-03-07,Present,"2026-04-18 17:23:03"
11319,46468,961,2026-03-10,Present,"2026-04-18 17:23:03"
11320,21871,573,2026-03-07,Present,"2026-04-18 17:23:03"
11321,8123,876,2026-03-03,Present,"2026-04-18 17:23:03"
11322,18756,1374,2026-03-04,Absent,"2026-04-18 17:23:03"
11323,33236,1216,2026-03-05,Present,"2026-04-18 17:23:03"
11324,41013,1101,2026-03-10,Present,"2026-04-18 17:23:03"
11325,31164,1787,2026-03-01,Present,"2026-04-18 17:23:03"
11326,22617,1374,2026-03-09,Present,"2026-04-18 17:23:03"
11327,30798,1164,2026-03-06,Present,"2026-04-18 17:23:03"
11328,39129,1004,2026-03-09,Present,"2026-04-18 17:23:03"
11329,35130,1435,2026-03-07,Present,"2026-04-18 17:23:03"
11330,1639,735,2026-03-05,Present,"2026-04-18 17:23:03"
11331,45538,881,2026-03-03,Absent,"2026-04-18 17:23:03"
11332,9462,1834,2026-03-02,Present,"2026-04-18 17:23:03"
11333,23581,1757,2026-03-09,Present,"2026-04-18 17:23:03"
11334,22136,1435,2026-03-04,Present,"2026-04-18 17:23:03"
11335,33360,1948,2026-03-01,Present,"2026-04-18 17:23:03"
11336,22432,1987,2026-03-09,Present,"2026-04-18 17:23:03"
11337,16324,1951,2026-03-06,Present,"2026-04-18 17:23:03"
11338,32293,998,2026-03-02,Absent,"2026-04-18 17:23:03"
11339,42224,1365,2026-03-07,Present,"2026-04-18 17:23:03"
11340,7859,1435,2026-03-03,Present,"2026-04-18 17:23:03"
11341,19925,1374,2026-03-01,Absent,"2026-04-18 17:23:03"
11342,39393,1435,2026-03-10,Present,"2026-04-18 17:23:03"
11343,255,792,2026-03-05,Absent,"2026-04-18 17:23:03"
11344,37305,1152,2026-03-03,Present,"2026-04-18 17:23:03"
11345,31117,1228,2026-03-10,Absent,"2026-04-18 17:23:03"
11346,41974,1216,2026-03-10,Present,"2026-04-18 17:23:03"
11347,17149,1675,2026-03-10,Present,"2026-04-18 17:23:03"
11348,16823,1212,2026-03-07,Present,"2026-04-18 17:23:03"
11349,45702,916,2026-03-02,Absent,"2026-04-18 17:23:03"
11350,13037,1678,2026-03-05,Present,"2026-04-18 17:23:03"
11351,43767,961,2026-03-05,Present,"2026-04-18 17:23:03"
11352,45485,808,2026-03-07,Present,"2026-04-18 17:23:03"
11353,7141,961,2026-03-10,Present,"2026-04-18 17:23:03"
11354,22464,1333,2026-03-04,Present,"2026-04-18 17:23:03"
11355,24174,915,2026-03-03,Present,"2026-04-18 17:23:03"
11356,1550,1036,2026-03-02,Present,"2026-04-18 17:23:03"
11357,23917,1102,2026-03-02,Present,"2026-04-18 17:23:03"
11358,15542,1987,2026-03-10,Present,"2026-04-18 17:23:03"
11359,25875,1974,2026-03-07,Present,"2026-04-18 17:23:03"
11360,35320,1253,2026-03-05,Present,"2026-04-18 17:23:03"
11361,35086,947,2026-03-01,Present,"2026-04-18 17:23:03"
11362,46290,1060,2026-03-03,Present,"2026-04-18 17:23:03"
11363,21348,759,2026-03-03,Present,"2026-04-18 17:23:03"
11364,25574,1212,2026-03-04,Present,"2026-04-18 17:23:03"
11365,15068,1677,2026-03-04,Present,"2026-04-18 17:23:03"
11366,44347,1034,2026-03-02,Absent,"2026-04-18 17:23:03"
11367,32300,1228,2026-03-09,Absent,"2026-04-18 17:23:03"
11368,26389,1757,2026-03-01,Present,"2026-04-18 17:23:03"
11369,2762,1948,2026-03-10,Present,"2026-04-18 17:23:03"
11370,18717,1830,2026-03-05,Present,"2026-04-18 17:23:03"
11371,36593,712,2026-03-05,Present,"2026-04-18 17:23:03"
11372,15771,624,2026-03-07,Absent,"2026-04-18 17:23:03"
11373,22484,1435,2026-03-10,Present,"2026-04-18 17:23:03"
11374,45762,1487,2026-03-05,Present,"2026-04-18 17:23:03"
11375,12799,1914,2026-03-10,Present,"2026-04-18 17:23:03"
11376,20515,1908,2026-03-01,Present,"2026-04-18 17:23:03"
11377,30334,1677,2026-03-07,Present,"2026-04-18 17:23:03"
11378,28952,618,2026-03-10,Present,"2026-04-18 17:23:03"
11379,41739,1228,2026-03-03,Absent,"2026-04-18 17:23:03"
11380,21190,973,2026-03-04,Present,"2026-04-18 17:23:03"
11381,10852,834,2026-03-01,Absent,"2026-04-18 17:23:03"
11382,21454,1960,2026-03-07,Present,"2026-04-18 17:23:03"
11383,22783,1700,2026-03-06,Present,"2026-04-18 17:23:03"
11384,42529,559,2026-03-07,Present,"2026-04-18 17:23:03"
11385,35370,1949,2026-03-05,Absent,"2026-04-18 17:23:03"
11386,31509,1496,2026-03-01,Present,"2026-04-18 17:23:03"
11387,40333,575,2026-03-10,Present,"2026-04-18 17:23:03"
11388,47895,1778,2026-03-05,Present,"2026-04-18 17:23:03"
11389,44556,1057,2026-03-06,Absent,"2026-04-18 17:23:03"
11390,4559,1292,2026-03-08,Present,"2026-04-18 17:23:03"
11391,33806,1913,2026-03-10,Absent,"2026-04-18 17:23:03"
11392,23443,1675,2026-03-02,Present,"2026-04-18 17:23:03"
11393,13201,1984,2026-03-01,Absent,"2026-04-18 17:23:03"
11394,3375,575,2026-03-09,Present,"2026-04-18 17:23:03"
11395,11969,916,2026-03-09,Present,"2026-04-18 17:23:03"
11396,23524,1908,2026-03-06,Present,"2026-04-18 17:23:03"
11397,19053,1553,2026-03-06,Present,"2026-04-18 17:23:03"
11398,17315,1948,2026-03-02,Present,"2026-04-18 17:23:03"
11399,6341,1422,2026-03-08,Absent,"2026-04-18 17:23:03"
11400,22258,573,2026-03-02,Present,"2026-04-18 17:23:03"
11401,34262,1987,2026-03-09,Present,"2026-04-18 17:23:03"
11402,10999,794,2026-03-06,Present,"2026-04-18 17:23:03"
11403,35845,1073,2026-03-06,Present,"2026-04-18 17:23:03"
11404,21959,1101,2026-03-07,Present,"2026-04-18 17:23:03"
11405,17161,1571,2026-03-05,Absent,"2026-04-18 17:23:03"
11406,48069,1060,2026-03-09,Present,"2026-04-18 17:23:03"
11407,25602,964,2026-03-01,Present,"2026-04-18 17:23:03"
11408,19299,1951,2026-03-02,Present,"2026-04-18 17:23:03"
11409,26234,756,2026-03-06,Absent,"2026-04-18 17:23:03"
11410,48714,792,2026-03-10,Present,"2026-04-18 17:23:03"
11411,25367,1555,2026-03-01,Present,"2026-04-18 17:23:03"
11412,5042,1984,2026-03-02,Present,"2026-04-18 17:23:03"
11413,40623,1913,2026-03-01,Present,"2026-04-18 17:23:03"
11414,41994,1228,2026-03-06,Present,"2026-04-18 17:23:03"
11415,9666,1060,2026-03-01,Absent,"2026-04-18 17:23:03"
11416,22232,1522,2026-03-07,Absent,"2026-04-18 17:23:03"
11417,5604,766,2026-03-10,Present,"2026-04-18 17:23:03"
11418,13743,756,2026-03-03,Present,"2026-04-18 17:23:03"
11419,6431,1482,2026-03-03,Absent,"2026-04-18 17:23:03"
11420,17215,1496,2026-03-05,Present,"2026-04-18 17:23:03"
11421,4080,559,2026-03-02,Absent,"2026-04-18 17:23:03"
11422,37020,1987,2026-03-01,Present,"2026-04-18 17:23:03"
11423,32697,794,2026-03-10,Present,"2026-04-18 17:23:03"
11424,12806,756,2026-03-07,Present,"2026-04-18 17:23:03"
11425,15817,814,2026-03-06,Present,"2026-04-18 17:23:03"
11426,37657,1034,2026-03-09,Present,"2026-04-18 17:23:03"
11427,20045,1914,2026-03-01,Absent,"2026-04-18 17:23:03"
11428,40767,513,2026-03-07,Present,"2026-04-18 17:23:03"
11429,32553,1987,2026-03-05,Present,"2026-04-18 17:23:03"
11430,23898,901,2026-03-01,Present,"2026-04-18 17:23:03"
11431,20284,916,2026-03-07,Present,"2026-04-18 17:23:03"
11432,9447,1555,2026-03-04,Present,"2026-04-18 17:23:03"
11433,4857,1184,2026-03-04,Present,"2026-04-18 17:23:03"
11434,38771,531,2026-03-05,Absent,"2026-04-18 17:23:03"
11435,34189,808,2026-03-04,Present,"2026-04-18 17:23:03"
11436,39466,1987,2026-03-09,Present,"2026-04-18 17:23:03"
11437,49649,735,2026-03-09,Present,"2026-04-18 17:23:03"
11438,45109,814,2026-03-01,Present,"2026-04-18 17:23:03"
11439,21319,1949,2026-03-09,Present,"2026-04-18 17:23:03"
11440,4916,1834,2026-03-03,Present,"2026-04-18 17:23:03"
11441,32900,1555,2026-03-01,Present,"2026-04-18 17:23:03"
11442,10794,1435,2026-03-10,Absent,"2026-04-18 17:23:03"
11443,30255,794,2026-03-05,Present,"2026-04-18 17:23:03"
11444,45314,531,2026-03-05,Present,"2026-04-18 17:23:03"
11445,33414,1365,2026-03-09,Present,"2026-04-18 17:23:03"
11446,36373,947,2026-03-10,Absent,"2026-04-18 17:23:03"
11447,44550,1216,2026-03-07,Absent,"2026-04-18 17:23:03"
11448,26398,1984,2026-03-08,Absent,"2026-04-18 17:23:03"
11449,16829,1333,2026-03-03,Present,"2026-04-18 17:23:03"
11450,22914,1073,2026-03-10,Present,"2026-04-18 17:23:03"
11451,6178,1170,2026-03-01,Present,"2026-04-18 17:23:03"
11452,2096,1409,2026-03-05,Present,"2026-04-18 17:23:03"
11453,6335,1228,2026-03-05,Present,"2026-04-18 17:23:03"
11454,15159,756,2026-03-01,Present,"2026-04-18 17:23:03"
11455,15039,1184,2026-03-09,Present,"2026-04-18 17:23:03"
11456,6773,1571,2026-03-05,Present,"2026-04-18 17:23:03"
11457,10208,1216,2026-03-01,Absent,"2026-04-18 17:23:03"
11458,45255,1974,2026-03-04,Present,"2026-04-18 17:23:03"
11459,40874,654,2026-03-08,Present,"2026-04-18 17:23:03"
11460,4601,901,2026-03-09,Present,"2026-04-18 17:23:03"
11461,29611,858,2026-03-02,Absent,"2026-04-18 17:23:03"
11462,24826,1974,2026-03-05,Absent,"2026-04-18 17:23:03"
11463,3904,1675,2026-03-06,Present,"2026-04-18 17:23:03"
11464,18815,1340,2026-03-01,Present,"2026-04-18 17:23:03"
11465,39417,1216,2026-03-02,Absent,"2026-04-18 17:23:03"
11466,35613,1913,2026-03-07,Present,"2026-04-18 17:23:03"
11467,16242,735,2026-03-09,Present,"2026-04-18 17:23:03"
11468,24434,1435,2026-03-04,Present,"2026-04-18 17:23:03"
11469,4238,947,2026-03-01,Absent,"2026-04-18 17:23:03"
11470,37532,961,2026-03-06,Absent,"2026-04-18 17:23:03"
11471,39098,1908,2026-03-05,Present,"2026-04-18 17:23:03"
11472,22725,559,2026-03-04,Present,"2026-04-18 17:23:03"
11473,18771,792,2026-03-04,Present,"2026-04-18 17:23:03"
11474,48314,1365,2026-03-03,Present,"2026-04-18 17:23:03"
11475,38295,573,2026-03-06,Absent,"2026-04-18 17:23:03"
11476,49738,513,2026-03-04,Absent,"2026-04-18 17:23:03"
11477,22283,1787,2026-03-01,Present,"2026-04-18 17:23:03"
11478,31702,1409,2026-03-04,Present,"2026-04-18 17:23:03"
11479,45691,1359,2026-03-02,Present,"2026-04-18 17:23:03"
11480,20997,1670,2026-03-09,Present,"2026-04-18 17:23:03"
11481,19255,573,2026-03-10,Present,"2026-04-18 17:23:03"
11482,29605,1555,2026-03-03,Absent,"2026-04-18 17:23:03"
11483,15295,1834,2026-03-09,Present,"2026-04-18 17:23:03"
11484,26527,1365,2026-03-02,Present,"2026-04-18 17:23:03"
11485,9572,1949,2026-03-09,Absent,"2026-04-18 17:23:03"
11486,9049,916,2026-03-10,Absent,"2026-04-18 17:23:03"
11487,15323,1036,2026-03-09,Absent,"2026-04-18 17:23:03"
11488,36180,1060,2026-03-02,Present,"2026-04-18 17:23:03"
11489,1099,1913,2026-03-04,Present,"2026-04-18 17:23:03"
11490,13159,1571,2026-03-04,Absent,"2026-04-18 17:23:03"
11491,9301,1228,2026-03-09,Present,"2026-04-18 17:23:03"
11492,35989,1202,2026-03-03,Present,"2026-04-18 17:23:03"
11493,42633,947,2026-03-03,Present,"2026-04-18 17:23:03"
11494,48774,1778,2026-03-01,Absent,"2026-04-18 17:23:03"
11495,4761,1487,2026-03-09,Present,"2026-04-18 17:23:03"
11496,44670,1571,2026-03-02,Present,"2026-04-18 17:23:03"
11497,12054,1073,2026-03-09,Present,"2026-04-18 17:23:03"
11498,47225,858,2026-03-01,Present,"2026-04-18 17:23:03"
11499,5507,701,2026-03-01,Present,"2026-04-18 17:23:03"
11500,7459,1678,2026-03-01,Absent,"2026-04-18 17:23:03"
11501,43956,1170,2026-03-05,Present,"2026-04-18 17:23:03"
11502,36483,911,2026-03-09,Present,"2026-04-18 17:23:03"
11503,30946,876,2026-03-05,Present,"2026-04-18 17:23:03"
11504,17646,1212,2026-03-04,Present,"2026-04-18 17:23:03"
11505,8138,1538,2026-03-08,Absent,"2026-04-18 17:23:03"
11506,26301,1352,2026-03-05,Present,"2026-04-18 17:23:03"
11507,30863,1409,2026-03-01,Absent,"2026-04-18 17:23:03"
11508,21225,1949,2026-03-02,Present,"2026-04-18 17:23:03"
11509,45342,1365,2026-03-01,Present,"2026-04-18 17:23:03"
11510,27393,901,2026-03-10,Present,"2026-04-18 17:23:03"
11511,36309,1677,2026-03-06,Present,"2026-04-18 17:23:03"
11512,37570,973,2026-03-04,Present,"2026-04-18 17:23:03"
11513,39640,1073,2026-03-10,Present,"2026-04-18 17:23:03"
11514,45490,669,2026-03-09,Present,"2026-04-18 17:23:03"
11515,3341,559,2026-03-08,Present,"2026-04-18 17:23:03"
11516,16976,1184,2026-03-02,Present,"2026-04-18 17:23:03"
11517,32549,1300,2026-03-02,Present,"2026-04-18 17:23:03"
11518,19560,1036,2026-03-10,Present,"2026-04-18 17:23:03"
11519,12144,1984,2026-03-10,Present,"2026-04-18 17:23:03"
11520,48856,1951,2026-03-03,Present,"2026-04-18 17:23:03"
11521,16036,1422,2026-03-04,Present,"2026-04-18 17:23:03"
11522,21156,1984,2026-03-01,Present,"2026-04-18 17:23:03"
11523,4078,814,2026-03-06,Present,"2026-04-18 17:23:03"
11524,37269,1908,2026-03-02,Present,"2026-04-18 17:23:03"
11525,44475,1949,2026-03-05,Present,"2026-04-18 17:23:03"
11526,19464,1292,2026-03-06,Present,"2026-04-18 17:23:03"
11527,2606,1212,2026-03-03,Present,"2026-04-18 17:23:03"
11528,42661,1102,2026-03-02,Present,"2026-04-18 17:23:03"
11529,30305,513,2026-03-08,Present,"2026-04-18 17:23:03"
11530,17392,759,2026-03-10,Present,"2026-04-18 17:23:03"
11531,39538,794,2026-03-08,Present,"2026-04-18 17:23:03"
11532,39446,1340,2026-03-02,Present,"2026-04-18 17:23:03"
11533,36684,1553,2026-03-05,Absent,"2026-04-18 17:23:03"
11534,3535,834,2026-03-06,Absent,"2026-04-18 17:23:03"
11535,24089,1987,2026-03-03,Present,"2026-04-18 17:23:03"
11536,30081,1678,2026-03-02,Present,"2026-04-18 17:23:03"
11537,18833,584,2026-03-09,Present,"2026-04-18 17:23:03"
11538,22494,1960,2026-03-06,Present,"2026-04-18 17:23:03"
11539,2384,1060,2026-03-08,Absent,"2026-04-18 17:23:03"
11540,38944,1005,2026-03-07,Absent,"2026-04-18 17:23:03"
11541,18101,1677,2026-03-04,Present,"2026-04-18 17:23:03"
11542,39625,1555,2026-03-08,Absent,"2026-04-18 17:23:03"
11543,18518,1482,2026-03-02,Present,"2026-04-18 17:23:03"
11544,43318,1830,2026-03-07,Present,"2026-04-18 17:23:03"
11545,45814,712,2026-03-10,Absent,"2026-04-18 17:23:03"
11546,24207,1951,2026-03-10,Present,"2026-04-18 17:23:03"
11547,1548,584,2026-03-04,Absent,"2026-04-18 17:23:03"
11548,15932,1496,2026-03-07,Present,"2026-04-18 17:23:03"
11549,17396,1984,2026-03-04,Present,"2026-04-18 17:23:03"
11550,36942,1496,2026-03-10,Present,"2026-04-18 17:23:03"
11551,39927,1522,2026-03-10,Present,"2026-04-18 17:23:03"
11552,3200,1036,2026-03-10,Present,"2026-04-18 17:23:03"
11553,2150,1787,2026-03-05,Present,"2026-04-18 17:23:03"
11554,40026,1176,2026-03-01,Present,"2026-04-18 17:23:03"
11555,37436,1754,2026-03-01,Present,"2026-04-18 17:23:03"
11556,40347,1164,2026-03-10,Present,"2026-04-18 17:23:03"
11557,40347,964,2026-03-04,Present,"2026-04-18 17:23:03"
11558,2030,1300,2026-03-09,Present,"2026-04-18 17:23:03"
11559,12722,964,2026-03-05,Present,"2026-04-18 17:23:03"
11560,3401,1004,2026-03-08,Present,"2026-04-18 17:23:03"
11561,32947,1343,2026-03-06,Absent,"2026-04-18 17:23:03"
11562,43012,915,2026-03-02,Absent,"2026-04-18 17:23:03"
11563,47797,1482,2026-03-01,Absent,"2026-04-18 17:23:03"
11564,43105,1060,2026-03-08,Present,"2026-04-18 17:23:03"
11565,19047,575,2026-03-09,Absent,"2026-04-18 17:23:03"
11566,47800,1677,2026-03-06,Absent,"2026-04-18 17:23:03"
11567,48121,618,2026-03-06,Absent,"2026-04-18 17:23:03"
11568,3533,1374,2026-03-04,Present,"2026-04-18 17:23:03"
11569,24597,1004,2026-03-03,Present,"2026-04-18 17:23:03"
11570,21580,1538,2026-03-06,Present,"2026-04-18 17:23:03"
11571,38769,1496,2026-03-04,Present,"2026-04-18 17:23:03"
11572,21451,911,2026-03-05,Present,"2026-04-18 17:23:03"
11573,40648,513,2026-03-07,Present,"2026-04-18 17:23:03"
11574,44285,1678,2026-03-01,Present,"2026-04-18 17:23:03"
11575,42568,701,2026-03-06,Absent,"2026-04-18 17:23:03"
11576,49968,1176,2026-03-09,Present,"2026-04-18 17:23:03"
11577,49958,1482,2026-03-06,Present,"2026-04-18 17:23:03"
11578,2629,1055,2026-03-01,Absent,"2026-04-18 17:23:03"
11579,12587,1778,2026-03-01,Present,"2026-04-18 17:23:03"
11580,7238,881,2026-03-03,Present,"2026-04-18 17:23:03"
11581,44637,1524,2026-03-06,Absent,"2026-04-18 17:23:03"
11582,16690,1340,2026-03-09,Absent,"2026-04-18 17:23:03"
11583,21216,1757,2026-03-06,Present,"2026-04-18 17:23:03"
11584,35727,1496,2026-03-04,Present,"2026-04-18 17:23:03"
11585,31421,876,2026-03-10,Present,"2026-04-18 17:23:03"
11586,7160,1164,2026-03-07,Present,"2026-04-18 17:23:03"
11587,38861,1675,2026-03-01,Absent,"2026-04-18 17:23:03"
11588,40322,808,2026-03-10,Present,"2026-04-18 17:23:03"
11589,3401,1553,2026-03-08,Present,"2026-04-18 17:23:03"
11590,4488,1152,2026-03-08,Present,"2026-04-18 17:23:03"
11591,5155,1482,2026-03-04,Present,"2026-04-18 17:23:03"
11592,38373,1587,2026-03-10,Present,"2026-04-18 17:23:03"
11593,45568,1300,2026-03-07,Present,"2026-04-18 17:23:03"
11594,6248,1908,2026-03-03,Absent,"2026-04-18 17:23:03"
11595,46872,1517,2026-03-03,Present,"2026-04-18 17:23:03"
11596,32997,531,2026-03-08,Present,"2026-04-18 17:23:03"
11597,7911,1517,2026-03-10,Present,"2026-04-18 17:23:03"
11598,2547,1553,2026-03-07,Present,"2026-04-18 17:23:03"
11599,4384,1949,2026-03-06,Present,"2026-04-18 17:23:03"
11600,24041,618,2026-03-10,Present,"2026-04-18 17:23:03"
11601,32022,1365,2026-03-06,Absent,"2026-04-18 17:23:03"
11602,3418,701,2026-03-02,Present,"2026-04-18 17:23:03"
11603,15359,961,2026-03-09,Present,"2026-04-18 17:23:03"
11604,19175,1359,2026-03-07,Absent,"2026-04-18 17:23:03"
11605,15861,712,2026-03-01,Present,"2026-04-18 17:23:03"
11606,26870,1555,2026-03-04,Present,"2026-04-18 17:23:03"
11607,24587,792,2026-03-06,Present,"2026-04-18 17:23:03"
11608,28426,973,2026-03-03,Present,"2026-04-18 17:23:03"
11609,23788,1487,2026-03-08,Present,"2026-04-18 17:23:03"
11610,37952,1538,2026-03-02,Present,"2026-04-18 17:23:03"
11611,45572,1409,2026-03-02,Present,"2026-04-18 17:23:03"
11612,7401,1253,2026-03-10,Present,"2026-04-18 17:23:03"
11613,30490,1176,2026-03-04,Present,"2026-04-18 17:23:03"
11614,15285,961,2026-03-02,Present,"2026-04-18 17:23:03"
11615,41178,1974,2026-03-06,Present,"2026-04-18 17:23:03"
11616,10123,1292,2026-03-02,Present,"2026-04-18 17:23:03"
11617,5608,792,2026-03-05,Present,"2026-04-18 17:23:03"
11618,15079,1409,2026-03-02,Present,"2026-04-18 17:23:03"
11619,32904,1675,2026-03-09,Absent,"2026-04-18 17:23:03"
11620,40520,559,2026-03-09,Present,"2026-04-18 17:23:03"
11621,30598,712,2026-03-06,Absent,"2026-04-18 17:23:03"
11622,40774,1300,2026-03-07,Present,"2026-04-18 17:23:03"
11623,12138,1984,2026-03-08,Present,"2026-04-18 17:23:03"
11624,49206,1496,2026-03-02,Absent,"2026-04-18 17:23:03"
11625,31617,794,2026-03-06,Present,"2026-04-18 17:23:03"
11626,48807,1524,2026-03-07,Absent,"2026-04-18 17:23:03"
11627,20427,1060,2026-03-07,Present,"2026-04-18 17:23:03"
11628,49199,712,2026-03-09,Present,"2026-04-18 17:23:03"
11629,11047,1365,2026-03-07,Present,"2026-04-18 17:23:03"
11630,34053,1292,2026-03-05,Present,"2026-04-18 17:23:03"
11631,15994,1524,2026-03-09,Present,"2026-04-18 17:23:03"
11632,31592,1374,2026-03-08,Present,"2026-04-18 17:23:03"
11633,13277,973,2026-03-04,Present,"2026-04-18 17:23:03"
11634,25079,1948,2026-03-09,Present,"2026-04-18 17:23:03"
11635,7270,858,2026-03-07,Present,"2026-04-18 17:23:03"
11636,1405,1960,2026-03-04,Present,"2026-04-18 17:23:03"
11637,30167,1409,2026-03-07,Present,"2026-04-18 17:23:03"
11638,34302,759,2026-03-05,Present,"2026-04-18 17:23:03"
11639,16843,1987,2026-03-05,Present,"2026-04-18 17:23:03"
11640,49489,1060,2026-03-05,Present,"2026-04-18 17:23:03"
11641,30665,911,2026-03-09,Present,"2026-04-18 17:23:03"
11642,43770,1834,2026-03-02,Present,"2026-04-18 17:23:03"
11643,21904,964,2026-03-05,Present,"2026-04-18 17:23:03"
11644,19389,1587,2026-03-08,Present,"2026-04-18 17:23:03"
11645,45523,1034,2026-03-10,Present,"2026-04-18 17:23:03"
11646,14483,559,2026-03-04,Present,"2026-04-18 17:23:03"
11647,42259,1176,2026-03-03,Present,"2026-04-18 17:23:03"
11648,39433,1914,2026-03-09,Present,"2026-04-18 17:23:03"
11649,6600,1101,2026-03-04,Present,"2026-04-18 17:23:03"
11650,43963,1216,2026-03-08,Present,"2026-04-18 17:23:03"
11651,12754,1164,2026-03-08,Absent,"2026-04-18 17:23:03"
11652,43490,1524,2026-03-04,Present,"2026-04-18 17:23:03"
11653,39373,876,2026-03-03,Present,"2026-04-18 17:23:03"
11654,34887,1101,2026-03-03,Present,"2026-04-18 17:23:03"
11655,16477,1830,2026-03-03,Present,"2026-04-18 17:23:03"
11656,2297,1974,2026-03-09,Present,"2026-04-18 17:23:03"
11657,45870,1678,2026-03-01,Present,"2026-04-18 17:23:03"
11658,16590,701,2026-03-06,Present,"2026-04-18 17:23:03"
11659,22372,559,2026-03-06,Present,"2026-04-18 17:23:03"
11660,16981,1422,2026-03-03,Present,"2026-04-18 17:23:03"
11661,12841,766,2026-03-03,Absent,"2026-04-18 17:23:03"
11662,9308,1482,2026-03-02,Present,"2026-04-18 17:23:03"
11663,20943,947,2026-03-01,Present,"2026-04-18 17:23:03"
11664,28453,1487,2026-03-06,Absent,"2026-04-18 17:23:03"
11665,2421,1228,2026-03-08,Present,"2026-04-18 17:23:03"
11666,398,1176,2026-03-01,Absent,"2026-04-18 17:23:03"
11667,1300,1949,2026-03-02,Present,"2026-04-18 17:23:03"
11668,40962,669,2026-03-05,Present,"2026-04-18 17:23:03"
11669,29554,1678,2026-03-10,Present,"2026-04-18 17:23:03"
11670,1515,1057,2026-03-06,Present,"2026-04-18 17:23:03"
11671,11826,1343,2026-03-02,Present,"2026-04-18 17:23:03"
11672,20042,584,2026-03-04,Present,"2026-04-18 17:23:03"
11673,47170,1951,2026-03-09,Present,"2026-04-18 17:23:03"
11674,1582,1365,2026-03-01,Present,"2026-04-18 17:23:03"
11675,35823,1987,2026-03-01,Present,"2026-04-18 17:23:03"
11676,29435,759,2026-03-05,Absent,"2026-04-18 17:23:03"
11677,20938,1678,2026-03-04,Present,"2026-04-18 17:23:03"
11678,43399,947,2026-03-08,Present,"2026-04-18 17:23:03"
11679,26475,1435,2026-03-02,Present,"2026-04-18 17:23:03"
11680,41831,1101,2026-03-01,Present,"2026-04-18 17:23:03"
11681,4060,1216,2026-03-04,Present,"2026-04-18 17:23:03"
11682,49162,1984,2026-03-08,Present,"2026-04-18 17:23:03"
11683,8270,1422,2026-03-03,Present,"2026-04-18 17:23:03"
11684,35406,1435,2026-03-07,Present,"2026-04-18 17:23:03"
11685,40717,916,2026-03-05,Present,"2026-04-18 17:23:03"
11686,6129,1524,2026-03-10,Absent,"2026-04-18 17:23:03"
11687,38229,1170,2026-03-07,Absent,"2026-04-18 17:23:03"
11688,40862,1333,2026-03-09,Present,"2026-04-18 17:23:03"
11689,42708,1216,2026-03-10,Present,"2026-04-18 17:23:03"
11690,4526,1176,2026-03-01,Absent,"2026-04-18 17:23:03"
11691,19438,1057,2026-03-10,Present,"2026-04-18 17:23:03"
11692,49799,1253,2026-03-07,Present,"2026-04-18 17:23:03"
11693,22372,559,2026-03-04,Present,"2026-04-18 17:23:03"
11694,37137,814,2026-03-03,Present,"2026-04-18 17:23:03"
11695,20073,618,2026-03-10,Absent,"2026-04-18 17:23:03"
11696,35849,808,2026-03-01,Absent,"2026-04-18 17:23:03"
11697,20149,1787,2026-03-10,Present,"2026-04-18 17:23:03"
11698,25258,1340,2026-03-03,Present,"2026-04-18 17:23:03"
11699,46927,1834,2026-03-08,Present,"2026-04-18 17:23:03"
11700,40646,575,2026-03-04,Present,"2026-04-18 17:23:03"
11701,22713,1948,2026-03-08,Present,"2026-04-18 17:23:03"
11702,33927,1212,2026-03-05,Present,"2026-04-18 17:23:03"
11703,14549,1553,2026-03-09,Present,"2026-04-18 17:23:03"
11704,36834,1164,2026-03-07,Absent,"2026-04-18 17:23:03"
11705,10066,1170,2026-03-08,Absent,"2026-04-18 17:23:03"
11706,10012,1300,2026-03-01,Present,"2026-04-18 17:23:03"
11707,3895,876,2026-03-09,Present,"2026-04-18 17:23:03"
11708,7128,1834,2026-03-03,Present,"2026-04-18 17:23:03"
11709,12910,1101,2026-03-02,Present,"2026-04-18 17:23:03"
11710,5608,531,2026-03-07,Absent,"2026-04-18 17:23:03"
11711,16590,1374,2026-03-03,Present,"2026-04-18 17:23:03"
11712,7249,1675,2026-03-07,Present,"2026-04-18 17:23:03"
11713,45245,575,2026-03-10,Absent,"2026-04-18 17:23:03"
11714,10625,1974,2026-03-10,Present,"2026-04-18 17:23:03"
11715,5983,1333,2026-03-05,Present,"2026-04-18 17:23:03"
11716,25930,1164,2026-03-09,Present,"2026-04-18 17:23:03"
11717,19494,1948,2026-03-06,Present,"2026-04-18 17:23:03"
11718,13381,1960,2026-03-10,Present,"2026-04-18 17:23:03"
11719,29264,654,2026-03-01,Present,"2026-04-18 17:23:03"
11720,37681,916,2026-03-03,Present,"2026-04-18 17:23:03"
11721,1472,1571,2026-03-03,Present,"2026-04-18 17:23:03"
11722,16008,1678,2026-03-06,Present,"2026-04-18 17:23:03"
11723,33305,964,2026-03-04,Present,"2026-04-18 17:23:03"
11724,16042,911,2026-03-01,Present,"2026-04-18 17:23:03"
11725,35320,1587,2026-03-06,Present,"2026-04-18 17:23:03"
11726,24832,961,2026-03-03,Present,"2026-04-18 17:23:03"
11727,9859,1830,2026-03-02,Present,"2026-04-18 17:23:03"
11728,23187,1333,2026-03-05,Absent,"2026-04-18 17:23:03"
11729,4756,1005,2026-03-08,Present,"2026-04-18 17:23:03"
11730,29698,881,2026-03-09,Present,"2026-04-18 17:23:03"
11731,29160,1960,2026-03-04,Present,"2026-04-18 17:23:03"
11732,18264,962,2026-03-01,Present,"2026-04-18 17:23:03"
11733,1969,906,2026-03-04,Absent,"2026-04-18 17:23:03"
11734,4361,1914,2026-03-08,Present,"2026-04-18 17:23:03"
11735,9406,1422,2026-03-03,Present,"2026-04-18 17:23:03"
11736,9361,701,2026-03-08,Present,"2026-04-18 17:23:03"
11737,7153,1555,2026-03-05,Present,"2026-04-18 17:23:03"
11738,10474,1060,2026-03-08,Present,"2026-04-18 17:23:03"
11739,16497,1787,2026-03-03,Present,"2026-04-18 17:23:03"
11740,27502,1216,2026-03-02,Present,"2026-04-18 17:23:03"
11741,32440,814,2026-03-02,Present,"2026-04-18 17:23:03"
11742,33395,573,2026-03-02,Present,"2026-04-18 17:23:03"
11743,46686,618,2026-03-01,Present,"2026-04-18 17:23:03"
11744,15720,1055,2026-03-02,Present,"2026-04-18 17:23:03"
11745,18502,1496,2026-03-01,Present,"2026-04-18 17:23:03"
11746,42499,1073,2026-03-08,Present,"2026-04-18 17:23:03"
11747,45483,1678,2026-03-05,Absent,"2026-04-18 17:23:03"
11748,11130,759,2026-03-07,Present,"2026-04-18 17:23:03"
11749,34630,1212,2026-03-08,Present,"2026-04-18 17:23:03"
11750,21718,1184,2026-03-08,Present,"2026-04-18 17:23:03"
11751,46227,834,2026-03-01,Present,"2026-04-18 17:23:03"
11752,1218,1830,2026-03-03,Present,"2026-04-18 17:23:03"
11753,31426,1949,2026-03-10,Present,"2026-04-18 17:23:03"
11754,1534,1176,2026-03-03,Absent,"2026-04-18 17:23:03"
11755,27368,1374,2026-03-08,Absent,"2026-04-18 17:23:03"
11756,37161,1212,2026-03-07,Absent,"2026-04-18 17:23:03"
11757,9501,1102,2026-03-02,Present,"2026-04-18 17:23:03"
11758,39479,1830,2026-03-10,Present,"2026-04-18 17:23:03"
11759,43755,1974,2026-03-03,Present,"2026-04-18 17:23:03"
11760,28538,1164,2026-03-03,Absent,"2026-04-18 17:23:03"
11761,46737,1908,2026-03-06,Absent,"2026-04-18 17:23:03"
11762,32380,1409,2026-03-01,Present,"2026-04-18 17:23:03"
11763,41928,1228,2026-03-08,Absent,"2026-04-18 17:23:03"
11764,12981,792,2026-03-01,Present,"2026-04-18 17:23:03"
11765,30077,1517,2026-03-03,Absent,"2026-04-18 17:23:03"
11766,7758,1700,2026-03-01,Present,"2026-04-18 17:23:03"
11767,14809,808,2026-03-07,Present,"2026-04-18 17:23:03"
11768,23909,1555,2026-03-09,Absent,"2026-04-18 17:23:03"
11769,46100,794,2026-03-04,Present,"2026-04-18 17:23:03"
11770,26050,669,2026-03-09,Present,"2026-04-18 17:23:03"
11771,22391,814,2026-03-04,Present,"2026-04-18 17:23:03"
11772,40617,1164,2026-03-06,Present,"2026-04-18 17:23:03"
11773,46245,766,2026-03-09,Present,"2026-04-18 17:23:03"
11774,46212,1675,2026-03-04,Present,"2026-04-18 17:23:03"
11775,39315,998,2026-03-08,Present,"2026-04-18 17:23:03"
11776,19464,1176,2026-03-05,Present,"2026-04-18 17:23:03"
11777,32520,911,2026-03-02,Absent,"2026-04-18 17:23:03"
11778,48205,1951,2026-03-02,Present,"2026-04-18 17:23:03"
11779,10807,573,2026-03-07,Present,"2026-04-18 17:23:03"
11780,33206,1571,2026-03-10,Present,"2026-04-18 17:23:03"
11781,4885,1949,2026-03-10,Absent,"2026-04-18 17:23:03"
11782,15047,901,2026-03-03,Present,"2026-04-18 17:23:03"
11783,21105,1555,2026-03-02,Present,"2026-04-18 17:23:03"
11784,13149,1340,2026-03-09,Present,"2026-04-18 17:23:03"
11785,32053,1060,2026-03-07,Present,"2026-04-18 17:23:03"
11786,12144,1374,2026-03-01,Present,"2026-04-18 17:23:03"
11787,5256,1409,2026-03-03,Absent,"2026-04-18 17:23:03"
11788,45201,1365,2026-03-08,Absent,"2026-04-18 17:23:03"
11789,37382,756,2026-03-08,Present,"2026-04-18 17:23:03"
11790,18573,559,2026-03-07,Absent,"2026-04-18 17:23:03"
11791,19714,1949,2026-03-10,Present,"2026-04-18 17:23:03"
11792,16551,1060,2026-03-10,Absent,"2026-04-18 17:23:03"
11793,32617,759,2026-03-05,Present,"2026-04-18 17:23:03"
11794,20611,962,2026-03-08,Present,"2026-04-18 17:23:03"
11795,8963,1216,2026-03-08,Present,"2026-04-18 17:23:03"
11796,10435,1830,2026-03-07,Present,"2026-04-18 17:23:03"
11797,48697,915,2026-03-04,Present,"2026-04-18 17:23:03"
11798,44932,998,2026-03-01,Present,"2026-04-18 17:23:03"
11799,5583,559,2026-03-01,Present,"2026-04-18 17:23:03"
11800,10622,669,2026-03-05,Present,"2026-04-18 17:23:03"
11801,45538,1212,2026-03-07,Absent,"2026-04-18 17:23:03"
11802,40885,618,2026-03-03,Present,"2026-04-18 17:23:03"
11803,14385,1948,2026-03-07,Present,"2026-04-18 17:23:03"
11804,43573,701,2026-03-06,Absent,"2026-04-18 17:23:03"
11805,33489,1778,2026-03-01,Present,"2026-04-18 17:23:03"
11806,23109,998,2026-03-09,Present,"2026-04-18 17:23:03"
11807,2691,1216,2026-03-10,Present,"2026-04-18 17:23:03"
11808,34002,901,2026-03-07,Absent,"2026-04-18 17:23:03"
11809,11167,964,2026-03-06,Present,"2026-04-18 17:23:03"
11810,46288,513,2026-03-01,Present,"2026-04-18 17:23:03"
11811,18871,1333,2026-03-03,Absent,"2026-04-18 17:23:03"
11812,16981,1984,2026-03-01,Present,"2026-04-18 17:23:03"
11813,31984,759,2026-03-04,Absent,"2026-04-18 17:23:03"
11814,23078,1908,2026-03-06,Present,"2026-04-18 17:23:03"
11815,18768,1517,2026-03-03,Absent,"2026-04-18 17:23:03"
11816,41812,1005,2026-03-09,Present,"2026-04-18 17:23:03"
11817,29502,1678,2026-03-02,Present,"2026-04-18 17:23:03"
11818,5828,1675,2026-03-02,Present,"2026-04-18 17:23:03"
11819,25747,573,2026-03-10,Present,"2026-04-18 17:23:03"
11820,32993,1055,2026-03-01,Present,"2026-04-18 17:23:03"
11821,27975,1949,2026-03-07,Present,"2026-04-18 17:23:03"
11822,376,1487,2026-03-10,Present,"2026-04-18 17:23:03"
11823,4979,1365,2026-03-02,Present,"2026-04-18 17:23:03"
11824,30383,1598,2026-03-02,Present,"2026-04-18 17:23:03"
11825,7270,1960,2026-03-06,Present,"2026-04-18 17:23:03"
11826,21976,1216,2026-03-05,Present,"2026-04-18 17:23:03"
11827,18648,1587,2026-03-06,Present,"2026-04-18 17:23:03"
11828,43062,1571,2026-03-03,Present,"2026-04-18 17:23:03"
11829,8907,1409,2026-03-05,Present,"2026-04-18 17:23:03"
11830,19874,1914,2026-03-02,Present,"2026-04-18 17:23:03"
11831,43862,1487,2026-03-08,Present,"2026-04-18 17:23:03"
11832,32927,559,2026-03-05,Present,"2026-04-18 17:23:03"
11833,12781,575,2026-03-01,Present,"2026-04-18 17:23:03"
11834,44420,735,2026-03-02,Present,"2026-04-18 17:23:03"
11835,38107,1073,2026-03-04,Present,"2026-04-18 17:23:03"
11836,36257,1987,2026-03-03,Present,"2026-04-18 17:23:03"
11837,11630,1670,2026-03-10,Present,"2026-04-18 17:23:03"
11838,16041,701,2026-03-07,Present,"2026-04-18 17:23:03"
11839,35072,1300,2026-03-07,Present,"2026-04-18 17:23:03"
11840,36673,962,2026-03-06,Present,"2026-04-18 17:23:03"
11841,32627,1949,2026-03-01,Present,"2026-04-18 17:23:03"
11842,40383,901,2026-03-09,Present,"2026-04-18 17:23:03"
11843,16562,1004,2026-03-01,Present,"2026-04-18 17:23:03"
11844,25572,1913,2026-03-09,Present,"2026-04-18 17:23:03"
11845,5302,1670,2026-03-08,Present,"2026-04-18 17:23:03"
11846,10601,1164,2026-03-06,Present,"2026-04-18 17:23:03"
11847,28865,575,2026-03-01,Present,"2026-04-18 17:23:03"
11848,13624,1700,2026-03-10,Absent,"2026-04-18 17:23:03"
11849,43289,1359,2026-03-08,Present,"2026-04-18 17:23:03"
11850,22557,573,2026-03-03,Present,"2026-04-18 17:23:03"
11851,37385,1005,2026-03-08,Present,"2026-04-18 17:23:03"
11852,8609,1913,2026-03-09,Present,"2026-04-18 17:23:03"
11853,14752,792,2026-03-04,Present,"2026-04-18 17:23:03"
11854,14734,1587,2026-03-03,Absent,"2026-04-18 17:23:03"
11855,32414,766,2026-03-04,Present,"2026-04-18 17:23:03"
11856,9192,1974,2026-03-09,Present,"2026-04-18 17:23:03"
11857,32652,1598,2026-03-08,Present,"2026-04-18 17:23:03"
11858,16194,1571,2026-03-06,Present,"2026-04-18 17:23:03"
11859,24076,1055,2026-03-09,Absent,"2026-04-18 17:23:03"
11860,42007,964,2026-03-03,Present,"2026-04-18 17:23:03"
11861,3587,1517,2026-03-08,Absent,"2026-04-18 17:23:03"
11862,6970,1598,2026-03-09,Present,"2026-04-18 17:23:03"
11863,36979,916,2026-03-01,Present,"2026-04-18 17:23:03"
11864,15552,1834,2026-03-05,Present,"2026-04-18 17:23:03"
11865,41419,1422,2026-03-07,Present,"2026-04-18 17:23:03"
11866,22403,559,2026-03-03,Present,"2026-04-18 17:23:03"
11867,30622,1333,2026-03-02,Present,"2026-04-18 17:23:03"
11868,6972,1830,2026-03-09,Present,"2026-04-18 17:23:03"
11869,10357,1496,2026-03-02,Present,"2026-04-18 17:23:03"
11870,11434,1057,2026-03-09,Present,"2026-04-18 17:23:03"
11871,47506,531,2026-03-10,Present,"2026-04-18 17:23:03"
11872,46065,669,2026-03-09,Present,"2026-04-18 17:23:03"
11873,43829,1034,2026-03-08,Present,"2026-04-18 17:23:03"
11874,40623,1974,2026-03-02,Present,"2026-04-18 17:23:03"
11875,47175,1700,2026-03-01,Present,"2026-04-18 17:23:03"
11876,15783,1787,2026-03-10,Present,"2026-04-18 17:23:03"
11877,37672,808,2026-03-01,Present,"2026-04-18 17:23:03"
11878,45218,1987,2026-03-08,Present,"2026-04-18 17:23:03"
11879,16770,669,2026-03-05,Present,"2026-04-18 17:23:03"
11880,45964,962,2026-03-06,Present,"2026-04-18 17:23:03"
11881,42296,1343,2026-03-05,Present,"2026-04-18 17:23:03"
11882,36218,962,2026-03-06,Absent,"2026-04-18 17:23:03"
11883,39373,1055,2026-03-09,Absent,"2026-04-18 17:23:03"
11884,2482,1435,2026-03-01,Present,"2026-04-18 17:23:03"
11885,32736,1300,2026-03-08,Present,"2026-04-18 17:23:03"
11886,11511,1170,2026-03-07,Present,"2026-04-18 17:23:03"
11887,16710,1034,2026-03-04,Present,"2026-04-18 17:23:03"
11888,35900,1300,2026-03-06,Present,"2026-04-18 17:23:03"
11889,12894,1253,2026-03-04,Present,"2026-04-18 17:23:03"
11890,47451,1333,2026-03-08,Present,"2026-04-18 17:23:03"
11891,29170,1409,2026-03-01,Present,"2026-04-18 17:23:03"
11892,47410,1487,2026-03-06,Absent,"2026-04-18 17:23:03"
11893,45662,1340,2026-03-03,Present,"2026-04-18 17:23:03"
11894,28342,1700,2026-03-04,Present,"2026-04-18 17:23:03"
11895,46686,1678,2026-03-07,Present,"2026-04-18 17:23:03"
11896,49527,1359,2026-03-07,Present,"2026-04-18 17:23:03"
11897,11155,1164,2026-03-05,Present,"2026-04-18 17:23:03"
11898,5193,1253,2026-03-07,Present,"2026-04-18 17:23:03"
11899,13244,1678,2026-03-03,Present,"2026-04-18 17:23:03"
11900,2663,858,2026-03-02,Present,"2026-04-18 17:23:03"
11901,19326,1216,2026-03-03,Present,"2026-04-18 17:23:03"
11902,28403,1422,2026-03-09,Absent,"2026-04-18 17:23:03"
11903,46504,1587,2026-03-05,Present,"2026-04-18 17:23:03"
11904,30724,1164,2026-03-01,Present,"2026-04-18 17:23:03"
11905,30181,1422,2026-03-01,Present,"2026-04-18 17:23:03"
11906,25097,1036,2026-03-05,Present,"2026-04-18 17:23:03"
11907,3085,1292,2026-03-06,Present,"2026-04-18 17:23:03"
11908,23297,573,2026-03-01,Absent,"2026-04-18 17:23:03"
11909,24427,1948,2026-03-07,Present,"2026-04-18 17:23:03"
11910,49291,759,2026-03-01,Present,"2026-04-18 17:23:03"
11911,18570,669,2026-03-07,Absent,"2026-04-18 17:23:03"
11912,3047,1409,2026-03-01,Present,"2026-04-18 17:23:03"
11913,26510,1036,2026-03-03,Absent,"2026-04-18 17:23:03"
11914,35742,1974,2026-03-08,Present,"2026-04-18 17:23:03"
11915,19841,814,2026-03-04,Present,"2026-04-18 17:23:03"
11916,11038,1202,2026-03-04,Present,"2026-04-18 17:23:03"
11917,2571,1670,2026-03-01,Present,"2026-04-18 17:23:03"
11918,15083,1834,2026-03-04,Present,"2026-04-18 17:23:03"
11919,37328,1170,2026-03-02,Absent,"2026-04-18 17:23:03"
11920,4985,1359,2026-03-07,Present,"2026-04-18 17:23:03"
11921,47459,1352,2026-03-10,Present,"2026-04-18 17:23:03"
11922,23641,998,2026-03-08,Absent,"2026-04-18 17:23:03"
11923,40291,1343,2026-03-01,Present,"2026-04-18 17:23:03"
11924,30009,1170,2026-03-03,Present,"2026-04-18 17:23:03"
11925,12122,973,2026-03-06,Present,"2026-04-18 17:23:03"
11926,33053,584,2026-03-03,Present,"2026-04-18 17:23:03"
11927,9486,531,2026-03-08,Present,"2026-04-18 17:23:03"
11928,24651,1517,2026-03-06,Present,"2026-04-18 17:23:03"
11929,7209,1913,2026-03-01,Present,"2026-04-18 17:23:03"
11930,44055,906,2026-03-08,Absent,"2026-04-18 17:23:03"
11931,28607,1487,2026-03-09,Present,"2026-04-18 17:23:03"
11932,34206,1422,2026-03-08,Absent,"2026-04-18 17:23:03"
11933,9266,1830,2026-03-08,Present,"2026-04-18 17:23:03"
11934,27582,559,2026-03-01,Absent,"2026-04-18 17:23:03"
11935,9516,1522,2026-03-04,Present,"2026-04-18 17:23:03"
11936,18302,1034,2026-03-10,Present,"2026-04-18 17:23:03"
11937,371,1908,2026-03-06,Present,"2026-04-18 17:23:03"
11938,30984,1571,2026-03-06,Present,"2026-04-18 17:23:03"
11939,29554,961,2026-03-02,Absent,"2026-04-18 17:23:03"
11940,46634,559,2026-03-09,Present,"2026-04-18 17:23:03"
11941,33730,1700,2026-03-01,Present,"2026-04-18 17:23:03"
11942,44326,901,2026-03-09,Present,"2026-04-18 17:23:03"
11943,20792,1522,2026-03-03,Absent,"2026-04-18 17:23:03"
11944,22723,1057,2026-03-06,Present,"2026-04-18 17:23:03"
11945,19945,1102,2026-03-06,Absent,"2026-04-18 17:23:03"
11946,775,759,2026-03-03,Present,"2026-04-18 17:23:03"
11947,41511,1678,2026-03-01,Present,"2026-04-18 17:23:03"
11948,24016,1004,2026-03-07,Present,"2026-04-18 17:23:03"
11949,15203,701,2026-03-10,Present,"2026-04-18 17:23:03"
11950,33048,1034,2026-03-09,Absent,"2026-04-18 17:23:03"
11951,14917,1555,2026-03-04,Present,"2026-04-18 17:23:03"
11952,10745,573,2026-03-06,Present,"2026-04-18 17:23:03"
11953,27948,1292,2026-03-10,Present,"2026-04-18 17:23:03"
11954,4384,1949,2026-03-01,Present,"2026-04-18 17:23:03"
11955,5264,1164,2026-03-01,Present,"2026-04-18 17:23:03"
11956,19654,901,2026-03-05,Present,"2026-04-18 17:23:03"
11957,49920,1700,2026-03-03,Present,"2026-04-18 17:23:03"
11958,24016,712,2026-03-06,Absent,"2026-04-18 17:23:03"
11959,49717,1913,2026-03-05,Absent,"2026-04-18 17:23:03"
11960,47620,1987,2026-03-02,Present,"2026-04-18 17:23:03"
11961,22412,1700,2026-03-01,Present,"2026-04-18 17:23:03"
11962,8854,759,2026-03-02,Present,"2026-04-18 17:23:03"
11963,4712,792,2026-03-08,Present,"2026-04-18 17:23:03"
11964,949,906,2026-03-09,Present,"2026-04-18 17:23:03"
11965,47269,1984,2026-03-07,Present,"2026-04-18 17:23:03"
11966,35519,1253,2026-03-04,Absent,"2026-04-18 17:23:03"
11967,38705,1908,2026-03-03,Present,"2026-04-18 17:23:03"
11968,10625,1005,2026-03-03,Absent,"2026-04-18 17:23:03"
11969,4995,1951,2026-03-03,Absent,"2026-04-18 17:23:03"
11970,35679,1176,2026-03-03,Present,"2026-04-18 17:23:03"
11971,2143,1152,2026-03-06,Present,"2026-04-18 17:23:03"
11972,49517,531,2026-03-01,Present,"2026-04-18 17:23:03"
11973,17493,876,2026-03-01,Present,"2026-04-18 17:23:03"
11974,10385,1060,2026-03-07,Present,"2026-04-18 17:23:03"
11975,49177,1435,2026-03-10,Present,"2026-04-18 17:23:03"
11976,44604,1948,2026-03-01,Present,"2026-04-18 17:23:03"
11977,21781,901,2026-03-07,Present,"2026-04-18 17:23:03"
11978,36038,1005,2026-03-06,Present,"2026-04-18 17:23:03"
11979,28833,1212,2026-03-02,Absent,"2026-04-18 17:23:03"
11980,46964,1787,2026-03-01,Present,"2026-04-18 17:23:03"
11981,7309,916,2026-03-02,Present,"2026-04-18 17:23:03"
11982,29899,1212,2026-03-09,Present,"2026-04-18 17:23:03"
11983,32706,1587,2026-03-09,Present,"2026-04-18 17:23:03"
11984,6770,654,2026-03-02,Present,"2026-04-18 17:23:03"
11985,14382,808,2026-03-04,Present,"2026-04-18 17:23:03"
11986,26819,1496,2026-03-04,Present,"2026-04-18 17:23:03"
11987,20713,1102,2026-03-08,Present,"2026-04-18 17:23:03"
11988,31581,1538,2026-03-07,Present,"2026-04-18 17:23:03"
11989,14049,1170,2026-03-08,Absent,"2026-04-18 17:23:03"
11990,27209,1951,2026-03-03,Present,"2026-04-18 17:23:03"
11991,24667,1333,2026-03-03,Present,"2026-04-18 17:23:03"
11992,28535,1057,2026-03-07,Present,"2026-04-18 17:23:03"
11993,36680,575,2026-03-03,Present,"2026-04-18 17:23:03"
11994,32508,1960,2026-03-08,Present,"2026-04-18 17:23:03"
11995,4802,575,2026-03-06,Absent,"2026-04-18 17:23:03"
11996,3836,962,2026-03-06,Present,"2026-04-18 17:23:03"
11997,40769,1253,2026-03-04,Present,"2026-04-18 17:23:03"
11998,31952,1951,2026-03-02,Present,"2026-04-18 17:23:03"
11999,3402,1948,2026-03-01,Absent,"2026-04-18 17:23:03"
12000,3724,906,2026-03-09,Present,"2026-04-18 17:23:03"
12001,14494,911,2026-03-08,Present,"2026-04-18 17:23:03"
12002,2551,654,2026-03-09,Present,"2026-04-18 17:23:03"
12003,24536,1913,2026-03-03,Present,"2026-04-18 17:23:03"
12004,807,584,2026-03-06,Present,"2026-04-18 17:23:03"
12005,47072,513,2026-03-06,Present,"2026-04-18 17:23:03"
12006,14546,1073,2026-03-09,Present,"2026-04-18 17:23:03"
12007,12919,1352,2026-03-10,Absent,"2026-04-18 17:23:03"
12008,12115,669,2026-03-02,Absent,"2026-04-18 17:23:03"
12009,16976,513,2026-03-05,Present,"2026-04-18 17:23:03"
12010,14107,1333,2026-03-02,Present,"2026-04-18 17:23:03"
12011,41549,915,2026-03-07,Present,"2026-04-18 17:23:03"
12012,30080,1517,2026-03-06,Present,"2026-04-18 17:23:03"
12013,44595,1057,2026-03-02,Present,"2026-04-18 17:23:03"
12014,11003,814,2026-03-04,Present,"2026-04-18 17:23:03"
12015,21112,1677,2026-03-05,Present,"2026-04-18 17:23:03"
12016,47799,998,2026-03-10,Present,"2026-04-18 17:23:03"
12017,7477,998,2026-03-09,Absent,"2026-04-18 17:23:03"
12018,31668,1834,2026-03-04,Present,"2026-04-18 17:23:03"
12019,38922,1102,2026-03-06,Present,"2026-04-18 17:23:03"
12020,23984,1757,2026-03-01,Present,"2026-04-18 17:23:03"
12021,22244,573,2026-03-03,Present,"2026-04-18 17:23:03"
12022,21580,1409,2026-03-06,Present,"2026-04-18 17:23:03"
12023,3954,1974,2026-03-05,Present,"2026-04-18 17:23:03"
12024,29264,573,2026-03-07,Absent,"2026-04-18 17:23:03"
12025,2650,1359,2026-03-07,Present,"2026-04-18 17:23:03"
12026,5463,1057,2026-03-07,Absent,"2026-04-18 17:23:03"
12027,19082,881,2026-03-01,Present,"2026-04-18 17:23:03"
12028,5721,1292,2026-03-04,Present,"2026-04-18 17:23:03"
12029,37565,1300,2026-03-08,Present,"2026-04-18 17:23:03"
12030,14301,1524,2026-03-02,Absent,"2026-04-18 17:23:03"
12031,41887,792,2026-03-07,Present,"2026-04-18 17:23:03"
12032,29030,573,2026-03-03,Present,"2026-04-18 17:23:03"
12033,33419,1675,2026-03-05,Present,"2026-04-18 17:23:03"
12034,4865,1202,2026-03-05,Present,"2026-04-18 17:23:03"
12035,1342,794,2026-03-05,Present,"2026-04-18 17:23:03"
12036,31014,1202,2026-03-01,Present,"2026-04-18 17:23:03"
12037,15218,1216,2026-03-02,Present,"2026-04-18 17:23:03"
12038,32891,792,2026-03-05,Present,"2026-04-18 17:23:03"
12039,21017,1830,2026-03-05,Present,"2026-04-18 17:23:03"
12040,17741,573,2026-03-07,Absent,"2026-04-18 17:23:03"
12041,7259,559,2026-03-06,Present,"2026-04-18 17:23:03"
12042,46124,947,2026-03-07,Present,"2026-04-18 17:23:03"
12043,43348,808,2026-03-04,Present,"2026-04-18 17:23:03"
12044,7049,618,2026-03-08,Present,"2026-04-18 17:23:03"
12045,6002,1170,2026-03-10,Present,"2026-04-18 17:23:03"
12046,26824,947,2026-03-08,Present,"2026-04-18 17:23:03"
12047,10123,1949,2026-03-10,Present,"2026-04-18 17:23:03"
12048,45535,834,2026-03-01,Present,"2026-04-18 17:23:03"
12049,27643,1948,2026-03-07,Present,"2026-04-18 17:23:03"
12050,44948,1170,2026-03-10,Absent,"2026-04-18 17:23:03"
12051,17803,1908,2026-03-04,Present,"2026-04-18 17:23:03"
12052,12955,1987,2026-03-03,Absent,"2026-04-18 17:23:03"
12053,40317,1677,2026-03-09,Present,"2026-04-18 17:23:03"
12054,22214,1202,2026-03-09,Absent,"2026-04-18 17:23:03"
12055,892,654,2026-03-02,Absent,"2026-04-18 17:23:03"
12056,27899,1908,2026-03-04,Absent,"2026-04-18 17:23:03"
12057,1203,834,2026-03-08,Present,"2026-04-18 17:23:03"
12058,27364,1202,2026-03-07,Present,"2026-04-18 17:23:03"
12059,3293,1359,2026-03-04,Present,"2026-04-18 17:23:03"
12060,11066,792,2026-03-10,Absent,"2026-04-18 17:23:03"
12061,44940,1913,2026-03-06,Present,"2026-04-18 17:23:03"
12062,29490,1487,2026-03-10,Present,"2026-04-18 17:23:03"
12063,7709,947,2026-03-09,Absent,"2026-04-18 17:23:03"
12064,37808,513,2026-03-08,Present,"2026-04-18 17:23:03"
12065,39129,1212,2026-03-05,Present,"2026-04-18 17:23:03"
12066,28884,962,2026-03-07,Present,"2026-04-18 17:23:03"
12067,38651,531,2026-03-03,Absent,"2026-04-18 17:23:03"
12068,37305,1913,2026-03-05,Present,"2026-04-18 17:23:03"
12069,26125,1352,2026-03-08,Absent,"2026-04-18 17:23:03"
12070,42280,1778,2026-03-05,Present,"2026-04-18 17:23:03"
12071,36774,1102,2026-03-10,Absent,"2026-04-18 17:23:03"
12072,11931,814,2026-03-08,Absent,"2026-04-18 17:23:03"
12073,44718,1101,2026-03-04,Present,"2026-04-18 17:23:03"
12074,37828,814,2026-03-05,Present,"2026-04-18 17:23:03"
12075,39663,1374,2026-03-04,Present,"2026-04-18 17:23:03"
12076,42445,1073,2026-03-02,Present,"2026-04-18 17:23:03"
12077,14107,1914,2026-03-10,Absent,"2026-04-18 17:23:03"
12078,9945,735,2026-03-08,Absent,"2026-04-18 17:23:03"
12079,10577,618,2026-03-06,Absent,"2026-04-18 17:23:03"
12080,12730,766,2026-03-09,Present,"2026-04-18 17:23:03"
12081,27988,1984,2026-03-06,Absent,"2026-04-18 17:23:03"
12082,19390,756,2026-03-05,Absent,"2026-04-18 17:23:03"
12083,12790,1522,2026-03-07,Present,"2026-04-18 17:23:03"
12084,2153,1677,2026-03-04,Present,"2026-04-18 17:23:03"
12085,27689,1482,2026-03-02,Present,"2026-04-18 17:23:03"
12086,27288,1754,2026-03-08,Present,"2026-04-18 17:23:03"
12087,27364,1670,2026-03-03,Absent,"2026-04-18 17:23:03"
12088,42153,1670,2026-03-03,Absent,"2026-04-18 17:23:03"
12089,38653,1675,2026-03-03,Present,"2026-04-18 17:23:03"
12090,25239,1005,2026-03-09,Present,"2026-04-18 17:23:03"
12091,43012,1951,2026-03-03,Absent,"2026-04-18 17:23:03"
12092,9273,876,2026-03-04,Present,"2026-04-18 17:23:03"
12093,20780,1073,2026-03-01,Present,"2026-04-18 17:23:03"
12094,30328,1101,2026-03-08,Present,"2026-04-18 17:23:03"
12095,34459,1948,2026-03-09,Present,"2026-04-18 17:23:03"
12096,41142,901,2026-03-07,Present,"2026-04-18 17:23:03"
12097,2159,1202,2026-03-01,Present,"2026-04-18 17:23:03"
12098,10042,1987,2026-03-03,Absent,"2026-04-18 17:23:03"
12099,3670,1184,2026-03-03,Present,"2026-04-18 17:23:03"
12100,24957,1587,2026-03-05,Present,"2026-04-18 17:23:03"
12101,21718,1184,2026-03-05,Present,"2026-04-18 17:23:03"
12102,49580,1778,2026-03-03,Absent,"2026-04-18 17:23:03"
12103,9066,1170,2026-03-03,Present,"2026-04-18 17:23:03"
12104,29160,1914,2026-03-08,Present,"2026-04-18 17:23:03"
12105,13375,1496,2026-03-08,Absent,"2026-04-18 17:23:03"
12106,32143,876,2026-03-02,Present,"2026-04-18 17:23:03"
12107,41052,1164,2026-03-02,Present,"2026-04-18 17:23:03"
12108,21730,1517,2026-03-01,Present,"2026-04-18 17:23:03"
12109,9051,1757,2026-03-02,Present,"2026-04-18 17:23:03"
12110,5491,1587,2026-03-07,Absent,"2026-04-18 17:23:03"
12111,36331,1757,2026-03-08,Absent,"2026-04-18 17:23:03"
12112,11201,1176,2026-03-01,Present,"2026-04-18 17:23:03"
12113,8247,1987,2026-03-08,Present,"2026-04-18 17:23:03"
12114,37822,964,2026-03-07,Absent,"2026-04-18 17:23:03"
12115,22713,1409,2026-03-02,Present,"2026-04-18 17:23:03"
12116,46665,1435,2026-03-03,Present,"2026-04-18 17:23:03"
12117,26290,916,2026-03-01,Present,"2026-04-18 17:23:03"
12118,16152,559,2026-03-08,Present,"2026-04-18 17:23:03"
12119,39927,735,2026-03-10,Present,"2026-04-18 17:23:03"
12120,45845,1253,2026-03-07,Absent,"2026-04-18 17:23:03"
12121,42159,1571,2026-03-05,Present,"2026-04-18 17:23:03"
12122,22412,1005,2026-03-07,Present,"2026-04-18 17:23:03"
12123,48862,1202,2026-03-05,Absent,"2026-04-18 17:23:03"
12124,30620,1365,2026-03-05,Absent,"2026-04-18 17:23:03"
12125,20780,559,2026-03-09,Present,"2026-04-18 17:23:03"
12126,40999,794,2026-03-01,Present,"2026-04-18 17:23:03"
12127,21256,1754,2026-03-10,Absent,"2026-04-18 17:23:03"
12128,49797,1202,2026-03-01,Present,"2026-04-18 17:23:03"
12129,8552,1374,2026-03-05,Present,"2026-04-18 17:23:03"
12130,22910,1914,2026-03-01,Absent,"2026-04-18 17:23:03"
12131,10279,1184,2026-03-07,Present,"2026-04-18 17:23:03"
12132,1148,1057,2026-03-02,Present,"2026-04-18 17:23:03"
12133,18174,1365,2026-03-01,Present,"2026-04-18 17:23:03"
12134,24426,756,2026-03-03,Present,"2026-04-18 17:23:03"
12135,45627,1365,2026-03-03,Present,"2026-04-18 17:23:03"
12136,26294,1487,2026-03-01,Present,"2026-04-18 17:23:03"
12137,39784,1677,2026-03-04,Present,"2026-04-18 17:23:03"
12138,1141,654,2026-03-02,Present,"2026-04-18 17:23:03"
12139,40580,1948,2026-03-07,Present,"2026-04-18 17:23:03"
12140,32602,1778,2026-03-09,Present,"2026-04-18 17:23:03"
12141,27607,1102,2026-03-10,Present,"2026-04-18 17:23:03"
12142,2346,961,2026-03-07,Absent,"2026-04-18 17:23:03"
12143,22437,735,2026-03-08,Present,"2026-04-18 17:23:03"
12144,49409,759,2026-03-01,Present,"2026-04-18 17:23:03"
12145,21440,858,2026-03-02,Present,"2026-04-18 17:23:03"
12146,10360,1677,2026-03-05,Present,"2026-04-18 17:23:03"
12147,18432,1830,2026-03-02,Present,"2026-04-18 17:23:03"
12148,26980,792,2026-03-10,Absent,"2026-04-18 17:23:03"
12149,46287,906,2026-03-06,Present,"2026-04-18 17:23:03"
12150,26941,1073,2026-03-02,Absent,"2026-04-18 17:23:03"
12151,32070,1678,2026-03-02,Present,"2026-04-18 17:23:03"
12152,2311,1164,2026-03-06,Absent,"2026-04-18 17:23:03"
12153,44307,759,2026-03-04,Absent,"2026-04-18 17:23:03"
12154,9140,1987,2026-03-10,Present,"2026-04-18 17:23:03"
12155,3777,1184,2026-03-08,Present,"2026-04-18 17:23:03"
12156,44449,624,2026-03-03,Present,"2026-04-18 17:23:03"
12157,6707,1333,2026-03-08,Present,"2026-04-18 17:23:03"
12158,24564,876,2026-03-08,Present,"2026-04-18 17:23:03"
12159,42540,962,2026-03-04,Present,"2026-04-18 17:23:03"
12160,10317,998,2026-03-10,Present,"2026-04-18 17:23:03"
12161,12400,915,2026-03-07,Present,"2026-04-18 17:23:03"
12162,10147,906,2026-03-02,Present,"2026-04-18 17:23:03"
12163,10462,1253,2026-03-02,Present,"2026-04-18 17:23:03"
12164,46569,756,2026-03-09,Absent,"2026-04-18 17:23:03"
12165,20696,1216,2026-03-01,Present,"2026-04-18 17:23:03"
12166,398,618,2026-03-08,Present,"2026-04-18 17:23:03"
12167,9538,1948,2026-03-09,Present,"2026-04-18 17:23:03"
12168,20938,1587,2026-03-03,Present,"2026-04-18 17:23:03"
12169,7137,1005,2026-03-10,Present,"2026-04-18 17:23:03"
12170,16986,1496,2026-03-08,Present,"2026-04-18 17:23:03"
12171,35431,1202,2026-03-06,Present,"2026-04-18 17:23:03"
12172,15083,1834,2026-03-01,Absent,"2026-04-18 17:23:03"
12173,47149,712,2026-03-10,Present,"2026-04-18 17:23:03"
12174,36948,1675,2026-03-06,Present,"2026-04-18 17:23:03"
12175,1458,1228,2026-03-04,Present,"2026-04-18 17:23:03"
12176,7956,911,2026-03-01,Absent,"2026-04-18 17:23:03"
12177,32197,1984,2026-03-02,Present,"2026-04-18 17:23:03"
12178,6534,1435,2026-03-10,Present,"2026-04-18 17:23:03"
12179,40839,1176,2026-03-08,Present,"2026-04-18 17:23:03"
12180,12783,1343,2026-03-06,Present,"2026-04-18 17:23:03"
12181,29242,915,2026-03-06,Present,"2026-04-18 17:23:03"
12182,8204,1522,2026-03-05,Present,"2026-04-18 17:23:03"
12183,23994,584,2026-03-10,Present,"2026-04-18 17:23:03"
12184,48246,513,2026-03-08,Present,"2026-04-18 17:23:03"
12185,8449,1374,2026-03-05,Present,"2026-04-18 17:23:03"
12186,27192,1333,2026-03-05,Present,"2026-04-18 17:23:03"
12187,18148,1677,2026-03-09,Absent,"2026-04-18 17:23:03"
12188,15932,1913,2026-03-03,Absent,"2026-04-18 17:23:03"
12189,15159,1435,2026-03-05,Present,"2026-04-18 17:23:03"
12190,14155,808,2026-03-01,Present,"2026-04-18 17:23:03"
12191,3365,735,2026-03-03,Absent,"2026-04-18 17:23:03"
12192,21884,1482,2026-03-06,Absent,"2026-04-18 17:23:03"
12193,21270,1754,2026-03-04,Absent,"2026-04-18 17:23:03"
12194,15557,712,2026-03-02,Present,"2026-04-18 17:23:03"
12195,1094,1830,2026-03-04,Present,"2026-04-18 17:23:03"
12196,26167,1908,2026-03-05,Present,"2026-04-18 17:23:03"
12197,43211,712,2026-03-02,Present,"2026-04-18 17:23:03"
12198,1203,1948,2026-03-05,Present,"2026-04-18 17:23:03"
12199,36201,1914,2026-03-03,Present,"2026-04-18 17:23:03"
12200,23772,915,2026-03-03,Present,"2026-04-18 17:23:03"
12201,17615,1292,2026-03-07,Present,"2026-04-18 17:23:03"
12202,10336,1352,2026-03-07,Present,"2026-04-18 17:23:03"
12203,24662,1292,2026-03-07,Present,"2026-04-18 17:23:03"
12204,23308,1202,2026-03-09,Present,"2026-04-18 17:23:03"
12205,39480,1522,2026-03-05,Present,"2026-04-18 17:23:03"
12206,28057,911,2026-03-10,Present,"2026-04-18 17:23:03"
12207,39910,1073,2026-03-03,Present,"2026-04-18 17:23:03"
12208,12060,573,2026-03-10,Absent,"2026-04-18 17:23:03"
12209,25954,1184,2026-03-03,Present,"2026-04-18 17:23:03"
12210,44060,1343,2026-03-09,Absent,"2026-04-18 17:23:03"
12211,42057,573,2026-03-08,Present,"2026-04-18 17:23:03"
12212,26315,1830,2026-03-09,Present,"2026-04-18 17:23:03"
12213,1212,906,2026-03-04,Present,"2026-04-18 17:23:03"
12214,11630,1778,2026-03-06,Present,"2026-04-18 17:23:03"
12215,31906,814,2026-03-02,Present,"2026-04-18 17:23:03"
12216,37742,1678,2026-03-10,Present,"2026-04-18 17:23:03"
12217,48062,1374,2026-03-10,Present,"2026-04-18 17:23:03"
12218,15502,1176,2026-03-10,Absent,"2026-04-18 17:23:03"
12219,27235,1787,2026-03-03,Present,"2026-04-18 17:23:03"
12220,29899,1212,2026-03-10,Present,"2026-04-18 17:23:03"
12221,19494,1678,2026-03-01,Present,"2026-04-18 17:23:03"
12222,15902,1164,2026-03-02,Present,"2026-04-18 17:23:03"
12223,5131,1553,2026-03-04,Present,"2026-04-18 17:23:03"
12224,21980,1034,2026-03-10,Present,"2026-04-18 17:23:03"
12225,37322,1830,2026-03-09,Present,"2026-04-18 17:23:03"
12226,7879,654,2026-03-02,Present,"2026-04-18 17:23:03"
12227,15888,1949,2026-03-10,Present,"2026-04-18 17:23:03"
12228,49311,712,2026-03-02,Present,"2026-04-18 17:23:03"
12229,36267,584,2026-03-02,Present,"2026-04-18 17:23:03"
12230,8237,1587,2026-03-07,Present,"2026-04-18 17:23:03"
12231,1342,906,2026-03-08,Present,"2026-04-18 17:23:03"
12232,29704,906,2026-03-10,Present,"2026-04-18 17:23:03"
12233,36954,901,2026-03-02,Present,"2026-04-18 17:23:03"
12234,24003,915,2026-03-03,Absent,"2026-04-18 17:23:03"
12235,14919,962,2026-03-09,Present,"2026-04-18 17:23:03"
12236,10221,1524,2026-03-06,Present,"2026-04-18 17:23:03"
12237,34114,1571,2026-03-03,Present,"2026-04-18 17:23:03"
12238,24117,1587,2026-03-03,Absent,"2026-04-18 17:23:03"
12239,40141,701,2026-03-01,Present,"2026-04-18 17:23:03"
12240,31597,916,2026-03-10,Present,"2026-04-18 17:23:03"
12241,13325,1482,2026-03-03,Present,"2026-04-18 17:23:03"
12242,29636,1253,2026-03-02,Absent,"2026-04-18 17:23:03"
12243,4967,756,2026-03-06,Present,"2026-04-18 17:23:03"
12244,3411,973,2026-03-04,Present,"2026-04-18 17:23:03"
12245,11522,1055,2026-03-04,Absent,"2026-04-18 17:23:03"
12246,12733,1216,2026-03-01,Present,"2026-04-18 17:23:03"
12247,22493,584,2026-03-08,Present,"2026-04-18 17:23:03"
12248,13247,1830,2026-03-01,Present,"2026-04-18 17:23:03"
12249,23219,1517,2026-03-08,Present,"2026-04-18 17:23:03"
12250,48151,1365,2026-03-09,Absent,"2026-04-18 17:23:03"
12251,664,794,2026-03-01,Absent,"2026-04-18 17:23:03"
12252,33206,973,2026-03-06,Present,"2026-04-18 17:23:03"
12253,35985,906,2026-03-10,Present,"2026-04-18 17:23:03"
12254,11502,1757,2026-03-07,Absent,"2026-04-18 17:23:03"
12255,17910,1216,2026-03-08,Present,"2026-04-18 17:23:03"
12256,32864,1435,2026-03-08,Present,"2026-04-18 17:23:03"
12257,39017,559,2026-03-01,Absent,"2026-04-18 17:23:03"
12258,43709,1333,2026-03-01,Absent,"2026-04-18 17:23:03"
12259,33442,1055,2026-03-08,Present,"2026-04-18 17:23:03"
12260,40786,858,2026-03-03,Present,"2026-04-18 17:23:03"
12261,10596,1422,2026-03-03,Present,"2026-04-18 17:23:03"
12262,10374,1487,2026-03-06,Absent,"2026-04-18 17:23:03"
12263,2060,1960,2026-03-03,Present,"2026-04-18 17:23:03"
12264,15163,834,2026-03-03,Present,"2026-04-18 17:23:03"
12265,38566,876,2026-03-06,Present,"2026-04-18 17:23:03"
12266,30359,559,2026-03-04,Present,"2026-04-18 17:23:03"
12267,11940,1164,2026-03-09,Present,"2026-04-18 17:23:03"
12268,29963,915,2026-03-02,Absent,"2026-04-18 17:23:03"
12269,31517,1184,2026-03-01,Present,"2026-04-18 17:23:03"
12270,47178,901,2026-03-09,Present,"2026-04-18 17:23:03"
12271,8905,1435,2026-03-05,Present,"2026-04-18 17:23:03"
12272,7027,1960,2026-03-02,Present,"2026-04-18 17:23:03"
12273,22136,573,2026-03-04,Present,"2026-04-18 17:23:03"
12274,21356,759,2026-03-02,Present,"2026-04-18 17:23:03"
12275,19027,559,2026-03-08,Absent,"2026-04-18 17:23:03"
12276,8946,814,2026-03-01,Present,"2026-04-18 17:23:03"
12277,6173,1216,2026-03-03,Present,"2026-04-18 17:23:03"
12278,28973,1365,2026-03-05,Present,"2026-04-18 17:23:03"
12279,19388,858,2026-03-03,Present,"2026-04-18 17:23:03"
12280,40160,1300,2026-03-01,Absent,"2026-04-18 17:23:03"
12281,7071,1984,2026-03-02,Present,"2026-04-18 17:23:03"
12282,40295,1757,2026-03-09,Present,"2026-04-18 17:23:03"
12283,24053,858,2026-03-02,Present,"2026-04-18 17:23:03"
12284,25064,559,2026-03-09,Present,"2026-04-18 17:23:03"
12285,19362,1102,2026-03-08,Present,"2026-04-18 17:23:03"
12286,49899,1036,2026-03-02,Absent,"2026-04-18 17:23:03"
12287,30448,1524,2026-03-03,Present,"2026-04-18 17:23:03"
12288,31273,1555,2026-03-09,Present,"2026-04-18 17:23:03"
12289,44216,1555,2026-03-01,Present,"2026-04-18 17:23:03"
12290,15499,915,2026-03-07,Present,"2026-04-18 17:23:03"
12291,883,756,2026-03-06,Absent,"2026-04-18 17:23:03"
12292,31440,1984,2026-03-03,Present,"2026-04-18 17:23:03"
12293,33235,1524,2026-03-09,Present,"2026-04-18 17:23:03"
12294,8036,1987,2026-03-06,Present,"2026-04-18 17:23:03"
12295,32062,1522,2026-03-09,Present,"2026-04-18 17:23:03"
12296,45328,1212,2026-03-01,Absent,"2026-04-18 17:23:03"
12297,2013,1834,2026-03-03,Present,"2026-04-18 17:23:03"
12298,3506,1700,2026-03-03,Absent,"2026-04-18 17:23:03"
12299,39262,1176,2026-03-06,Absent,"2026-04-18 17:23:03"
12300,27888,915,2026-03-10,Present,"2026-04-18 17:23:03"
12301,29698,1670,2026-03-08,Present,"2026-04-18 17:23:03"
12302,23592,1340,2026-03-02,Present,"2026-04-18 17:23:03"
12303,30483,1960,2026-03-01,Present,"2026-04-18 17:23:03"
12304,3569,1517,2026-03-04,Present,"2026-04-18 17:23:03"
12305,19614,1670,2026-03-08,Present,"2026-04-18 17:23:03"
12306,15523,1571,2026-03-07,Present,"2026-04-18 17:23:03"
12307,37729,1343,2026-03-08,Absent,"2026-04-18 17:23:03"
12308,25765,654,2026-03-07,Present,"2026-04-18 17:23:03"
12309,41142,901,2026-03-01,Present,"2026-04-18 17:23:03"
12310,45244,1170,2026-03-08,Present,"2026-04-18 17:23:03"
12311,26283,1060,2026-03-09,Present,"2026-04-18 17:23:03"
12312,10663,1152,2026-03-04,Present,"2026-04-18 17:23:03"
12313,16726,792,2026-03-02,Present,"2026-04-18 17:23:03"
12314,45483,1073,2026-03-04,Present,"2026-04-18 17:23:03"
12315,34389,973,2026-03-04,Present,"2026-04-18 17:23:03"
12316,21288,1253,2026-03-04,Present,"2026-04-18 17:23:03"
12317,37234,881,2026-03-08,Present,"2026-04-18 17:23:03"
12318,7093,1365,2026-03-02,Present,"2026-04-18 17:23:03"
12319,15031,1555,2026-03-09,Present,"2026-04-18 17:23:03"
12320,8664,1951,2026-03-02,Present,"2026-04-18 17:23:03"
12321,35670,618,2026-03-08,Absent,"2026-04-18 17:23:03"
12322,6847,624,2026-03-05,Present,"2026-04-18 17:23:03"
12323,24684,1352,2026-03-02,Present,"2026-04-18 17:23:03"
12324,8622,1340,2026-03-03,Absent,"2026-04-18 17:23:03"
12325,13140,1757,2026-03-05,Present,"2026-04-18 17:23:03"
12326,33138,1987,2026-03-07,Present,"2026-04-18 17:23:03"
12327,19484,1343,2026-03-09,Present,"2026-04-18 17:23:03"
12328,36330,735,2026-03-06,Present,"2026-04-18 17:23:03"
12329,44491,575,2026-03-09,Absent,"2026-04-18 17:23:03"
12330,31683,814,2026-03-06,Present,"2026-04-18 17:23:03"
12331,38998,916,2026-03-03,Present,"2026-04-18 17:23:03"
12332,39519,1374,2026-03-06,Present,"2026-04-18 17:23:03"
12333,10201,1228,2026-03-09,Present,"2026-04-18 17:23:03"
12334,2590,1524,2026-03-03,Present,"2026-04-18 17:23:03"
12335,9728,1587,2026-03-06,Absent,"2026-04-18 17:23:03"
12336,19641,735,2026-03-05,Present,"2026-04-18 17:23:03"
12337,6840,513,2026-03-09,Absent,"2026-04-18 17:23:03"
12338,6523,559,2026-03-03,Present,"2026-04-18 17:23:03"
12339,15528,1184,2026-03-05,Present,"2026-04-18 17:23:03"
12340,22713,1036,2026-03-03,Present,"2026-04-18 17:23:03"
12341,27393,1678,2026-03-03,Present,"2026-04-18 17:23:03"
12342,48484,973,2026-03-04,Present,"2026-04-18 17:23:03"
12343,14657,973,2026-03-05,Present,"2026-04-18 17:23:03"
12344,36847,559,2026-03-08,Present,"2026-04-18 17:23:03"
12345,12091,876,2026-03-03,Absent,"2026-04-18 17:23:03"
12346,39855,1914,2026-03-10,Present,"2026-04-18 17:23:03"
12347,15108,1587,2026-03-10,Present,"2026-04-18 17:23:03"
12348,19184,1571,2026-03-07,Present,"2026-04-18 17:23:03"
12349,3374,1522,2026-03-06,Present,"2026-04-18 17:23:03"
12350,5395,881,2026-03-06,Present,"2026-04-18 17:23:03"
12351,46839,1170,2026-03-04,Present,"2026-04-18 17:23:03"
12352,43811,1914,2026-03-08,Present,"2026-04-18 17:23:03"
12353,9909,792,2026-03-08,Present,"2026-04-18 17:23:03"
12354,7720,1333,2026-03-08,Present,"2026-04-18 17:23:03"
12355,19904,1359,2026-03-10,Present,"2026-04-18 17:23:03"
12356,23054,1914,2026-03-06,Present,"2026-04-18 17:23:03"
12357,14584,1960,2026-03-07,Present,"2026-04-18 17:23:03"
12358,29133,1060,2026-03-08,Present,"2026-04-18 17:23:03"
12359,43054,1101,2026-03-03,Absent,"2026-04-18 17:23:03"
12360,15952,1984,2026-03-06,Present,"2026-04-18 17:23:03"
12361,33244,712,2026-03-02,Present,"2026-04-18 17:23:03"
12362,14267,1974,2026-03-08,Absent,"2026-04-18 17:23:03"
12363,37080,618,2026-03-03,Absent,"2026-04-18 17:23:03"
12364,46038,1522,2026-03-10,Present,"2026-04-18 17:23:03"
12365,4403,906,2026-03-10,Present,"2026-04-18 17:23:03"
12366,47121,1948,2026-03-01,Present,"2026-04-18 17:23:03"
12367,779,814,2026-03-07,Present,"2026-04-18 17:23:03"
12368,11562,1202,2026-03-09,Present,"2026-04-18 17:23:03"
12369,4448,792,2026-03-10,Present,"2026-04-18 17:23:03"
12370,24216,1787,2026-03-01,Present,"2026-04-18 17:23:03"
12371,17563,794,2026-03-04,Absent,"2026-04-18 17:23:03"
12372,29914,1553,2026-03-10,Present,"2026-04-18 17:23:03"
12373,46724,766,2026-03-10,Absent,"2026-04-18 17:23:03"
12374,5154,876,2026-03-10,Present,"2026-04-18 17:23:03"
12375,11066,794,2026-03-05,Present,"2026-04-18 17:23:03"
12376,9646,1212,2026-03-01,Present,"2026-04-18 17:23:03"
12377,22047,654,2026-03-01,Present,"2026-04-18 17:23:03"
12378,46750,1984,2026-03-09,Present,"2026-04-18 17:23:03"
12379,13055,1960,2026-03-05,Absent,"2026-04-18 17:23:03"
12380,15675,1553,2026-03-03,Present,"2026-04-18 17:23:03"
12381,4769,1005,2026-03-07,Absent,"2026-04-18 17:23:03"
12382,5479,1555,2026-03-03,Present,"2026-04-18 17:23:03"
12383,1933,961,2026-03-09,Absent,"2026-04-18 17:23:03"
12384,27314,1974,2026-03-04,Present,"2026-04-18 17:23:03"
12385,4508,1675,2026-03-01,Absent,"2026-04-18 17:23:03"
12386,44409,1834,2026-03-04,Present,"2026-04-18 17:23:03"
12387,42757,1830,2026-03-07,Present,"2026-04-18 17:23:03"
12388,36263,1228,2026-03-04,Present,"2026-04-18 17:23:03"
12389,33350,834,2026-03-02,Present,"2026-04-18 17:23:03"
12390,49649,1004,2026-03-02,Absent,"2026-04-18 17:23:03"
12391,6335,1228,2026-03-04,Present,"2026-04-18 17:23:03"
12392,40962,669,2026-03-08,Present,"2026-04-18 17:23:03"
12393,46093,1340,2026-03-04,Absent,"2026-04-18 17:23:03"
12394,40479,654,2026-03-06,Present,"2026-04-18 17:23:03"
12395,8003,911,2026-03-02,Absent,"2026-04-18 17:23:03"
12396,1163,701,2026-03-09,Present,"2026-04-18 17:23:03"
12397,15529,759,2026-03-02,Absent,"2026-04-18 17:23:03"
12398,34565,756,2026-03-08,Present,"2026-04-18 17:23:03"
12399,10990,1374,2026-03-07,Present,"2026-04-18 17:23:03"
12400,5828,1073,2026-03-02,Present,"2026-04-18 17:23:03"
12401,10563,876,2026-03-10,Absent,"2026-04-18 17:23:03"
12402,5983,1102,2026-03-06,Present,"2026-04-18 17:23:03"
12403,1801,1343,2026-03-07,Absent,"2026-04-18 17:23:03"
12404,18843,973,2026-03-05,Present,"2026-04-18 17:23:03"
12405,44607,1005,2026-03-07,Present,"2026-04-18 17:23:03"
12406,3450,1004,2026-03-07,Present,"2026-04-18 17:23:03"
12407,10253,1057,2026-03-03,Present,"2026-04-18 17:23:03"
12408,2971,1343,2026-03-09,Present,"2026-04-18 17:23:03"
12409,32542,814,2026-03-07,Present,"2026-04-18 17:23:03"
12410,47471,1333,2026-03-06,Present,"2026-04-18 17:23:03"
12411,11202,1170,2026-03-06,Absent,"2026-04-18 17:23:03"
12412,23132,1228,2026-03-01,Present,"2026-04-18 17:23:03"
12413,47858,1102,2026-03-04,Absent,"2026-04-18 17:23:03"
12414,39989,1571,2026-03-10,Present,"2026-04-18 17:23:03"
12415,45999,1778,2026-03-08,Present,"2026-04-18 17:23:03"
12416,43614,1359,2026-03-04,Present,"2026-04-18 17:23:03"
12417,8300,1057,2026-03-05,Present,"2026-04-18 17:23:03"
12418,30782,669,2026-03-10,Present,"2026-04-18 17:23:03"
12419,31411,584,2026-03-08,Present,"2026-04-18 17:23:03"
12420,12281,1754,2026-03-08,Present,"2026-04-18 17:23:03"
12421,6518,1333,2026-03-06,Present,"2026-04-18 17:23:03"
12422,4080,559,2026-03-07,Present,"2026-04-18 17:23:03"
12423,15029,618,2026-03-06,Present,"2026-04-18 17:23:03"
12424,13114,1677,2026-03-02,Present,"2026-04-18 17:23:03"
12425,6346,1538,2026-03-08,Present,"2026-04-18 17:23:03"
12426,49368,1101,2026-03-03,Present,"2026-04-18 17:23:03"
12427,28478,1365,2026-03-06,Present,"2026-04-18 17:23:03"
12428,30863,1374,2026-03-09,Present,"2026-04-18 17:23:03"
12429,31097,1984,2026-03-06,Present,"2026-04-18 17:23:03"
12430,48189,814,2026-03-05,Absent,"2026-04-18 17:23:03"
12431,44473,792,2026-03-09,Present,"2026-04-18 17:23:03"
12432,10359,1553,2026-03-09,Present,"2026-04-18 17:23:03"
12433,33385,1055,2026-03-01,Absent,"2026-04-18 17:23:03"
12434,15926,1553,2026-03-10,Present,"2026-04-18 17:23:03"
12435,1204,876,2026-03-02,Present,"2026-04-18 17:23:03"
12436,20173,1036,2026-03-10,Absent,"2026-04-18 17:23:03"
12437,34189,961,2026-03-10,Present,"2026-04-18 17:23:03"
12438,18623,1005,2026-03-06,Present,"2026-04-18 17:23:03"
12439,39489,1176,2026-03-01,Absent,"2026-04-18 17:23:03"
12440,9569,1754,2026-03-04,Absent,"2026-04-18 17:23:03"
12441,26134,735,2026-03-05,Absent,"2026-04-18 17:23:03"
12442,5007,1960,2026-03-01,Present,"2026-04-18 17:23:03"
12443,9063,624,2026-03-05,Present,"2026-04-18 17:23:03"
12444,10157,1202,2026-03-07,Absent,"2026-04-18 17:23:03"
12445,36432,814,2026-03-09,Present,"2026-04-18 17:23:03"
12446,3273,998,2026-03-02,Present,"2026-04-18 17:23:03"
12447,31238,1908,2026-03-09,Present,"2026-04-18 17:23:03"
12448,46349,1951,2026-03-06,Present,"2026-04-18 17:23:03"
12449,38936,1951,2026-03-04,Present,"2026-04-18 17:23:03"
12450,34637,669,2026-03-05,Present,"2026-04-18 17:23:03"
12451,28846,1101,2026-03-06,Present,"2026-04-18 17:23:03"
12452,33013,559,2026-03-06,Present,"2026-04-18 17:23:03"
12453,48890,1677,2026-03-05,Present,"2026-04-18 17:23:03"
12454,40772,1538,2026-03-05,Present,"2026-04-18 17:23:03"
12455,49561,1292,2026-03-10,Absent,"2026-04-18 17:23:03"
12456,33585,1757,2026-03-09,Present,"2026-04-18 17:23:03"
12457,5925,792,2026-03-08,Present,"2026-04-18 17:23:03"
12458,19410,808,2026-03-01,Present,"2026-04-18 17:23:03"
12459,48280,1036,2026-03-02,Present,"2026-04-18 17:23:03"
12460,23023,1482,2026-03-10,Present,"2026-04-18 17:23:03"
12461,9101,1482,2026-03-05,Present,"2026-04-18 17:23:03"
12462,46737,858,2026-03-07,Present,"2026-04-18 17:23:03"
12463,14348,1101,2026-03-10,Absent,"2026-04-18 17:23:03"
12464,47610,756,2026-03-04,Present,"2026-04-18 17:23:03"
12465,12054,1073,2026-03-05,Present,"2026-04-18 17:23:03"
12466,5094,1253,2026-03-08,Absent,"2026-04-18 17:23:03"
12467,49969,531,2026-03-07,Present,"2026-04-18 17:23:03"
12468,25465,1675,2026-03-04,Present,"2026-04-18 17:23:03"
12469,31521,1778,2026-03-03,Present,"2026-04-18 17:23:03"
12470,27382,1571,2026-03-05,Present,"2026-04-18 17:23:03"
12471,46286,973,2026-03-01,Present,"2026-04-18 17:23:03"
12472,36518,1555,2026-03-07,Present,"2026-04-18 17:23:03"
12473,2894,1164,2026-03-10,Present,"2026-04-18 17:23:03"
12474,41766,794,2026-03-10,Present,"2026-04-18 17:23:03"
12475,44842,756,2026-03-03,Present,"2026-04-18 17:23:03"
12476,26151,1987,2026-03-03,Present,"2026-04-18 17:23:03"
12477,20327,1212,2026-03-09,Present,"2026-04-18 17:23:03"
12478,34511,1754,2026-03-07,Absent,"2026-04-18 17:23:03"
12479,47627,1908,2026-03-10,Present,"2026-04-18 17:23:03"
12480,23801,1834,2026-03-02,Present,"2026-04-18 17:23:03"
12481,3010,1102,2026-03-06,Present,"2026-04-18 17:23:03"
12482,45640,759,2026-03-02,Present,"2026-04-18 17:23:03"
12483,21212,1152,2026-03-10,Present,"2026-04-18 17:23:03"
12484,4371,1571,2026-03-10,Present,"2026-04-18 17:23:03"
12485,9308,808,2026-03-04,Present,"2026-04-18 17:23:03"
12486,6806,973,2026-03-04,Present,"2026-04-18 17:23:03"
12487,801,559,2026-03-09,Present,"2026-04-18 17:23:03"
12488,49847,654,2026-03-04,Absent,"2026-04-18 17:23:03"
12489,47886,1060,2026-03-10,Present,"2026-04-18 17:23:03"
12490,21492,756,2026-03-06,Present,"2026-04-18 17:23:03"
12491,9263,1538,2026-03-07,Present,"2026-04-18 17:23:03"
12492,27331,1487,2026-03-01,Present,"2026-04-18 17:23:03"
12493,8694,1960,2026-03-04,Present,"2026-04-18 17:23:03"
12494,6210,834,2026-03-04,Present,"2026-04-18 17:23:03"
12495,32143,1914,2026-03-01,Absent,"2026-04-18 17:23:03"
12496,4159,624,2026-03-08,Absent,"2026-04-18 17:23:03"
12497,18514,1538,2026-03-10,Present,"2026-04-18 17:23:03"
12498,40772,1553,2026-03-03,Absent,"2026-04-18 17:23:03"
12499,48527,1340,2026-03-03,Absent,"2026-04-18 17:23:03"
12500,7063,1951,2026-03-08,Present,"2026-04-18 17:23:03"
12501,43236,858,2026-03-04,Absent,"2026-04-18 17:23:03"
12502,3790,858,2026-03-02,Present,"2026-04-18 17:23:03"
12503,17937,1422,2026-03-06,Present,"2026-04-18 17:23:03"
12504,48081,1359,2026-03-07,Present,"2026-04-18 17:23:03"
12505,43039,756,2026-03-04,Present,"2026-04-18 17:23:03"
12506,25935,1292,2026-03-06,Present,"2026-04-18 17:23:03"
12507,3610,916,2026-03-09,Present,"2026-04-18 17:23:03"
12508,7646,1365,2026-03-08,Present,"2026-04-18 17:23:03"
12509,20697,624,2026-03-08,Absent,"2026-04-18 17:23:03"
12510,37583,834,2026-03-05,Present,"2026-04-18 17:23:03"
12511,6792,1170,2026-03-04,Present,"2026-04-18 17:23:03"
12512,22222,1496,2026-03-06,Present,"2026-04-18 17:23:03"
12513,34537,712,2026-03-06,Absent,"2026-04-18 17:23:03"
12514,25749,1949,2026-03-04,Present,"2026-04-18 17:23:03"
12515,47732,1055,2026-03-06,Present,"2026-04-18 17:23:03"
12516,12628,1057,2026-03-05,Present,"2026-04-18 17:23:03"
12517,43493,906,2026-03-03,Present,"2026-04-18 17:23:03"
12518,27094,1834,2026-03-02,Absent,"2026-04-18 17:23:03"
12519,7982,1984,2026-03-05,Present,"2026-04-18 17:23:03"
12520,42666,1571,2026-03-01,Present,"2026-04-18 17:23:03"
12521,3679,1422,2026-03-06,Present,"2026-04-18 17:23:03"
12522,1162,1496,2026-03-10,Present,"2026-04-18 17:23:03"
12523,25797,766,2026-03-01,Absent,"2026-04-18 17:23:03"
12524,29129,1517,2026-03-04,Absent,"2026-04-18 17:23:03"
12525,44252,1036,2026-03-05,Present,"2026-04-18 17:23:03"
12526,36697,1678,2026-03-08,Present,"2026-04-18 17:23:03"
12527,30065,1228,2026-03-08,Present,"2026-04-18 17:23:03"
12528,18272,1678,2026-03-03,Present,"2026-04-18 17:23:03"
12529,12914,794,2026-03-01,Absent,"2026-04-18 17:23:03"
12530,45812,1754,2026-03-07,Present,"2026-04-18 17:23:03"
12531,20986,1300,2026-03-02,Present,"2026-04-18 17:23:03"
12532,45619,575,2026-03-01,Absent,"2026-04-18 17:23:03"
12533,35193,1487,2026-03-02,Present,"2026-04-18 17:23:03"
12534,27432,1951,2026-03-10,Present,"2026-04-18 17:23:03"
12535,49797,1228,2026-03-06,Present,"2026-04-18 17:23:03"
12536,33045,1164,2026-03-07,Absent,"2026-04-18 17:23:03"
12537,18131,1034,2026-03-01,Present,"2026-04-18 17:23:03"
12538,40672,1212,2026-03-02,Present,"2026-04-18 17:23:03"
12539,2370,998,2026-03-06,Present,"2026-04-18 17:23:03"
12540,10369,1212,2026-03-10,Present,"2026-04-18 17:23:03"
12541,28394,735,2026-03-05,Present,"2026-04-18 17:23:03"
12542,27178,1587,2026-03-05,Absent,"2026-04-18 17:23:03"
12543,46927,1152,2026-03-10,Present,"2026-04-18 17:23:03"
12544,8843,1553,2026-03-03,Present,"2026-04-18 17:23:03"
12545,15732,1300,2026-03-03,Absent,"2026-04-18 17:23:03"
12546,46065,1034,2026-03-10,Absent,"2026-04-18 17:23:03"
12547,29864,766,2026-03-09,Present,"2026-04-18 17:23:03"
12548,7812,906,2026-03-03,Present,"2026-04-18 17:23:03"
12549,13973,881,2026-03-02,Absent,"2026-04-18 17:23:03"
12550,31333,1216,2026-03-05,Present,"2026-04-18 17:23:03"
12551,5049,1908,2026-03-05,Present,"2026-04-18 17:23:03"
12552,9463,1359,2026-03-04,Present,"2026-04-18 17:23:03"
12553,16905,1055,2026-03-03,Absent,"2026-04-18 17:23:03"
12554,47306,756,2026-03-08,Present,"2026-04-18 17:23:03"
12555,6424,1228,2026-03-05,Present,"2026-04-18 17:23:03"
12556,45884,1343,2026-03-08,Present,"2026-04-18 17:23:03"
12557,39490,759,2026-03-08,Present,"2026-04-18 17:23:03"
12558,40799,858,2026-03-02,Present,"2026-04-18 17:23:03"
12559,2217,1102,2026-03-02,Absent,"2026-04-18 17:23:03"
12560,32191,916,2026-03-05,Present,"2026-04-18 17:23:03"
12561,15732,1517,2026-03-10,Present,"2026-04-18 17:23:03"
12562,35473,1571,2026-03-09,Present,"2026-04-18 17:23:03"
12563,9928,759,2026-03-08,Absent,"2026-04-18 17:23:03"
12564,38458,858,2026-03-09,Present,"2026-04-18 17:23:03"
12565,9151,964,2026-03-10,Absent,"2026-04-18 17:23:03"
12566,5766,1060,2026-03-10,Present,"2026-04-18 17:23:03"
12567,31958,1834,2026-03-08,Present,"2026-04-18 17:23:03"
12568,40997,1908,2026-03-06,Present,"2026-04-18 17:23:03"
12569,17176,1987,2026-03-01,Present,"2026-04-18 17:23:03"
12570,49631,1675,2026-03-08,Present,"2026-04-18 17:23:03"
12571,41976,1176,2026-03-03,Present,"2026-04-18 17:23:03"
12572,17240,1202,2026-03-04,Present,"2026-04-18 17:23:03"
12573,16778,1292,2026-03-03,Present,"2026-04-18 17:23:03"
12574,29351,1948,2026-03-04,Absent,"2026-04-18 17:23:03"
12575,7804,1949,2026-03-08,Absent,"2026-04-18 17:23:03"
12576,25188,1292,2026-03-04,Absent,"2026-04-18 17:23:03"
12577,47941,584,2026-03-09,Present,"2026-04-18 17:23:03"
12578,35311,1960,2026-03-08,Absent,"2026-04-18 17:23:03"
12579,49114,1435,2026-03-03,Present,"2026-04-18 17:23:03"
12580,14326,1292,2026-03-03,Present,"2026-04-18 17:23:03"
12581,43239,1253,2026-03-03,Present,"2026-04-18 17:23:03"
12582,21613,1675,2026-03-04,Present,"2026-04-18 17:23:03"
12583,14377,1374,2026-03-09,Present,"2026-04-18 17:23:03"
12584,37960,1984,2026-03-03,Present,"2026-04-18 17:23:03"
12585,41283,1670,2026-03-05,Absent,"2026-04-18 17:23:03"
12586,7294,701,2026-03-02,Present,"2026-04-18 17:23:03"
12587,11494,1913,2026-03-03,Present,"2026-04-18 17:23:03"
12588,11464,1333,2026-03-05,Present,"2026-04-18 17:23:03"
12589,43092,1292,2026-03-03,Absent,"2026-04-18 17:23:03"
12590,4481,1951,2026-03-09,Present,"2026-04-18 17:23:03"
12591,15817,1754,2026-03-10,Present,"2026-04-18 17:23:03"
12592,6329,1678,2026-03-03,Present,"2026-04-18 17:23:03"
12593,41308,1036,2026-03-05,Present,"2026-04-18 17:23:03"
12594,4567,1300,2026-03-02,Present,"2026-04-18 17:23:03"
12595,1624,1005,2026-03-05,Present,"2026-04-18 17:23:03"
12596,21202,1409,2026-03-01,Present,"2026-04-18 17:23:03"
12597,48182,792,2026-03-10,Absent,"2026-04-18 17:23:03"
12598,2628,701,2026-03-07,Present,"2026-04-18 17:23:03"
12599,8613,1571,2026-03-04,Present,"2026-04-18 17:23:03"
12600,16146,1202,2026-03-05,Present,"2026-04-18 17:23:03"
12601,23678,1057,2026-03-05,Present,"2026-04-18 17:23:03"
12602,11250,1678,2026-03-07,Present,"2026-04-18 17:23:03"
12603,17087,1482,2026-03-05,Present,"2026-04-18 17:23:03"
12604,11043,794,2026-03-07,Present,"2026-04-18 17:23:03"
12605,13159,1374,2026-03-07,Present,"2026-04-18 17:23:03"
12606,44315,1292,2026-03-07,Present,"2026-04-18 17:23:03"
12607,24668,1598,2026-03-09,Present,"2026-04-18 17:23:03"
12608,41256,1055,2026-03-10,Present,"2026-04-18 17:23:03"
12609,44751,1487,2026-03-01,Present,"2026-04-18 17:23:03"
12610,3547,792,2026-03-07,Present,"2026-04-18 17:23:03"
12611,8914,1340,2026-03-05,Present,"2026-04-18 17:23:03"
12612,23971,513,2026-03-04,Absent,"2026-04-18 17:23:03"
12613,17297,624,2026-03-06,Present,"2026-04-18 17:23:03"
12614,18037,1914,2026-03-06,Present,"2026-04-18 17:23:03"
12615,32016,1374,2026-03-03,Present,"2026-04-18 17:23:03"
12616,49805,1184,2026-03-04,Present,"2026-04-18 17:23:03"
12617,12867,834,2026-03-04,Present,"2026-04-18 17:23:03"
12618,32943,1101,2026-03-08,Present,"2026-04-18 17:23:03"
12619,19971,1524,2026-03-02,Present,"2026-04-18 17:23:03"
12620,33488,1538,2026-03-03,Present,"2026-04-18 17:23:03"
12621,23836,834,2026-03-09,Absent,"2026-04-18 17:23:03"
12622,25447,1216,2026-03-08,Absent,"2026-04-18 17:23:03"
12623,9077,669,2026-03-02,Absent,"2026-04-18 17:23:03"
12624,22372,559,2026-03-10,Present,"2026-04-18 17:23:03"
12625,19173,1787,2026-03-06,Present,"2026-04-18 17:23:03"
12626,37534,669,2026-03-03,Present,"2026-04-18 17:23:03"
12627,1218,1987,2026-03-06,Present,"2026-04-18 17:23:03"
12628,21078,1948,2026-03-04,Present,"2026-04-18 17:23:03"
12629,8812,1754,2026-03-06,Present,"2026-04-18 17:23:03"
12630,45860,1675,2026-03-03,Present,"2026-04-18 17:23:03"
12631,3402,1184,2026-03-08,Present,"2026-04-18 17:23:03"
12632,3904,1228,2026-03-02,Absent,"2026-04-18 17:23:03"
12633,3899,1987,2026-03-10,Present,"2026-04-18 17:23:03"
12634,26870,654,2026-03-06,Absent,"2026-04-18 17:23:03"
12635,24999,876,2026-03-09,Present,"2026-04-18 17:23:03"
12636,24993,1170,2026-03-08,Absent,"2026-04-18 17:23:03"
12637,23804,1553,2026-03-04,Present,"2026-04-18 17:23:03"
12638,9656,1409,2026-03-10,Present,"2026-04-18 17:23:03"
12639,27390,1960,2026-03-06,Present,"2026-04-18 17:23:03"
12640,22329,1034,2026-03-06,Present,"2026-04-18 17:23:03"
12641,12834,1253,2026-03-07,Absent,"2026-04-18 17:23:03"
12642,30751,1757,2026-03-02,Present,"2026-04-18 17:23:03"
12643,11232,1482,2026-03-06,Present,"2026-04-18 17:23:03"
12644,31391,1984,2026-03-08,Present,"2026-04-18 17:23:03"
12645,45708,624,2026-03-04,Absent,"2026-04-18 17:23:03"
12646,29611,1517,2026-03-07,Present,"2026-04-18 17:23:03"
12647,25719,1228,2026-03-03,Present,"2026-04-18 17:23:03"
12648,20029,1677,2026-03-02,Present,"2026-04-18 17:23:03"
12649,39994,1055,2026-03-04,Present,"2026-04-18 17:23:03"
12650,3074,1365,2026-03-10,Present,"2026-04-18 17:23:03"
12651,7923,1228,2026-03-09,Present,"2026-04-18 17:23:03"
12652,14147,1036,2026-03-09,Present,"2026-04-18 17:23:03"
12653,30989,1670,2026-03-08,Present,"2026-04-18 17:23:03"
12654,41710,1202,2026-03-04,Present,"2026-04-18 17:23:03"
12655,2686,1253,2026-03-06,Present,"2026-04-18 17:23:03"
12656,30937,1184,2026-03-01,Present,"2026-04-18 17:23:03"
12657,30025,1253,2026-03-08,Present,"2026-04-18 17:23:03"
12658,34415,1538,2026-03-01,Present,"2026-04-18 17:23:03"
12659,10716,1555,2026-03-02,Present,"2026-04-18 17:23:03"
12660,27381,712,2026-03-03,Present,"2026-04-18 17:23:03"
12661,23966,1102,2026-03-02,Present,"2026-04-18 17:23:03"
12662,25069,1060,2026-03-07,Present,"2026-04-18 17:23:03"
12663,4832,701,2026-03-08,Present,"2026-04-18 17:23:03"
12664,1271,964,2026-03-07,Present,"2026-04-18 17:23:03"
12665,18009,834,2026-03-08,Present,"2026-04-18 17:23:03"
12666,49932,654,2026-03-03,Present,"2026-04-18 17:23:03"
12667,36945,1913,2026-03-09,Present,"2026-04-18 17:23:03"
12668,44563,1184,2026-03-05,Absent,"2026-04-18 17:23:03"
12669,35824,794,2026-03-03,Present,"2026-04-18 17:23:03"
12670,4953,998,2026-03-01,Present,"2026-04-18 17:23:03"
12671,19392,1292,2026-03-10,Absent,"2026-04-18 17:23:03"
12672,9736,1422,2026-03-10,Present,"2026-04-18 17:23:03"
12673,27147,792,2026-03-04,Absent,"2026-04-18 17:23:03"
12674,47239,1374,2026-03-01,Present,"2026-04-18 17:23:03"
12675,36078,916,2026-03-08,Present,"2026-04-18 17:23:03"
12676,26128,1598,2026-03-02,Present,"2026-04-18 17:23:03"
12677,9486,1216,2026-03-09,Present,"2026-04-18 17:23:03"
12678,8837,1678,2026-03-06,Present,"2026-04-18 17:23:03"
12679,33384,1036,2026-03-02,Present,"2026-04-18 17:23:03"
12680,13988,998,2026-03-08,Present,"2026-04-18 17:23:03"
12681,17781,1787,2026-03-10,Absent,"2026-04-18 17:23:03"
12682,42111,1517,2026-03-10,Absent,"2026-04-18 17:23:03"
12683,27831,1374,2026-03-07,Absent,"2026-04-18 17:23:03"
12684,24047,1253,2026-03-02,Present,"2026-04-18 17:23:03"
12685,5390,1352,2026-03-08,Present,"2026-04-18 17:23:03"
12686,46687,961,2026-03-01,Absent,"2026-04-18 17:23:03"
12687,11043,947,2026-03-03,Present,"2026-04-18 17:23:03"
12688,12719,1974,2026-03-01,Present,"2026-04-18 17:23:03"
12689,726,1778,2026-03-09,Present,"2026-04-18 17:23:03"
12690,13564,1057,2026-03-07,Present,"2026-04-18 17:23:03"
12691,8673,1102,2026-03-06,Present,"2026-04-18 17:23:03"
12692,14894,1757,2026-03-02,Present,"2026-04-18 17:23:03"
12693,11772,1951,2026-03-05,Present,"2026-04-18 17:23:03"
12694,15173,1055,2026-03-02,Present,"2026-04-18 17:23:03"
12695,21569,1333,2026-03-05,Present,"2026-04-18 17:23:03"
12696,19167,1359,2026-03-09,Present,"2026-04-18 17:23:03"
12697,5291,1678,2026-03-06,Present,"2026-04-18 17:23:03"
12698,9928,1555,2026-03-09,Present,"2026-04-18 17:23:03"
12699,7647,1678,2026-03-09,Absent,"2026-04-18 17:23:03"
12700,7182,1005,2026-03-06,Present,"2026-04-18 17:23:03"
12701,49103,1435,2026-03-04,Present,"2026-04-18 17:23:03"
12702,5155,1678,2026-03-06,Absent,"2026-04-18 17:23:03"
12703,11978,1598,2026-03-04,Present,"2026-04-18 17:23:03"
12704,16568,794,2026-03-08,Present,"2026-04-18 17:23:03"
12705,25765,1184,2026-03-02,Present,"2026-04-18 17:23:03"
12706,24298,1422,2026-03-06,Present,"2026-04-18 17:23:03"
12707,29886,1834,2026-03-04,Present,"2026-04-18 17:23:03"
12708,28239,669,2026-03-05,Absent,"2026-04-18 17:23:03"
12709,31011,901,2026-03-07,Present,"2026-04-18 17:23:03"
12710,31631,1482,2026-03-06,Present,"2026-04-18 17:23:03"
12711,9256,735,2026-03-03,Present,"2026-04-18 17:23:03"
12712,40362,531,2026-03-09,Present,"2026-04-18 17:23:03"
12713,40362,1359,2026-03-01,Present,"2026-04-18 17:23:03"
12714,33080,1757,2026-03-09,Present,"2026-04-18 17:23:03"
12715,15959,1754,2026-03-08,Present,"2026-04-18 17:23:03"
12716,11111,1055,2026-03-04,Present,"2026-04-18 17:23:03"
12717,33756,1914,2026-03-02,Present,"2026-04-18 17:23:03"
12718,32890,858,2026-03-01,Present,"2026-04-18 17:23:03"
12719,17159,911,2026-03-06,Present,"2026-04-18 17:23:03"
12720,11604,766,2026-03-04,Present,"2026-04-18 17:23:03"
12721,11870,766,2026-03-01,Present,"2026-04-18 17:23:03"
12722,7066,1496,2026-03-03,Present,"2026-04-18 17:23:03"
12723,12444,1101,2026-03-10,Present,"2026-04-18 17:23:03"
12724,18477,759,2026-03-05,Absent,"2026-04-18 17:23:03"
12725,49755,901,2026-03-01,Present,"2026-04-18 17:23:03"
12726,41928,712,2026-03-07,Absent,"2026-04-18 17:23:03"
12727,35295,808,2026-03-04,Present,"2026-04-18 17:23:03"
12728,22270,1034,2026-03-03,Present,"2026-04-18 17:23:03"
12729,14779,834,2026-03-02,Absent,"2026-04-18 17:23:03"
12730,30596,1253,2026-03-06,Absent,"2026-04-18 17:23:03"
12731,26145,1176,2026-03-02,Present,"2026-04-18 17:23:03"
12732,48914,1374,2026-03-04,Present,"2026-04-18 17:23:03"
12733,48732,1571,2026-03-08,Present,"2026-04-18 17:23:03"
12734,43625,1517,2026-03-10,Absent,"2026-04-18 17:23:03"
12735,46543,1553,2026-03-09,Present,"2026-04-18 17:23:03"
12736,39994,1524,2026-03-02,Present,"2026-04-18 17:23:03"
12737,29148,1757,2026-03-08,Present,"2026-04-18 17:23:03"
12738,7821,906,2026-03-09,Present,"2026-04-18 17:23:03"
12739,40233,1948,2026-03-02,Present,"2026-04-18 17:23:03"
12740,46116,1055,2026-03-05,Present,"2026-04-18 17:23:03"
12741,32706,814,2026-03-08,Present,"2026-04-18 17:23:03"
12742,43644,973,2026-03-03,Present,"2026-04-18 17:23:03"
12743,26980,1754,2026-03-02,Present,"2026-04-18 17:23:03"
12744,10373,1216,2026-03-04,Absent,"2026-04-18 17:23:03"
12745,20223,1553,2026-03-04,Present,"2026-04-18 17:23:03"
12746,36737,1960,2026-03-01,Present,"2026-04-18 17:23:03"
12747,47239,858,2026-03-10,Present,"2026-04-18 17:23:03"
12748,35805,911,2026-03-04,Present,"2026-04-18 17:23:03"
12749,9049,1340,2026-03-05,Present,"2026-04-18 17:23:03"
12750,49921,1333,2026-03-04,Present,"2026-04-18 17:23:03"
12751,24346,1300,2026-03-06,Absent,"2026-04-18 17:23:03"
12752,32684,1700,2026-03-03,Present,"2026-04-18 17:23:03"
12753,45213,1202,2026-03-06,Absent,"2026-04-18 17:23:03"
12754,19041,1487,2026-03-05,Present,"2026-04-18 17:23:03"
12755,49096,1036,2026-03-08,Absent,"2026-04-18 17:23:03"
12756,46758,1152,2026-03-08,Present,"2026-04-18 17:23:03"
12757,43726,1055,2026-03-10,Present,"2026-04-18 17:23:03"
12758,38690,701,2026-03-07,Present,"2026-04-18 17:23:03"
12759,31589,964,2026-03-01,Present,"2026-04-18 17:23:03"
12760,40904,1359,2026-03-05,Absent,"2026-04-18 17:23:03"
12761,23152,1670,2026-03-09,Present,"2026-04-18 17:23:03"
12762,15901,1553,2026-03-05,Present,"2026-04-18 17:23:03"
12763,19925,1060,2026-03-08,Present,"2026-04-18 17:23:03"
12764,43682,575,2026-03-06,Absent,"2026-04-18 17:23:03"
12765,41111,701,2026-03-06,Present,"2026-04-18 17:23:03"
12766,5249,1700,2026-03-02,Present,"2026-04-18 17:23:03"
12767,8338,947,2026-03-05,Absent,"2026-04-18 17:23:03"
12768,20030,1524,2026-03-10,Present,"2026-04-18 17:23:03"
12769,16660,1164,2026-03-09,Present,"2026-04-18 17:23:03"
12770,21810,1374,2026-03-07,Present,"2026-04-18 17:23:03"
12771,38237,1700,2026-03-01,Present,"2026-04-18 17:23:03"
12772,19255,1598,2026-03-05,Present,"2026-04-18 17:23:03"
12773,38921,1678,2026-03-01,Present,"2026-04-18 17:23:03"
12774,41159,1482,2026-03-07,Present,"2026-04-18 17:23:03"
12775,11130,814,2026-03-02,Absent,"2026-04-18 17:23:03"
12776,37121,513,2026-03-05,Present,"2026-04-18 17:23:03"
12777,8603,1700,2026-03-03,Present,"2026-04-18 17:23:03"
12778,21161,1522,2026-03-02,Present,"2026-04-18 17:23:03"
12779,44914,1253,2026-03-01,Present,"2026-04-18 17:23:03"
12780,44276,1913,2026-03-04,Present,"2026-04-18 17:23:03"
12781,7213,1333,2026-03-10,Present,"2026-04-18 17:23:03"
12782,46537,513,2026-03-10,Present,"2026-04-18 17:23:03"
12783,37960,1333,2026-03-04,Present,"2026-04-18 17:23:03"
12784,36951,1553,2026-03-06,Present,"2026-04-18 17:23:03"
12785,33688,1677,2026-03-05,Present,"2026-04-18 17:23:03"
12786,31421,1974,2026-03-01,Present,"2026-04-18 17:23:03"
12787,33638,1216,2026-03-04,Present,"2026-04-18 17:23:03"
12788,31683,573,2026-03-03,Present,"2026-04-18 17:23:03"
12789,24269,1987,2026-03-05,Present,"2026-04-18 17:23:03"
12790,41354,916,2026-03-03,Present,"2026-04-18 17:23:03"
12791,4992,961,2026-03-06,Present,"2026-04-18 17:23:03"
12792,35074,1778,2026-03-10,Present,"2026-04-18 17:23:03"
12793,23106,1949,2026-03-03,Absent,"2026-04-18 17:23:03"
12794,34006,654,2026-03-02,Present,"2026-04-18 17:23:03"
12795,25162,961,2026-03-09,Absent,"2026-04-18 17:23:03"
12796,42549,1914,2026-03-08,Absent,"2026-04-18 17:23:03"
12797,45535,834,2026-03-07,Present,"2026-04-18 17:23:03"
12798,347,794,2026-03-09,Present,"2026-04-18 17:23:03"
12799,35968,1333,2026-03-02,Present,"2026-04-18 17:23:03"
12800,19207,834,2026-03-04,Present,"2026-04-18 17:23:03"
12801,3270,1948,2026-03-05,Present,"2026-04-18 17:23:03"
12802,32902,1949,2026-03-04,Present,"2026-04-18 17:23:03"
12803,30726,881,2026-03-09,Present,"2026-04-18 17:23:03"
12804,22834,1677,2026-03-02,Absent,"2026-04-18 17:23:03"
12805,1457,1300,2026-03-02,Present,"2026-04-18 17:23:03"
12806,9034,575,2026-03-10,Present,"2026-04-18 17:23:03"
12807,2363,1670,2026-03-08,Present,"2026-04-18 17:23:03"
12808,24391,973,2026-03-07,Present,"2026-04-18 17:23:03"
12809,27653,794,2026-03-10,Present,"2026-04-18 17:23:03"
12810,29813,876,2026-03-09,Present,"2026-04-18 17:23:03"
12811,8338,906,2026-03-07,Present,"2026-04-18 17:23:03"
12812,694,1101,2026-03-06,Present,"2026-04-18 17:23:03"
12813,28571,1374,2026-03-05,Absent,"2026-04-18 17:23:03"
12814,13053,911,2026-03-10,Present,"2026-04-18 17:23:03"
12815,47782,1216,2026-03-04,Present,"2026-04-18 17:23:03"
12816,35473,1834,2026-03-07,Present,"2026-04-18 17:23:03"
12817,17012,531,2026-03-03,Present,"2026-04-18 17:23:03"
12818,48585,1435,2026-03-10,Present,"2026-04-18 17:23:03"
12819,44806,1675,2026-03-07,Absent,"2026-04-18 17:23:03"
12820,33438,1553,2026-03-08,Present,"2026-04-18 17:23:03"
12821,33047,1253,2026-03-02,Present,"2026-04-18 17:23:03"
12822,14190,1834,2026-03-06,Absent,"2026-04-18 17:23:03"
12823,9569,1176,2026-03-07,Present,"2026-04-18 17:23:03"
12824,42642,858,2026-03-07,Absent,"2026-04-18 17:23:03"
12825,25183,1374,2026-03-01,Present,"2026-04-18 17:23:03"
12826,37206,1987,2026-03-10,Present,"2026-04-18 17:23:03"
12827,35792,1073,2026-03-03,Present,"2026-04-18 17:23:03"
12828,44092,1987,2026-03-06,Absent,"2026-04-18 17:23:03"
12829,48926,1496,2026-03-07,Present,"2026-04-18 17:23:03"
12830,38999,559,2026-03-03,Absent,"2026-04-18 17:23:03"
12831,43044,1754,2026-03-01,Present,"2026-04-18 17:23:03"
12832,37235,1571,2026-03-02,Present,"2026-04-18 17:23:03"
12833,45182,792,2026-03-02,Absent,"2026-04-18 17:23:03"
12834,13375,1101,2026-03-07,Present,"2026-04-18 17:23:03"
12835,22727,1034,2026-03-06,Present,"2026-04-18 17:23:03"
12836,32373,735,2026-03-06,Present,"2026-04-18 17:23:03"
12837,7454,1212,2026-03-02,Present,"2026-04-18 17:23:03"
12838,19037,1571,2026-03-02,Present,"2026-04-18 17:23:03"
12839,7258,669,2026-03-06,Present,"2026-04-18 17:23:03"
12840,34826,1908,2026-03-09,Absent,"2026-04-18 17:23:03"
12841,47124,618,2026-03-07,Present,"2026-04-18 17:23:03"
12842,23523,1170,2026-03-07,Present,"2026-04-18 17:23:03"
12843,1195,794,2026-03-06,Absent,"2026-04-18 17:23:03"
12844,15750,858,2026-03-02,Present,"2026-04-18 17:23:03"
12845,14064,1913,2026-03-08,Present,"2026-04-18 17:23:03"
12846,42429,1422,2026-03-06,Present,"2026-04-18 17:23:03"
12847,1869,1202,2026-03-08,Present,"2026-04-18 17:23:03"
12848,9467,766,2026-03-09,Present,"2026-04-18 17:23:03"
12849,49819,1202,2026-03-07,Present,"2026-04-18 17:23:03"
12850,6427,1170,2026-03-03,Present,"2026-04-18 17:23:03"
12851,34554,973,2026-03-02,Present,"2026-04-18 17:23:03"
12852,42994,1422,2026-03-03,Present,"2026-04-18 17:23:03"
12853,39339,1101,2026-03-04,Absent,"2026-04-18 17:23:03"
12854,48106,1422,2026-03-05,Present,"2026-04-18 17:23:03"
12855,18888,876,2026-03-09,Present,"2026-04-18 17:23:03"
12856,14384,759,2026-03-07,Present,"2026-04-18 17:23:03"
12857,18855,1974,2026-03-02,Present,"2026-04-18 17:23:03"
12858,19791,1538,2026-03-06,Present,"2026-04-18 17:23:03"
12859,3012,1517,2026-03-02,Absent,"2026-04-18 17:23:03"
12860,25447,964,2026-03-08,Present,"2026-04-18 17:23:03"
12861,32832,573,2026-03-05,Present,"2026-04-18 17:23:03"
12862,18939,624,2026-03-03,Present,"2026-04-18 17:23:03"
12863,16551,1522,2026-03-07,Present,"2026-04-18 17:23:03"
12864,12195,1787,2026-03-08,Present,"2026-04-18 17:23:03"
12865,9406,794,2026-03-09,Present,"2026-04-18 17:23:03"
12866,14847,911,2026-03-10,Absent,"2026-04-18 17:23:03"
12867,49225,1555,2026-03-08,Absent,"2026-04-18 17:23:03"
12868,21044,1057,2026-03-01,Present,"2026-04-18 17:23:03"
12869,25389,584,2026-03-03,Present,"2026-04-18 17:23:03"
12870,10358,1374,2026-03-08,Absent,"2026-04-18 17:23:03"
12871,35223,712,2026-03-01,Absent,"2026-04-18 17:23:03"
12872,34899,961,2026-03-01,Absent,"2026-04-18 17:23:03"
12873,22262,1787,2026-03-04,Present,"2026-04-18 17:23:03"
12874,40176,1292,2026-03-02,Present,"2026-04-18 17:23:03"
12875,39373,1005,2026-03-09,Present,"2026-04-18 17:23:03"
12876,24694,1057,2026-03-08,Present,"2026-04-18 17:23:03"
12877,49587,998,2026-03-10,Absent,"2026-04-18 17:23:03"
12878,21613,881,2026-03-05,Present,"2026-04-18 17:23:03"
12879,44364,858,2026-03-05,Present,"2026-04-18 17:23:03"
12880,15945,1101,2026-03-10,Absent,"2026-04-18 17:23:03"
12881,23147,1102,2026-03-09,Present,"2026-04-18 17:23:03"
12882,43688,1960,2026-03-04,Present,"2026-04-18 17:23:03"
12883,24207,1778,2026-03-07,Absent,"2026-04-18 17:23:03"
12884,14420,1055,2026-03-03,Absent,"2026-04-18 17:23:03"
12885,31282,998,2026-03-05,Present,"2026-04-18 17:23:03"
12886,4126,1587,2026-03-07,Present,"2026-04-18 17:23:03"
12887,32359,573,2026-03-06,Present,"2026-04-18 17:23:03"
12888,39075,1202,2026-03-04,Present,"2026-04-18 17:23:03"
12889,34933,575,2026-03-05,Present,"2026-04-18 17:23:03"
12890,36921,1913,2026-03-03,Present,"2026-04-18 17:23:03"
12891,44914,1102,2026-03-04,Present,"2026-04-18 17:23:03"
12892,3410,1170,2026-03-06,Present,"2026-04-18 17:23:03"
12893,46634,669,2026-03-03,Present,"2026-04-18 17:23:03"
12894,12187,947,2026-03-09,Present,"2026-04-18 17:23:03"
12895,31011,1908,2026-03-09,Present,"2026-04-18 17:23:03"
12896,40864,1487,2026-03-02,Present,"2026-04-18 17:23:03"
12897,14514,1253,2026-03-01,Present,"2026-04-18 17:23:03"
12898,8543,1409,2026-03-03,Absent,"2026-04-18 17:23:03"
12899,23545,1228,2026-03-06,Present,"2026-04-18 17:23:03"
12900,40218,1409,2026-03-03,Present,"2026-04-18 17:23:03"
12901,37022,1333,2026-03-06,Present,"2026-04-18 17:23:03"
12902,23196,1176,2026-03-09,Present,"2026-04-18 17:23:03"
12903,6325,1422,2026-03-03,Present,"2026-04-18 17:23:03"
12904,36685,1292,2026-03-10,Present,"2026-04-18 17:23:03"
12905,8556,1914,2026-03-03,Present,"2026-04-18 17:23:03"
12906,24022,1482,2026-03-10,Present,"2026-04-18 17:23:03"
12907,5154,1700,2026-03-09,Present,"2026-04-18 17:23:03"
12908,26304,1202,2026-03-09,Present,"2026-04-18 17:23:03"
12909,10979,915,2026-03-02,Present,"2026-04-18 17:23:03"
12910,43062,559,2026-03-03,Present,"2026-04-18 17:23:03"
12911,20431,961,2026-03-05,Present,"2026-04-18 17:23:03"
12912,298,947,2026-03-09,Absent,"2026-04-18 17:23:03"
12913,6229,1571,2026-03-10,Present,"2026-04-18 17:23:03"
12914,49963,1754,2026-03-02,Present,"2026-04-18 17:23:03"
12915,45571,1778,2026-03-09,Present,"2026-04-18 17:23:03"
12916,7054,759,2026-03-10,Present,"2026-04-18 17:23:03"
12917,21567,1034,2026-03-10,Present,"2026-04-18 17:23:03"
12918,28037,1176,2026-03-08,Present,"2026-04-18 17:23:03"
12919,23750,1677,2026-03-09,Present,"2026-04-18 17:23:03"
12920,24401,735,2026-03-08,Absent,"2026-04-18 17:23:03"
12921,13843,1670,2026-03-08,Absent,"2026-04-18 17:23:03"
12922,48903,575,2026-03-09,Present,"2026-04-18 17:23:03"
12923,34459,1359,2026-03-03,Absent,"2026-04-18 17:23:03"
12924,47147,624,2026-03-03,Present,"2026-04-18 17:23:03"
12925,43760,1176,2026-03-10,Present,"2026-04-18 17:23:03"
12926,47861,575,2026-03-07,Present,"2026-04-18 17:23:03"
12927,31739,1587,2026-03-05,Present,"2026-04-18 17:23:03"
12928,39154,1522,2026-03-02,Present,"2026-04-18 17:23:03"
12929,38031,1553,2026-03-04,Present,"2026-04-18 17:23:03"
12930,11692,1004,2026-03-08,Present,"2026-04-18 17:23:03"
12931,23012,1184,2026-03-05,Present,"2026-04-18 17:23:03"
12932,18528,1948,2026-03-05,Absent,"2026-04-18 17:23:03"
12933,45359,1678,2026-03-09,Present,"2026-04-18 17:23:03"
12934,42678,1228,2026-03-08,Present,"2026-04-18 17:23:03"
12935,23289,618,2026-03-05,Present,"2026-04-18 17:23:03"
12936,28032,759,2026-03-10,Present,"2026-04-18 17:23:03"
12937,26400,1164,2026-03-06,Present,"2026-04-18 17:23:03"
12938,37382,1036,2026-03-05,Present,"2026-04-18 17:23:03"
12939,34740,1102,2026-03-10,Present,"2026-04-18 17:23:03"
12940,10877,1184,2026-03-08,Present,"2026-04-18 17:23:03"
12941,18057,916,2026-03-08,Absent,"2026-04-18 17:23:03"
12942,39647,1343,2026-03-03,Present,"2026-04-18 17:23:03"
12943,29474,814,2026-03-03,Present,"2026-04-18 17:23:03"
12944,37002,1522,2026-03-04,Present,"2026-04-18 17:23:03"
12945,1336,1343,2026-03-03,Absent,"2026-04-18 17:23:03"
12946,35730,1974,2026-03-05,Absent,"2026-04-18 17:23:03"
12947,46229,654,2026-03-01,Present,"2026-04-18 17:23:03"
12948,16064,712,2026-03-10,Absent,"2026-04-18 17:23:03"
12949,49739,559,2026-03-04,Absent,"2026-04-18 17:23:03"
12950,41053,1984,2026-03-08,Present,"2026-04-18 17:23:03"
12951,35710,701,2026-03-07,Present,"2026-04-18 17:23:03"
12952,14377,1678,2026-03-04,Present,"2026-04-18 17:23:03"
12953,20524,1517,2026-03-05,Present,"2026-04-18 17:23:03"
12954,23392,766,2026-03-05,Present,"2026-04-18 17:23:03"
12955,28157,1176,2026-03-02,Present,"2026-04-18 17:23:03"
12956,19455,1675,2026-03-04,Present,"2026-04-18 17:23:03"
12957,5279,911,2026-03-10,Absent,"2026-04-18 17:23:03"
12958,10734,1253,2026-03-06,Present,"2026-04-18 17:23:03"
12959,49846,513,2026-03-08,Present,"2026-04-18 17:23:03"
12960,24238,792,2026-03-10,Present,"2026-04-18 17:23:03"
12961,4838,858,2026-03-03,Absent,"2026-04-18 17:23:03"
12962,6541,901,2026-03-06,Present,"2026-04-18 17:23:03"
12963,30783,1164,2026-03-04,Present,"2026-04-18 17:23:03"
12964,6201,1228,2026-03-08,Present,"2026-04-18 17:23:03"
12965,3203,1409,2026-03-09,Present,"2026-04-18 17:23:03"
12966,3020,1073,2026-03-08,Present,"2026-04-18 17:23:03"
12967,21387,808,2026-03-01,Present,"2026-04-18 17:23:03"
12968,30064,911,2026-03-08,Absent,"2026-04-18 17:23:03"
12969,44328,947,2026-03-06,Present,"2026-04-18 17:23:03"
12970,35988,881,2026-03-07,Absent,"2026-04-18 17:23:03"
12971,1154,584,2026-03-10,Present,"2026-04-18 17:23:03"
12972,5418,1670,2026-03-05,Present,"2026-04-18 17:23:03"
12973,37206,531,2026-03-10,Present,"2026-04-18 17:23:03"
12974,41618,712,2026-03-06,Present,"2026-04-18 17:23:03"
12975,13683,1974,2026-03-08,Present,"2026-04-18 17:23:03"
12976,46616,1598,2026-03-04,Present,"2026-04-18 17:23:03"
12977,4571,808,2026-03-02,Present,"2026-04-18 17:23:03"
12978,23334,1212,2026-03-10,Absent,"2026-04-18 17:23:03"
12979,22698,1571,2026-03-08,Present,"2026-04-18 17:23:03"
12980,34054,901,2026-03-06,Present,"2026-04-18 17:23:03"
12981,31282,756,2026-03-05,Absent,"2026-04-18 17:23:03"
12982,18373,1202,2026-03-01,Absent,"2026-04-18 17:23:03"
12983,37641,1974,2026-03-02,Present,"2026-04-18 17:23:03"
12984,3906,1374,2026-03-09,Present,"2026-04-18 17:23:03"
12985,9183,901,2026-03-05,Present,"2026-04-18 17:23:03"
12986,33875,834,2026-03-09,Present,"2026-04-18 17:23:03"
12987,49108,1787,2026-03-03,Present,"2026-04-18 17:23:03"
12988,47886,1960,2026-03-02,Present,"2026-04-18 17:23:03"
12989,46250,1960,2026-03-02,Present,"2026-04-18 17:23:03"
12990,13311,1778,2026-03-01,Present,"2026-04-18 17:23:03"
12991,23214,947,2026-03-05,Present,"2026-04-18 17:23:03"
12992,5989,1670,2026-03-10,Present,"2026-04-18 17:23:03"
12993,11032,792,2026-03-07,Present,"2026-04-18 17:23:03"
12994,41428,973,2026-03-08,Present,"2026-04-18 17:23:03"
12995,45571,1787,2026-03-07,Absent,"2026-04-18 17:23:03"
12996,38918,618,2026-03-02,Present,"2026-04-18 17:23:03"
12997,24549,1170,2026-03-07,Present,"2026-04-18 17:23:03"
12998,28130,964,2026-03-06,Present,"2026-04-18 17:23:03"
12999,43939,669,2026-03-02,Present,"2026-04-18 17:23:03"
13000,26006,1343,2026-03-05,Present,"2026-04-18 17:23:03"
13001,35467,654,2026-03-08,Present,"2026-04-18 17:23:03"
13002,35148,1422,2026-03-05,Present,"2026-04-18 17:23:03"
13003,42100,1333,2026-03-04,Present,"2026-04-18 17:23:03"
13004,44281,1102,2026-03-01,Absent,"2026-04-18 17:23:03"
13005,24140,1055,2026-03-05,Present,"2026-04-18 17:23:03"
13006,23824,1253,2026-03-03,Present,"2026-04-18 17:23:03"
13007,43093,1176,2026-03-02,Present,"2026-04-18 17:23:03"
13008,24852,513,2026-03-06,Present,"2026-04-18 17:23:03"
13009,16241,1960,2026-03-06,Present,"2026-04-18 17:23:03"
13010,13359,1913,2026-03-08,Present,"2026-04-18 17:23:03"
13011,12894,1365,2026-03-03,Present,"2026-04-18 17:23:03"
13012,46046,1170,2026-03-09,Present,"2026-04-18 17:23:03"
13013,47555,756,2026-03-06,Present,"2026-04-18 17:23:03"
13014,2062,876,2026-03-04,Present,"2026-04-18 17:23:03"
13015,6970,1333,2026-03-06,Present,"2026-04-18 17:23:03"
13016,22910,881,2026-03-10,Absent,"2026-04-18 17:23:03"
13017,44691,962,2026-03-04,Present,"2026-04-18 17:23:03"
13018,8427,1675,2026-03-03,Present,"2026-04-18 17:23:03"
13019,39640,1057,2026-03-08,Absent,"2026-04-18 17:23:03"
13020,33360,618,2026-03-06,Absent,"2026-04-18 17:23:03"
13021,35276,916,2026-03-09,Absent,"2026-04-18 17:23:03"
13022,4560,881,2026-03-02,Absent,"2026-04-18 17:23:03"
13023,15372,1948,2026-03-07,Absent,"2026-04-18 17:23:03"
13024,41975,1914,2026-03-10,Absent,"2026-04-18 17:23:03"
13025,44976,1908,2026-03-04,Present,"2026-04-18 17:23:03"
13026,9880,1340,2026-03-05,Present,"2026-04-18 17:23:03"
13027,4451,1409,2026-03-09,Present,"2026-04-18 17:23:03"
13028,32828,998,2026-03-05,Present,"2026-04-18 17:23:03"
13029,7277,814,2026-03-06,Present,"2026-04-18 17:23:03"
13030,14445,901,2026-03-06,Present,"2026-04-18 17:23:03"
13031,14714,858,2026-03-01,Present,"2026-04-18 17:23:03"
13032,42878,1300,2026-03-08,Absent,"2026-04-18 17:23:03"
13033,31513,1496,2026-03-08,Present,"2026-04-18 17:23:03"
13034,16730,1553,2026-03-05,Present,"2026-04-18 17:23:03"
13035,24833,1830,2026-03-01,Present,"2026-04-18 17:23:03"
13036,680,1340,2026-03-09,Absent,"2026-04-18 17:23:03"
13037,19115,1435,2026-03-08,Absent,"2026-04-18 17:23:03"
13038,41993,766,2026-03-09,Present,"2026-04-18 17:23:03"
13039,24979,1253,2026-03-04,Present,"2026-04-18 17:23:03"
13040,10304,1700,2026-03-07,Present,"2026-04-18 17:23:03"
13041,2416,701,2026-03-04,Present,"2026-04-18 17:23:03"
13042,41246,834,2026-03-06,Present,"2026-04-18 17:23:03"
13043,14049,1913,2026-03-10,Present,"2026-04-18 17:23:03"
13044,34195,756,2026-03-01,Present,"2026-04-18 17:23:03"
13045,21884,1482,2026-03-07,Present,"2026-04-18 17:23:03"
13046,10358,1374,2026-03-03,Present,"2026-04-18 17:23:03"
13047,39166,906,2026-03-08,Absent,"2026-04-18 17:23:03"
13048,9146,1553,2026-03-03,Present,"2026-04-18 17:23:03"
13049,46927,1170,2026-03-04,Present,"2026-04-18 17:23:03"
13050,19033,1757,2026-03-03,Absent,"2026-04-18 17:23:03"
13051,30598,1212,2026-03-06,Present,"2026-04-18 17:23:03"
13052,2243,1228,2026-03-10,Present,"2026-04-18 17:23:03"
13053,33332,973,2026-03-05,Absent,"2026-04-18 17:23:03"
13054,48757,1034,2026-03-07,Present,"2026-04-18 17:23:03"
13055,11424,1571,2026-03-03,Present,"2026-04-18 17:23:03"
13056,28774,1102,2026-03-01,Present,"2026-04-18 17:23:03"
13057,13650,1422,2026-03-06,Absent,"2026-04-18 17:23:03"
13058,1933,1949,2026-03-05,Present,"2026-04-18 17:23:03"
13059,19635,1212,2026-03-06,Absent,"2026-04-18 17:23:03"
13060,1757,1216,2026-03-06,Present,"2026-04-18 17:23:03"
13061,24400,911,2026-03-02,Present,"2026-04-18 17:23:03"
13062,7006,1292,2026-03-09,Present,"2026-04-18 17:23:03"
13063,40137,531,2026-03-01,Absent,"2026-04-18 17:23:03"
13064,10245,1292,2026-03-02,Present,"2026-04-18 17:23:03"
13065,11984,654,2026-03-05,Absent,"2026-04-18 17:23:03"
13066,26520,1102,2026-03-08,Absent,"2026-04-18 17:23:03"
13067,12412,906,2026-03-09,Present,"2026-04-18 17:23:03"
13068,20588,1670,2026-03-04,Present,"2026-04-18 17:23:03"
13069,36948,701,2026-03-04,Present,"2026-04-18 17:23:03"
13070,30484,1538,2026-03-07,Present,"2026-04-18 17:23:03"
13071,19990,1587,2026-03-08,Present,"2026-04-18 17:23:03"
13072,39979,1176,2026-03-10,Present,"2026-04-18 17:23:03"
13073,38436,1170,2026-03-02,Present,"2026-04-18 17:23:03"
13074,16697,1102,2026-03-02,Present,"2026-04-18 17:23:03"
13075,6512,759,2026-03-06,Present,"2026-04-18 17:23:03"
13076,48401,1834,2026-03-03,Absent,"2026-04-18 17:23:03"
13077,45669,916,2026-03-10,Present,"2026-04-18 17:23:03"
13078,2572,1553,2026-03-09,Present,"2026-04-18 17:23:03"
13079,33670,1913,2026-03-05,Absent,"2026-04-18 17:23:03"
13080,18623,915,2026-03-05,Absent,"2026-04-18 17:23:03"
13081,32825,1522,2026-03-07,Present,"2026-04-18 17:23:03"
13082,2421,1974,2026-03-05,Present,"2026-04-18 17:23:03"
13083,37374,1949,2026-03-04,Present,"2026-04-18 17:23:03"
13084,49230,1587,2026-03-07,Present,"2026-04-18 17:23:03"
13085,14859,947,2026-03-10,Present,"2026-04-18 17:23:03"
13086,27205,1555,2026-03-06,Present,"2026-04-18 17:23:03"
13087,45459,1553,2026-03-03,Present,"2026-04-18 17:23:03"
13088,44938,1984,2026-03-10,Present,"2026-04-18 17:23:03"
13089,14003,911,2026-03-04,Present,"2026-04-18 17:23:03"
13090,18841,624,2026-03-07,Present,"2026-04-18 17:23:03"
13091,14829,1675,2026-03-06,Present,"2026-04-18 17:23:03"
13092,35989,575,2026-03-03,Present,"2026-04-18 17:23:03"
13093,5387,1170,2026-03-07,Present,"2026-04-18 17:23:03"
13094,46190,1253,2026-03-05,Absent,"2026-04-18 17:23:03"
13095,8036,1352,2026-03-07,Absent,"2026-04-18 17:23:03"
13096,30609,1830,2026-03-04,Absent,"2026-04-18 17:23:03"
13097,48202,1571,2026-03-08,Present,"2026-04-18 17:23:03"
13098,31835,669,2026-03-10,Present,"2026-04-18 17:23:03"
13099,36828,1034,2026-03-09,Absent,"2026-04-18 17:23:03"
13100,6982,964,2026-03-04,Present,"2026-04-18 17:23:03"
13101,4942,1253,2026-03-10,Present,"2026-04-18 17:23:03"
13102,41760,513,2026-03-03,Absent,"2026-04-18 17:23:03"
13103,39784,1359,2026-03-08,Present,"2026-04-18 17:23:03"
13104,45119,1102,2026-03-03,Present,"2026-04-18 17:23:03"
13105,46837,701,2026-03-05,Present,"2026-04-18 17:23:03"
13106,38216,1333,2026-03-10,Present,"2026-04-18 17:23:03"
13107,43493,1057,2026-03-09,Present,"2026-04-18 17:23:03"
13108,20550,1951,2026-03-04,Present,"2026-04-18 17:23:03"
13109,39886,1948,2026-03-04,Present,"2026-04-18 17:23:03"
13110,30725,808,2026-03-02,Present,"2026-04-18 17:23:03"
13111,3322,573,2026-03-09,Present,"2026-04-18 17:23:03"
13112,7258,1202,2026-03-01,Present,"2026-04-18 17:23:03"
13113,39209,618,2026-03-03,Present,"2026-04-18 17:23:03"
13114,757,1757,2026-03-04,Present,"2026-04-18 17:23:03"
13115,48476,1830,2026-03-04,Present,"2026-04-18 17:23:03"
13116,27934,1184,2026-03-07,Present,"2026-04-18 17:23:03"
13117,46162,531,2026-03-10,Present,"2026-04-18 17:23:03"
13118,48828,1228,2026-03-03,Present,"2026-04-18 17:23:03"
13119,20582,1960,2026-03-10,Present,"2026-04-18 17:23:03"
13120,10073,1343,2026-03-09,Present,"2026-04-18 17:23:03"
13121,3899,1987,2026-03-07,Present,"2026-04-18 17:23:03"
13122,17068,1787,2026-03-02,Present,"2026-04-18 17:23:03"
13123,2657,575,2026-03-09,Present,"2026-04-18 17:23:03"
13124,35086,911,2026-03-06,Present,"2026-04-18 17:23:03"
13125,43676,906,2026-03-04,Absent,"2026-04-18 17:23:03"
13126,36874,1300,2026-03-06,Present,"2026-04-18 17:23:03"
13127,44940,1700,2026-03-04,Present,"2026-04-18 17:23:03"
13128,24456,756,2026-03-05,Present,"2026-04-18 17:23:03"
13129,20574,881,2026-03-01,Present,"2026-04-18 17:23:03"
13130,38003,1951,2026-03-09,Present,"2026-04-18 17:23:03"
13131,21440,1960,2026-03-09,Present,"2026-04-18 17:23:03"
13132,29581,624,2026-03-08,Present,"2026-04-18 17:23:03"
13133,49488,1987,2026-03-06,Present,"2026-04-18 17:23:03"
13134,18514,906,2026-03-05,Present,"2026-04-18 17:23:03"
13135,39516,1216,2026-03-03,Present,"2026-04-18 17:23:03"
13136,37014,1787,2026-03-09,Present,"2026-04-18 17:23:03"
13137,18308,1216,2026-03-04,Present,"2026-04-18 17:23:03"
13138,30026,1675,2026-03-04,Present,"2026-04-18 17:23:03"
13139,2032,1571,2026-03-03,Present,"2026-04-18 17:23:03"
13140,10999,911,2026-03-02,Present,"2026-04-18 17:23:03"
13141,28786,876,2026-03-06,Present,"2026-04-18 17:23:03"
13142,11638,1176,2026-03-06,Present,"2026-04-18 17:23:03"
13143,25999,1778,2026-03-04,Present,"2026-04-18 17:23:03"
13144,2421,973,2026-03-02,Absent,"2026-04-18 17:23:03"
13145,18861,792,2026-03-05,Absent,"2026-04-18 17:23:03"
13146,4708,1057,2026-03-10,Present,"2026-04-18 17:23:03"
13147,15075,1374,2026-03-02,Present,"2026-04-18 17:23:03"
13148,38653,1834,2026-03-07,Present,"2026-04-18 17:23:03"
13149,49673,584,2026-03-08,Present,"2026-04-18 17:23:03"
13150,17802,1374,2026-03-02,Present,"2026-04-18 17:23:03"
13151,10369,1212,2026-03-01,Present,"2026-04-18 17:23:03"
13152,26003,735,2026-03-01,Present,"2026-04-18 17:23:03"
13153,32678,766,2026-03-02,Absent,"2026-04-18 17:23:03"
13154,31373,1060,2026-03-09,Present,"2026-04-18 17:23:03"
13155,42779,1164,2026-03-02,Present,"2026-04-18 17:23:03"
13156,35414,1675,2026-03-09,Present,"2026-04-18 17:23:03"
13157,37080,618,2026-03-10,Present,"2026-04-18 17:23:03"
13158,37715,858,2026-03-05,Present,"2026-04-18 17:23:03"
13159,23453,1948,2026-03-02,Present,"2026-04-18 17:23:03"
13160,21086,792,2026-03-08,Absent,"2026-04-18 17:23:03"
13161,9199,1374,2026-03-05,Present,"2026-04-18 17:23:03"
13162,15774,1352,2026-03-06,Present,"2026-04-18 17:23:03"
13163,10470,712,2026-03-08,Present,"2026-04-18 17:23:03"
13164,40321,1435,2026-03-02,Present,"2026-04-18 17:23:03"
13165,47680,1830,2026-03-03,Absent,"2026-04-18 17:23:03"
13166,33996,876,2026-03-02,Absent,"2026-04-18 17:23:03"
13167,6419,1300,2026-03-10,Present,"2026-04-18 17:23:03"
13168,35529,1004,2026-03-06,Present,"2026-04-18 17:23:03"
13169,20814,1571,2026-03-04,Present,"2026-04-18 17:23:03"
13170,10223,881,2026-03-09,Present,"2026-04-18 17:23:03"
13171,14791,1951,2026-03-07,Absent,"2026-04-18 17:23:03"
13172,27325,814,2026-03-06,Present,"2026-04-18 17:23:03"
13173,39318,834,2026-03-07,Present,"2026-04-18 17:23:03"
13174,12800,1587,2026-03-02,Present,"2026-04-18 17:23:03"
13175,14382,1216,2026-03-08,Absent,"2026-04-18 17:23:03"
13176,12090,1914,2026-03-07,Absent,"2026-04-18 17:23:03"
13177,44842,756,2026-03-07,Present,"2026-04-18 17:23:03"
13178,12046,1675,2026-03-05,Absent,"2026-04-18 17:23:03"
13179,3060,876,2026-03-08,Present,"2026-04-18 17:23:03"
13180,27364,1216,2026-03-01,Absent,"2026-04-18 17:23:03"
13181,23136,915,2026-03-01,Absent,"2026-04-18 17:23:03"
13182,23980,1675,2026-03-02,Absent,"2026-04-18 17:23:03"
13183,49087,1352,2026-03-04,Present,"2026-04-18 17:23:03"
13184,3751,1164,2026-03-05,Present,"2026-04-18 17:23:03"
13185,27182,1073,2026-03-09,Present,"2026-04-18 17:23:03"
13186,24109,1677,2026-03-07,Present,"2026-04-18 17:23:03"
13187,34189,961,2026-03-09,Absent,"2026-04-18 17:23:03"
13188,4422,575,2026-03-05,Present,"2026-04-18 17:23:03"
13189,5007,573,2026-03-07,Present,"2026-04-18 17:23:03"
13190,4619,559,2026-03-08,Present,"2026-04-18 17:23:03"
13191,33981,876,2026-03-02,Present,"2026-04-18 17:23:03"
13192,27247,618,2026-03-08,Present,"2026-04-18 17:23:03"
13193,4781,756,2026-03-05,Absent,"2026-04-18 17:23:03"
13194,29400,1435,2026-03-08,Present,"2026-04-18 17:23:03"
13195,32742,1101,2026-03-09,Present,"2026-04-18 17:23:03"
13196,37565,766,2026-03-04,Present,"2026-04-18 17:23:03"
13197,43928,911,2026-03-04,Present,"2026-04-18 17:23:03"
13198,10124,901,2026-03-01,Absent,"2026-04-18 17:23:03"
13199,38850,1036,2026-03-03,Present,"2026-04-18 17:23:03"
13200,29827,1005,2026-03-05,Present,"2026-04-18 17:23:03"
13201,7459,901,2026-03-08,Present,"2026-04-18 17:23:03"
13202,29262,1300,2026-03-06,Present,"2026-04-18 17:23:03"
13203,46293,669,2026-03-04,Absent,"2026-04-18 17:23:03"
13204,43497,961,2026-03-03,Present,"2026-04-18 17:23:03"
13205,27617,1960,2026-03-03,Present,"2026-04-18 17:23:03"
13206,29300,1949,2026-03-09,Present,"2026-04-18 17:23:03"
13207,45967,669,2026-03-10,Absent,"2026-04-18 17:23:03"
13208,14398,559,2026-03-10,Present,"2026-04-18 17:23:03"
13209,33395,1754,2026-03-08,Present,"2026-04-18 17:23:03"
13210,49577,1170,2026-03-05,Present,"2026-04-18 17:23:03"
13211,1073,1228,2026-03-08,Present,"2026-04-18 17:23:03"
13212,1832,1170,2026-03-03,Present,"2026-04-18 17:23:03"
13213,23994,1487,2026-03-05,Present,"2026-04-18 17:23:03"
13214,3540,792,2026-03-08,Absent,"2026-04-18 17:23:03"
13215,28566,1422,2026-03-02,Present,"2026-04-18 17:23:03"
13216,13393,1757,2026-03-10,Absent,"2026-04-18 17:23:03"
13217,39448,735,2026-03-01,Present,"2026-04-18 17:23:03"
13218,25501,756,2026-03-02,Absent,"2026-04-18 17:23:03"
13219,25536,961,2026-03-03,Present,"2026-04-18 17:23:03"
13220,10152,1060,2026-03-02,Present,"2026-04-18 17:23:03"
13221,32079,1496,2026-03-08,Present,"2026-04-18 17:23:03"
13222,34947,794,2026-03-05,Absent,"2026-04-18 17:23:03"
13223,41364,1524,2026-03-04,Present,"2026-04-18 17:23:03"
13224,32394,1951,2026-03-06,Present,"2026-04-18 17:23:03"
13225,43760,1176,2026-03-08,Present,"2026-04-18 17:23:03"
13226,10227,1422,2026-03-09,Present,"2026-04-18 17:23:03"
13227,34023,1757,2026-03-05,Present,"2026-04-18 17:23:03"
13228,28813,669,2026-03-02,Present,"2026-04-18 17:23:03"
13229,17823,1948,2026-03-07,Present,"2026-04-18 17:23:03"
13230,23784,1101,2026-03-10,Present,"2026-04-18 17:23:03"
13231,43939,947,2026-03-07,Present,"2026-04-18 17:23:03"
13232,24345,712,2026-03-03,Present,"2026-04-18 17:23:03"
13233,27304,1908,2026-03-04,Present,"2026-04-18 17:23:03"
13234,48342,584,2026-03-09,Present,"2026-04-18 17:23:03"
13235,39671,1830,2026-03-08,Present,"2026-04-18 17:23:03"
13236,6757,947,2026-03-03,Present,"2026-04-18 17:23:03"
13237,37460,1787,2026-03-09,Absent,"2026-04-18 17:23:03"
13238,36830,906,2026-03-07,Absent,"2026-04-18 17:23:03"
13239,1355,1212,2026-03-06,Present,"2026-04-18 17:23:03"
13240,28579,1073,2026-03-10,Present,"2026-04-18 17:23:03"
13241,29948,792,2026-03-05,Present,"2026-04-18 17:23:03"
13242,27988,1984,2026-03-01,Present,"2026-04-18 17:23:03"
13243,28426,1055,2026-03-06,Present,"2026-04-18 17:23:03"
13244,10314,1057,2026-03-05,Present,"2026-04-18 17:23:03"
13245,3071,1524,2026-03-10,Present,"2026-04-18 17:23:03"
13246,22178,1352,2026-03-02,Present,"2026-04-18 17:23:03"
13247,26383,998,2026-03-04,Present,"2026-04-18 17:23:03"
13248,3505,964,2026-03-05,Absent,"2026-04-18 17:23:03"
13249,18647,961,2026-03-02,Present,"2026-04-18 17:23:03"
13250,30326,1292,2026-03-07,Present,"2026-04-18 17:23:03"
13251,36094,1834,2026-03-07,Present,"2026-04-18 17:23:03"
13252,24216,1422,2026-03-08,Present,"2026-04-18 17:23:03"
13253,32859,1757,2026-03-02,Present,"2026-04-18 17:23:03"
13254,42747,1951,2026-03-02,Present,"2026-04-18 17:23:03"
13255,2149,1571,2026-03-09,Present,"2026-04-18 17:23:03"
13256,6128,1212,2026-03-08,Present,"2026-04-18 17:23:03"
13257,9789,964,2026-03-01,Present,"2026-04-18 17:23:03"
13258,47633,1948,2026-03-09,Absent,"2026-04-18 17:23:03"
13259,29411,858,2026-03-06,Absent,"2026-04-18 17:23:03"
13260,33248,1553,2026-03-02,Present,"2026-04-18 17:23:03"
13261,44468,1913,2026-03-04,Present,"2026-04-18 17:23:03"
13262,48469,916,2026-03-04,Present,"2026-04-18 17:23:03"
13263,47738,1102,2026-03-09,Present,"2026-04-18 17:23:03"
13264,37611,1987,2026-03-05,Present,"2026-04-18 17:23:03"
13265,7808,1359,2026-03-10,Present,"2026-04-18 17:23:03"
13266,46629,1787,2026-03-02,Absent,"2026-04-18 17:23:03"
13267,18142,808,2026-03-04,Present,"2026-04-18 17:23:03"
13268,30043,1004,2026-03-10,Present,"2026-04-18 17:23:03"
13269,41651,792,2026-03-03,Absent,"2026-04-18 17:23:03"
13270,17035,531,2026-03-03,Present,"2026-04-18 17:23:03"
13271,35757,1778,2026-03-06,Absent,"2026-04-18 17:23:03"
13272,24553,1700,2026-03-06,Present,"2026-04-18 17:23:03"
13273,15092,1984,2026-03-03,Present,"2026-04-18 17:23:03"
13274,21293,1496,2026-03-06,Absent,"2026-04-18 17:23:03"
13275,40746,1678,2026-03-10,Present,"2026-04-18 17:23:03"
13276,29686,712,2026-03-05,Present,"2026-04-18 17:23:03"
13277,38771,1538,2026-03-05,Present,"2026-04-18 17:23:03"
13278,13399,1034,2026-03-10,Present,"2026-04-18 17:23:03"
13279,15085,1253,2026-03-02,Present,"2026-04-18 17:23:03"
13280,44927,1948,2026-03-09,Present,"2026-04-18 17:23:03"
13281,39559,916,2026-03-10,Present,"2026-04-18 17:23:03"
13282,30211,1340,2026-03-05,Present,"2026-04-18 17:23:03"
13283,36772,624,2026-03-04,Present,"2026-04-18 17:23:03"
13284,45882,1034,2026-03-02,Absent,"2026-04-18 17:23:03"
13285,5915,1036,2026-03-09,Present,"2026-04-18 17:23:03"
13286,32143,1216,2026-03-03,Present,"2026-04-18 17:23:03"
13287,20770,756,2026-03-04,Present,"2026-04-18 17:23:03"
13288,3569,794,2026-03-05,Present,"2026-04-18 17:23:03"
13289,24826,513,2026-03-09,Present,"2026-04-18 17:23:03"
13290,47895,513,2026-03-01,Present,"2026-04-18 17:23:03"
13291,12716,1101,2026-03-05,Absent,"2026-04-18 17:23:03"
13292,23218,1571,2026-03-09,Present,"2026-04-18 17:23:03"
13293,47666,1055,2026-03-10,Present,"2026-04-18 17:23:03"
13294,5234,911,2026-03-03,Present,"2026-04-18 17:23:03"
13295,14315,814,2026-03-02,Present,"2026-04-18 17:23:03"
13296,19126,1960,2026-03-02,Present,"2026-04-18 17:23:03"
13297,46411,1987,2026-03-04,Present,"2026-04-18 17:23:03"
13298,23275,1055,2026-03-08,Present,"2026-04-18 17:23:03"
13299,35123,901,2026-03-09,Present,"2026-04-18 17:23:03"
13300,23788,1522,2026-03-07,Present,"2026-04-18 17:23:03"
13301,30371,998,2026-03-04,Present,"2026-04-18 17:23:03"
13302,5436,876,2026-03-08,Absent,"2026-04-18 17:23:03"
13303,44394,1914,2026-03-01,Absent,"2026-04-18 17:23:03"
13304,40885,1036,2026-03-10,Absent,"2026-04-18 17:23:03"
13305,33994,814,2026-03-06,Present,"2026-04-18 17:23:03"
13306,30819,1216,2026-03-08,Present,"2026-04-18 17:23:03"
13307,664,792,2026-03-08,Present,"2026-04-18 17:23:03"
13308,23735,947,2026-03-04,Present,"2026-04-18 17:23:03"
13309,44578,1435,2026-03-10,Present,"2026-04-18 17:23:03"
13310,18194,998,2026-03-08,Present,"2026-04-18 17:23:03"
13311,48709,1914,2026-03-02,Present,"2026-04-18 17:23:03"
13312,49920,1700,2026-03-09,Present,"2026-04-18 17:23:03"
13313,25958,962,2026-03-05,Present,"2026-04-18 17:23:03"
13314,26381,1949,2026-03-03,Present,"2026-04-18 17:23:03"
13315,25572,1787,2026-03-02,Present,"2026-04-18 17:23:03"
13316,48112,1333,2026-03-03,Present,"2026-04-18 17:23:03"
13317,39701,1034,2026-03-03,Present,"2026-04-18 17:23:03"
13318,33668,1340,2026-03-06,Present,"2026-04-18 17:23:03"
13319,41731,1055,2026-03-06,Present,"2026-04-18 17:23:03"
13320,1141,901,2026-03-08,Present,"2026-04-18 17:23:03"
13321,1223,618,2026-03-05,Present,"2026-04-18 17:23:03"
13322,39374,1060,2026-03-03,Present,"2026-04-18 17:23:03"
13323,12759,1951,2026-03-10,Present,"2026-04-18 17:23:03"
13324,3371,1333,2026-03-06,Present,"2026-04-18 17:23:03"
13325,34873,756,2026-03-01,Present,"2026-04-18 17:23:03"
13326,25476,1987,2026-03-07,Absent,"2026-04-18 17:23:03"
13327,47806,1984,2026-03-10,Present,"2026-04-18 17:23:03"
13328,22531,1343,2026-03-06,Present,"2026-04-18 17:23:03"
13329,41634,756,2026-03-03,Present,"2026-04-18 17:23:03"
13330,45936,1057,2026-03-04,Present,"2026-04-18 17:23:03"
13331,24635,573,2026-03-01,Present,"2026-04-18 17:23:03"
13332,4238,973,2026-03-03,Present,"2026-04-18 17:23:03"
13333,11111,1374,2026-03-03,Present,"2026-04-18 17:23:03"
13334,37037,1333,2026-03-02,Present,"2026-04-18 17:23:03"
13335,29322,1948,2026-03-01,Present,"2026-04-18 17:23:03"
13336,9409,1524,2026-03-02,Present,"2026-04-18 17:23:03"
13337,47476,759,2026-03-10,Present,"2026-04-18 17:23:03"
13338,3340,1343,2026-03-02,Present,"2026-04-18 17:23:03"
13339,311,916,2026-03-08,Present,"2026-04-18 17:23:03"
13340,48081,669,2026-03-07,Present,"2026-04-18 17:23:03"
13341,14661,947,2026-03-06,Present,"2026-04-18 17:23:03"
13342,1175,1538,2026-03-08,Present,"2026-04-18 17:23:03"
13343,36215,1340,2026-03-01,Present,"2026-04-18 17:23:03"
13344,12482,584,2026-03-04,Present,"2026-04-18 17:23:03"
13345,18666,1101,2026-03-08,Absent,"2026-04-18 17:23:03"
13346,11692,1340,2026-03-05,Present,"2026-04-18 17:23:03"
13347,19282,1216,2026-03-04,Present,"2026-04-18 17:23:03"
13348,11566,1778,2026-03-06,Present,"2026-04-18 17:23:03"
13349,34064,513,2026-03-09,Present,"2026-04-18 17:23:03"
13350,10360,712,2026-03-01,Present,"2026-04-18 17:23:03"
13351,25280,654,2026-03-03,Present,"2026-04-18 17:23:03"
13352,24462,834,2026-03-06,Present,"2026-04-18 17:23:03"
13353,11553,575,2026-03-05,Present,"2026-04-18 17:23:03"
13354,3184,998,2026-03-01,Present,"2026-04-18 17:23:03"
13355,6229,1152,2026-03-09,Absent,"2026-04-18 17:23:03"
13356,24109,1164,2026-03-01,Present,"2026-04-18 17:23:03"
13357,7277,1496,2026-03-04,Present,"2026-04-18 17:23:03"
13358,27151,1352,2026-03-07,Present,"2026-04-18 17:23:03"
13359,25383,756,2026-03-05,Absent,"2026-04-18 17:23:03"
13360,47917,573,2026-03-07,Present,"2026-04-18 17:23:03"
13361,49436,876,2026-03-06,Present,"2026-04-18 17:23:03"
13362,16551,1974,2026-03-07,Present,"2026-04-18 17:23:03"
13363,17087,1102,2026-03-02,Present,"2026-04-18 17:23:03"
13364,43862,1670,2026-03-10,Present,"2026-04-18 17:23:03"
13365,20583,1908,2026-03-06,Absent,"2026-04-18 17:23:03"
13366,31121,1253,2026-03-07,Present,"2026-04-18 17:23:03"
13367,33940,947,2026-03-07,Present,"2026-04-18 17:23:03"
13368,21466,1914,2026-03-01,Present,"2026-04-18 17:23:03"
13369,2311,1055,2026-03-07,Present,"2026-04-18 17:23:03"
13370,41447,998,2026-03-05,Present,"2026-04-18 17:23:03"
13371,18738,584,2026-03-01,Present,"2026-04-18 17:23:03"
13372,48536,701,2026-03-08,Present,"2026-04-18 17:23:03"
13373,19909,1422,2026-03-05,Present,"2026-04-18 17:23:03"
13374,49093,876,2026-03-03,Present,"2026-04-18 17:23:03"
13375,21277,618,2026-03-10,Present,"2026-04-18 17:23:03"
13376,12244,1524,2026-03-10,Present,"2026-04-18 17:23:03"
13377,47095,1164,2026-03-09,Absent,"2026-04-18 17:23:03"
13378,27209,961,2026-03-02,Present,"2026-04-18 17:23:03"
13379,26598,1834,2026-03-08,Present,"2026-04-18 17:23:03"
13380,49673,1482,2026-03-01,Present,"2026-04-18 17:23:03"
13381,2651,1834,2026-03-09,Present,"2026-04-18 17:23:03"
13382,46529,701,2026-03-03,Present,"2026-04-18 17:23:03"
13383,44932,1571,2026-03-08,Absent,"2026-04-18 17:23:03"
13384,4974,881,2026-03-09,Present,"2026-04-18 17:23:03"
13385,2210,916,2026-03-08,Present,"2026-04-18 17:23:03"
13386,22043,701,2026-03-02,Present,"2026-04-18 17:23:03"
13387,30943,1228,2026-03-08,Present,"2026-04-18 17:23:03"
13388,26561,911,2026-03-04,Absent,"2026-04-18 17:23:03"
13389,39428,756,2026-03-07,Absent,"2026-04-18 17:23:03"
13390,49932,962,2026-03-08,Present,"2026-04-18 17:23:03"
13391,33654,858,2026-03-08,Present,"2026-04-18 17:23:03"
13392,10084,1778,2026-03-01,Present,"2026-04-18 17:23:03"
13393,34302,573,2026-03-01,Present,"2026-04-18 17:23:03"
13394,46190,575,2026-03-06,Absent,"2026-04-18 17:23:03"
13395,28684,1101,2026-03-07,Absent,"2026-04-18 17:23:03"
13396,17435,1587,2026-03-04,Present,"2026-04-18 17:23:03"
13397,25239,1333,2026-03-10,Present,"2026-04-18 17:23:03"
13398,29132,881,2026-03-01,Present,"2026-04-18 17:23:03"
13399,35814,669,2026-03-06,Absent,"2026-04-18 17:23:03"
13400,18302,1300,2026-03-06,Present,"2026-04-18 17:23:03"
13401,41572,573,2026-03-04,Present,"2026-04-18 17:23:03"
13402,27977,1101,2026-03-06,Present,"2026-04-18 17:23:03"
13403,3234,794,2026-03-02,Present,"2026-04-18 17:23:03"
13404,20919,766,2026-03-10,Present,"2026-04-18 17:23:03"
13405,34897,1343,2026-03-02,Present,"2026-04-18 17:23:03"
13406,29126,1184,2026-03-08,Present,"2026-04-18 17:23:03"
13407,40786,1670,2026-03-10,Present,"2026-04-18 17:23:03"
13408,49295,881,2026-03-08,Absent,"2026-04-18 17:23:03"
13409,4830,735,2026-03-09,Present,"2026-04-18 17:23:03"
13410,34833,964,2026-03-07,Present,"2026-04-18 17:23:03"
13411,43747,1757,2026-03-08,Present,"2026-04-18 17:23:03"
13412,7990,735,2026-03-07,Absent,"2026-04-18 17:23:03"
13413,41339,1949,2026-03-01,Present,"2026-04-18 17:23:03"
13414,20685,1757,2026-03-10,Present,"2026-04-18 17:23:03"
13415,12264,1060,2026-03-04,Present,"2026-04-18 17:23:03"
13416,46907,906,2026-03-06,Present,"2026-04-18 17:23:03"
13417,30652,1034,2026-03-06,Present,"2026-04-18 17:23:03"
13418,42251,1176,2026-03-02,Present,"2026-04-18 17:23:03"
13419,25501,1034,2026-03-10,Present,"2026-04-18 17:23:03"
13420,24280,915,2026-03-09,Present,"2026-04-18 17:23:03"
13421,33826,1949,2026-03-03,Present,"2026-04-18 17:23:03"
13422,22093,1435,2026-03-02,Present,"2026-04-18 17:23:03"
13423,5609,1101,2026-03-05,Present,"2026-04-18 17:23:03"
13424,1565,1101,2026-03-01,Present,"2026-04-18 17:23:03"
13425,42821,1487,2026-03-09,Present,"2026-04-18 17:23:03"
13426,12766,575,2026-03-10,Present,"2026-04-18 17:23:03"
13427,11232,513,2026-03-08,Present,"2026-04-18 17:23:03"
13428,16008,1754,2026-03-07,Present,"2026-04-18 17:23:03"
13429,49039,1675,2026-03-04,Absent,"2026-04-18 17:23:03"
13430,16540,1101,2026-03-04,Present,"2026-04-18 17:23:03"
13431,34247,1202,2026-03-07,Present,"2026-04-18 17:23:03"
13432,39724,712,2026-03-02,Present,"2026-04-18 17:23:03"
13433,24826,513,2026-03-07,Present,"2026-04-18 17:23:03"
13434,23162,624,2026-03-10,Present,"2026-04-18 17:23:03"
13435,19269,1675,2026-03-03,Present,"2026-04-18 17:23:03"
13436,31990,1101,2026-03-07,Absent,"2026-04-18 17:23:03"
13437,11826,1343,2026-03-08,Present,"2026-04-18 17:23:03"
13438,905,1678,2026-03-09,Absent,"2026-04-18 17:23:03"
13439,44725,1292,2026-03-01,Present,"2026-04-18 17:23:03"
13440,48375,1949,2026-03-10,Present,"2026-04-18 17:23:03"
13441,4637,735,2026-03-06,Present,"2026-04-18 17:23:03"
13442,25160,756,2026-03-01,Present,"2026-04-18 17:23:03"
13443,45338,973,2026-03-06,Absent,"2026-04-18 17:23:03"
13444,4371,1343,2026-03-01,Absent,"2026-04-18 17:23:03"
13445,33563,1522,2026-03-01,Present,"2026-04-18 17:23:03"
13446,16688,998,2026-03-10,Present,"2026-04-18 17:23:03"
13447,11122,513,2026-03-09,Present,"2026-04-18 17:23:03"
13448,40749,1908,2026-03-09,Present,"2026-04-18 17:23:03"
13449,18887,947,2026-03-02,Present,"2026-04-18 17:23:03"
13450,32355,1435,2026-03-07,Absent,"2026-04-18 17:23:03"
13451,34887,1482,2026-03-01,Present,"2026-04-18 17:23:03"
13452,46955,947,2026-03-01,Present,"2026-04-18 17:23:03"
13453,31474,906,2026-03-10,Present,"2026-04-18 17:23:03"
13454,21293,1333,2026-03-09,Present,"2026-04-18 17:23:03"
13455,35613,1778,2026-03-05,Present,"2026-04-18 17:23:03"
13456,43894,575,2026-03-01,Absent,"2026-04-18 17:23:03"
13457,3573,947,2026-03-09,Present,"2026-04-18 17:23:03"
13458,48164,1974,2026-03-10,Present,"2026-04-18 17:23:03"
13459,5339,1908,2026-03-02,Present,"2026-04-18 17:23:03"
13460,32768,573,2026-03-01,Absent,"2026-04-18 17:23:03"
13461,991,911,2026-03-08,Present,"2026-04-18 17:23:03"
13462,20800,1487,2026-03-04,Present,"2026-04-18 17:23:03"
13463,44584,1036,2026-03-07,Present,"2026-04-18 17:23:03"
13464,17369,906,2026-03-01,Present,"2026-04-18 17:23:03"
13465,23367,961,2026-03-08,Present,"2026-04-18 17:23:03"
13466,3270,1951,2026-03-09,Present,"2026-04-18 17:23:03"
13467,28691,1176,2026-03-06,Present,"2026-04-18 17:23:03"
13468,30938,916,2026-03-08,Present,"2026-04-18 17:23:03"
13469,22557,573,2026-03-06,Absent,"2026-04-18 17:23:03"
13470,19025,1333,2026-03-01,Present,"2026-04-18 17:23:03"
13471,20720,906,2026-03-02,Present,"2026-04-18 17:23:03"
13472,47680,961,2026-03-10,Present,"2026-04-18 17:23:03"
13473,11933,834,2026-03-03,Present,"2026-04-18 17:23:03"
13474,26918,1787,2026-03-08,Absent,"2026-04-18 17:23:03"
13475,15740,1914,2026-03-08,Present,"2026-04-18 17:23:03"
13476,27432,1951,2026-03-09,Absent,"2026-04-18 17:23:03"
13477,42863,1152,2026-03-04,Absent,"2026-04-18 17:23:03"
13478,26487,759,2026-03-10,Present,"2026-04-18 17:23:03"
13479,26366,618,2026-03-06,Present,"2026-04-18 17:23:03"
13480,5885,573,2026-03-09,Absent,"2026-04-18 17:23:03"
13481,48043,1522,2026-03-03,Present,"2026-04-18 17:23:03"
13482,31563,911,2026-03-10,Present,"2026-04-18 17:23:03"
13483,43705,901,2026-03-04,Present,"2026-04-18 17:23:03"
13484,6416,618,2026-03-04,Present,"2026-04-18 17:23:03"
13485,32927,1374,2026-03-05,Present,"2026-04-18 17:23:03"
13486,40874,1949,2026-03-10,Present,"2026-04-18 17:23:03"
13487,28571,1365,2026-03-04,Absent,"2026-04-18 17:23:03"
13488,24667,858,2026-03-01,Absent,"2026-04-18 17:23:03"
13489,31164,1913,2026-03-01,Present,"2026-04-18 17:23:03"
13490,6688,559,2026-03-09,Present,"2026-04-18 17:23:03"
13491,25079,756,2026-03-03,Absent,"2026-04-18 17:23:03"
13492,48828,1571,2026-03-03,Present,"2026-04-18 17:23:03"
13493,38571,1538,2026-03-06,Present,"2026-04-18 17:23:03"
13494,17185,618,2026-03-03,Present,"2026-04-18 17:23:03"
13495,39407,1435,2026-03-03,Present,"2026-04-18 17:23:03"
13496,45076,669,2026-03-03,Present,"2026-04-18 17:23:03"
13497,1218,1830,2026-03-02,Present,"2026-04-18 17:23:03"
13498,20455,1571,2026-03-04,Absent,"2026-04-18 17:23:03"
13499,15736,808,2026-03-09,Present,"2026-04-18 17:23:03"
13500,8327,1202,2026-03-09,Absent,"2026-04-18 17:23:03"
13501,13644,1422,2026-03-08,Absent,"2026-04-18 17:23:03"
13502,35804,1292,2026-03-06,Present,"2026-04-18 17:23:03"
13503,39836,1914,2026-03-01,Present,"2026-04-18 17:23:03"
13504,21112,1517,2026-03-07,Absent,"2026-04-18 17:23:03"
13505,25502,1004,2026-03-04,Present,"2026-04-18 17:23:03"
13506,33826,1004,2026-03-02,Present,"2026-04-18 17:23:03"
13507,49431,881,2026-03-07,Present,"2026-04-18 17:23:03"
13508,26116,1005,2026-03-04,Present,"2026-04-18 17:23:03"
13509,19950,1787,2026-03-09,Present,"2026-04-18 17:23:03"
13510,49165,1974,2026-03-08,Present,"2026-04-18 17:23:03"
13511,13751,1482,2026-03-10,Present,"2026-04-18 17:23:03"
13512,10051,1496,2026-03-06,Present,"2026-04-18 17:23:03"
13513,38068,1374,2026-03-09,Present,"2026-04-18 17:23:03"
13514,27461,513,2026-03-01,Present,"2026-04-18 17:23:03"
13515,11998,1482,2026-03-05,Absent,"2026-04-18 17:23:03"
13516,48346,916,2026-03-07,Present,"2026-04-18 17:23:03"
13517,41658,712,2026-03-09,Present,"2026-04-18 17:23:03"
13518,13399,756,2026-03-07,Absent,"2026-04-18 17:23:03"
13519,42990,961,2026-03-03,Present,"2026-04-18 17:23:03"
13520,28919,962,2026-03-09,Present,"2026-04-18 17:23:03"
13521,4701,1974,2026-03-06,Absent,"2026-04-18 17:23:03"
13522,7453,858,2026-03-04,Present,"2026-04-18 17:23:03"
13523,15218,1216,2026-03-03,Present,"2026-04-18 17:23:03"
13524,23308,1202,2026-03-03,Present,"2026-04-18 17:23:03"
13525,36573,584,2026-03-01,Present,"2026-04-18 17:23:03"
13526,11015,1202,2026-03-04,Present,"2026-04-18 17:23:03"
13527,4762,756,2026-03-03,Absent,"2026-04-18 17:23:03"
13528,36975,654,2026-03-09,Present,"2026-04-18 17:23:03"
13529,32969,1184,2026-03-03,Present,"2026-04-18 17:23:03"
13530,30839,1960,2026-03-08,Absent,"2026-04-18 17:23:03"
13531,37856,1073,2026-03-02,Present,"2026-04-18 17:23:03"
13532,319,1176,2026-03-01,Present,"2026-04-18 17:23:03"
13533,12223,1216,2026-03-06,Present,"2026-04-18 17:23:03"
13534,16778,1340,2026-03-10,Present,"2026-04-18 17:23:03"
13535,25013,916,2026-03-03,Present,"2026-04-18 17:23:03"
13536,47538,1004,2026-03-05,Present,"2026-04-18 17:23:03"
13537,47471,1974,2026-03-01,Present,"2026-04-18 17:23:03"
13538,30851,911,2026-03-02,Present,"2026-04-18 17:23:03"
13539,23745,1409,2026-03-05,Present,"2026-04-18 17:23:03"
13540,48815,584,2026-03-01,Present,"2026-04-18 17:23:03"
13541,32611,669,2026-03-02,Present,"2026-04-18 17:23:03"
13542,4978,1908,2026-03-02,Present,"2026-04-18 17:23:03"
13543,3000,1754,2026-03-08,Present,"2026-04-18 17:23:03"
13544,35414,1176,2026-03-07,Present,"2026-04-18 17:23:03"
13545,35081,1340,2026-03-02,Present,"2026-04-18 17:23:03"
13546,38352,1292,2026-03-01,Present,"2026-04-18 17:23:03"
13547,41237,766,2026-03-03,Absent,"2026-04-18 17:23:03"
13548,28391,669,2026-03-09,Absent,"2026-04-18 17:23:03"
13549,17853,701,2026-03-07,Present,"2026-04-18 17:23:03"
13550,38690,1487,2026-03-07,Present,"2026-04-18 17:23:03"
13551,48177,1984,2026-03-02,Present,"2026-04-18 17:23:03"
13552,9516,1522,2026-03-01,Present,"2026-04-18 17:23:03"
13553,12551,1057,2026-03-10,Present,"2026-04-18 17:23:03"
13554,15867,1482,2026-03-10,Present,"2026-04-18 17:23:03"
13555,13580,792,2026-03-10,Absent,"2026-04-18 17:23:03"
13556,11522,1482,2026-03-04,Present,"2026-04-18 17:23:03"
13557,5611,759,2026-03-09,Present,"2026-04-18 17:23:03"
13558,44166,1787,2026-03-02,Present,"2026-04-18 17:23:03"
13559,17124,1202,2026-03-01,Absent,"2026-04-18 17:23:03"
13560,6979,1176,2026-03-07,Absent,"2026-04-18 17:23:03"
13561,17303,998,2026-03-06,Absent,"2026-04-18 17:23:03"
13562,21323,1787,2026-03-01,Present,"2026-04-18 17:23:03"
13563,33579,1908,2026-03-06,Present,"2026-04-18 17:23:03"
13564,21197,1004,2026-03-08,Present,"2026-04-18 17:23:03"
13565,37188,1754,2026-03-03,Present,"2026-04-18 17:23:03"
13566,45472,1487,2026-03-02,Present,"2026-04-18 17:23:03"
13567,17779,1164,2026-03-07,Present,"2026-04-18 17:23:03"
13568,24264,794,2026-03-02,Present,"2026-04-18 17:23:03"
13569,32516,1253,2026-03-01,Present,"2026-04-18 17:23:03"
13570,22448,575,2026-03-06,Present,"2026-04-18 17:23:03"
13571,14330,766,2026-03-10,Present,"2026-04-18 17:23:03"
13572,1955,1754,2026-03-05,Present,"2026-04-18 17:23:03"
13573,1673,1374,2026-03-01,Present,"2026-04-18 17:23:03"
13574,12730,1005,2026-03-07,Present,"2026-04-18 17:23:03"
13575,47830,1524,2026-03-09,Present,"2026-04-18 17:23:03"
13576,47699,1538,2026-03-02,Present,"2026-04-18 17:23:03"
13577,25190,1365,2026-03-05,Absent,"2026-04-18 17:23:03"
13578,28502,916,2026-03-04,Absent,"2026-04-18 17:23:03"
13579,19188,1587,2026-03-04,Present,"2026-04-18 17:23:03"
13580,3128,1102,2026-03-04,Present,"2026-04-18 17:23:03"
13581,10339,876,2026-03-03,Absent,"2026-04-18 17:23:03"
13582,46038,1004,2026-03-06,Present,"2026-04-18 17:23:03"
13583,29610,1202,2026-03-08,Present,"2026-04-18 17:23:03"
13584,28557,654,2026-03-08,Present,"2026-04-18 17:23:03"
13585,37613,834,2026-03-09,Absent,"2026-04-18 17:23:03"
13586,2152,559,2026-03-01,Present,"2026-04-18 17:23:03"
13587,32553,1949,2026-03-08,Absent,"2026-04-18 17:23:03"
13588,25761,1435,2026-03-10,Present,"2026-04-18 17:23:03"
13589,43963,1487,2026-03-02,Present,"2026-04-18 17:23:03"
13590,34479,1908,2026-03-07,Absent,"2026-04-18 17:23:03"
13591,36456,1292,2026-03-05,Present,"2026-04-18 17:23:03"
13592,49291,1060,2026-03-07,Absent,"2026-04-18 17:23:03"
13593,37968,759,2026-03-08,Present,"2026-04-18 17:23:03"
13594,3415,701,2026-03-06,Present,"2026-04-18 17:23:03"
13595,2060,1228,2026-03-10,Present,"2026-04-18 17:23:03"
13596,13549,1524,2026-03-01,Present,"2026-04-18 17:23:03"
13597,25594,792,2026-03-09,Absent,"2026-04-18 17:23:03"
13598,775,1754,2026-03-10,Present,"2026-04-18 17:23:03"
13599,36238,624,2026-03-05,Present,"2026-04-18 17:23:03"
13600,4273,559,2026-03-05,Present,"2026-04-18 17:23:03"
13601,46883,1482,2026-03-08,Absent,"2026-04-18 17:23:03"
13602,9411,1830,2026-03-06,Present,"2026-04-18 17:23:03"
13603,46206,1524,2026-03-05,Present,"2026-04-18 17:23:03"
13604,13596,1571,2026-03-07,Absent,"2026-04-18 17:23:03"
13605,31458,584,2026-03-04,Absent,"2026-04-18 17:23:03"
13606,37908,947,2026-03-03,Present,"2026-04-18 17:23:03"
13607,24150,1292,2026-03-09,Present,"2026-04-18 17:23:03"
13608,22783,1216,2026-03-04,Present,"2026-04-18 17:23:03"
13609,28156,766,2026-03-08,Present,"2026-04-18 17:23:03"
13610,35475,1524,2026-03-06,Absent,"2026-04-18 17:23:03"
13611,41245,1700,2026-03-06,Present,"2026-04-18 17:23:03"
13612,12948,915,2026-03-04,Present,"2026-04-18 17:23:03"
13613,43374,1908,2026-03-08,Present,"2026-04-18 17:23:03"
13614,48919,1948,2026-03-02,Present,"2026-04-18 17:23:03"
13615,4635,575,2026-03-06,Present,"2026-04-18 17:23:03"
13616,39010,1352,2026-03-09,Present,"2026-04-18 17:23:03"
13617,30116,973,2026-03-06,Present,"2026-04-18 17:23:03"
13618,45723,1670,2026-03-04,Present,"2026-04-18 17:23:03"
13619,5924,1422,2026-03-02,Absent,"2026-04-18 17:23:03"
13620,37161,911,2026-03-02,Present,"2026-04-18 17:23:03"
13621,6816,1184,2026-03-03,Present,"2026-04-18 17:23:03"
13622,44141,1984,2026-03-09,Present,"2026-04-18 17:23:03"
13623,898,973,2026-03-10,Present,"2026-04-18 17:23:03"
13624,10768,1670,2026-03-09,Absent,"2026-04-18 17:23:03"
13625,1218,1987,2026-03-08,Absent,"2026-04-18 17:23:03"
13626,4708,1216,2026-03-02,Absent,"2026-04-18 17:23:03"
13627,8510,906,2026-03-03,Present,"2026-04-18 17:23:03"
13628,17599,759,2026-03-02,Present,"2026-04-18 17:23:03"
13629,23443,1352,2026-03-10,Present,"2026-04-18 17:23:03"
13630,40945,906,2026-03-09,Absent,"2026-04-18 17:23:03"
13631,4857,1202,2026-03-09,Present,"2026-04-18 17:23:03"
13632,49237,1598,2026-03-04,Present,"2026-04-18 17:23:03"
13633,18685,906,2026-03-06,Present,"2026-04-18 17:23:03"
13634,9852,1834,2026-03-03,Present,"2026-04-18 17:23:03"
13635,48151,1522,2026-03-03,Present,"2026-04-18 17:23:03"
13636,7897,1073,2026-03-05,Present,"2026-04-18 17:23:03"
13637,18774,1522,2026-03-09,Present,"2026-04-18 17:23:03"
13638,48904,1678,2026-03-10,Present,"2026-04-18 17:23:03"
13639,14859,1340,2026-03-06,Present,"2026-04-18 17:23:03"
13640,14031,1908,2026-03-06,Present,"2026-04-18 17:23:03"
13641,26805,961,2026-03-07,Present,"2026-04-18 17:23:03"
13642,23801,1004,2026-03-04,Present,"2026-04-18 17:23:03"
13643,23877,1036,2026-03-03,Present,"2026-04-18 17:23:03"
13644,34638,1352,2026-03-04,Absent,"2026-04-18 17:23:03"
13645,25878,1340,2026-03-07,Present,"2026-04-18 17:23:03"
13646,31774,1057,2026-03-04,Present,"2026-04-18 17:23:03"
13647,10201,1538,2026-03-04,Present,"2026-04-18 17:23:03"
13648,39964,1352,2026-03-10,Absent,"2026-04-18 17:23:03"
13649,24462,1598,2026-03-08,Present,"2026-04-18 17:23:03"
13650,229,998,2026-03-05,Present,"2026-04-18 17:23:03"
13651,49986,1435,2026-03-05,Absent,"2026-04-18 17:23:03"
13652,8576,1202,2026-03-03,Present,"2026-04-18 17:23:03"
13653,33307,1984,2026-03-04,Present,"2026-04-18 17:23:03"
13654,7021,584,2026-03-01,Absent,"2026-04-18 17:23:03"
13655,24839,964,2026-03-10,Present,"2026-04-18 17:23:03"
13656,4120,947,2026-03-08,Present,"2026-04-18 17:23:03"
13657,765,1340,2026-03-03,Present,"2026-04-18 17:23:03"
13658,41389,1202,2026-03-05,Present,"2026-04-18 17:23:03"
13659,49072,1292,2026-03-04,Present,"2026-04-18 17:23:03"
13660,12722,759,2026-03-08,Present,"2026-04-18 17:23:03"
13661,14734,624,2026-03-08,Present,"2026-04-18 17:23:03"
13662,44252,961,2026-03-04,Present,"2026-04-18 17:23:03"
13663,7160,1677,2026-03-04,Absent,"2026-04-18 17:23:03"
13664,43075,1216,2026-03-06,Present,"2026-04-18 17:23:03"
13665,27958,794,2026-03-09,Present,"2026-04-18 17:23:03"
13666,46834,1365,2026-03-01,Present,"2026-04-18 17:23:03"
13667,27097,1700,2026-03-04,Present,"2026-04-18 17:23:03"
13668,41251,1036,2026-03-02,Absent,"2026-04-18 17:23:03"
13669,5820,1005,2026-03-04,Present,"2026-04-18 17:23:03"
13670,7300,735,2026-03-01,Present,"2026-04-18 17:23:03"
13671,24742,1101,2026-03-10,Present,"2026-04-18 17:23:03"
13672,36610,1101,2026-03-04,Present,"2026-04-18 17:23:03"
13673,35739,618,2026-03-04,Present,"2026-04-18 17:23:03"
13674,45255,759,2026-03-05,Present,"2026-04-18 17:23:03"
13675,7808,1487,2026-03-03,Absent,"2026-04-18 17:23:03"
13676,42471,1057,2026-03-06,Present,"2026-04-18 17:23:03"
13677,23980,1949,2026-03-04,Absent,"2026-04-18 17:23:03"
13678,29559,1292,2026-03-06,Present,"2026-04-18 17:23:03"
13679,8594,1184,2026-03-10,Present,"2026-04-18 17:23:03"
13680,19448,1949,2026-03-04,Present,"2026-04-18 17:23:03"
13681,26980,1496,2026-03-07,Present,"2026-04-18 17:23:03"
13682,10397,1435,2026-03-03,Present,"2026-04-18 17:23:03"
13683,6764,1184,2026-03-09,Present,"2026-04-18 17:23:03"
13684,21951,1422,2026-03-03,Present,"2026-04-18 17:23:03"
13685,28393,1055,2026-03-09,Absent,"2026-04-18 17:23:03"
13686,5022,1908,2026-03-04,Absent,"2026-04-18 17:23:03"
13687,18876,1984,2026-03-09,Present,"2026-04-18 17:23:03"
13688,23909,1678,2026-03-10,Present,"2026-04-18 17:23:03"
13689,17435,998,2026-03-05,Present,"2026-04-18 17:23:03"
13690,14514,1974,2026-03-10,Present,"2026-04-18 17:23:03"
13691,41946,1409,2026-03-04,Present,"2026-04-18 17:23:03"
13692,11580,1164,2026-03-09,Absent,"2026-04-18 17:23:03"
13693,43635,712,2026-03-08,Present,"2026-04-18 17:23:03"
13694,34153,1060,2026-03-02,Present,"2026-04-18 17:23:03"
13695,20583,911,2026-03-04,Absent,"2026-04-18 17:23:03"
13696,40790,1352,2026-03-10,Present,"2026-04-18 17:23:03"
13697,4327,1598,2026-03-03,Absent,"2026-04-18 17:23:03"
13698,24099,1422,2026-03-09,Present,"2026-04-18 17:23:03"
13699,24292,1184,2026-03-02,Absent,"2026-04-18 17:23:03"
13700,41190,766,2026-03-07,Present,"2026-04-18 17:23:03"
13701,11553,1034,2026-03-07,Present,"2026-04-18 17:23:03"
13702,42686,756,2026-03-02,Present,"2026-04-18 17:23:03"
13703,46589,1787,2026-03-10,Present,"2026-04-18 17:23:03"
13704,11044,794,2026-03-08,Present,"2026-04-18 17:23:03"
13705,42293,1960,2026-03-01,Present,"2026-04-18 17:23:03"
13706,31531,794,2026-03-04,Absent,"2026-04-18 17:23:03"
13707,2437,881,2026-03-02,Present,"2026-04-18 17:23:03"
13708,37367,1228,2026-03-03,Present,"2026-04-18 17:23:03"
13709,43013,1300,2026-03-03,Present,"2026-04-18 17:23:03"
13710,7804,573,2026-03-10,Present,"2026-04-18 17:23:03"
13711,45432,1960,2026-03-05,Present,"2026-04-18 17:23:03"
13712,2302,669,2026-03-02,Present,"2026-04-18 17:23:03"
13713,23801,1004,2026-03-02,Present,"2026-04-18 17:23:03"
13714,25970,1908,2026-03-09,Present,"2026-04-18 17:23:03"
13715,2458,1152,2026-03-10,Present,"2026-04-18 17:23:03"
13716,34796,814,2026-03-02,Absent,"2026-04-18 17:23:03"
13717,47896,1202,2026-03-09,Present,"2026-04-18 17:23:03"
13718,49899,1036,2026-03-09,Present,"2026-04-18 17:23:03"
13719,35593,808,2026-03-05,Present,"2026-04-18 17:23:03"
13720,36856,1365,2026-03-02,Present,"2026-04-18 17:23:03"
13721,41013,1914,2026-03-10,Present,"2026-04-18 17:23:03"
13722,1271,964,2026-03-02,Absent,"2026-04-18 17:23:03"
13723,26630,1176,2026-03-08,Present,"2026-04-18 17:23:03"
13724,34184,1057,2026-03-02,Present,"2026-04-18 17:23:03"
13725,33335,1834,2026-03-01,Present,"2026-04-18 17:23:03"
13726,48095,964,2026-03-09,Absent,"2026-04-18 17:23:03"
13727,36959,1422,2026-03-07,Present,"2026-04-18 17:23:03"
13728,17871,1960,2026-03-09,Present,"2026-04-18 17:23:03"
13729,6409,1202,2026-03-01,Present,"2026-04-18 17:23:03"
13730,3660,1914,2026-03-09,Absent,"2026-04-18 17:23:03"
13731,16114,1482,2026-03-04,Present,"2026-04-18 17:23:03"
13732,26347,1675,2026-03-05,Present,"2026-04-18 17:23:03"
13733,32682,559,2026-03-07,Present,"2026-04-18 17:23:03"
13734,10106,961,2026-03-09,Present,"2026-04-18 17:23:03"
13735,30810,559,2026-03-09,Present,"2026-04-18 17:23:03"
13736,44905,1034,2026-03-05,Present,"2026-04-18 17:23:03"
13737,11434,1913,2026-03-07,Present,"2026-04-18 17:23:03"
13738,28509,901,2026-03-09,Absent,"2026-04-18 17:23:03"
13739,18103,669,2026-03-09,Present,"2026-04-18 17:23:03"
13740,41708,1951,2026-03-09,Present,"2026-04-18 17:23:03"
13741,4959,876,2026-03-06,Present,"2026-04-18 17:23:03"
13742,40331,794,2026-03-10,Present,"2026-04-18 17:23:03"
13743,7367,814,2026-03-06,Present,"2026-04-18 17:23:03"
13744,4051,814,2026-03-02,Present,"2026-04-18 17:23:03"
13745,2360,792,2026-03-06,Present,"2026-04-18 17:23:03"
13746,19025,1333,2026-03-03,Present,"2026-04-18 17:23:03"
13747,40280,1553,2026-03-01,Present,"2026-04-18 17:23:03"
13748,41065,1517,2026-03-02,Present,"2026-04-18 17:23:03"
13749,20101,1522,2026-03-09,Present,"2026-04-18 17:23:03"
13750,22166,881,2026-03-01,Present,"2026-04-18 17:23:03"
13751,16497,1787,2026-03-09,Present,"2026-04-18 17:23:03"
13752,44424,1675,2026-03-06,Present,"2026-04-18 17:23:03"
13753,5925,669,2026-03-04,Present,"2026-04-18 17:23:03"
13754,25572,834,2026-03-09,Absent,"2026-04-18 17:23:03"
13755,17718,998,2026-03-07,Present,"2026-04-18 17:23:03"
13756,11383,1202,2026-03-04,Present,"2026-04-18 17:23:03"
13757,11334,906,2026-03-02,Present,"2026-04-18 17:23:03"
13758,40983,1057,2026-03-03,Present,"2026-04-18 17:23:03"
13759,46596,906,2026-03-04,Present,"2026-04-18 17:23:03"
13760,37471,998,2026-03-03,Present,"2026-04-18 17:23:03"
13761,14389,1830,2026-03-05,Present,"2026-04-18 17:23:03"
13762,13597,1834,2026-03-02,Present,"2026-04-18 17:23:03"
13763,25602,1914,2026-03-04,Present,"2026-04-18 17:23:03"
13764,15654,911,2026-03-06,Present,"2026-04-18 17:23:03"
13765,12845,1060,2026-03-04,Present,"2026-04-18 17:23:03"
13766,44378,1555,2026-03-09,Present,"2026-04-18 17:23:03"
13767,39339,1949,2026-03-09,Absent,"2026-04-18 17:23:03"
13768,20059,759,2026-03-05,Present,"2026-04-18 17:23:03"
13769,10350,1333,2026-03-07,Present,"2026-04-18 17:23:03"
13770,27988,1524,2026-03-02,Present,"2026-04-18 17:23:03"
13771,18648,1587,2026-03-03,Present,"2026-04-18 17:23:03"
13772,37783,1700,2026-03-10,Present,"2026-04-18 17:23:03"
13773,26379,1422,2026-03-02,Present,"2026-04-18 17:23:03"
13774,26926,1700,2026-03-03,Present,"2026-04-18 17:23:03"
13775,38833,915,2026-03-02,Present,"2026-04-18 17:23:03"
13776,15481,814,2026-03-06,Present,"2026-04-18 17:23:03"
13777,49870,531,2026-03-06,Present,"2026-04-18 17:23:03"
13778,8124,1757,2026-03-10,Present,"2026-04-18 17:23:03"
13779,8720,1571,2026-03-07,Present,"2026-04-18 17:23:03"
13780,48663,1948,2026-03-10,Present,"2026-04-18 17:23:03"
13781,14532,573,2026-03-04,Absent,"2026-04-18 17:23:03"
13782,40599,669,2026-03-05,Present,"2026-04-18 17:23:03"
13783,47156,947,2026-03-06,Present,"2026-04-18 17:23:03"
13784,12485,1948,2026-03-10,Present,"2026-04-18 17:23:03"
13785,1020,1164,2026-03-08,Present,"2026-04-18 17:23:03"
13786,41393,1496,2026-03-01,Present,"2026-04-18 17:23:03"
13787,28363,756,2026-03-01,Present,"2026-04-18 17:23:03"
13788,14384,1359,2026-03-03,Present,"2026-04-18 17:23:03"
13789,371,669,2026-03-09,Present,"2026-04-18 17:23:03"
13790,28057,911,2026-03-09,Absent,"2026-04-18 17:23:03"
13791,35045,1202,2026-03-05,Present,"2026-04-18 17:23:03"
13792,5820,712,2026-03-04,Present,"2026-04-18 17:23:03"
13793,48894,794,2026-03-04,Present,"2026-04-18 17:23:03"
13794,45314,964,2026-03-05,Present,"2026-04-18 17:23:03"
13795,49472,808,2026-03-09,Present,"2026-04-18 17:23:03"
13796,13149,1422,2026-03-07,Present,"2026-04-18 17:23:03"
13797,32228,1292,2026-03-06,Present,"2026-04-18 17:23:03"
13798,36409,1987,2026-03-01,Present,"2026-04-18 17:23:03"
13799,35772,858,2026-03-05,Present,"2026-04-18 17:23:03"
13800,9404,915,2026-03-06,Absent,"2026-04-18 17:23:03"
13801,27020,1435,2026-03-08,Present,"2026-04-18 17:23:03"
13802,35659,756,2026-03-03,Present,"2026-04-18 17:23:03"
13803,12263,915,2026-03-05,Present,"2026-04-18 17:23:03"
13804,43059,654,2026-03-10,Present,"2026-04-18 17:23:03"
13805,30966,1060,2026-03-08,Present,"2026-04-18 17:23:03"
13806,6957,834,2026-03-02,Absent,"2026-04-18 17:23:03"
13807,22667,916,2026-03-10,Present,"2026-04-18 17:23:03"
13808,23513,1487,2026-03-09,Present,"2026-04-18 17:23:03"
13809,4893,1960,2026-03-03,Present,"2026-04-18 17:23:03"
13810,40552,1482,2026-03-06,Absent,"2026-04-18 17:23:03"
13811,11798,998,2026-03-07,Present,"2026-04-18 17:23:03"
13812,48922,1524,2026-03-01,Present,"2026-04-18 17:23:03"
13813,3242,1253,2026-03-07,Present,"2026-04-18 17:23:03"
13814,40870,1914,2026-03-09,Present,"2026-04-18 17:23:03"
13815,25320,1034,2026-03-02,Absent,"2026-04-18 17:23:03"
13816,41509,947,2026-03-09,Present,"2026-04-18 17:23:03"
13817,43610,1202,2026-03-02,Absent,"2026-04-18 17:23:03"
13818,20284,1036,2026-03-07,Absent,"2026-04-18 17:23:03"
13819,46567,901,2026-03-03,Present,"2026-04-18 17:23:03"
13820,287,1587,2026-03-01,Absent,"2026-04-18 17:23:03"
13821,34993,759,2026-03-04,Present,"2026-04-18 17:23:03"
13822,35288,1184,2026-03-02,Present,"2026-04-18 17:23:03"
13823,49234,1987,2026-03-08,Absent,"2026-04-18 17:23:03"
13824,45921,911,2026-03-09,Present,"2026-04-18 17:23:03"
13825,41186,1787,2026-03-10,Absent,"2026-04-18 17:23:03"
13826,17937,735,2026-03-03,Present,"2026-04-18 17:23:03"
13827,12285,1555,2026-03-02,Present,"2026-04-18 17:23:03"
13828,19920,669,2026-03-04,Present,"2026-04-18 17:23:03"
13829,6842,559,2026-03-04,Absent,"2026-04-18 17:23:03"
13830,40598,531,2026-03-01,Present,"2026-04-18 17:23:03"
13831,46663,1598,2026-03-09,Absent,"2026-04-18 17:23:03"
13832,41889,814,2026-03-03,Present,"2026-04-18 17:23:03"
13833,44629,1960,2026-03-08,Present,"2026-04-18 17:23:03"
13834,30255,1352,2026-03-05,Present,"2026-04-18 17:23:03"
13835,20611,962,2026-03-06,Present,"2026-04-18 17:23:03"
13836,39292,669,2026-03-09,Absent,"2026-04-18 17:23:03"
13837,15736,1435,2026-03-02,Present,"2026-04-18 17:23:03"
13838,9998,1951,2026-03-07,Present,"2026-04-18 17:23:03"
13839,22165,973,2026-03-05,Absent,"2026-04-18 17:23:03"
13840,7706,1036,2026-03-08,Present,"2026-04-18 17:23:03"
13841,5094,1253,2026-03-02,Present,"2026-04-18 17:23:03"
13842,32048,654,2026-03-10,Present,"2026-04-18 17:23:03"
13843,15145,911,2026-03-02,Present,"2026-04-18 17:23:03"
13844,34361,1102,2026-03-04,Present,"2026-04-18 17:23:03"
13845,14355,876,2026-03-02,Present,"2026-04-18 17:23:03"
13846,37407,766,2026-03-02,Present,"2026-04-18 17:23:03"
13847,6309,876,2026-03-08,Present,"2026-04-18 17:23:03"
13848,2437,531,2026-03-01,Present,"2026-04-18 17:23:03"
13849,34662,559,2026-03-04,Present,"2026-04-18 17:23:03"
13850,45851,1176,2026-03-10,Absent,"2026-04-18 17:23:03"
13851,22615,1974,2026-03-07,Present,"2026-04-18 17:23:03"
13852,6958,964,2026-03-05,Present,"2026-04-18 17:23:03"
13853,7266,834,2026-03-03,Present,"2026-04-18 17:23:03"
13854,7541,1176,2026-03-07,Present,"2026-04-18 17:23:03"
13855,100,1987,2026-03-10,Present,"2026-04-18 17:23:03"
13856,11024,1700,2026-03-02,Present,"2026-04-18 17:23:03"
13857,2078,1359,2026-03-09,Absent,"2026-04-18 17:23:03"
13858,3758,1300,2026-03-03,Present,"2026-04-18 17:23:03"
13859,47337,1176,2026-03-06,Present,"2026-04-18 17:23:03"
13860,41087,1482,2026-03-08,Present,"2026-04-18 17:23:03"
13861,10305,1004,2026-03-08,Present,"2026-04-18 17:23:03"
13862,42193,1974,2026-03-08,Present,"2026-04-18 17:23:03"
13863,2744,1960,2026-03-02,Present,"2026-04-18 17:23:03"
13864,48680,1948,2026-03-01,Absent,"2026-04-18 17:23:03"
13865,7073,618,2026-03-09,Present,"2026-04-18 17:23:03"
13866,24346,1960,2026-03-02,Present,"2026-04-18 17:23:03"
13867,39120,814,2026-03-04,Present,"2026-04-18 17:23:03"
13868,4423,1522,2026-03-01,Present,"2026-04-18 17:23:03"
13869,35679,916,2026-03-08,Present,"2026-04-18 17:23:03"
13870,42127,1757,2026-03-02,Present,"2026-04-18 17:23:03"
13871,23334,513,2026-03-04,Present,"2026-04-18 17:23:03"
13872,2873,1152,2026-03-06,Absent,"2026-04-18 17:23:03"
13873,962,1496,2026-03-08,Present,"2026-04-18 17:23:03"
13874,23562,1482,2026-03-09,Present,"2026-04-18 17:23:03"
13875,46643,1340,2026-03-10,Present,"2026-04-18 17:23:03"
13876,8087,1102,2026-03-07,Present,"2026-04-18 17:23:03"
13877,17343,618,2026-03-09,Present,"2026-04-18 17:23:03"
13878,37685,1422,2026-03-07,Present,"2026-04-18 17:23:03"
13879,21124,513,2026-03-10,Present,"2026-04-18 17:23:03"
13880,13053,1060,2026-03-07,Present,"2026-04-18 17:23:03"
13881,39303,1300,2026-03-03,Present,"2026-04-18 17:23:03"
13882,25444,1834,2026-03-08,Present,"2026-04-18 17:23:03"
13883,26762,1757,2026-03-03,Present,"2026-04-18 17:23:03"
13884,26617,808,2026-03-06,Present,"2026-04-18 17:23:03"
13885,43096,1060,2026-03-08,Present,"2026-04-18 17:23:03"
13886,32600,1228,2026-03-01,Absent,"2026-04-18 17:23:03"
13887,7222,1422,2026-03-03,Present,"2026-04-18 17:23:03"
13888,46406,1170,2026-03-10,Absent,"2026-04-18 17:23:03"
13889,8237,1057,2026-03-02,Absent,"2026-04-18 17:23:03"
13890,25116,1055,2026-03-10,Present,"2026-04-18 17:23:03"
13891,25176,1482,2026-03-10,Present,"2026-04-18 17:23:03"
13892,34137,964,2026-03-09,Absent,"2026-04-18 17:23:03"
13893,43760,1152,2026-03-08,Absent,"2026-04-18 17:23:03"
13894,48878,1778,2026-03-04,Present,"2026-04-18 17:23:03"
13895,43398,1517,2026-03-09,Present,"2026-04-18 17:23:03"
13896,11843,756,2026-03-02,Present,"2026-04-18 17:23:03"
13897,43862,1555,2026-03-03,Present,"2026-04-18 17:23:03"
13898,28833,1754,2026-03-10,Present,"2026-04-18 17:23:03"
13899,8282,973,2026-03-10,Present,"2026-04-18 17:23:03"
13900,41549,1300,2026-03-04,Absent,"2026-04-18 17:23:03"
13901,28079,1228,2026-03-01,Present,"2026-04-18 17:23:03"
13902,2630,1170,2026-03-08,Present,"2026-04-18 17:23:03"
13903,20625,961,2026-03-01,Present,"2026-04-18 17:23:03"
13904,45826,876,2026-03-06,Present,"2026-04-18 17:23:03"
13905,21640,624,2026-03-05,Present,"2026-04-18 17:23:03"
13906,16195,1517,2026-03-07,Present,"2026-04-18 17:23:03"
13907,44082,1253,2026-03-05,Present,"2026-04-18 17:23:03"
13908,36847,1359,2026-03-07,Present,"2026-04-18 17:23:03"
13909,35130,808,2026-03-04,Present,"2026-04-18 17:23:03"
13910,46329,1987,2026-03-03,Present,"2026-04-18 17:23:03"
13911,45677,1333,2026-03-02,Present,"2026-04-18 17:23:03"
13912,16067,1670,2026-03-03,Absent,"2026-04-18 17:23:03"
13913,13220,1754,2026-03-09,Absent,"2026-04-18 17:23:03"
13914,1368,876,2026-03-01,Absent,"2026-04-18 17:23:03"
13915,47503,1340,2026-03-03,Absent,"2026-04-18 17:23:03"
13916,46012,794,2026-03-10,Present,"2026-04-18 17:23:03"
13917,19928,1352,2026-03-07,Present,"2026-04-18 17:23:03"
13918,36671,1974,2026-03-05,Present,"2026-04-18 17:23:03"
13919,47333,573,2026-03-04,Present,"2026-04-18 17:23:03"
13920,4848,1202,2026-03-01,Present,"2026-04-18 17:23:03"
13921,29710,1164,2026-03-05,Absent,"2026-04-18 17:23:03"
13922,32214,964,2026-03-04,Present,"2026-04-18 17:23:03"
13923,27629,1036,2026-03-04,Present,"2026-04-18 17:23:03"
13924,17038,1538,2026-03-01,Present,"2026-04-18 17:23:03"
13925,45086,618,2026-03-10,Present,"2026-04-18 17:23:03"
13926,32960,712,2026-03-07,Present,"2026-04-18 17:23:03"
13927,3830,1587,2026-03-08,Present,"2026-04-18 17:23:03"
13928,45921,947,2026-03-06,Present,"2026-04-18 17:23:03"
13929,29369,1987,2026-03-10,Present,"2026-04-18 17:23:03"
13930,3135,1073,2026-03-08,Present,"2026-04-18 17:23:03"
13931,16093,618,2026-03-05,Absent,"2026-04-18 17:23:03"
13932,25067,1060,2026-03-08,Absent,"2026-04-18 17:23:03"
13933,5976,794,2026-03-09,Present,"2026-04-18 17:23:03"
13934,33414,1343,2026-03-07,Present,"2026-04-18 17:23:03"
13935,48290,584,2026-03-07,Absent,"2026-04-18 17:23:03"
13936,29935,1908,2026-03-01,Present,"2026-04-18 17:23:03"
13937,7182,962,2026-03-05,Absent,"2026-04-18 17:23:03"
13938,11032,998,2026-03-06,Present,"2026-04-18 17:23:03"
13939,29307,1571,2026-03-08,Absent,"2026-04-18 17:23:03"
13940,38352,1164,2026-03-09,Present,"2026-04-18 17:23:03"
13941,8294,1555,2026-03-07,Present,"2026-04-18 17:23:03"
13942,34514,1675,2026-03-08,Present,"2026-04-18 17:23:03"
13943,5925,1212,2026-03-10,Present,"2026-04-18 17:23:03"
13944,49898,1055,2026-03-05,Present,"2026-04-18 17:23:03"
13945,35021,513,2026-03-04,Present,"2026-04-18 17:23:03"
13946,36379,559,2026-03-03,Present,"2026-04-18 17:23:03"
13947,9544,1553,2026-03-05,Present,"2026-04-18 17:23:03"
13948,42020,1571,2026-03-05,Present,"2026-04-18 17:23:03"
13949,28833,1101,2026-03-01,Present,"2026-04-18 17:23:03"
13950,27781,1184,2026-03-01,Present,"2026-04-18 17:23:03"
13951,36481,1170,2026-03-03,Present,"2026-04-18 17:23:03"
13952,5372,701,2026-03-06,Present,"2026-04-18 17:23:03"
13953,27575,573,2026-03-08,Absent,"2026-04-18 17:23:03"
13954,15884,1374,2026-03-09,Absent,"2026-04-18 17:23:03"
13955,48002,876,2026-03-09,Present,"2026-04-18 17:23:03"
13956,31984,573,2026-03-09,Present,"2026-04-18 17:23:03"
13957,33024,1555,2026-03-08,Present,"2026-04-18 17:23:03"
13958,36491,573,2026-03-07,Absent,"2026-04-18 17:23:03"
13959,7236,1670,2026-03-09,Present,"2026-04-18 17:23:03"
13960,36610,1101,2026-03-05,Present,"2026-04-18 17:23:03"
13961,43526,1787,2026-03-02,Absent,"2026-04-18 17:23:03"
13962,44475,1700,2026-03-02,Present,"2026-04-18 17:23:03"
13963,19390,756,2026-03-09,Absent,"2026-04-18 17:23:03"
13964,44077,973,2026-03-01,Present,"2026-04-18 17:23:03"
13965,15031,1435,2026-03-04,Present,"2026-04-18 17:23:03"
13966,47621,559,2026-03-03,Present,"2026-04-18 17:23:03"
13967,20455,701,2026-03-06,Present,"2026-04-18 17:23:03"
13968,35445,1340,2026-03-05,Present,"2026-04-18 17:23:03"
13969,27743,701,2026-03-03,Present,"2026-04-18 17:23:03"
13970,49631,1571,2026-03-07,Present,"2026-04-18 17:23:03"
13971,40068,858,2026-03-07,Present,"2026-04-18 17:23:03"
13972,9728,1300,2026-03-01,Present,"2026-04-18 17:23:03"
13973,39855,916,2026-03-01,Present,"2026-04-18 17:23:03"
13974,24884,1677,2026-03-02,Present,"2026-04-18 17:23:03"
13975,24710,794,2026-03-08,Present,"2026-04-18 17:23:03"
13976,25614,1101,2026-03-07,Present,"2026-04-18 17:23:03"
13977,5291,1678,2026-03-09,Present,"2026-04-18 17:23:03"
13978,28449,1914,2026-03-07,Present,"2026-04-18 17:23:03"
13979,21066,1974,2026-03-05,Absent,"2026-04-18 17:23:03"
13980,31486,1948,2026-03-02,Present,"2026-04-18 17:23:03"
13981,28973,1757,2026-03-06,Absent,"2026-04-18 17:23:03"
13982,21929,1987,2026-03-08,Present,"2026-04-18 17:23:03"
13983,47972,1951,2026-03-03,Present,"2026-04-18 17:23:03"
13984,46100,766,2026-03-05,Present,"2026-04-18 17:23:03"
13985,735,901,2026-03-07,Present,"2026-04-18 17:23:03"
13986,39017,559,2026-03-03,Present,"2026-04-18 17:23:03"
13987,18514,906,2026-03-10,Present,"2026-04-18 17:23:03"
13988,13918,1987,2026-03-06,Present,"2026-04-18 17:23:03"
13989,32736,513,2026-03-02,Present,"2026-04-18 17:23:03"
13990,36972,1164,2026-03-09,Present,"2026-04-18 17:23:03"
13991,7824,1253,2026-03-03,Absent,"2026-04-18 17:23:03"
13992,10734,1754,2026-03-09,Present,"2026-04-18 17:23:03"
13993,20468,1830,2026-03-09,Present,"2026-04-18 17:23:03"
13994,1897,618,2026-03-06,Present,"2026-04-18 17:23:03"
13995,14261,901,2026-03-02,Present,"2026-04-18 17:23:03"
13996,28805,618,2026-03-01,Present,"2026-04-18 17:23:03"
13997,23652,1754,2026-03-10,Present,"2026-04-18 17:23:03"
13998,8837,1212,2026-03-03,Present,"2026-04-18 17:23:03"
13999,22355,1055,2026-03-08,Present,"2026-04-18 17:23:03"
14000,7214,794,2026-03-02,Present,"2026-04-18 17:23:03"
14001,34956,911,2026-03-02,Present,"2026-04-18 17:23:03"
14002,25821,858,2026-03-01,Present,"2026-04-18 17:23:03"
14003,42551,1422,2026-03-02,Present,"2026-04-18 17:23:03"
14004,2050,759,2026-03-02,Absent,"2026-04-18 17:23:03"
14005,844,1787,2026-03-08,Absent,"2026-04-18 17:23:03"
14006,33279,973,2026-03-02,Present,"2026-04-18 17:23:03"
14007,39090,1102,2026-03-09,Present,"2026-04-18 17:23:03"
14008,48511,1834,2026-03-03,Absent,"2026-04-18 17:23:03"
14009,6170,584,2026-03-04,Present,"2026-04-18 17:23:03"
14010,24467,964,2026-03-07,Present,"2026-04-18 17:23:03"
14011,6878,624,2026-03-10,Absent,"2026-04-18 17:23:03"
14012,20153,559,2026-03-02,Present,"2026-04-18 17:23:03"
14013,8994,814,2026-03-03,Present,"2026-04-18 17:23:03"
14014,45490,906,2026-03-10,Absent,"2026-04-18 17:23:03"
14015,3232,1754,2026-03-08,Present,"2026-04-18 17:23:03"
14016,45773,1677,2026-03-03,Present,"2026-04-18 17:23:03"
14017,9662,1060,2026-03-05,Present,"2026-04-18 17:23:03"
14018,24152,1292,2026-03-01,Present,"2026-04-18 17:23:03"
14019,3034,712,2026-03-10,Present,"2026-04-18 17:23:03"
14020,27665,575,2026-03-06,Present,"2026-04-18 17:23:03"
14021,26240,1228,2026-03-03,Absent,"2026-04-18 17:23:03"
14022,13684,1524,2026-03-03,Present,"2026-04-18 17:23:03"
14023,13570,1435,2026-03-10,Present,"2026-04-18 17:23:03"
14024,17159,911,2026-03-01,Present,"2026-04-18 17:23:03"
14025,33609,1787,2026-03-06,Absent,"2026-04-18 17:23:03"
14026,36593,559,2026-03-02,Present,"2026-04-18 17:23:03"
14027,21497,1948,2026-03-10,Absent,"2026-04-18 17:23:03"
14028,13680,1948,2026-03-08,Present,"2026-04-18 17:23:03"
14029,14120,1333,2026-03-07,Present,"2026-04-18 17:23:03"
14030,3514,1834,2026-03-08,Absent,"2026-04-18 17:23:03"
14031,3204,1352,2026-03-02,Present,"2026-04-18 17:23:03"
14032,41321,962,2026-03-06,Absent,"2026-04-18 17:23:03"
14033,26869,906,2026-03-09,Present,"2026-04-18 17:23:03"
14034,7483,1598,2026-03-03,Present,"2026-04-18 17:23:03"
14035,5270,915,2026-03-09,Present,"2026-04-18 17:23:03"
14036,38376,808,2026-03-02,Present,"2026-04-18 17:23:03"
14037,25447,1253,2026-03-08,Present,"2026-04-18 17:23:03"
14038,4481,911,2026-03-04,Present,"2026-04-18 17:23:03"
14039,30700,1677,2026-03-05,Present,"2026-04-18 17:23:03"
14040,45624,1524,2026-03-03,Present,"2026-04-18 17:23:03"
14041,6043,1987,2026-03-02,Present,"2026-04-18 17:23:03"
14042,18783,1571,2026-03-08,Present,"2026-04-18 17:23:03"
14043,41693,1101,2026-03-06,Present,"2026-04-18 17:23:03"
14044,46591,1677,2026-03-02,Present,"2026-04-18 17:23:03"
14045,32433,1352,2026-03-10,Present,"2026-04-18 17:23:03"
14046,8694,1555,2026-03-03,Present,"2026-04-18 17:23:03"
14047,8854,759,2026-03-07,Present,"2026-04-18 17:23:03"
14048,14992,1754,2026-03-02,Absent,"2026-04-18 17:23:03"
14049,47434,1343,2026-03-07,Present,"2026-04-18 17:23:03"
14050,27827,1253,2026-03-01,Present,"2026-04-18 17:23:03"
14051,5436,712,2026-03-10,Present,"2026-04-18 17:23:03"
14052,9319,1004,2026-03-05,Present,"2026-04-18 17:23:03"
14053,24040,1101,2026-03-05,Absent,"2026-04-18 17:23:03"
14054,4688,1036,2026-03-04,Present,"2026-04-18 17:23:03"
14055,39154,1292,2026-03-03,Absent,"2026-04-18 17:23:03"
14056,6886,1487,2026-03-06,Present,"2026-04-18 17:23:03"
14057,11522,1487,2026-03-04,Present,"2026-04-18 17:23:03"
14058,49420,1216,2026-03-10,Present,"2026-04-18 17:23:03"
14059,2063,559,2026-03-06,Present,"2026-04-18 17:23:03"
14060,29101,1184,2026-03-06,Present,"2026-04-18 17:23:03"
14061,48154,1333,2026-03-05,Present,"2026-04-18 17:23:03"
14062,38850,906,2026-03-01,Present,"2026-04-18 17:23:03"
14063,13401,1292,2026-03-06,Present,"2026-04-18 17:23:03"
14064,18000,1913,2026-03-01,Present,"2026-04-18 17:23:03"
14065,5786,876,2026-03-09,Present,"2026-04-18 17:23:03"
14066,962,756,2026-03-06,Absent,"2026-04-18 17:23:03"
14067,5372,735,2026-03-09,Absent,"2026-04-18 17:23:03"
14068,5253,962,2026-03-01,Present,"2026-04-18 17:23:03"
14069,34567,973,2026-03-01,Present,"2026-04-18 17:23:03"
14070,11946,1914,2026-03-02,Present,"2026-04-18 17:23:03"
14071,22224,1496,2026-03-05,Absent,"2026-04-18 17:23:03"
14072,17075,834,2026-03-02,Present,"2026-04-18 17:23:03"
14073,37722,1517,2026-03-03,Present,"2026-04-18 17:23:03"
14074,48337,964,2026-03-05,Present,"2026-04-18 17:23:03"
14075,18965,1352,2026-03-08,Absent,"2026-04-18 17:23:03"
14076,42700,947,2026-03-05,Present,"2026-04-18 17:23:03"
14077,6335,1482,2026-03-03,Present,"2026-04-18 17:23:03"
14078,40002,1422,2026-03-10,Present,"2026-04-18 17:23:03"
14079,26988,906,2026-03-09,Present,"2026-04-18 17:23:03"
14080,26709,575,2026-03-09,Present,"2026-04-18 17:23:03"
14081,21017,947,2026-03-08,Present,"2026-04-18 17:23:03"
14082,43088,1202,2026-03-06,Present,"2026-04-18 17:23:03"
14083,37887,1555,2026-03-09,Present,"2026-04-18 17:23:03"
14084,29495,1036,2026-03-08,Present,"2026-04-18 17:23:03"
14085,19990,1675,2026-03-10,Present,"2026-04-18 17:23:03"
14086,49871,1292,2026-03-03,Present,"2026-04-18 17:23:03"
14087,21676,947,2026-03-06,Absent,"2026-04-18 17:23:03"
14088,26297,618,2026-03-09,Present,"2026-04-18 17:23:03"
14089,15910,1422,2026-03-06,Present,"2026-04-18 17:23:03"
14090,21172,1517,2026-03-01,Present,"2026-04-18 17:23:03"
14091,5157,1598,2026-03-06,Absent,"2026-04-18 17:23:03"
14092,21853,1487,2026-03-04,Absent,"2026-04-18 17:23:03"
14093,49234,881,2026-03-08,Present,"2026-04-18 17:23:03"
14094,13244,1987,2026-03-06,Present,"2026-04-18 17:23:03"
14095,39821,1778,2026-03-01,Present,"2026-04-18 17:23:03"
14096,2586,1555,2026-03-04,Present,"2026-04-18 17:23:03"
14097,33585,1974,2026-03-03,Present,"2026-04-18 17:23:03"
14098,40593,1522,2026-03-07,Absent,"2026-04-18 17:23:03"
14099,42649,794,2026-03-06,Present,"2026-04-18 17:23:03"
14100,48686,1914,2026-03-02,Absent,"2026-04-18 17:23:03"
14101,20229,1352,2026-03-05,Present,"2026-04-18 17:23:03"
14102,45351,1787,2026-03-06,Present,"2026-04-18 17:23:03"
14103,17864,1422,2026-03-04,Present,"2026-04-18 17:23:03"
14104,18309,1700,2026-03-10,Present,"2026-04-18 17:23:03"
14105,13247,915,2026-03-04,Present,"2026-04-18 17:23:03"
14106,4422,1170,2026-03-04,Present,"2026-04-18 17:23:03"
14107,4885,858,2026-03-03,Present,"2026-04-18 17:23:03"
14108,11289,1102,2026-03-08,Present,"2026-04-18 17:23:03"
14109,49959,1202,2026-03-01,Present,"2026-04-18 17:23:03"
14110,43792,1422,2026-03-09,Present,"2026-04-18 17:23:03"
14111,11563,1787,2026-03-04,Present,"2026-04-18 17:23:03"
14112,35406,575,2026-03-09,Present,"2026-04-18 17:23:03"
14113,10539,1212,2026-03-03,Present,"2026-04-18 17:23:03"
14114,8188,1228,2026-03-08,Present,"2026-04-18 17:23:03"
14115,24687,1960,2026-03-04,Present,"2026-04-18 17:23:03"
14116,5434,792,2026-03-10,Present,"2026-04-18 17:23:03"
14117,5131,1553,2026-03-08,Absent,"2026-04-18 17:23:03"
14118,43204,1678,2026-03-06,Present,"2026-04-18 17:23:03"
14119,30976,669,2026-03-01,Absent,"2026-04-18 17:23:03"
14120,48429,618,2026-03-07,Present,"2026-04-18 17:23:03"
14121,38868,1496,2026-03-07,Present,"2026-04-18 17:23:03"
14122,9928,1004,2026-03-06,Present,"2026-04-18 17:23:03"
14123,46529,1524,2026-03-07,Present,"2026-04-18 17:23:03"
14124,38893,1960,2026-03-08,Present,"2026-04-18 17:23:03"
14125,40752,1152,2026-03-08,Present,"2026-04-18 17:23:03"
14126,17442,1987,2026-03-07,Present,"2026-04-18 17:23:03"
14127,44296,1060,2026-03-04,Present,"2026-04-18 17:23:03"
14128,32900,858,2026-03-01,Present,"2026-04-18 17:23:03"
14129,43790,1524,2026-03-09,Present,"2026-04-18 17:23:03"
14130,33419,858,2026-03-02,Present,"2026-04-18 17:23:03"
14131,21013,1343,2026-03-05,Present,"2026-04-18 17:23:03"
14132,13079,794,2026-03-09,Present,"2026-04-18 17:23:03"
14133,10012,575,2026-03-05,Present,"2026-04-18 17:23:03"
14134,27151,1670,2026-03-01,Present,"2026-04-18 17:23:03"
14135,42863,1365,2026-03-01,Absent,"2026-04-18 17:23:03"
14136,32490,766,2026-03-07,Present,"2026-04-18 17:23:03"
14137,555,947,2026-03-01,Absent,"2026-04-18 17:23:03"
14138,41045,792,2026-03-06,Present,"2026-04-18 17:23:03"
14139,36728,1960,2026-03-04,Absent,"2026-04-18 17:23:03"
14140,24794,1340,2026-03-06,Absent,"2026-04-18 17:23:03"
14141,46259,858,2026-03-06,Present,"2026-04-18 17:23:03"
14142,6627,1524,2026-03-06,Present,"2026-04-18 17:23:03"
14143,20796,669,2026-03-09,Present,"2026-04-18 17:23:03"
14144,48057,1960,2026-03-02,Present,"2026-04-18 17:23:03"
14145,48069,1984,2026-03-04,Present,"2026-04-18 17:23:03"
14146,7062,906,2026-03-06,Present,"2026-04-18 17:23:03"
14147,347,531,2026-03-03,Present,"2026-04-18 17:23:03"
14148,38645,513,2026-03-06,Present,"2026-04-18 17:23:03"
14149,27981,756,2026-03-03,Present,"2026-04-18 17:23:03"
14150,49312,1253,2026-03-06,Present,"2026-04-18 17:23:03"
14151,17131,901,2026-03-09,Present,"2026-04-18 17:23:03"
14152,15374,794,2026-03-06,Present,"2026-04-18 17:23:03"
14153,9361,916,2026-03-09,Present,"2026-04-18 17:23:03"
14154,28070,654,2026-03-09,Absent,"2026-04-18 17:23:03"
14155,36951,618,2026-03-04,Absent,"2026-04-18 17:23:03"
14156,39646,1787,2026-03-05,Present,"2026-04-18 17:23:03"
14157,16901,1102,2026-03-10,Absent,"2026-04-18 17:23:03"
14158,25280,1670,2026-03-07,Present,"2026-04-18 17:23:03"
14159,19147,834,2026-03-07,Present,"2026-04-18 17:23:03"
14160,28336,1949,2026-03-06,Present,"2026-04-18 17:23:03"
14161,39019,1778,2026-03-10,Present,"2026-04-18 17:23:03"
14162,38362,1987,2026-03-01,Present,"2026-04-18 17:23:03"
14163,43243,1101,2026-03-06,Absent,"2026-04-18 17:23:03"
14164,16842,1914,2026-03-06,Present,"2026-04-18 17:23:03"
14165,8375,1949,2026-03-09,Present,"2026-04-18 17:23:03"
14166,15256,1524,2026-03-05,Present,"2026-04-18 17:23:03"
14167,46181,1352,2026-03-06,Present,"2026-04-18 17:23:03"
14168,10435,1830,2026-03-01,Absent,"2026-04-18 17:23:03"
14169,26664,814,2026-03-05,Absent,"2026-04-18 17:23:03"
14170,17120,1571,2026-03-10,Present,"2026-04-18 17:23:03"
14171,48386,1365,2026-03-06,Present,"2026-04-18 17:23:03"
14172,49288,735,2026-03-04,Absent,"2026-04-18 17:23:03"
14173,19841,814,2026-03-10,Absent,"2026-04-18 17:23:03"
14174,20455,618,2026-03-10,Present,"2026-04-18 17:23:03"
14175,20299,962,2026-03-06,Absent,"2026-04-18 17:23:03"
14176,13605,1300,2026-03-07,Present,"2026-04-18 17:23:03"
14177,6851,973,2026-03-01,Present,"2026-04-18 17:23:03"
14178,19263,1834,2026-03-10,Present,"2026-04-18 17:23:03"
14179,12213,1675,2026-03-03,Present,"2026-04-18 17:23:03"
14180,24346,1960,2026-03-01,Present,"2026-04-18 17:23:03"
14181,23080,1913,2026-03-03,Present,"2026-04-18 17:23:03"
14182,16631,1987,2026-03-04,Present,"2026-04-18 17:23:03"
14183,35288,1184,2026-03-03,Present,"2026-04-18 17:23:03"
14184,33847,1073,2026-03-09,Absent,"2026-04-18 17:23:03"
14185,34612,513,2026-03-04,Present,"2026-04-18 17:23:03"
14186,31631,654,2026-03-09,Present,"2026-04-18 17:23:03"
14187,24335,1951,2026-03-07,Present,"2026-04-18 17:23:03"
14188,43147,792,2026-03-05,Present,"2026-04-18 17:23:03"
14189,39639,618,2026-03-03,Present,"2026-04-18 17:23:03"
14190,42895,531,2026-03-10,Present,"2026-04-18 17:23:03"
14191,48069,1352,2026-03-03,Present,"2026-04-18 17:23:03"
14192,31558,701,2026-03-08,Present,"2026-04-18 17:23:03"
14193,2963,808,2026-03-07,Present,"2026-04-18 17:23:03"
14194,21448,881,2026-03-06,Present,"2026-04-18 17:23:03"
14195,44759,1571,2026-03-04,Present,"2026-04-18 17:23:03"
14196,40317,1055,2026-03-04,Present,"2026-04-18 17:23:03"
14197,22541,1102,2026-03-07,Present,"2026-04-18 17:23:03"
14198,37235,1034,2026-03-05,Present,"2026-04-18 17:23:03"
14199,1068,1034,2026-03-05,Absent,"2026-04-18 17:23:03"
14200,2744,1678,2026-03-06,Present,"2026-04-18 17:23:03"
14201,44863,881,2026-03-07,Present,"2026-04-18 17:23:03"
14202,24391,1057,2026-03-08,Present,"2026-04-18 17:23:03"
14203,21503,1352,2026-03-10,Present,"2026-04-18 17:23:03"
14204,41673,1212,2026-03-03,Absent,"2026-04-18 17:23:03"
14205,1922,654,2026-03-02,Present,"2026-04-18 17:23:03"
14206,962,1359,2026-03-03,Absent,"2026-04-18 17:23:03"
14207,34867,1834,2026-03-03,Present,"2026-04-18 17:23:03"
14208,20347,559,2026-03-04,Present,"2026-04-18 17:23:03"
14209,34274,1176,2026-03-01,Absent,"2026-04-18 17:23:03"
14210,26275,735,2026-03-06,Present,"2026-04-18 17:23:03"
14211,12919,1700,2026-03-01,Present,"2026-04-18 17:23:03"
14212,17398,1300,2026-03-10,Present,"2026-04-18 17:23:03"
14213,9140,1102,2026-03-04,Present,"2026-04-18 17:23:03"
14214,49577,1300,2026-03-01,Present,"2026-04-18 17:23:03"
14215,44946,1675,2026-03-05,Present,"2026-04-18 17:23:03"
14216,32768,1101,2026-03-07,Present,"2026-04-18 17:23:03"
14217,3584,654,2026-03-07,Present,"2026-04-18 17:23:03"
14218,18297,1435,2026-03-01,Absent,"2026-04-18 17:23:03"
14219,22599,1057,2026-03-08,Absent,"2026-04-18 17:23:03"
14220,6091,1176,2026-03-02,Present,"2026-04-18 17:23:03"
14221,35743,1553,2026-03-02,Present,"2026-04-18 17:23:03"
14222,37020,701,2026-03-06,Present,"2026-04-18 17:23:03"
14223,44511,1060,2026-03-03,Present,"2026-04-18 17:23:03"
14224,38184,1300,2026-03-05,Present,"2026-04-18 17:23:03"
14225,39784,964,2026-03-03,Present,"2026-04-18 17:23:03"
14226,31748,1908,2026-03-01,Present,"2026-04-18 17:23:03"
14227,29019,876,2026-03-10,Present,"2026-04-18 17:23:03"
14228,9922,1176,2026-03-10,Present,"2026-04-18 17:23:03"
14229,4312,1675,2026-03-04,Absent,"2026-04-18 17:23:03"
14230,8876,1948,2026-03-02,Present,"2026-04-18 17:23:03"
14231,18365,1228,2026-03-08,Present,"2026-04-18 17:23:03"
14232,42955,834,2026-03-10,Absent,"2026-04-18 17:23:03"
14233,29686,1184,2026-03-09,Present,"2026-04-18 17:23:03"
14234,43211,1102,2026-03-04,Present,"2026-04-18 17:23:03"
14235,25996,1333,2026-03-10,Present,"2026-04-18 17:23:03"
14236,20644,1435,2026-03-05,Present,"2026-04-18 17:23:03"
14237,39986,1487,2026-03-08,Present,"2026-04-18 17:23:03"
14238,45538,1834,2026-03-02,Present,"2026-04-18 17:23:03"
14239,38918,1522,2026-03-03,Present,"2026-04-18 17:23:03"
14240,3251,1571,2026-03-04,Absent,"2026-04-18 17:23:03"
14241,29122,1170,2026-03-08,Absent,"2026-04-18 17:23:03"
14242,17613,1365,2026-03-10,Present,"2026-04-18 17:23:03"
14243,15041,1951,2026-03-02,Present,"2026-04-18 17:23:03"
14244,38765,513,2026-03-03,Present,"2026-04-18 17:23:03"
14245,21835,1333,2026-03-05,Present,"2026-04-18 17:23:03"
14246,22914,1340,2026-03-02,Present,"2026-04-18 17:23:03"
14247,1223,654,2026-03-05,Present,"2026-04-18 17:23:03"
14248,27381,712,2026-03-08,Present,"2026-04-18 17:23:03"
14249,2279,1359,2026-03-08,Absent,"2026-04-18 17:23:03"
14250,49954,1778,2026-03-08,Absent,"2026-04-18 17:23:03"
14251,46686,998,2026-03-08,Absent,"2026-04-18 17:23:03"
14252,16704,1522,2026-03-01,Present,"2026-04-18 17:23:03"
14253,16646,834,2026-03-07,Absent,"2026-04-18 17:23:03"
14254,37507,1960,2026-03-01,Present,"2026-04-18 17:23:03"
14255,23959,1212,2026-03-05,Present,"2026-04-18 17:23:03"
14256,48310,1571,2026-03-08,Present,"2026-04-18 17:23:03"
14257,46176,1352,2026-03-07,Present,"2026-04-18 17:23:03"
14258,2341,1101,2026-03-05,Present,"2026-04-18 17:23:03"
14259,39204,531,2026-03-04,Present,"2026-04-18 17:23:03"
14260,47817,915,2026-03-06,Present,"2026-04-18 17:23:03"
14261,20305,1914,2026-03-06,Present,"2026-04-18 17:23:03"
14262,7409,998,2026-03-01,Present,"2026-04-18 17:23:03"
14263,23453,1948,2026-03-10,Absent,"2026-04-18 17:23:03"
14264,16753,1409,2026-03-01,Absent,"2026-04-18 17:23:03"
14265,40611,1176,2026-03-09,Present,"2026-04-18 17:23:03"
14266,34625,916,2026-03-05,Present,"2026-04-18 17:23:03"
14267,31951,1700,2026-03-06,Present,"2026-04-18 17:23:03"
14268,23905,814,2026-03-07,Present,"2026-04-18 17:23:03"
14269,48543,1522,2026-03-08,Absent,"2026-04-18 17:23:03"
14270,6317,575,2026-03-04,Present,"2026-04-18 17:23:03"
14271,12138,701,2026-03-03,Present,"2026-04-18 17:23:03"
14272,15124,1343,2026-03-02,Present,"2026-04-18 17:23:03"
14273,14647,559,2026-03-07,Present,"2026-04-18 17:23:03"
14274,19449,1949,2026-03-07,Present,"2026-04-18 17:23:03"
14275,15425,1101,2026-03-09,Present,"2026-04-18 17:23:03"
14276,5287,1253,2026-03-04,Present,"2026-04-18 17:23:03"
14277,39439,1487,2026-03-03,Present,"2026-04-18 17:23:03"
14278,40979,1152,2026-03-04,Present,"2026-04-18 17:23:03"
14279,31128,1374,2026-03-06,Present,"2026-04-18 17:23:03"
14280,2580,1553,2026-03-05,Present,"2026-04-18 17:23:03"
14281,47806,1152,2026-03-02,Present,"2026-04-18 17:23:03"
14282,4468,559,2026-03-07,Present,"2026-04-18 17:23:03"
14283,13055,1184,2026-03-03,Absent,"2026-04-18 17:23:03"
14284,25937,881,2026-03-03,Present,"2026-04-18 17:23:03"
14285,44938,1101,2026-03-06,Present,"2026-04-18 17:23:03"
14286,15526,1253,2026-03-04,Present,"2026-04-18 17:23:03"
14287,44296,1060,2026-03-03,Present,"2026-04-18 17:23:03"
14288,31026,1202,2026-03-01,Present,"2026-04-18 17:23:03"
14289,20037,701,2026-03-02,Present,"2026-04-18 17:23:03"
14290,17434,973,2026-03-09,Present,"2026-04-18 17:23:03"
14291,38703,998,2026-03-06,Present,"2026-04-18 17:23:03"
14292,31146,1102,2026-03-02,Absent,"2026-04-18 17:23:03"
14293,27991,618,2026-03-05,Present,"2026-04-18 17:23:03"
14294,24391,1057,2026-03-05,Absent,"2026-04-18 17:23:03"
14295,3231,1055,2026-03-09,Present,"2026-04-18 17:23:03"
14296,16673,701,2026-03-08,Present,"2026-04-18 17:23:03"
14297,42124,1787,2026-03-05,Absent,"2026-04-18 17:23:03"
14298,36557,1555,2026-03-02,Present,"2026-04-18 17:23:03"
14299,4010,1435,2026-03-05,Present,"2026-04-18 17:23:03"
14300,37710,876,2026-03-03,Present,"2026-04-18 17:23:03"
14301,32940,1598,2026-03-08,Absent,"2026-04-18 17:23:03"
14302,15339,1216,2026-03-08,Present,"2026-04-18 17:23:03"
14303,7364,1164,2026-03-10,Present,"2026-04-18 17:23:03"
14304,18225,794,2026-03-05,Absent,"2026-04-18 17:23:03"
14305,39648,881,2026-03-06,Present,"2026-04-18 17:23:03"
14306,13092,1164,2026-03-04,Present,"2026-04-18 17:23:03"
14307,43654,1005,2026-03-10,Present,"2026-04-18 17:23:03"
14308,34055,1987,2026-03-02,Absent,"2026-04-18 17:23:03"
14309,42834,1374,2026-03-09,Present,"2026-04-18 17:23:03"
14310,14255,1677,2026-03-06,Present,"2026-04-18 17:23:03"
14311,44353,1253,2026-03-08,Absent,"2026-04-18 17:23:03"
14312,44406,1340,2026-03-05,Present,"2026-04-18 17:23:03"
14313,13399,1365,2026-03-07,Present,"2026-04-18 17:23:03"
14314,38458,906,2026-03-05,Present,"2026-04-18 17:23:03"
14315,23815,1340,2026-03-10,Present,"2026-04-18 17:23:03"
14316,34054,961,2026-03-05,Present,"2026-04-18 17:23:03"
14317,47653,915,2026-03-08,Absent,"2026-04-18 17:23:03"
14318,20823,1034,2026-03-09,Present,"2026-04-18 17:23:03"
14319,27019,1300,2026-03-10,Present,"2026-04-18 17:23:03"
14320,26178,998,2026-03-06,Present,"2026-04-18 17:23:03"
14321,19327,1422,2026-03-03,Present,"2026-04-18 17:23:03"
14322,48801,915,2026-03-04,Present,"2026-04-18 17:23:03"
14323,42757,1555,2026-03-09,Present,"2026-04-18 17:23:03"
14324,3138,766,2026-03-09,Present,"2026-04-18 17:23:03"
14325,19837,1060,2026-03-06,Present,"2026-04-18 17:23:03"
14326,12414,961,2026-03-07,Present,"2026-04-18 17:23:03"
14327,13102,1359,2026-03-04,Present,"2026-04-18 17:23:03"
14328,17440,1830,2026-03-05,Absent,"2026-04-18 17:23:03"
14329,39994,1951,2026-03-09,Present,"2026-04-18 17:23:03"
14330,36333,1834,2026-03-03,Present,"2026-04-18 17:23:03"
14331,45982,1435,2026-03-10,Present,"2026-04-18 17:23:03"
14332,5051,1517,2026-03-10,Present,"2026-04-18 17:23:03"
14333,46785,858,2026-03-02,Absent,"2026-04-18 17:23:03"
14334,27922,1409,2026-03-08,Present,"2026-04-18 17:23:03"
14335,19072,1598,2026-03-09,Absent,"2026-04-18 17:23:03"
14336,23162,573,2026-03-06,Absent,"2026-04-18 17:23:03"
14337,45255,513,2026-03-05,Present,"2026-04-18 17:23:03"
14338,1325,794,2026-03-05,Present,"2026-04-18 17:23:03"
14339,1832,584,2026-03-08,Present,"2026-04-18 17:23:03"
14340,42440,1435,2026-03-07,Present,"2026-04-18 17:23:03"
14341,1915,1359,2026-03-08,Absent,"2026-04-18 17:23:03"
14342,13259,1055,2026-03-10,Present,"2026-04-18 17:23:03"
14343,19714,1949,2026-03-04,Absent,"2026-04-18 17:23:03"
14344,28361,962,2026-03-03,Present,"2026-04-18 17:23:03"
14345,39728,1055,2026-03-05,Present,"2026-04-18 17:23:03"
14346,26881,1170,2026-03-02,Present,"2026-04-18 17:23:03"
14347,18887,1677,2026-03-07,Present,"2026-04-18 17:23:03"
14348,4187,964,2026-03-09,Present,"2026-04-18 17:23:03"
14349,5657,584,2026-03-02,Absent,"2026-04-18 17:23:03"
14350,37067,1102,2026-03-04,Present,"2026-04-18 17:23:03"
14351,10253,906,2026-03-08,Present,"2026-04-18 17:23:03"
14352,28649,1036,2026-03-02,Present,"2026-04-18 17:23:03"
14353,32246,1005,2026-03-06,Present,"2026-04-18 17:23:03"
14354,40516,1678,2026-03-09,Present,"2026-04-18 17:23:03"
14355,10953,947,2026-03-07,Present,"2026-04-18 17:23:03"
14356,3379,1102,2026-03-08,Present,"2026-04-18 17:23:03"
14357,36981,513,2026-03-01,Present,"2026-04-18 17:23:03"
14358,36319,1675,2026-03-04,Present,"2026-04-18 17:23:03"
14359,20537,1517,2026-03-02,Present,"2026-04-18 17:23:03"
14360,44458,575,2026-03-09,Present,"2026-04-18 17:23:03"
14361,22824,1571,2026-03-02,Present,"2026-04-18 17:23:03"
14362,44199,1164,2026-03-06,Present,"2026-04-18 17:23:03"
14363,3085,858,2026-03-03,Present,"2026-04-18 17:23:03"
14364,8733,1555,2026-03-01,Present,"2026-04-18 17:23:03"
14365,12790,513,2026-03-10,Present,"2026-04-18 17:23:03"
14366,14586,998,2026-03-07,Present,"2026-04-18 17:23:03"
14367,44927,1948,2026-03-06,Present,"2026-04-18 17:23:03"
14368,40884,1060,2026-03-04,Absent,"2026-04-18 17:23:03"
14369,23226,901,2026-03-02,Present,"2026-04-18 17:23:03"
14370,33227,1517,2026-03-09,Present,"2026-04-18 17:23:03"
14371,27082,735,2026-03-06,Present,"2026-04-18 17:23:03"
14372,10852,1960,2026-03-10,Absent,"2026-04-18 17:23:03"
14373,42324,701,2026-03-01,Present,"2026-04-18 17:23:03"
14374,32043,1365,2026-03-03,Absent,"2026-04-18 17:23:03"
14375,19614,1073,2026-03-07,Present,"2026-04-18 17:23:03"
14376,36376,947,2026-03-07,Present,"2026-04-18 17:23:03"
14377,27364,814,2026-03-10,Present,"2026-04-18 17:23:03"
14378,45499,669,2026-03-01,Present,"2026-04-18 17:23:03"
14379,46270,1834,2026-03-06,Present,"2026-04-18 17:23:03"
14380,14535,1004,2026-03-07,Absent,"2026-04-18 17:23:03"
14381,35805,1055,2026-03-10,Present,"2026-04-18 17:23:03"
14382,18830,1102,2026-03-10,Present,"2026-04-18 17:23:03"
14383,19987,1170,2026-03-05,Present,"2026-04-18 17:23:03"
14384,37729,1102,2026-03-10,Present,"2026-04-18 17:23:03"
14385,47632,1101,2026-03-07,Absent,"2026-04-18 17:23:03"
14386,37391,1700,2026-03-06,Absent,"2026-04-18 17:23:03"
14387,23157,1170,2026-03-08,Present,"2026-04-18 17:23:03"
14388,9928,1678,2026-03-01,Present,"2026-04-18 17:23:03"
14389,16490,1422,2026-03-03,Present,"2026-04-18 17:23:03"
14390,16668,915,2026-03-02,Absent,"2026-04-18 17:23:03"
14391,48972,1060,2026-03-04,Present,"2026-04-18 17:23:03"
14392,34524,1757,2026-03-07,Present,"2026-04-18 17:23:03"
14393,34466,1787,2026-03-03,Present,"2026-04-18 17:23:03"
14394,22108,1352,2026-03-07,Present,"2026-04-18 17:23:03"
14395,49393,1908,2026-03-03,Present,"2026-04-18 17:23:03"
14396,12246,1034,2026-03-05,Present,"2026-04-18 17:23:03"
14397,40625,1409,2026-03-05,Present,"2026-04-18 17:23:03"
14398,39960,1365,2026-03-04,Absent,"2026-04-18 17:23:03"
14399,38168,1253,2026-03-04,Absent,"2026-04-18 17:23:03"
14400,38142,1073,2026-03-10,Present,"2026-04-18 17:23:03"
14401,31394,1333,2026-03-08,Present,"2026-04-18 17:23:03"
14402,43695,792,2026-03-04,Present,"2026-04-18 17:23:03"
14403,5302,911,2026-03-06,Present,"2026-04-18 17:23:03"
14404,49804,1700,2026-03-06,Absent,"2026-04-18 17:23:03"
14405,19720,1435,2026-03-06,Present,"2026-04-18 17:23:03"
14406,21399,964,2026-03-02,Present,"2026-04-18 17:23:03"
14407,905,1555,2026-03-01,Present,"2026-04-18 17:23:03"
14408,25837,814,2026-03-05,Absent,"2026-04-18 17:23:03"
14409,4712,1343,2026-03-07,Present,"2026-04-18 17:23:03"
14410,3345,1675,2026-03-07,Present,"2026-04-18 17:23:03"
14411,17678,1365,2026-03-06,Present,"2026-04-18 17:23:03"
14412,9238,1036,2026-03-04,Present,"2026-04-18 17:23:03"
14413,24057,1004,2026-03-04,Present,"2026-04-18 17:23:03"
14414,13390,1914,2026-03-10,Present,"2026-04-18 17:23:03"
14415,38230,1555,2026-03-09,Present,"2026-04-18 17:23:03"
14416,27415,1057,2026-03-07,Present,"2026-04-18 17:23:03"
14417,19668,1517,2026-03-06,Present,"2026-04-18 17:23:03"
14418,49409,1073,2026-03-10,Present,"2026-04-18 17:23:03"
14419,36336,876,2026-03-04,Absent,"2026-04-18 17:23:03"
14420,17796,1374,2026-03-10,Absent,"2026-04-18 17:23:03"
14421,16562,1055,2026-03-09,Present,"2026-04-18 17:23:03"
14422,39771,1292,2026-03-01,Present,"2026-04-18 17:23:03"
14423,39635,1555,2026-03-07,Absent,"2026-04-18 17:23:03"
14424,29710,1908,2026-03-10,Present,"2026-04-18 17:23:03"
14425,10573,1073,2026-03-09,Present,"2026-04-18 17:23:03"
14426,29247,1522,2026-03-03,Present,"2026-04-18 17:23:03"
14427,27186,1571,2026-03-10,Present,"2026-04-18 17:23:03"
14428,4797,766,2026-03-06,Present,"2026-04-18 17:23:03"
14429,19317,1005,2026-03-07,Present,"2026-04-18 17:23:03"
14430,6673,1678,2026-03-07,Absent,"2026-04-18 17:23:03"
14431,14370,1949,2026-03-04,Absent,"2026-04-18 17:23:03"
14432,19390,1538,2026-03-08,Present,"2026-04-18 17:23:03"
14433,22174,998,2026-03-02,Absent,"2026-04-18 17:23:03"
14434,11291,792,2026-03-01,Present,"2026-04-18 17:23:03"
14435,11183,1951,2026-03-04,Present,"2026-04-18 17:23:03"
14436,47792,998,2026-03-10,Present,"2026-04-18 17:23:03"
14437,11334,1216,2026-03-05,Present,"2026-04-18 17:23:03"
14438,27709,513,2026-03-09,Present,"2026-04-18 17:23:03"
14439,45171,573,2026-03-08,Absent,"2026-04-18 17:23:03"
14440,20746,1987,2026-03-02,Present,"2026-04-18 17:23:03"
14441,27126,1951,2026-03-08,Present,"2026-04-18 17:23:03"
14442,37999,573,2026-03-03,Present,"2026-04-18 17:23:03"
14443,1673,1553,2026-03-04,Absent,"2026-04-18 17:23:03"
14444,33838,531,2026-03-10,Present,"2026-04-18 17:23:03"
14445,18477,1482,2026-03-04,Present,"2026-04-18 17:23:03"
14446,40816,624,2026-03-04,Present,"2026-04-18 17:23:03"
14447,5078,756,2026-03-03,Present,"2026-04-18 17:23:03"
14448,44208,575,2026-03-09,Present,"2026-04-18 17:23:03"
14449,3911,1700,2026-03-09,Present,"2026-04-18 17:23:03"
14450,37729,712,2026-03-01,Present,"2026-04-18 17:23:03"
14451,27653,1164,2026-03-07,Absent,"2026-04-18 17:23:03"
14452,37192,858,2026-03-04,Present,"2026-04-18 17:23:03"
14453,35157,814,2026-03-01,Present,"2026-04-18 17:23:03"
14454,6341,1422,2026-03-05,Present,"2026-04-18 17:23:03"
14455,18570,1482,2026-03-08,Present,"2026-04-18 17:23:03"
14456,18783,808,2026-03-01,Present,"2026-04-18 17:23:03"
14457,41412,1984,2026-03-10,Absent,"2026-04-18 17:23:03"
14458,46181,1333,2026-03-05,Present,"2026-04-18 17:23:03"
14459,39787,766,2026-03-02,Present,"2026-04-18 17:23:03"
14460,1191,513,2026-03-08,Present,"2026-04-18 17:23:03"
14461,8604,1677,2026-03-07,Present,"2026-04-18 17:23:03"
14462,30943,911,2026-03-01,Absent,"2026-04-18 17:23:03"
14463,7459,1984,2026-03-04,Present,"2026-04-18 17:23:03"
14464,34576,1034,2026-03-04,Present,"2026-04-18 17:23:03"
14465,3609,1948,2026-03-08,Present,"2026-04-18 17:23:03"
14466,24544,1914,2026-03-01,Present,"2026-04-18 17:23:03"
14467,38372,756,2026-03-03,Present,"2026-04-18 17:23:03"
14468,12239,513,2026-03-06,Present,"2026-04-18 17:23:03"
14469,5017,712,2026-03-06,Absent,"2026-04-18 17:23:03"
14470,20667,1102,2026-03-09,Absent,"2026-04-18 17:23:03"
14471,48937,575,2026-03-06,Present,"2026-04-18 17:23:03"
14472,44688,1914,2026-03-05,Present,"2026-04-18 17:23:03"
14473,3251,1333,2026-03-07,Present,"2026-04-18 17:23:03"
14474,24289,1522,2026-03-09,Present,"2026-04-18 17:23:03"
14475,26605,1553,2026-03-04,Present,"2026-04-18 17:23:03"
14476,14216,1005,2026-03-10,Present,"2026-04-18 17:23:03"
14477,30341,973,2026-03-04,Absent,"2026-04-18 17:23:03"
14478,7299,1300,2026-03-10,Present,"2026-04-18 17:23:03"
14479,19141,915,2026-03-09,Present,"2026-04-18 17:23:03"
14480,480,1538,2026-03-08,Present,"2026-04-18 17:23:03"
14481,31138,911,2026-03-02,Absent,"2026-04-18 17:23:03"
14482,18792,584,2026-03-05,Present,"2026-04-18 17:23:03"
14483,9958,1409,2026-03-08,Present,"2026-04-18 17:23:03"
14484,25692,1005,2026-03-03,Absent,"2026-04-18 17:23:03"
14485,43839,1496,2026-03-06,Present,"2026-04-18 17:23:03"
14486,26869,1340,2026-03-06,Present,"2026-04-18 17:23:03"
14487,30116,1678,2026-03-07,Present,"2026-04-18 17:23:03"
14488,49045,834,2026-03-05,Absent,"2026-04-18 17:23:03"
14489,26804,1152,2026-03-10,Present,"2026-04-18 17:23:03"
14490,9880,1333,2026-03-09,Present,"2026-04-18 17:23:03"
14491,21366,1057,2026-03-05,Present,"2026-04-18 17:23:03"
14492,9199,1974,2026-03-03,Present,"2026-04-18 17:23:03"
14493,18750,911,2026-03-05,Present,"2026-04-18 17:23:03"
14494,2095,1101,2026-03-01,Present,"2026-04-18 17:23:03"
14495,32675,531,2026-03-07,Present,"2026-04-18 17:23:03"
14496,23744,964,2026-03-02,Present,"2026-04-18 17:23:03"
14497,6335,1482,2026-03-05,Present,"2026-04-18 17:23:03"
14498,42253,584,2026-03-09,Present,"2026-04-18 17:23:03"
14499,1187,1700,2026-03-01,Absent,"2026-04-18 17:23:03"
14500,45146,794,2026-03-08,Present,"2026-04-18 17:23:03"
14501,26546,973,2026-03-04,Present,"2026-04-18 17:23:03"
14502,32952,1913,2026-03-06,Present,"2026-04-18 17:23:03"
14503,47716,1374,2026-03-02,Present,"2026-04-18 17:23:03"
14504,43744,1524,2026-03-08,Absent,"2026-04-18 17:23:03"
14505,44739,1482,2026-03-05,Present,"2026-04-18 17:23:03"
14506,17118,901,2026-03-08,Present,"2026-04-18 17:23:03"
14507,7059,808,2026-03-09,Present,"2026-04-18 17:23:03"
14508,10704,1951,2026-03-10,Present,"2026-04-18 17:23:03"
14509,22026,1005,2026-03-08,Present,"2026-04-18 17:23:03"
14510,1765,961,2026-03-03,Present,"2026-04-18 17:23:03"
14511,7654,962,2026-03-02,Present,"2026-04-18 17:23:03"
14512,46032,1482,2026-03-09,Absent,"2026-04-18 17:23:03"
14513,31214,1253,2026-03-06,Present,"2026-04-18 17:23:03"
14514,10328,915,2026-03-01,Present,"2026-04-18 17:23:03"
14515,37192,1524,2026-03-07,Present,"2026-04-18 17:23:03"
14516,5758,858,2026-03-02,Present,"2026-04-18 17:23:03"
14517,14284,1974,2026-03-04,Present,"2026-04-18 17:23:03"
14518,30395,1587,2026-03-09,Present,"2026-04-18 17:23:03"
14519,26152,1073,2026-03-02,Present,"2026-04-18 17:23:03"
14520,12627,1073,2026-03-10,Absent,"2026-04-18 17:23:03"
14521,30338,961,2026-03-01,Present,"2026-04-18 17:23:03"
14522,42708,1754,2026-03-07,Absent,"2026-04-18 17:23:03"
14523,21242,1914,2026-03-04,Present,"2026-04-18 17:23:03"
14524,42324,1538,2026-03-02,Present,"2026-04-18 17:23:03"
14525,36680,1913,2026-03-07,Present,"2026-04-18 17:23:03"
14526,46330,1555,2026-03-05,Present,"2026-04-18 17:23:03"
14527,46116,1948,2026-03-07,Absent,"2026-04-18 17:23:03"
14528,28440,834,2026-03-06,Present,"2026-04-18 17:23:03"
14529,48783,1292,2026-03-07,Present,"2026-04-18 17:23:03"
14530,10826,1060,2026-03-07,Present,"2026-04-18 17:23:03"
14531,26619,1555,2026-03-05,Present,"2026-04-18 17:23:03"
14532,7648,1055,2026-03-09,Present,"2026-04-18 17:23:03"
14533,30302,1202,2026-03-09,Absent,"2026-04-18 17:23:03"
14534,45425,792,2026-03-09,Present,"2026-04-18 17:23:03"
14535,11092,1522,2026-03-01,Present,"2026-04-18 17:23:03"
14536,10792,794,2026-03-08,Present,"2026-04-18 17:23:03"
14537,8629,1948,2026-03-09,Present,"2026-04-18 17:23:03"
14538,10262,618,2026-03-09,Present,"2026-04-18 17:23:03"
14539,19139,1212,2026-03-01,Absent,"2026-04-18 17:23:03"
14540,45644,1055,2026-03-06,Present,"2026-04-18 17:23:03"
14541,19683,712,2026-03-05,Present,"2026-04-18 17:23:03"
14542,40233,881,2026-03-03,Absent,"2026-04-18 17:23:03"
14543,10877,962,2026-03-07,Present,"2026-04-18 17:23:03"
14544,46643,1571,2026-03-06,Present,"2026-04-18 17:23:03"
14545,30961,1834,2026-03-06,Present,"2026-04-18 17:23:03"
14546,33053,513,2026-03-08,Present,"2026-04-18 17:23:03"
14547,14284,1974,2026-03-08,Present,"2026-04-18 17:23:03"
14548,6847,962,2026-03-03,Present,"2026-04-18 17:23:03"
14549,15750,858,2026-03-01,Present,"2026-04-18 17:23:03"
14550,21976,1571,2026-03-03,Present,"2026-04-18 17:23:03"
14551,35804,1834,2026-03-05,Present,"2026-04-18 17:23:03"
14552,36529,1352,2026-03-03,Present,"2026-04-18 17:23:03"
14553,40461,1675,2026-03-06,Absent,"2026-04-18 17:23:03"
14554,9096,915,2026-03-06,Present,"2026-04-18 17:23:03"
14555,23592,1754,2026-03-06,Present,"2026-04-18 17:23:03"
14556,25954,1830,2026-03-03,Absent,"2026-04-18 17:23:03"
14557,16168,1834,2026-03-10,Present,"2026-04-18 17:23:03"
14558,6907,1409,2026-03-01,Present,"2026-04-18 17:23:03"
14559,8723,759,2026-03-06,Present,"2026-04-18 17:23:03"
14560,34694,654,2026-03-09,Absent,"2026-04-18 17:23:03"
14561,24754,792,2026-03-09,Present,"2026-04-18 17:23:03"
14562,2098,1587,2026-03-10,Absent,"2026-04-18 17:23:03"
14563,32830,1005,2026-03-02,Absent,"2026-04-18 17:23:03"
14564,33660,858,2026-03-01,Present,"2026-04-18 17:23:03"
14565,33038,961,2026-03-06,Absent,"2026-04-18 17:23:03"
14566,5865,712,2026-03-05,Present,"2026-04-18 17:23:03"
14567,30812,1598,2026-03-09,Present,"2026-04-18 17:23:03"
14568,16977,876,2026-03-02,Present,"2026-04-18 17:23:03"
14569,43373,1435,2026-03-02,Present,"2026-04-18 17:23:03"
14570,12166,915,2026-03-05,Present,"2026-04-18 17:23:03"
14571,5772,1359,2026-03-06,Present,"2026-04-18 17:23:03"
14572,31092,964,2026-03-10,Absent,"2026-04-18 17:23:03"
14573,25665,1949,2026-03-02,Present,"2026-04-18 17:23:03"
14574,4736,1409,2026-03-01,Present,"2026-04-18 17:23:03"
14575,42479,654,2026-03-02,Absent,"2026-04-18 17:23:03"
14576,14451,1359,2026-03-03,Absent,"2026-04-18 17:23:03"
14577,13149,1422,2026-03-01,Present,"2026-04-18 17:23:03"
14578,29126,1170,2026-03-01,Present,"2026-04-18 17:23:03"
14579,21505,1202,2026-03-04,Present,"2026-04-18 17:23:03"
14580,39166,1948,2026-03-07,Present,"2026-04-18 17:23:03"
14581,37331,1176,2026-03-04,Absent,"2026-04-18 17:23:03"
14582,19317,1914,2026-03-04,Present,"2026-04-18 17:23:03"
14583,18899,1004,2026-03-09,Present,"2026-04-18 17:23:03"
14584,34842,964,2026-03-08,Present,"2026-04-18 17:23:03"
14585,24089,1359,2026-03-07,Present,"2026-04-18 17:23:03"
14586,30533,1005,2026-03-05,Present,"2026-04-18 17:23:03"
14587,38996,1184,2026-03-10,Present,"2026-04-18 17:23:03"
14588,1542,573,2026-03-07,Absent,"2026-04-18 17:23:03"
14589,27743,961,2026-03-08,Present,"2026-04-18 17:23:03"
14590,44505,1102,2026-03-04,Present,"2026-04-18 17:23:03"
14591,34947,962,2026-03-08,Absent,"2026-04-18 17:23:03"
14592,9998,1951,2026-03-01,Absent,"2026-04-18 17:23:03"
14593,40799,1675,2026-03-07,Present,"2026-04-18 17:23:03"
14594,44511,1678,2026-03-03,Present,"2026-04-18 17:23:03"
14595,43248,1212,2026-03-01,Present,"2026-04-18 17:23:03"
14596,24617,1834,2026-03-10,Present,"2026-04-18 17:23:03"
14597,1719,814,2026-03-04,Present,"2026-04-18 17:23:03"
14598,5583,1340,2026-03-05,Present,"2026-04-18 17:23:03"
14599,30959,1677,2026-03-07,Present,"2026-04-18 17:23:03"
14600,6553,901,2026-03-06,Present,"2026-04-18 17:23:03"
14601,43726,814,2026-03-08,Present,"2026-04-18 17:23:03"
14602,33012,1152,2026-03-04,Present,"2026-04-18 17:23:03"
14603,22230,1522,2026-03-01,Present,"2026-04-18 17:23:03"
14604,1078,1787,2026-03-05,Present,"2026-04-18 17:23:03"
14605,26151,1675,2026-03-10,Absent,"2026-04-18 17:23:03"
14606,7669,1176,2026-03-06,Present,"2026-04-18 17:23:03"
14607,1801,1343,2026-03-06,Present,"2026-04-18 17:23:03"
14608,27393,1522,2026-03-09,Present,"2026-04-18 17:23:03"
14609,36012,1984,2026-03-07,Present,"2026-04-18 17:23:03"
14610,14398,584,2026-03-04,Present,"2026-04-18 17:23:03"
14611,40790,1598,2026-03-01,Present,"2026-04-18 17:23:03"
14612,48885,1352,2026-03-09,Absent,"2026-04-18 17:23:03"
14613,45863,712,2026-03-10,Present,"2026-04-18 17:23:03"
14614,7138,1352,2026-03-02,Absent,"2026-04-18 17:23:03"
14615,24927,1422,2026-03-07,Present,"2026-04-18 17:23:03"
14616,9183,1102,2026-03-06,Present,"2026-04-18 17:23:03"
14617,1442,1587,2026-03-09,Absent,"2026-04-18 17:23:03"
14618,47306,794,2026-03-07,Absent,"2026-04-18 17:23:03"
14619,28079,1228,2026-03-08,Present,"2026-04-18 17:23:03"
14620,27218,1202,2026-03-05,Present,"2026-04-18 17:23:03"
14621,22693,964,2026-03-10,Absent,"2026-04-18 17:23:03"
14622,26904,1365,2026-03-06,Absent,"2026-04-18 17:23:03"
14623,43585,834,2026-03-07,Absent,"2026-04-18 17:23:03"
14624,44809,962,2026-03-02,Absent,"2026-04-18 17:23:03"
14625,14906,1974,2026-03-04,Present,"2026-04-18 17:23:03"
14626,26877,1034,2026-03-03,Present,"2026-04-18 17:23:03"
14627,38922,1352,2026-03-09,Present,"2026-04-18 17:23:03"
14628,41669,858,2026-03-03,Present,"2026-04-18 17:23:03"
14629,29897,1834,2026-03-07,Present,"2026-04-18 17:23:03"
14630,40717,575,2026-03-02,Present,"2026-04-18 17:23:03"
14631,48878,1778,2026-03-05,Present,"2026-04-18 17:23:03"
14632,49503,814,2026-03-06,Present,"2026-04-18 17:23:03"
14633,37933,1700,2026-03-01,Present,"2026-04-18 17:23:03"
14634,43891,1487,2026-03-02,Absent,"2026-04-18 17:23:03"
14635,14135,1482,2026-03-06,Absent,"2026-04-18 17:23:03"
14636,11083,973,2026-03-08,Present,"2026-04-18 17:23:03"
14637,34742,911,2026-03-09,Present,"2026-04-18 17:23:03"
14638,30810,1948,2026-03-02,Present,"2026-04-18 17:23:03"
14639,8673,1102,2026-03-08,Present,"2026-04-18 17:23:03"
14640,27926,1553,2026-03-01,Present,"2026-04-18 17:23:03"
14641,2279,1004,2026-03-04,Present,"2026-04-18 17:23:03"
14642,34002,1365,2026-03-07,Present,"2026-04-18 17:23:03"
14643,16335,834,2026-03-08,Absent,"2026-04-18 17:23:03"
14644,13938,1340,2026-03-02,Absent,"2026-04-18 17:23:03"
14645,44922,1670,2026-03-08,Present,"2026-04-18 17:23:03"
14646,37742,1034,2026-03-07,Absent,"2026-04-18 17:23:03"
14647,14494,911,2026-03-05,Present,"2026-04-18 17:23:03"
14648,11257,881,2026-03-06,Present,"2026-04-18 17:23:03"
14649,17100,1984,2026-03-03,Present,"2026-04-18 17:23:03"
14650,15207,1834,2026-03-09,Present,"2026-04-18 17:23:03"
14651,32557,1487,2026-03-03,Present,"2026-04-18 17:23:03"
14652,46088,575,2026-03-03,Present,"2026-04-18 17:23:03"
14653,38994,1913,2026-03-04,Present,"2026-04-18 17:23:03"
14654,10197,1678,2026-03-03,Absent,"2026-04-18 17:23:03"
14655,46332,1176,2026-03-04,Absent,"2026-04-18 17:23:03"
14656,9552,1101,2026-03-09,Present,"2026-04-18 17:23:03"
14657,21178,1101,2026-03-07,Present,"2026-04-18 17:23:03"
14658,1656,1908,2026-03-09,Present,"2026-04-18 17:23:03"
14659,39234,1073,2026-03-07,Present,"2026-04-18 17:23:03"
14660,29068,1176,2026-03-03,Absent,"2026-04-18 17:23:03"
14661,7881,573,2026-03-04,Absent,"2026-04-18 17:23:03"
14662,47422,1170,2026-03-10,Absent,"2026-04-18 17:23:03"
14663,27361,947,2026-03-04,Present,"2026-04-18 17:23:03"
14664,4994,1757,2026-03-08,Absent,"2026-04-18 17:23:03"
14665,11043,1524,2026-03-06,Absent,"2026-04-18 17:23:03"
14666,27021,834,2026-03-09,Present,"2026-04-18 17:23:03"
14667,9463,1538,2026-03-02,Absent,"2026-04-18 17:23:03"
14668,14420,1677,2026-03-05,Absent,"2026-04-18 17:23:03"
14669,15246,1754,2026-03-08,Absent,"2026-04-18 17:23:03"
14670,11715,1292,2026-03-03,Present,"2026-04-18 17:23:03"
14671,11183,1496,2026-03-01,Present,"2026-04-18 17:23:03"
14672,15173,1253,2026-03-03,Present,"2026-04-18 17:23:03"
14673,12668,1522,2026-03-08,Present,"2026-04-18 17:23:03"
14674,22672,973,2026-03-10,Present,"2026-04-18 17:23:03"
14675,32834,513,2026-03-05,Present,"2026-04-18 17:23:03"
14676,23560,1374,2026-03-07,Absent,"2026-04-18 17:23:03"
14677,43963,1216,2026-03-10,Present,"2026-04-18 17:23:03"
14678,41159,1555,2026-03-05,Present,"2026-04-18 17:23:03"
14679,40241,766,2026-03-06,Absent,"2026-04-18 17:23:03"
14680,18798,906,2026-03-06,Absent,"2026-04-18 17:23:03"
14681,8505,794,2026-03-09,Present,"2026-04-18 17:23:03"
14682,3809,1678,2026-03-01,Present,"2026-04-18 17:23:03"
14683,44887,1517,2026-03-06,Present,"2026-04-18 17:23:03"
14684,36639,1587,2026-03-08,Present,"2026-04-18 17:23:03"
14685,13632,1913,2026-03-06,Present,"2026-04-18 17:23:03"
14686,46032,901,2026-03-05,Present,"2026-04-18 17:23:03"
14687,14629,1787,2026-03-01,Absent,"2026-04-18 17:23:03"
14688,42581,1228,2026-03-04,Present,"2026-04-18 17:23:03"
14689,5498,1036,2026-03-10,Present,"2026-04-18 17:23:03"
14690,22378,1228,2026-03-02,Present,"2026-04-18 17:23:03"
14691,15243,1778,2026-03-02,Present,"2026-04-18 17:23:03"
14692,41719,1830,2026-03-07,Present,"2026-04-18 17:23:03"
14693,24922,1422,2026-03-04,Absent,"2026-04-18 17:23:03"
14694,1434,735,2026-03-09,Present,"2026-04-18 17:23:03"
14695,17860,901,2026-03-01,Present,"2026-04-18 17:23:03"
14696,37883,1487,2026-03-09,Present,"2026-04-18 17:23:03"
14697,10858,756,2026-03-07,Present,"2026-04-18 17:23:03"
14698,42274,1352,2026-03-08,Present,"2026-04-18 17:23:03"
14699,48405,1984,2026-03-01,Present,"2026-04-18 17:23:03"
14700,26991,575,2026-03-07,Present,"2026-04-18 17:23:03"
14701,43603,756,2026-03-05,Present,"2026-04-18 17:23:03"
14702,34493,1374,2026-03-02,Present,"2026-04-18 17:23:03"
14703,19961,794,2026-03-06,Present,"2026-04-18 17:23:03"
14704,5491,1987,2026-03-02,Present,"2026-04-18 17:23:03"
14705,18990,794,2026-03-10,Absent,"2026-04-18 17:23:03"
14706,45999,513,2026-03-08,Present,"2026-04-18 17:23:03"
14707,21172,1292,2026-03-07,Present,"2026-04-18 17:23:03"
14708,30025,1359,2026-03-01,Absent,"2026-04-18 17:23:03"
14709,40840,1176,2026-03-08,Present,"2026-04-18 17:23:03"
14710,3506,1700,2026-03-01,Present,"2026-04-18 17:23:03"
14711,6901,834,2026-03-04,Present,"2026-04-18 17:23:03"
14712,40168,1787,2026-03-09,Present,"2026-04-18 17:23:03"
14713,31077,1587,2026-03-09,Present,"2026-04-18 17:23:03"
14714,35450,794,2026-03-01,Absent,"2026-04-18 17:23:03"
14715,40321,1678,2026-03-05,Present,"2026-04-18 17:23:03"
14716,27714,1913,2026-03-05,Present,"2026-04-18 17:23:03"
14717,16195,624,2026-03-04,Present,"2026-04-18 17:23:03"
14718,9273,876,2026-03-02,Present,"2026-04-18 17:23:03"
14719,10432,1987,2026-03-07,Present,"2026-04-18 17:23:03"
14720,32035,573,2026-03-03,Present,"2026-04-18 17:23:03"
14721,47620,1675,2026-03-08,Present,"2026-04-18 17:23:03"
14722,24571,1176,2026-03-03,Present,"2026-04-18 17:23:03"
14723,5178,1202,2026-03-08,Absent,"2026-04-18 17:23:03"
14724,4560,756,2026-03-02,Present,"2026-04-18 17:23:03"
14725,30039,1553,2026-03-05,Present,"2026-04-18 17:23:03"
14726,30946,792,2026-03-04,Absent,"2026-04-18 17:23:03"
14727,32890,1951,2026-03-08,Present,"2026-04-18 17:23:03"
14728,7047,973,2026-03-09,Absent,"2026-04-18 17:23:03"
14729,46665,1176,2026-03-01,Present,"2026-04-18 17:23:03"
14730,47915,1152,2026-03-06,Absent,"2026-04-18 17:23:03"
14731,24577,947,2026-03-05,Present,"2026-04-18 17:23:03"
14732,44948,1571,2026-03-08,Present,"2026-04-18 17:23:03"
14733,46539,1202,2026-03-03,Present,"2026-04-18 17:23:03"
14734,30180,584,2026-03-09,Present,"2026-04-18 17:23:03"
14735,6869,1055,2026-03-09,Present,"2026-04-18 17:23:03"
14736,18771,1036,2026-03-07,Present,"2026-04-18 17:23:03"
14737,31698,1170,2026-03-02,Present,"2026-04-18 17:23:03"
14738,35635,1948,2026-03-05,Present,"2026-04-18 17:23:03"
14739,42649,1834,2026-03-01,Present,"2026-04-18 17:23:03"
14740,2586,1496,2026-03-04,Present,"2026-04-18 17:23:03"
14741,25304,1496,2026-03-06,Present,"2026-04-18 17:23:03"
14742,31681,1538,2026-03-01,Present,"2026-04-18 17:23:03"
14743,41061,1677,2026-03-09,Present,"2026-04-18 17:23:03"
14744,9418,1787,2026-03-07,Present,"2026-04-18 17:23:03"
14745,14351,701,2026-03-07,Present,"2026-04-18 17:23:03"
14746,8629,881,2026-03-02,Absent,"2026-04-18 17:23:03"
14747,10049,962,2026-03-09,Present,"2026-04-18 17:23:03"
14748,26545,1571,2026-03-03,Present,"2026-04-18 17:23:03"
14749,47483,1055,2026-03-04,Absent,"2026-04-18 17:23:03"
14750,40416,1435,2026-03-05,Present,"2026-04-18 17:23:03"
14751,6178,1170,2026-03-07,Present,"2026-04-18 17:23:03"
14752,5929,735,2026-03-07,Absent,"2026-04-18 17:23:03"
14753,3908,906,2026-03-10,Absent,"2026-04-18 17:23:03"
14754,31901,1228,2026-03-09,Absent,"2026-04-18 17:23:03"
14755,48112,814,2026-03-07,Present,"2026-04-18 17:23:03"
14756,7824,1340,2026-03-07,Absent,"2026-04-18 17:23:03"
14757,10240,961,2026-03-03,Present,"2026-04-18 17:23:03"
14758,32879,915,2026-03-08,Present,"2026-04-18 17:23:03"
14759,5786,876,2026-03-08,Present,"2026-04-18 17:23:03"
14760,35388,654,2026-03-03,Present,"2026-04-18 17:23:03"
14761,49713,1598,2026-03-10,Present,"2026-04-18 17:23:03"
14762,18078,998,2026-03-05,Present,"2026-04-18 17:23:03"
14763,14420,584,2026-03-06,Present,"2026-04-18 17:23:03"
14764,43610,1176,2026-03-10,Present,"2026-04-18 17:23:03"
14765,22337,1170,2026-03-03,Present,"2026-04-18 17:23:03"
14766,3790,1538,2026-03-08,Absent,"2026-04-18 17:23:03"
14767,31799,911,2026-03-06,Present,"2026-04-18 17:23:03"
14768,11772,1571,2026-03-01,Present,"2026-04-18 17:23:03"
14769,14927,961,2026-03-01,Absent,"2026-04-18 17:23:03"
14770,10931,1587,2026-03-05,Present,"2026-04-18 17:23:03"
14771,23905,1333,2026-03-04,Present,"2026-04-18 17:23:03"
14772,3587,1524,2026-03-06,Present,"2026-04-18 17:23:03"
14773,26903,1482,2026-03-09,Absent,"2026-04-18 17:23:03"
14774,26619,1757,2026-03-09,Present,"2026-04-18 17:23:03"
14775,20448,1036,2026-03-03,Present,"2026-04-18 17:23:03"
14776,6043,1987,2026-03-10,Present,"2026-04-18 17:23:03"
14777,37408,858,2026-03-03,Present,"2026-04-18 17:23:03"
14778,33826,1004,2026-03-03,Present,"2026-04-18 17:23:03"
14779,25546,964,2026-03-07,Present,"2026-04-18 17:23:03"
14780,2534,834,2026-03-05,Present,"2026-04-18 17:23:03"
14781,39904,1757,2026-03-06,Present,"2026-04-18 17:23:03"
14782,11843,701,2026-03-04,Present,"2026-04-18 17:23:03"
14783,8596,654,2026-03-01,Present,"2026-04-18 17:23:03"
14784,37583,1834,2026-03-02,Present,"2026-04-18 17:23:03"
14785,10625,1951,2026-03-02,Absent,"2026-04-18 17:23:03"
14786,37063,759,2026-03-02,Present,"2026-04-18 17:23:03"
14787,25594,1060,2026-03-05,Present,"2026-04-18 17:23:03"
14788,23631,701,2026-03-10,Present,"2026-04-18 17:23:03"
14789,3323,1908,2026-03-09,Present,"2026-04-18 17:23:03"
14790,5443,1948,2026-03-01,Present,"2026-04-18 17:23:03"
14791,24205,834,2026-03-03,Present,"2026-04-18 17:23:03"
14792,16719,618,2026-03-10,Absent,"2026-04-18 17:23:03"
14793,41812,1005,2026-03-06,Absent,"2026-04-18 17:23:03"
14794,8543,808,2026-03-05,Present,"2026-04-18 17:23:03"
14795,39090,1102,2026-03-01,Present,"2026-04-18 17:23:03"
14796,48503,964,2026-03-10,Absent,"2026-04-18 17:23:03"
14797,19551,669,2026-03-02,Present,"2026-04-18 17:23:03"
14798,4797,1834,2026-03-03,Present,"2026-04-18 17:23:03"
14799,32633,1834,2026-03-01,Absent,"2026-04-18 17:23:03"
14800,28515,1830,2026-03-10,Present,"2026-04-18 17:23:03"
14801,5683,1948,2026-03-10,Present,"2026-04-18 17:23:03"
14802,21880,1004,2026-03-04,Present,"2026-04-18 17:23:03"
14803,47512,1757,2026-03-02,Present,"2026-04-18 17:23:03"
14804,6461,973,2026-03-09,Present,"2026-04-18 17:23:03"
14805,33475,1164,2026-03-09,Present,"2026-04-18 17:23:03"
14806,40825,1352,2026-03-07,Present,"2026-04-18 17:23:03"
14807,46366,1670,2026-03-01,Absent,"2026-04-18 17:23:03"
14808,39817,701,2026-03-02,Absent,"2026-04-18 17:23:03"
14809,43625,1253,2026-03-08,Present,"2026-04-18 17:23:03"
14810,13135,881,2026-03-06,Absent,"2026-04-18 17:23:03"
14811,15372,1787,2026-03-03,Present,"2026-04-18 17:23:03"
14812,24923,962,2026-03-03,Present,"2026-04-18 17:23:03"
14813,17231,814,2026-03-02,Absent,"2026-04-18 17:23:03"
14814,10371,1974,2026-03-02,Present,"2026-04-18 17:23:03"
14815,35722,618,2026-03-09,Present,"2026-04-18 17:23:03"
14816,3273,998,2026-03-07,Present,"2026-04-18 17:23:03"
14817,33890,1216,2026-03-10,Present,"2026-04-18 17:23:03"
14818,46785,1913,2026-03-09,Present,"2026-04-18 17:23:03"
14819,23979,1675,2026-03-05,Present,"2026-04-18 17:23:03"
14820,25572,834,2026-03-03,Present,"2026-04-18 17:23:03"
14821,49775,531,2026-03-05,Absent,"2026-04-18 17:23:03"
14822,7018,1984,2026-03-06,Present,"2026-04-18 17:23:03"
14823,48389,1754,2026-03-03,Absent,"2026-04-18 17:23:03"
14824,23196,1253,2026-03-03,Present,"2026-04-18 17:23:03"
14825,40696,759,2026-03-01,Present,"2026-04-18 17:23:03"
14826,35749,1300,2026-03-01,Present,"2026-04-18 17:23:03"
14827,27781,1184,2026-03-02,Present,"2026-04-18 17:23:03"
14828,41036,858,2026-03-04,Present,"2026-04-18 17:23:03"
14829,44605,1482,2026-03-09,Present,"2026-04-18 17:23:03"
14830,34625,916,2026-03-04,Present,"2026-04-18 17:23:03"
14831,40749,911,2026-03-08,Present,"2026-04-18 17:23:03"
14832,4187,906,2026-03-06,Present,"2026-04-18 17:23:03"
14833,36945,559,2026-03-09,Present,"2026-04-18 17:23:03"
14834,32973,1598,2026-03-04,Present,"2026-04-18 17:23:03"
14835,10494,911,2026-03-09,Absent,"2026-04-18 17:23:03"
14836,17822,1060,2026-03-08,Present,"2026-04-18 17:23:03"
14837,34800,712,2026-03-09,Present,"2026-04-18 17:23:03"
14838,13879,1216,2026-03-08,Present,"2026-04-18 17:23:03"
14839,9358,792,2026-03-10,Present,"2026-04-18 17:23:03"
14840,40625,1228,2026-03-02,Present,"2026-04-18 17:23:03"
14841,19714,573,2026-03-05,Present,"2026-04-18 17:23:03"
14842,2444,1487,2026-03-07,Present,"2026-04-18 17:23:03"
14843,49096,759,2026-03-01,Present,"2026-04-18 17:23:03"
14844,29632,915,2026-03-08,Absent,"2026-04-18 17:23:03"
14845,13399,792,2026-03-04,Absent,"2026-04-18 17:23:03"
14846,2522,654,2026-03-03,Absent,"2026-04-18 17:23:03"
14847,27185,1184,2026-03-06,Present,"2026-04-18 17:23:03"
14848,12697,1754,2026-03-07,Present,"2026-04-18 17:23:03"
14849,5443,1778,2026-03-03,Present,"2026-04-18 17:23:03"
14850,45459,1422,2026-03-01,Present,"2026-04-18 17:23:03"
14851,27899,947,2026-03-05,Present,"2026-04-18 17:23:03"
14852,43701,876,2026-03-04,Present,"2026-04-18 17:23:03"
14853,28773,1757,2026-03-06,Present,"2026-04-18 17:23:03"
14854,30279,1675,2026-03-09,Absent,"2026-04-18 17:23:03"
14855,1749,1834,2026-03-06,Present,"2026-04-18 17:23:03"
14856,7546,1352,2026-03-05,Present,"2026-04-18 17:23:03"
14857,44265,1170,2026-03-06,Present,"2026-04-18 17:23:03"
14858,7131,1057,2026-03-02,Absent,"2026-04-18 17:23:03"
14859,23251,1352,2026-03-08,Absent,"2026-04-18 17:23:03"
14860,18573,876,2026-03-05,Present,"2026-04-18 17:23:03"
14861,47568,1005,2026-03-08,Present,"2026-04-18 17:23:03"
14862,44496,1359,2026-03-10,Absent,"2026-04-18 17:23:03"
14863,36602,1292,2026-03-02,Present,"2026-04-18 17:23:03"
14864,44060,962,2026-03-07,Absent,"2026-04-18 17:23:03"
14865,35721,1102,2026-03-03,Present,"2026-04-18 17:23:03"
14866,30080,756,2026-03-07,Present,"2026-04-18 17:23:03"
14867,45391,1538,2026-03-10,Present,"2026-04-18 17:23:03"
14868,20149,1571,2026-03-10,Present,"2026-04-18 17:23:03"
14869,28507,1948,2026-03-03,Present,"2026-04-18 17:23:03"
14870,43585,834,2026-03-01,Absent,"2026-04-18 17:23:03"
14871,22464,1757,2026-03-08,Present,"2026-04-18 17:23:03"
14872,19869,654,2026-03-03,Present,"2026-04-18 17:23:03"
14873,28473,1102,2026-03-06,Absent,"2026-04-18 17:23:03"
14874,4688,1598,2026-03-03,Present,"2026-04-18 17:23:03"
14875,16160,573,2026-03-09,Present,"2026-04-18 17:23:03"
14876,47616,1496,2026-03-02,Present,"2026-04-18 17:23:03"
14877,28248,1228,2026-03-03,Present,"2026-04-18 17:23:03"
14878,27746,962,2026-03-02,Present,"2026-04-18 17:23:03"
14879,25331,1678,2026-03-04,Present,"2026-04-18 17:23:03"
14880,2416,584,2026-03-08,Present,"2026-04-18 17:23:03"
14881,2167,1496,2026-03-07,Present,"2026-04-18 17:23:03"
14882,32890,1757,2026-03-07,Absent,"2026-04-18 17:23:03"
14883,3239,1102,2026-03-08,Absent,"2026-04-18 17:23:03"
14884,2938,1571,2026-03-03,Absent,"2026-04-18 17:23:03"
14885,28507,1496,2026-03-02,Present,"2026-04-18 17:23:03"
14886,13803,669,2026-03-02,Present,"2026-04-18 17:23:03"
14887,15239,1960,2026-03-04,Present,"2026-04-18 17:23:03"
14888,18554,915,2026-03-07,Present,"2026-04-18 17:23:03"
14889,8859,1913,2026-03-05,Present,"2026-04-18 17:23:03"
14890,21612,906,2026-03-09,Present,"2026-04-18 17:23:03"
14891,18907,559,2026-03-10,Present,"2026-04-18 17:23:03"
14892,11518,759,2026-03-09,Present,"2026-04-18 17:23:03"
14893,4804,1757,2026-03-05,Present,"2026-04-18 17:23:03"
14894,8882,947,2026-03-07,Present,"2026-04-18 17:23:03"
14895,19389,998,2026-03-07,Present,"2026-04-18 17:23:03"
14896,38306,1587,2026-03-05,Present,"2026-04-18 17:23:03"
14897,31935,654,2026-03-01,Present,"2026-04-18 17:23:03"
14898,2691,1228,2026-03-10,Present,"2026-04-18 17:23:03"
14899,6937,624,2026-03-01,Absent,"2026-04-18 17:23:03"
14900,26443,1987,2026-03-03,Present,"2026-04-18 17:23:03"
14901,37934,1055,2026-03-10,Present,"2026-04-18 17:23:03"
14902,13849,1102,2026-03-05,Present,"2026-04-18 17:23:03"
14903,8634,1409,2026-03-05,Present,"2026-04-18 17:23:03"
14904,14605,1678,2026-03-06,Present,"2026-04-18 17:23:03"
14905,38655,1340,2026-03-08,Present,"2026-04-18 17:23:03"
14906,45863,1908,2026-03-03,Absent,"2026-04-18 17:23:03"
14907,3517,1700,2026-03-03,Absent,"2026-04-18 17:23:03"
14908,38128,1359,2026-03-10,Present,"2026-04-18 17:23:03"
14909,30395,1184,2026-03-03,Present,"2026-04-18 17:23:03"
14910,15919,1914,2026-03-02,Present,"2026-04-18 17:23:03"
14911,45538,1422,2026-03-06,Present,"2026-04-18 17:23:03"
14912,13858,1787,2026-03-04,Absent,"2026-04-18 17:23:03"
14913,6681,881,2026-03-01,Absent,"2026-04-18 17:23:03"
14914,43043,1984,2026-03-01,Absent,"2026-04-18 17:23:03"
14915,29059,1212,2026-03-04,Present,"2026-04-18 17:23:03"
14916,25501,1948,2026-03-07,Present,"2026-04-18 17:23:03"
14917,28164,1987,2026-03-08,Absent,"2026-04-18 17:23:03"
14918,32869,962,2026-03-05,Present,"2026-04-18 17:23:03"
14919,31554,1176,2026-03-08,Absent,"2026-04-18 17:23:03"
14920,21112,1757,2026-03-07,Present,"2026-04-18 17:23:03"
14921,7354,1830,2026-03-06,Present,"2026-04-18 17:23:03"
14922,49334,1787,2026-03-02,Present,"2026-04-18 17:23:03"
14923,45979,624,2026-03-06,Present,"2026-04-18 17:23:03"
14924,40362,1005,2026-03-02,Present,"2026-04-18 17:23:03"
14925,49871,1005,2026-03-09,Present,"2026-04-18 17:23:03"
14926,4359,961,2026-03-09,Present,"2026-04-18 17:23:03"
14927,12675,1524,2026-03-06,Present,"2026-04-18 17:23:03"
14928,3464,1700,2026-03-08,Present,"2026-04-18 17:23:03"
14929,295,1913,2026-03-03,Present,"2026-04-18 17:23:03"
14930,23833,1914,2026-03-09,Present,"2026-04-18 17:23:03"
14931,2737,624,2026-03-01,Present,"2026-04-18 17:23:03"
14932,47646,654,2026-03-09,Present,"2026-04-18 17:23:03"
14933,26750,735,2026-03-03,Absent,"2026-04-18 17:23:03"
14934,42600,1757,2026-03-08,Absent,"2026-04-18 17:23:03"
14935,15783,1787,2026-03-03,Present,"2026-04-18 17:23:03"
14936,26845,1700,2026-03-07,Present,"2026-04-18 17:23:03"
14937,41896,1754,2026-03-08,Present,"2026-04-18 17:23:03"
14938,44342,1598,2026-03-10,Present,"2026-04-18 17:23:03"
14939,2535,1216,2026-03-10,Present,"2026-04-18 17:23:03"
14940,35108,1228,2026-03-07,Present,"2026-04-18 17:23:03"
14941,27129,1374,2026-03-04,Absent,"2026-04-18 17:23:03"
14942,9371,911,2026-03-05,Present,"2026-04-18 17:23:03"
14943,7650,794,2026-03-07,Absent,"2026-04-18 17:23:03"
14944,16119,962,2026-03-01,Present,"2026-04-18 17:23:03"
14945,26572,701,2026-03-01,Present,"2026-04-18 17:23:03"
14946,2917,1960,2026-03-10,Present,"2026-04-18 17:23:03"
14947,28118,531,2026-03-08,Present,"2026-04-18 17:23:03"
14948,1728,1787,2026-03-04,Present,"2026-04-18 17:23:03"
14949,41371,1333,2026-03-03,Present,"2026-04-18 17:23:03"
14950,17085,1522,2026-03-02,Present,"2026-04-18 17:23:03"
14951,41186,1913,2026-03-04,Absent,"2026-04-18 17:23:03"
14952,24345,531,2026-03-03,Absent,"2026-04-18 17:23:03"
14953,4418,1292,2026-03-04,Absent,"2026-04-18 17:23:03"
14954,38966,1101,2026-03-04,Present,"2026-04-18 17:23:03"
14955,4035,1228,2026-03-02,Absent,"2026-04-18 17:23:03"
14956,30665,1974,2026-03-06,Present,"2026-04-18 17:23:03"
14957,29839,1435,2026-03-09,Absent,"2026-04-18 17:23:03"
14958,34993,759,2026-03-08,Present,"2026-04-18 17:23:03"
14959,21615,834,2026-03-04,Present,"2026-04-18 17:23:03"
14960,34136,1675,2026-03-08,Present,"2026-04-18 17:23:03"
14961,48418,1951,2026-03-01,Present,"2026-04-18 17:23:03"
14962,30484,531,2026-03-05,Present,"2026-04-18 17:23:03"
14963,15173,1055,2026-03-10,Present,"2026-04-18 17:23:03"
14964,26513,1678,2026-03-05,Present,"2026-04-18 17:23:03"
14965,26821,1170,2026-03-02,Present,"2026-04-18 17:23:03"
14966,28591,961,2026-03-06,Present,"2026-04-18 17:23:03"
14967,36938,701,2026-03-01,Present,"2026-04-18 17:23:03"
14968,28557,1700,2026-03-09,Absent,"2026-04-18 17:23:03"
14969,862,1987,2026-03-09,Present,"2026-04-18 17:23:03"
14970,24047,1101,2026-03-05,Present,"2026-04-18 17:23:03"
14971,7064,1522,2026-03-06,Present,"2026-04-18 17:23:03"
14972,38999,1778,2026-03-10,Present,"2026-04-18 17:23:03"
14973,42262,1987,2026-03-08,Present,"2026-04-18 17:23:03"
14974,12461,735,2026-03-08,Present,"2026-04-18 17:23:03"
14975,45076,669,2026-03-10,Present,"2026-04-18 17:23:03"
14976,10641,1170,2026-03-04,Present,"2026-04-18 17:23:03"
14977,38474,901,2026-03-09,Present,"2026-04-18 17:23:03"
14978,11148,1948,2026-03-02,Present,"2026-04-18 17:23:03"
14979,39070,814,2026-03-04,Absent,"2026-04-18 17:23:03"
14980,32570,1004,2026-03-01,Present,"2026-04-18 17:23:03"
14981,31299,916,2026-03-07,Present,"2026-04-18 17:23:03"
14982,40384,906,2026-03-03,Present,"2026-04-18 17:23:03"
14983,29144,1522,2026-03-03,Present,"2026-04-18 17:23:03"
14984,26450,513,2026-03-10,Present,"2026-04-18 17:23:03"
14985,11111,1164,2026-03-10,Present,"2026-04-18 17:23:03"
14986,844,1587,2026-03-04,Present,"2026-04-18 17:23:03"
14987,9472,1359,2026-03-01,Present,"2026-04-18 17:23:03"
14988,6587,916,2026-03-02,Present,"2026-04-18 17:23:03"
14989,14874,1152,2026-03-03,Present,"2026-04-18 17:23:03"
14990,37533,906,2026-03-03,Present,"2026-04-18 17:23:03"
14991,10804,1830,2026-03-06,Present,"2026-04-18 17:23:03"
14992,21030,1675,2026-03-09,Absent,"2026-04-18 17:23:03"
14993,46717,998,2026-03-08,Present,"2026-04-18 17:23:03"
14994,41260,1036,2026-03-07,Present,"2026-04-18 17:23:03"
14995,22673,1152,2026-03-10,Present,"2026-04-18 17:23:03"
14996,47755,1487,2026-03-03,Present,"2026-04-18 17:23:03"
14997,13632,1913,2026-03-02,Present,"2026-04-18 17:23:03"
14998,46154,1587,2026-03-03,Absent,"2026-04-18 17:23:03"
14999,49539,1333,2026-03-08,Absent,"2026-04-18 17:23:03"
15000,37471,998,2026-03-04,Present,"2026-04-18 17:23:03"
