map_id,student_id,course_id
123234,100,1005
121106,100,1409
123476,142,584
124046,142,1184
128937,142,1778
125113,158,1987
126576,159,1365
133493,159,1834
134474,165,759
127885,169,1036
120852,169,1184
128277,172,1670
134132,172,1913
130178,174,1754
133643,174,1914
130219,187,513
128526,209,1830
121653,211,998
123190,211,1678
125016,226,1522
121954,229,1184
124657,239,915
126701,252,1036
124906,252,1216
120624,287,973
132395,287,1830
130386,297,808
127837,311,756
127308,313,834
123483,313,1176
129695,316,834
131576,316,1571
127504,331,1152
133510,331,1555
125002,339,876
126022,339,964
123424,341,1343
123302,341,1496
130398,347,1060
122917,348,916
122843,348,1073
125270,348,1228
129123,349,1365
122169,349,1487
132467,352,1352
125592,352,1948
133788,361,834
131251,361,1987
132285,371,858
133278,371,1034
123080,371,1778
127343,371,1948
124166,376,1598
122650,398,1253
131906,398,1553
132630,409,1482
132275,412,1598
124362,414,1184
134851,414,1787
134862,414,1834
121835,421,1913
134078,426,1482
131769,427,1057
132518,427,1571
121070,431,624
130182,436,735
124683,449,573
123386,449,759
131378,449,1164
126889,450,1670
120104,450,1974
131471,451,1333
132712,451,1757
122897,451,1908
123898,462,906
124909,462,916
123490,462,1216
124652,465,513
121847,473,559
133603,473,1073
122137,473,1984
122807,480,1004
131742,480,1365
130381,480,1754
129624,483,1228
121958,483,1908
129387,488,808
127217,516,962
130093,516,1060
127278,516,1598
131209,528,1352
134959,532,794
130764,532,1555
131334,532,1913
129862,538,1216
128602,555,911
130049,555,1984
134096,575,735
126443,575,1675
125425,576,766
124206,579,573
123388,589,906
122086,589,1184
121354,589,1678
132573,601,1184
129586,610,792
123277,610,1538
127487,622,1333
120016,622,1340
133240,622,1908
133119,622,1914
128686,629,1292
129254,629,1754
130271,641,531
129106,641,834
134771,650,712
123108,650,1787
133840,656,1409
121442,662,1435
125412,662,1571
120807,664,584
124032,664,1598
131803,664,1948
132882,671,876
121643,671,1984
131463,686,1949
133801,686,1974
130139,688,1553
129920,694,1496
126038,694,1538
132190,694,1951
123872,699,1102
126470,699,1170
130812,711,618
121449,711,881
131782,726,876
134782,731,916
129795,732,901
126820,732,1374
129916,733,766
125964,735,1343
126193,735,1374
130957,735,1524
130226,738,1913
133779,746,1057
127341,746,1571
126422,754,1057
120989,755,1202
133963,764,792
134296,764,947
130976,764,1670
121348,764,1908
130705,764,1948
123899,765,1055
130981,772,876
129075,772,881
121625,775,1176
126083,789,1778
128927,789,1974
127708,790,1487
122318,801,756
125695,801,876
131231,801,1787
126788,807,701
133426,807,998
133695,807,1164
125240,809,559
130819,809,915
133070,809,1036
127604,809,1202
129953,809,1340
127544,809,1522
127908,814,1787
122279,817,1212
120966,817,1670
131054,819,766
122987,827,1292
130311,859,1216
124684,862,1005
125869,862,1555
123572,865,1496
132431,881,1524
125237,883,712
122280,883,759
120126,883,1496
129793,883,1524
132405,883,1948
125422,885,1343
132040,892,1184
124567,892,1834
131674,897,1253
122614,898,735
125454,898,1164
131831,898,1787
123686,905,1340
120001,905,1571
121951,919,808
133108,919,973
122317,919,1292
127890,919,1914
121703,938,1034
131917,939,1538
123454,949,911
124140,949,1834
131483,949,1974
127800,952,1524
126864,957,1951
128184,962,1034
127803,966,575
126306,966,1212
127305,968,1675
121981,979,1340
123993,979,1587
127082,991,1374
134115,991,1555
123014,993,964
134324,993,1678
120924,998,735
120395,998,901
126999,998,1787
127156,1000,701
130546,1000,901
120691,1000,1409
126656,1006,1005
120432,1006,1102
131315,1006,1202
126060,1009,881
129468,1020,1176
130345,1024,513
128174,1026,1102
121821,1026,1678
128734,1046,735
123543,1046,759
127453,1056,961
127509,1057,881
133231,1073,1422
131532,1076,814
121418,1078,973
125138,1078,1055
122024,1078,1960
126953,1082,792
125181,1082,911
127804,1082,1984
121972,1097,575
134317,1097,1496
125938,1097,1757
129852,1104,1228
134619,1104,1300
133482,1121,1482
133981,1121,1830
127154,1124,1587
133010,1141,766
122966,1141,1678
132683,1143,973
123529,1143,1913
123236,1145,1253
120703,1145,1359
121464,1145,1700
120272,1145,1914
129164,1148,1101
130338,1154,973
127161,1155,1352
123625,1162,906
127009,1162,1517
130670,1163,1036
130758,1163,1678
127923,1169,766
133384,1170,1678
129328,1175,916
127930,1175,1677
126503,1179,1409
120684,1179,1678
127189,1179,1913
132728,1191,792
126687,1191,1587
120850,1195,911
120021,1203,1435
133928,1203,1913
124230,1203,1974
131058,1204,1949
134545,1205,1670
127785,1210,1292
123254,1212,1524
132866,1214,1778
128269,1214,1960
123324,1216,1409
133379,1217,814
123232,1218,701
130520,1218,1974
133555,1220,1948
131350,1220,1974
134012,1223,1340
131015,1223,1598
123241,1235,1754
134591,1240,1757
127045,1248,808
133790,1264,1102
130612,1264,1522
121965,1271,513
121652,1271,766
129025,1271,973
124698,1271,998
131063,1282,1524
122351,1282,1951
129412,1289,669
133890,1289,1949
127360,1299,1176
124852,1299,1359
126296,1300,1538
130937,1300,1913
123309,1302,1598
125554,1325,1060
131651,1329,573
130958,1329,1005
133791,1329,1073
123934,1329,1487
126105,1332,575
121342,1332,1974
131223,1336,1152
129621,1336,1374
134572,1340,766
128745,1340,1778
123738,1342,1987
125758,1344,573
124820,1344,1555
124041,1355,915
124438,1359,618
132074,1359,669
132593,1359,962
129716,1368,654
121499,1368,1060
125338,1368,1538
123688,1390,1340
125292,1390,1435
133424,1390,1948
129568,1408,915
123661,1408,1060
124541,1408,1908
131411,1409,1152
121707,1425,624
127083,1425,794
128120,1425,1675
128508,1426,794
120507,1426,1522
124246,1434,1184
123602,1435,1524
121490,1438,1176
126058,1440,766
129703,1440,814
134022,1440,876
131337,1440,1005
129541,1442,1754
123585,1445,1700
128330,1445,1834
133218,1458,1101
129783,1469,1300
125361,1472,1212
133068,1484,573
120313,1484,1184
131739,1484,1908
123866,1487,1102
123624,1487,1422
126652,1495,1102
124529,1509,973
125828,1511,1757
121194,1511,1974
133289,1515,964
129251,1515,1365
131287,1526,1333
123147,1526,1700
132277,1535,1176
121260,1535,1340
128270,1535,1908
132265,1535,1948
130420,1536,1365
134351,1536,1834
123879,1539,1487
125077,1539,1951
128485,1542,759
123090,1542,1700
126705,1548,735
124761,1548,1778
131069,1550,947
134490,1550,1212
131394,1557,1176
129827,1557,1914
126759,1582,1184
126138,1601,1365
130677,1601,1435
122935,1608,759
131940,1613,1340
123336,1613,1948
125610,1624,573
122174,1624,1787
129253,1624,1984
122241,1632,814
127919,1632,1538
121583,1637,759
134674,1637,906
125880,1637,1055
130191,1637,1216
125959,1639,1914
133064,1644,1228
129719,1644,1914
128926,1655,654
130751,1663,1538
134672,1673,1487
126108,1673,1571
128109,1673,1675
130423,1679,1598
125919,1683,1340
124242,1685,1482
131795,1691,1482
130879,1691,1524
131665,1691,1670
126990,1691,1830
126678,1692,973
121322,1692,1164
124533,1694,1057
125315,1698,584
132748,1698,962
121019,1701,961
124553,1706,584
122069,1706,701
127620,1707,624
123755,1707,1004
122459,1707,1524
123176,1719,1700
132590,1719,1757
129469,1720,513
128078,1720,1538
133889,1720,1908
129166,1729,1974
127994,1737,1598
121863,1740,766
134014,1740,1913
127119,1746,1677
124685,1746,1948
120250,1749,1553
129394,1751,1034
133793,1751,1340
124311,1751,1365
133229,1751,1987
123046,1757,1913
127024,1778,624
129401,1778,1101
130569,1780,1202
127405,1782,1778
134905,1782,1974
123359,1808,1034
125397,1816,901
123767,1816,1164
134937,1818,916
125112,1818,1216
131397,1819,1913
121075,1869,1678
121398,1869,1787
121728,1870,575
133349,1870,669
128826,1873,624
126689,1873,901
123201,1873,1184
128898,1873,1678
126155,1873,1987
134107,1876,1216
132093,1876,1409
129046,1884,911
129406,1886,1292
123051,1886,1538
120098,1908,1202
120975,1908,1435
127913,1908,1757
133133,1908,1913
122509,1912,1340
122296,1912,1908
128633,1915,654
134754,1915,901
125537,1915,1670
133074,1922,1359
130416,1926,1951
132381,1931,759
124146,1931,1034
131055,1933,1300
124545,1933,1524
123375,1935,814
123673,1947,973
128877,1947,1253
124036,1955,1253
126483,1959,1170
121992,1959,1228
123299,1966,573
133281,1969,701
134656,1969,1522
125186,1973,573
128696,1973,1496
124484,1978,624
134104,1996,1228
127790,1996,1948
125049,1998,654
121996,1998,759
129159,1998,973
133721,2000,1005
126250,2008,513
128663,2008,756
133683,2008,947
126952,2008,1678
130199,2008,1951
132376,2013,1073
133375,2013,1435
121769,2013,1670
129882,2017,947
120973,2017,1598
126610,2019,808
124573,2019,947
125410,2019,1228
126791,2019,1949
125839,2023,575
121809,2023,834
126898,2030,814
127533,2030,876
122028,2030,1359
120724,2032,794
120498,2050,654
123774,2050,1004
129547,2060,998
133628,2060,1482
125721,2062,964
131516,2062,1152
120728,2063,1522
125743,2071,1787
130497,2078,1055
125627,2081,1228
123136,2085,964
122276,2085,1754
130027,2094,1487
122330,2094,1496
126139,2094,1960
129017,2095,962
122423,2095,1948
121726,2095,1960
128991,2096,834
122776,2096,961
123875,2098,559
128059,2098,906
133803,2105,1102
134525,2105,1487
122528,2107,1228
127995,2110,1974
129791,2112,1352
120717,2116,531
133473,2116,1101
128543,2117,1034
121187,2117,1908
133809,2120,735
121100,2120,1333
124969,2124,1677
133023,2126,881
123291,2139,1333
128458,2139,1587
120118,2143,1359
130521,2143,1830
128741,2143,1834
121601,2143,1948
127613,2143,1951
134057,2145,513
134773,2145,1678
134138,2150,1830
127954,2152,1101
131586,2153,1914
124673,2159,1073
123869,2159,1960
126642,2164,973
134280,2164,1435
125578,2167,1101
131867,2167,1524
134289,2169,998
130844,2170,759
129214,2170,1524
124870,2174,624
133459,2174,1409
123553,2176,1830
130654,2189,1670
121526,2206,1060
120933,2210,1365
128057,2210,1524
123984,2217,1057
127541,2225,1034
121375,2243,1184
131277,2272,618
133268,2272,998
121900,2279,735
122482,2279,915
129725,2279,1834
124912,2297,1538
129474,2302,1036
124762,2302,1678
125837,2304,834
121515,2304,1340
131661,2305,1787
124996,2305,1948
131811,2311,964
122692,2311,1757
127110,2320,1678
124585,2320,1914
128939,2321,584
125849,2322,735
133620,2322,1005
123596,2325,808
127084,2325,1409
125549,2335,1101
131897,2337,624
131302,2337,876
120995,2337,1164
130944,2346,1517
134666,2351,1422
128334,2352,756
132655,2360,531
122434,2363,531
122018,2366,618
123843,2366,1164
134568,2369,1152
130111,2371,792
130481,2371,962
129650,2384,964
134816,2392,1005
134123,2392,1435
128262,2410,1055
122188,2410,1830
121273,2410,1913
120412,2411,759
132231,2412,618
122151,2412,1677
120639,2416,573
133318,2416,1176
128617,2416,1435
127251,2416,1787
128522,2421,1365
123410,2424,1913
132215,2437,1834
134732,2438,1057
124218,2441,911
122315,2441,1202
122507,2442,876
128345,2442,1974
128551,2444,1496
134743,2457,513
123326,2457,808
124708,2458,1496
134306,2465,624
134466,2465,1101
132844,2465,1754
128126,2466,1951
126032,2482,618
132267,2482,834
122880,2495,1951
130712,2497,1253
131255,2520,1036
123457,2522,573
133612,2522,911
131781,2522,1152
125808,2522,1422
123354,2526,1670
125180,2530,735
133297,2534,531
134878,2535,794
122247,2535,998
134967,2535,1352
132374,2535,1487
133635,2540,654
130327,2540,901
133336,2540,1005
127261,2541,1253
133283,2546,1678
127628,2547,901
121937,2547,1176
127827,2547,1300
130316,2547,1984
120240,2551,513
134410,2551,1677
120090,2551,1778
121314,2564,1553
127691,2564,1678
134380,2564,1913
132915,2566,1300
122415,2566,1340
131924,2571,1908
128293,2572,1333
123076,2575,814
120050,2580,808
131122,2580,1553
128538,2583,669
123101,2583,876
123669,2585,1253
131659,2586,1176
130596,2589,756
129417,2589,1228
123917,2603,947
120757,2612,1184
124668,2618,759
121749,2628,808
133720,2628,1908
129676,2629,531
127282,2630,575
126681,2630,759
133392,2637,808
122467,2637,1036
123332,2637,1333
131367,2637,1949
126481,2638,906
125565,2638,911
128639,2645,858
129641,2645,1164
123138,2645,1228
121367,2650,1598
124815,2650,1949
120519,2651,1496
125925,2651,1678
128846,2651,1913
129531,2651,1951
127495,2657,575
126273,2657,1422
131778,2657,1524
129299,2663,1435
125251,2670,1524
129870,2670,1553
120123,2670,1974
125401,2692,1333
122070,2692,1598
123681,2692,1754
133811,2708,1553
123425,2710,618
134842,2710,1598
122830,2713,901
126655,2713,911
121206,2713,1352
132241,2730,584
123429,2730,759
133076,2737,1300
120396,2737,1778
123318,2741,1914
129277,2746,1184
126781,2761,1343
129486,2762,1300
132150,2762,1948
131589,2781,1036
131306,2781,1253
120426,2787,624
121800,2787,701
131163,2787,1555
121108,2789,906
131653,2789,911
128392,2789,947
122704,2789,1524
120744,2789,1757
126875,2791,1005
130259,2791,1170
131577,2798,531
126339,2798,654
120023,2798,1987
129418,2812,1948
127565,2814,1409
122193,2814,1778
132609,2815,669
128110,2815,964
123773,2815,1170
122480,2828,756
124443,2837,575
133717,2837,1754
125838,2840,1055
134635,2847,915
123205,2851,881
130886,2851,998
130273,2857,858
128821,2863,1340
129360,2863,1948
127215,2864,1004
131469,2864,1700
120722,2873,962
131377,2873,1057
127293,2876,654
134533,2876,1374
121844,2876,1787
133930,2876,1951
127850,2877,1005
126683,2886,1538
125560,2887,792
122209,2887,1102
133028,2887,1228
134065,2892,973
122602,2893,1365
132210,2894,573
120129,2894,712
122878,2894,1524
131602,2902,1152
131291,2920,881
130848,2920,1359
131773,2920,1949
127073,2926,759
121366,2926,858
132065,2927,1343
134281,2932,575
133835,2932,962
134895,2932,1340
122713,2932,1359
124605,2933,911
133865,2934,1164
129030,2935,947
133804,2938,1164
123058,2959,1670
120262,2959,1974
123981,2965,712
121609,2965,808
123395,2965,1675
130126,2971,1152
129335,2971,1212
126104,2971,1757
129939,2971,1778
133451,2982,1292
125773,2982,1948
123622,2992,1216
124164,2992,1253
127730,3000,1496
120566,3000,1834
133924,3010,1778
129032,3012,1352
122393,3018,654
120365,3018,876
128205,3019,712
128812,3020,654
125090,3020,961
122915,3033,513
121698,3033,1538
128344,3037,1216
124352,3037,1374
129012,3037,1587
126126,3037,1675
123253,3041,1300
121152,3046,916
122642,3047,559
133396,3051,531
125203,3071,947
123012,3071,1496
128491,3074,1152
132704,3074,1908
120186,3085,573
129201,3085,1678
134487,3085,1949
120921,3109,1538
133653,3126,916
121441,3126,1834
129371,3128,1164
130350,3128,1333
121773,3128,1522
127105,3132,1522
124930,3135,1409
124414,3135,1555
125628,3135,1757
126062,3136,998
131542,3136,1778
120821,3136,1960
122913,3137,1005
128570,3137,1496
123726,3137,1754
127493,3137,1951
134395,3138,1352
124373,3151,701
130579,3151,947
122477,3165,584
123740,3165,906
129942,3165,1202
131620,3165,1555
122159,3170,1005
132819,3170,1212
131768,3184,915
122409,3185,1754
130646,3196,814
120041,3199,1343
131903,3199,1524
120682,3203,1055
126409,3203,1984
120944,3206,961
126826,3206,1176
120702,3206,1202
130208,3206,1517
127276,3229,1678
127146,3232,1435
128572,3233,794
134174,3234,814
131384,3239,1359
133872,3239,1678
121714,3242,1365
124991,3243,1522
133220,3243,1678
124763,3270,654
122938,3273,998
131444,3274,808
133916,3288,759
131815,3288,858
129393,3293,973
122232,3294,618
123169,3294,1754
125068,3310,808
130319,3310,1913
128241,3322,701
134926,3322,1948
121116,3323,1340
129941,3340,759
124983,3340,1055
120731,3340,1538
128171,3340,1757
133416,3341,756
120056,3341,1184
124956,3342,584
134430,3342,906
125727,3345,1073
122600,3345,1675
131034,3348,947
128049,3351,881
132258,3351,1913
132905,3356,1055
131042,3356,1571
128013,3357,1587
130308,3365,998
128537,3365,1034
124840,3365,1598
127588,3365,1678
128306,3365,1778
127078,3370,759
120231,3370,1073
121778,3370,1496
131376,3370,1678
130610,3370,1908
122558,3371,1754
133881,3371,1787
122008,3374,1482
125713,3374,1830
134803,3379,735
131347,3379,915
133648,3388,881
128166,3388,1164
120917,3390,881
122152,3390,1524
125262,3401,531
129282,3401,654
123077,3401,1834
133215,3410,834
125158,3411,573
129175,3415,1202
133279,3417,1034
126957,3417,1598
129042,3417,1960
124403,3418,901
134481,3420,1292
133826,3447,1102
124459,3450,513
131528,3450,1359
130085,3456,1184
130611,3464,1164
127143,3464,1359
134358,3469,915
133566,3469,1228
129354,3469,1984
126927,3503,1409
124803,3505,573
120749,3506,1036
125674,3506,1678
130687,3506,1754
129781,3506,1951
126722,3509,573
132310,3509,1343
130640,3514,964
126986,3514,1102
122302,3514,1974
123808,3517,858
131264,3517,1522
130549,3518,1778
120851,3524,712
134889,3524,1496
122788,3527,834
122329,3527,1343
129839,3530,962
131875,3533,947
129845,3533,1757
133800,3535,1359
124931,3535,1987
120273,3540,575
121437,3540,794
127048,3540,1984
126050,3547,766
122226,3547,901
132326,3547,1216
125183,3547,1333
126463,3550,1164
132504,3555,1571
123362,3561,1587
131319,3561,1830
122039,3570,915
124182,3570,1908
124087,3573,1202
124539,3573,1228
126152,3573,1300
125575,3584,712
126313,3584,1333
133550,3585,1005
132621,3585,1055
121506,3585,1538
134067,3585,1553
130163,3587,1496
131678,3589,1951
123361,3594,624
130292,3600,915
127288,3600,1914
123275,3609,618
124953,3609,1555
125589,3618,1517
129026,3618,1960
126988,3624,573
134386,3624,1553
126094,3624,1571
125375,3636,1340
125859,3648,1060
128702,3660,1170
134752,3663,962
131134,3663,1202
125943,3664,1057
125182,3664,1365
120025,3664,1675
121062,3670,756
123800,3670,1228
120295,3670,1555
134659,3678,1170
121846,3678,1974
121306,3679,814
125845,3679,1152
123798,3682,1176
128971,3682,1496
131961,3684,1948
120638,3703,834
127657,3703,1253
132962,3706,973
132208,3711,701
125717,3711,1522
122684,3724,792
123238,3724,808
130441,3724,973
123561,3731,1101
122179,3732,911
127319,3735,1700
132503,3743,1212
131845,3751,906
123452,3751,961
120696,3751,1176
134916,3751,1974
134540,3758,1060
120999,3762,1004
133999,3762,1005
125920,3762,1487
121482,3763,1538
121335,3763,1987
134539,3777,1951
127499,3779,947
132136,3783,712
133334,3783,901
132558,3783,1913
123116,3785,876
132300,3785,1359
125755,3785,1754
131493,3786,1754
127475,3790,1538
126940,3791,1184
128966,3791,1948
132440,3792,1984
133914,3806,1102
122173,3809,1908
123315,3810,1913
128195,3810,1949
127738,3821,575
122146,3821,876
127242,3821,1101
131938,3830,1678
124011,3835,573
131870,3836,701
134504,3836,961
134411,3836,1253
124318,3843,794
122251,3843,1036
128329,3843,1202
124193,3843,1522
134391,3846,1212
123819,3849,808
129674,3849,962
124181,3890,1101
120814,3890,1524
132535,3891,513
120242,3891,1253
127304,3891,1555
123215,3891,1951
134651,3895,669
130230,3898,1055
130759,3898,1359
120993,3898,1700
130741,3898,1914
125524,3908,1522
134821,3911,1170
128676,3912,1060
131203,3912,1333
123437,3912,1517
133237,3939,973
122063,3939,1228
130127,3944,618
123387,3948,1216
121852,3950,1333
131745,3950,1522
134029,3950,1675
120778,3954,1948
125054,3956,911
124921,3956,1834
134268,3971,1055
134400,3971,1587
134455,3976,1754
125166,3976,1914
124066,3992,1834
124973,4006,1170
130008,4010,792
128656,4010,881
121839,4010,1834
125218,4013,1482
132455,4019,669
134617,4019,911
133706,4019,962
126012,4019,1675
132662,4019,1913
125685,4025,1517
128621,4035,1212
125418,4035,1524
120450,4036,513
127496,4036,766
125387,4036,792
121232,4036,1359
131766,4036,1587
121315,4043,808
126984,4043,1228
131537,4051,961
132064,4060,1949
127858,4071,1228
128568,4077,1787
130476,4078,1073
130862,4080,1333
129359,4084,756
129557,4094,792
121087,4094,1164
132240,4094,1700
130775,4102,1598
126224,4102,1960
134040,4106,575
128940,4106,756
126266,4112,531
132733,4112,759
121170,4112,876
121279,4112,1184
120341,4112,1670
126899,4112,1830
130763,4112,1948
132035,4114,834
133897,4120,834
123276,4128,1004
125233,4133,1974
131885,4147,1553
133969,4148,573
128231,4149,584
121301,4149,1292
129823,4149,1422
134056,4149,1538
122675,4150,916
126548,4150,1677
122362,4159,584
129745,4159,1974
134883,4171,559
134726,4171,1670
121657,4187,654
127900,4192,1553
130402,4193,1034
127696,4193,1757
123061,4198,964
126848,4198,1435
127178,4203,1522
126186,4209,1352
134448,4209,1435
124378,4216,1754
130650,4217,1675
120461,4238,911
131427,4251,624
124924,4251,766
121853,4272,1212
131028,4272,1948
121458,4292,584
125576,4308,759
128273,4308,1948
127207,4312,962
124431,4312,1202
120712,4315,1949
123156,4322,573
126995,4322,1834
134091,4323,735
134841,4323,1228
123199,4327,1060
130039,4340,834
127289,4340,1482
131024,4340,1675
130471,4357,1422
133851,4361,961
123839,4361,1073
129560,4371,1073
132863,4371,1202
121041,4376,1598
128932,4384,712
127446,4384,964
131156,4384,1170
123297,4385,531
131575,4385,1374
133246,4390,1482
120754,4403,701
123216,4403,1487
131480,4414,624
122090,4414,701
121131,4414,1004
120263,4414,1913
128036,4423,916
123228,4428,1164
124194,4428,1522
124767,4429,1102
123864,4429,1834
128514,4448,1587
129878,4451,1352
133796,4456,947
131104,4456,1677
125511,4458,808
126017,4458,876
130260,4458,998
128311,4458,1036
124148,4458,1409
123533,4458,1496
131228,4460,1101
120067,4460,1987
121649,4468,1216
128271,4468,1670
123287,4469,756
128020,4469,1522
128581,4481,1670
134026,4483,575
128113,4483,1359
126285,4508,575
133274,4508,876
128459,4511,794
121953,4511,962
126653,4511,973
125584,4517,573
134594,4517,1034
133693,4517,1409
133002,4517,1908
133043,4526,735
129800,4526,1300
132889,4526,1496
121130,4527,1352
121173,4559,1409
123532,4560,915
133450,4560,1496
124113,4567,792
122553,4567,1333
133838,4567,1553
120068,4571,712
133587,4571,1496
132607,4575,756
134819,4575,814
122269,4586,1675
132986,4586,1778
122473,4588,1830
129438,4590,834
122561,4590,1517
125048,4591,766
122020,4601,1960
120390,4637,1359
127074,4637,1908
129218,4637,1984
127615,4643,1487
122149,4647,1365
124364,4647,1670
121944,4652,858
133227,4652,915
121585,4652,1677
134194,4676,766
132988,4677,1184
124161,4677,1517
120875,4683,1333
134884,4683,1757
129915,4683,1914
125064,4688,1057
125968,4688,1340
122546,4699,559
131660,4699,1754
131949,4701,1908
128404,4706,513
127964,4706,1343
120571,4708,1678
120413,4712,1216
134443,4720,947
130559,4720,1202
126888,4720,1778
120020,4725,756
120403,4725,962
124884,4733,1987
132720,4735,961
122082,4735,1487
126614,4735,1908
123747,4735,1948
120184,4736,669
130356,4736,792
131176,4741,792
124133,4741,1908
134741,4757,1034
123106,4761,964
129654,4761,1675
134800,4762,1587
125419,4762,1951
126720,4769,1365
125156,4769,1948
133295,4771,1060
133199,4772,814
128981,4778,756
127396,4778,858
124165,4778,1073
122972,4778,1913
122428,4781,1300
133369,4781,1553
129161,4797,1365
125927,4797,1778
134434,4799,559
133298,4799,756
133228,4799,1359
130784,4804,1949
126011,4813,735
119985,4813,756
133467,4813,1073
123289,4814,1522
127361,4817,766
132355,4817,947
131852,4817,1352
130249,4817,1496
123562,4817,1984
129632,4819,808
130555,4819,1292
127342,4825,1974
131812,4831,584
130002,4831,1951
128521,4832,712
125143,4838,1571
127728,4838,1675
132416,4842,766
129836,4842,1343
120780,4842,1555
129198,4849,1435
133956,4864,766
130240,4865,911
127139,4865,1228
131057,4865,1678
123440,4885,1004
128512,4889,669
133918,4893,911
131609,4916,513
133054,4916,624
131588,4916,1517
126799,4933,1060
133019,4933,1553
131406,4933,1678
126080,4935,961
131238,4939,1228
126511,4942,624
132771,4944,1555
122204,4947,808
126109,4950,876
124574,4950,1292
127670,4953,584
133359,4953,915
127937,4953,1670
120138,4953,1960
122910,4959,618
133017,4959,1073
123805,4959,1830
130701,4974,531
124543,4978,906
132143,4979,1292
128804,4979,1522
128828,4982,1292
124288,4985,1300
120810,4992,973
131988,4992,1496
122742,4994,834
128103,4994,1333
129909,4995,756
132160,4995,964
130674,4995,1352
128150,4995,1359
121133,5014,1587
128997,5022,1365
122390,5029,1555
120734,5035,618
132057,5035,1522
131250,5062,814
131763,5062,901
121879,5062,1202
121570,5062,1787
125715,5073,624
132768,5073,1073
128183,5078,1055
134755,5080,584
131216,5080,1102
128242,5080,1170
122360,5100,962
130102,5107,814
126162,5107,1487
125786,5108,531
121966,5129,712
120976,5129,964
124828,5129,1036
122654,5131,858
120679,5135,1422
131973,5135,1553
120356,5135,1587
127375,5143,618
131456,5152,1034
130802,5152,1057
134975,5152,1300
133990,5158,573
132113,5158,766
131060,5158,911
124353,5158,1757
124624,5158,1914
123982,5178,575
124769,5178,624
121283,5178,794
129308,5181,1036
134293,5181,1949
131312,5185,712
127710,5185,998
120825,5185,1974
133888,5187,1571
130445,5187,1677
120013,5187,1914
120437,5187,1948
130122,5188,756
123961,5188,1555
127857,5188,1984
120166,5190,618
123427,5191,1176
123293,5193,1300
125614,5193,1678
127033,5203,1170
134282,5208,962
124818,5208,1333
122690,5231,858
125829,5239,947
125622,5239,1538
133598,5240,624
127020,5240,1228
125319,5249,624
126860,5249,998
131284,5253,808
131694,5256,756
122634,5256,1908
127610,5256,1974
132802,5263,1057
122377,5263,1598
127309,5263,1677
125535,5268,513
133191,5268,1522
128753,5270,814
124653,5279,669
121524,5279,911
126314,5279,964
126858,5279,1004
133353,5279,1830
129326,5279,1913
127534,5280,1034
127184,5280,1176
126819,5280,1343
130699,5280,1522
134196,5284,1675
129097,5286,876
130265,5286,906
121189,5286,1057
122710,5286,1487
127243,5287,712
132824,5287,998
128498,5287,1830
124085,5291,1598
123399,5291,1677
128608,5292,712
130627,5292,1678
124002,5292,1754
122554,5301,915
123813,5301,1352
130925,5301,1948
130749,5302,1365
132574,5305,531
134531,5305,808
122038,5307,814
127805,5307,964
131448,5307,1253
132650,5312,1949
126909,5327,1055
120761,5327,1435
121813,5328,531
121604,5328,1670
123266,5330,559
129028,5330,1951
129256,5332,1700
132148,5333,1004
130882,5339,559
127286,5339,1914
123484,5347,1036
121762,5348,1914
120142,5351,1670
125003,5360,1352
121644,5368,1524
129658,5379,1974
128662,5387,1212
120526,5387,1482
125973,5389,1216
129999,5389,1292
130742,5389,1700
134005,5390,1365
125123,5390,1787
129875,5395,1374
127085,5416,1333
129148,5418,1216
128261,5429,911
125848,5429,1984
121922,5436,654
129858,5436,808
123345,5436,947
121145,5441,513
130796,5441,1152
130001,5447,962
121806,5449,701
126445,5449,808
129376,5450,834
130241,5458,1300
120657,5463,1677
124582,5465,1060
131699,5465,1164
124798,5465,1524
127490,5465,1787
124070,5472,1677
124337,5479,1101
128993,5479,1292
125873,5491,654
128938,5491,1422
120052,5491,1951
133707,5496,712
134401,5496,1292
130805,5496,1422
128096,5498,1292
128948,5504,513
121294,5504,1057
131549,5505,947
120913,5520,1005
123274,5520,1409
121827,5523,1292
130472,5523,1571
127886,5527,834
131162,5543,669
128294,5547,1005
131501,5547,1359
134151,5548,814
132311,5548,881
128227,5548,1571
133374,5551,1700
132056,5568,881
123301,5568,1670
126577,5574,584
123733,5574,1675
133622,5583,1974
130504,5605,669
129125,5608,947
120925,5608,1359
129209,5608,1374
127397,5611,1678
121481,5622,654
125522,5622,1216
122339,5625,1778
131342,5626,531
124825,5626,834
128785,5626,1005
133573,5637,1984
134318,5647,792
123944,5647,1984
130877,5657,792
133692,5660,1482
128213,5662,1034
121551,5664,1435
133554,5664,1670
132194,5665,559
134850,5670,766
121368,5676,618
129168,5677,1164
120625,5682,735
125769,5682,834
128869,5682,876
127445,5682,1913
133175,5683,1677
130361,5685,1228
122406,5702,794
128513,5702,1365
127163,5716,1004
123838,5721,624
132507,5721,1073
124987,5721,1951
128914,5723,947
124867,5731,735
128575,5734,584
127526,5734,1678
123284,5737,916
124982,5737,1948
125369,5738,858
129715,5738,1435
134348,5738,1587
120088,5747,1170
130166,5755,1482
128541,5757,513
131464,5757,669
121212,5758,654
123903,5758,881
132179,5758,1487
134456,5770,1101
130766,5772,794
134886,5772,1004
132620,5774,1057
128827,5774,1830
131173,5782,901
128542,5784,1778
127260,5786,1571
131225,5786,1787
133464,5797,1700
129091,5820,998
126473,5820,1055
120868,5823,1184
124063,5823,1951
127216,5826,1228
130503,5826,1292
133181,5826,1949
120159,5828,1216
131771,5831,1184
121952,5846,973
122027,5846,1034
125860,5846,1164
134033,5848,1212
124045,5857,756
126168,5865,858
134002,5865,1184
127017,5865,1487
128434,5885,1170
128759,5885,1677
130598,5889,735
126624,5893,915
123554,5893,1170
125434,5906,858
134158,5906,1253
124920,5906,1949
128682,5913,735
121010,5913,1164
130224,5915,1102
134210,5915,1292
126699,5915,1587
128000,5915,1787
134824,5918,1524
129342,5924,1517
128930,5924,1787
130842,5924,1948
128540,5925,1487
131547,5926,1984
133169,5929,962
123852,5929,998
132811,5929,1102
133373,5929,1913
121296,5948,911
130858,5948,1036
134332,5948,1101
126847,5948,1987
123467,5957,1538
129918,5957,1984
123691,5976,766
124554,5976,1409
125916,5983,701
126233,5983,1352
123704,5989,814
122231,5989,1571
131132,5989,1754
133276,5996,766
122840,5996,1409
134205,5997,876
127133,5997,1060
132937,6002,1340
126367,6002,1830
123745,6003,735
124361,6003,964
126625,6005,575
131147,6005,1677
131640,6008,756
133792,6008,808
120829,6008,911
133018,6028,1340
127983,6031,712
127921,6031,915
121722,6031,1212
134334,6031,1435
132617,6043,701
124475,6043,1034
128158,6043,1374
125403,6047,881
122037,6047,1778
129420,6050,1216
125778,6050,1555
128018,6052,881
126871,6053,1496
122582,6059,876
124968,6059,1057
132295,6074,1102
120251,6074,1830
129634,6079,1524
120517,6091,1374
126112,6091,1524
125527,6123,1754
130613,6128,559
121228,6128,1253
128660,6129,573
129786,6129,1164
134438,6129,1960
129098,6134,906
122445,6134,1228
121361,6144,735
132379,6144,973
129733,6144,1034
124283,6144,1496
124258,6144,1700
131164,6148,669
129428,6164,701
121882,6164,1036
122957,6165,712
122319,6165,916
129293,6170,1914
133418,6181,735
128972,6202,1359
120656,6210,1522
122781,6229,1524
124619,6229,1949
126413,6231,1036
130722,6231,1359
131942,6235,559
133751,6235,1987
133121,6237,513
120197,6237,901
131121,6237,1675
133320,6240,1352
124514,6240,1482
134757,6250,1004
120280,6257,1517
125775,6258,1292
125045,6263,712
122073,6263,1184
130373,6267,1005
123916,6267,1292
128949,6281,1005
133750,6281,1984
126890,6309,1830
124220,6312,1343
124089,6312,1517
122665,6317,1754
134575,6320,964
123846,6322,618
125437,6324,759
129407,6324,901
121971,6324,1004
128883,6324,1670
133814,6324,1951
126320,6325,961
122673,6325,1553
121671,6325,1834
130522,6329,1754
134234,6335,1060
124895,6346,962
124534,6346,1352
133782,6348,808
120575,6365,531
124743,6367,1496
132956,6369,1700
123255,6372,531
122622,6391,1524
134119,6397,1757
126427,6402,1522
130169,6414,735
129313,6414,1951
134259,6420,881
133754,6420,1834
129195,6424,573
124564,6424,1409
123886,6427,947
124255,6427,1253
128837,6429,712
124891,6429,1170
125949,6431,916
123001,6431,1300
123595,6433,915
123127,6433,964
127255,6434,1102
121640,6436,1340
134961,6436,1365
130828,6449,1292
121674,6449,1700
121661,6451,618
128578,6451,1170
124693,6461,794
127099,6461,1913
121635,6467,1216
121630,6471,901
134419,6471,1216
127555,6472,624
129765,6473,513
134641,6473,1960
132299,6499,513
131662,6499,766
130600,6499,1365
133939,6499,1522
120467,6499,1787
121732,6509,712
134787,6509,1333
127985,6510,962
132878,6510,1538
123260,6512,654
134857,6512,1036
134232,6512,1365
121713,6512,1677
129744,6513,618
126218,6513,915
123165,6513,1517
129206,6513,1587
131148,6514,901
133662,6514,1496
121919,6518,654
124094,6518,1005
121658,6518,1036
132117,6518,1914
128544,6523,834
121963,6523,915
131311,6523,1073
131985,6523,1152
134629,6523,1202
132010,6523,1974
122229,6541,834
129848,6542,1830
131221,6548,669
121467,6548,1754
126415,6553,916
128706,6558,766
121833,6558,1005
124882,6558,1598
133618,6558,1675
124134,6563,1005
122032,6563,1034
131695,6563,1948
121808,6567,1787
121147,6585,654
123273,6585,1352
129229,6587,1055
126506,6599,1517
131366,6599,1555
134153,6599,1984
129537,6600,1228
129296,6607,1675
125586,6607,1948
120480,6621,1212
125475,6621,1435
131004,6627,1300
120837,6638,1675
119986,6650,1152
133607,6673,531
127456,6681,962
127486,6681,1700
134193,6687,669
133362,6689,669
128515,6702,1908
125723,6704,1073
122034,6737,1333
127192,6737,1670
131352,6746,759
123925,6746,1034
132805,6746,1101
133931,6761,1057
125424,6761,1228
126856,6761,1757
130456,6761,1987
121295,6765,531
134471,6765,1670
129599,6765,1949
122705,6766,1365
120230,6769,876
129498,6770,1073
127376,6773,808
133882,6773,1913
130894,6800,1343
133902,6804,1034
133520,6806,584
120167,6806,1176
130768,6813,756
130442,6816,1787
132006,6823,881
133262,6823,1524
124384,6825,575
128162,6825,1787
125780,6825,1834
124167,6842,654
129362,6842,1908
126331,6847,814
120316,6847,858
129710,6847,1677
121820,6850,964
120188,6850,1055
123935,6850,1333
120224,6850,1974
132706,6851,735
132744,6858,1253
125336,6859,759
129825,6859,1409
134311,6863,792
133480,6863,1487
126882,6863,1553
125975,6863,1834
134479,6864,559
127918,6864,1700
131910,6864,1757
123941,6869,1216
130635,6869,1522
132308,6870,1352
133008,6870,1974
125416,6878,1787
120584,6880,1152
127743,6886,911
132339,6887,559
125092,6887,998
124566,6887,1482
131309,6887,1487
123942,6887,1830
126489,6890,808
134379,6891,794
120171,6891,947
123527,6901,1677
130170,6901,1987
120876,6902,559
132860,6905,1553
128149,6907,766
128855,6907,1587
133545,6907,1787
126980,6911,1553
122797,6916,947
126832,6916,1170
121782,6930,513
128661,6930,1057
121356,6937,756
134546,6937,1987
122264,6950,513
120554,6950,1435
131197,6956,1553
130090,6956,1675
131027,6957,794
125650,6957,1482
134834,6957,1496
124747,6958,573
121874,6958,1365
128760,6958,1487
125730,6958,1678
132303,6970,766
128377,6970,1787
121584,6972,973
126930,6973,766
127868,6973,964
134034,6979,1057
134462,6979,1757
128069,6982,1164
128228,6982,1778
129758,6986,1102
126813,7004,1571
130887,7006,962
131639,7007,618
126724,7007,759
121784,7007,1073
122004,7007,1435
126400,7009,584
127953,7009,1034
123897,7009,1670
134421,7013,1101
120162,7013,1343
122847,7014,1055
132943,7014,1908
120617,7018,911
134766,7021,814
120873,7021,1524
134203,7027,1036
132945,7028,1060
121067,7028,1949
131977,7036,1496
124639,7038,858
122731,7038,1778
123895,7047,998
134836,7047,1987
120943,7049,834
128447,7054,1164
132429,7054,1677
120530,7054,1913
122577,7057,559
129556,7057,1435
131752,7057,1524
121025,7062,1073
124442,7063,618
126120,7064,876
133106,7064,1073
133224,7064,1340
123827,7071,1359
125028,7071,1951
133544,7073,1365
130973,7073,1675
134454,7077,1960
126241,7090,1343
130173,7110,669
132004,7110,1004
133203,7122,1677
123968,7128,901
131914,7128,906
126091,7129,964
121427,7129,1834
130392,7129,1987
125799,7131,911
131682,7138,756
134822,7139,575
130657,7139,1164
124501,7141,513
124791,7141,531
134765,7141,906
134735,7141,973
122930,7148,573
122175,7148,759
124659,7148,1960
131205,7153,669
133638,7154,1253
132033,7158,1670
122814,7160,881
123196,7160,1343
127752,7160,1675
127883,7174,1960
128763,7176,1292
123940,7176,1496
127619,7181,584
123463,7181,1948
124766,7182,1176
133861,7189,1005
129992,7194,1913
132592,7209,584
127630,7209,834
128532,7211,1422
132443,7211,1700
130233,7211,1974
126629,7213,701
130663,7215,1292
126081,7215,1482
132682,7218,961
123693,7218,1034
131827,7218,1700
124900,7222,1202
128321,7222,1253
126734,7236,513
125682,7238,1496
120116,7254,1359
123985,7254,1677
121841,7258,808
127345,7258,1555
132162,7270,531
123271,7272,906
122687,7272,911
131153,7272,916
129637,7272,1522
125983,7275,881
129600,7275,1352
130939,7275,1517
129973,7277,1482
130066,7277,1984
123633,7284,1496
131428,7284,1834
128716,7286,1036
133659,7294,1830
130752,7297,1482
122410,7297,1517
122376,7298,1700
133306,7299,961
123033,7299,1949
134713,7300,575
128159,7300,1787
130080,7304,1170
121460,7304,1524
131423,7309,814
126512,7309,1184
120869,7317,1212
128025,7342,584
126556,7342,947
124090,7342,1670
126007,7344,624
124841,7344,1778
129988,7345,575
130915,7345,1004
126410,7346,808
121553,7349,998
124532,7354,794
127484,7354,858
122074,7364,814
130216,7364,1984
124880,7367,1496
120414,7368,573
125526,7368,1152
130660,7369,881
127373,7369,1487
132554,7369,1538
122717,7389,1960
129333,7401,624
124204,7401,1834
121101,7408,808
131474,7408,1055
122081,7409,881
123030,7409,1949
126117,7419,1700
133574,7426,1359
129487,7431,881
130831,7431,915
129377,7431,1253
124476,7431,1409
124793,7434,1913
130321,7442,1170
133299,7449,1374
123006,7449,1435
132476,7450,1055
122734,7450,1352
121733,7453,1004
134837,7454,794
128685,7454,814
133014,7459,1170
126311,7459,1787
132259,7477,1787
134263,7480,1034
126795,7480,1374
133206,7483,881
124692,7483,1365
131581,7494,1587
125477,7494,1951
124731,7502,1170
134907,7506,1004
122088,7506,1170
124865,7512,1060
127563,7513,669
121940,7514,1216
129835,7536,669
133600,7536,712
129694,7536,1374
124208,7541,624
121902,7541,1365
121805,7553,998
126010,7553,1152
129410,7560,947
128312,7560,1004
132649,7560,1700
122154,7567,1678
125371,7572,916
133484,7579,814
129689,7580,911
122748,7580,964
130513,7598,834
130434,7598,1101
128778,7598,1553
130561,7598,1834
121905,7599,792
126878,7599,794
124609,7599,1517
126383,7614,1057
128487,7614,1212
126491,7614,1754
120402,7616,1164
130969,7616,1184
134266,7616,1216
121755,7616,1700
127700,7622,1830
124477,7640,573
123316,7640,1482
121885,7640,1670
127144,7646,618
124369,7646,962
127300,7646,1036
121675,7646,1951
127932,7648,1184
129681,7649,1987
122983,7650,766
130998,7650,876
126857,7650,961
122831,7650,1343
128035,7669,881
122540,7669,1352
128251,7669,1374
120887,7680,1073
127744,7680,1374
122379,7680,1496
134088,7680,1553
123972,7688,808
134349,7688,1057
133387,7692,1102
127903,7692,1409
133726,7692,1482
123155,7702,1422
133477,7704,1057
129545,7705,1482
126592,7711,618
127091,7711,1365
126198,7711,1675
131257,7712,876
128800,7712,962
127957,7712,1778
120012,7713,916
129305,7713,1055
132462,7713,1292
133110,7713,1359
122150,7720,1960
132631,7729,998
124470,7729,1176
121774,7729,1216
120358,7756,669
131268,7757,1073
129344,7757,1700
133512,7758,1005
131379,7758,1914
129416,7762,961
123049,7762,1073
123892,7770,1571
127647,7775,881
132083,7775,1101
131280,7778,1292
130485,7793,1253
126666,7793,1352
120693,7793,1678
126020,7794,1202
126552,7794,1778
122288,7796,834
120737,7796,1487
124665,7804,1422
129351,7808,961
125933,7810,1951
132419,7810,1974
125145,7811,1253
130483,7811,1487
130130,7812,584
126099,7821,876
125160,7821,1005
123847,7824,962
121906,7824,964
133958,7824,1005
123161,7824,1960
126771,7841,1101
133035,7852,1228
131434,7859,1571
122676,7859,1830
125447,7862,513
134417,7862,1984
125483,7864,808
127573,7876,1184
126901,7879,575
126540,7879,1036
120664,7886,1787
125255,7897,584
127392,7897,1678
124770,7897,1948
130078,7904,1073
131741,7911,559
131389,7911,766
124780,7923,1102
134709,7923,1253
126725,7931,735
131476,7931,1948
124125,7942,573
131550,7944,1948
125952,7945,1005
126293,7959,766
124777,7959,1948
130411,7964,962
121616,7974,1176
128407,7975,876
133201,7975,1587
127457,7975,1834
133571,7982,573
131814,7982,1553
131797,7982,1678
122132,7984,962
129928,7984,1184
125668,7997,1482
123120,7998,618
133911,7998,858
132974,8003,573
120119,8003,906
129508,8003,911
128076,8003,1524
134340,8010,1949
120698,8018,1102
130644,8024,1253
133183,8024,1598
134522,8024,1830
133965,8030,1057
132069,8030,1073
128303,8030,1482
122207,8030,1834
132702,8030,1987
132424,8034,573
130492,8034,916
134347,8034,1292
132787,8036,947
126609,8036,1004
126386,8036,1778
120452,8036,1913
124221,8038,712
122114,8038,794
121111,8048,973
130985,8057,1292
126931,8057,1365
123462,8057,1409
128635,8068,1184
133645,8068,1422
133158,8080,1333
127786,8080,1587
129864,8080,1830
124842,8082,735
121492,8082,881
129309,8085,513
132474,8085,654
123119,8085,906
123544,8087,961
127578,8087,1949
126693,8095,1496
120636,8095,1555
125617,8095,1948
129212,8103,964
132622,8103,1757
120005,8108,1960
133606,8119,1948
126789,8123,654
123078,8123,901
122493,8123,1228
126597,8124,1176
128725,8124,1374
121365,8132,1102
123631,8137,998
126163,8138,712
134320,8138,915
131667,8138,1422
122293,8149,1987
130707,8188,881
123524,8188,947
127851,8188,964
126298,8188,1253
120473,8189,701
130924,8189,962
130621,8189,973
120953,8189,1073
120411,8204,915
126121,8212,1253
130507,8237,792
125290,8237,1102
121878,8247,559
122100,8247,1300
131139,8247,1754
120661,8247,1830
132591,8259,1253
121504,8259,1914
126979,8261,701
128699,8261,1908
130999,8270,962
120495,8270,1343
126637,8282,962
120484,8282,1949
125012,8282,1987
122055,8289,794
130077,8293,1359
124360,8294,998
134779,8294,1960
129459,8295,881
133733,8300,1036
134792,8300,1300
133749,8312,624
126679,8312,1987
134616,8328,701
132496,8328,1598
123024,8336,1571
134478,8337,858
124280,8338,1949
121496,8347,1102
132855,8347,1517
130269,8347,1948
134155,8352,1374
124575,8358,1216
126638,8360,901
124878,8360,1300
127584,8360,1522
123330,8360,1960
132879,8370,962
126713,8370,1060
131154,8370,1960
130100,8375,1670
126765,8375,1834
124615,8393,759
122492,8393,961
120301,8393,1908
124799,8408,1949
125426,8412,916
131623,8412,1005
121562,8412,1228
127950,8412,1700
126454,8413,766
134083,8417,961
128371,8417,1340
132195,8417,1538
127254,8421,1913
133561,8424,1409
130132,8426,584
131385,8426,1176
123132,8427,1435
120428,8449,916
130094,8449,1754
132109,8455,792
120481,8463,814
122855,8463,964
125802,8464,901
120858,8472,1948
133624,8482,1340
125431,8482,1409
124782,8492,1164
126551,8492,1571
128634,8492,1678
124381,8501,531
130407,8501,1913
123148,8510,794
130103,8516,794
122909,8520,759
125811,8520,1060
129243,8542,876
129004,8543,915
126606,8543,1496
133486,8545,1292
129986,8551,1522
121163,8552,1675
132068,8552,1677
126772,8555,624
125582,8555,712
131599,8555,1228
120333,8555,1757
126023,8555,1834
120154,8556,906
126348,8556,1164
125605,8573,575
133190,8573,792
125105,8578,584
131808,8587,654
127755,8587,1834
126806,8588,814
120842,8593,701
120948,8593,1422
134009,8594,1757
134584,8595,1300
130667,8595,1522
131301,8595,1553
121606,8596,834
122080,8596,1359
128077,8600,1005
133056,8600,1343
121745,8600,1374
124635,8600,1422
124733,8600,1700
128087,8603,624
123616,8604,1164
124313,8605,906
120465,8605,1482
134094,8605,1913
129062,8609,624
123128,8609,1598
127107,8609,1984
123882,8613,1300
129701,8617,618
130740,8617,1152
133040,8619,1057
134111,8619,1176
133977,8621,1538
134080,8622,1787
129238,8629,881
122568,8633,584
127673,8633,947
122755,8633,1487
121812,8634,1152
134928,8634,1164
122535,8634,1678
134396,8636,559
133402,8636,1101
133060,8638,1216
124716,8639,962
125017,8652,1005
122062,8652,1555
129706,8652,1787
129951,8664,766
133213,8664,1212
122239,8673,575
125913,8673,766
124932,8673,794
131191,8673,1914
122819,8673,1948
132047,8674,513
125583,8674,1352
121413,8681,712
124401,8681,1678
129736,8681,1754
134646,8694,1036
122403,8694,1524
129809,8711,808
126821,8711,1176
126166,8711,1352
125325,8733,1553
121929,8733,1555
127094,8733,1754
131658,8733,1787
127188,8738,584
129692,8738,618
124521,8738,1517
132582,8740,759
123611,8740,792
131624,8740,1914
128101,8743,1482
134723,8743,1571
125731,8758,1005
132755,8769,915
121128,8769,947
121463,8769,1830
126332,8783,901
123382,8783,1675
127241,8786,575
124142,8812,1834
125977,8814,916
124404,8814,1435
130329,8833,575
132460,8833,1170
126368,8833,1700
130786,8837,513
134436,8837,559
123126,8841,584
120936,8843,906
125070,8843,1340
123413,8843,1538
133301,8843,1587
124601,8852,513
123526,8852,901
126485,8852,1036
133223,8854,1034
120648,8854,1057
124006,8854,1678
124069,8854,1834
121618,8855,1538
124890,8855,1949
123025,8857,1409
130560,8857,1435
120072,8871,1216
128139,8872,1538
124856,8874,961
129199,8876,669
126617,8878,906
130832,8882,1202
134840,8882,1482
123707,8898,1300
134927,8900,794
134848,8900,901
124432,8903,531
124429,8903,881
130222,8903,1374
134206,8905,735
130550,8907,1538
131124,8907,1754
129731,8910,964
125580,8910,1102
132140,8922,1212
123893,8943,1914
129179,8948,998
126192,8951,1073
133393,8951,1757
134946,8958,654
131945,8958,712
121921,8958,906
125836,8958,961
121761,8963,766
130363,8963,962
127160,8970,1216
130125,8972,559
125179,8972,1176
130440,8972,1333
134564,8976,701
121092,8976,1352
121323,8976,1365
120144,8976,1670
129947,8987,1987
128214,8993,1055
120895,8994,814
127363,8994,1496
122516,8997,911
133776,8997,1951
123321,8999,1152
131776,9005,1202
130865,9008,1340
129269,9012,1212
123520,9016,1184
129818,9016,1482
131425,9020,962
121143,9020,1700
124037,9020,1908
132689,9023,808
131403,9023,1487
129991,9028,1170
122850,9028,1587
123150,9034,531
121627,9034,1553
121461,9038,669
125132,9038,1359
134342,9038,1598
133650,9049,1374
131726,9054,1365
132099,9061,1170
122657,9063,531
122719,9063,1987
122984,9071,858
126633,9077,1908
128327,9096,947
131933,9096,1352
130081,9096,1598
128583,9099,735
132834,9099,1757
125692,9101,906
120418,9104,973
120596,9104,998
122442,9117,916
122313,9123,1984
126220,9136,573
126987,9136,1374
134031,9136,1670
123698,9138,1700
122218,9140,1787
125442,9146,1055
121581,9151,1202
133208,9177,962
130005,9183,1482
130019,9183,1914
128797,9195,947
132938,9215,1102
123261,9222,901
120164,9230,1754
122147,9238,766
127695,9238,1176
127348,9246,1343
131728,9246,1496
121621,9246,1908
121552,9246,1949
125881,9251,834
125390,9251,1176
120404,9251,1675
125754,9256,1974
124527,9264,1004
133305,9266,1102
132137,9266,1496
120660,9268,1522
129174,9273,1300
122769,9276,1678
131529,9299,1675
122771,9301,1409
122289,9303,1333
127097,9308,669
126115,9308,1212
131487,9308,1216
122767,9312,1778
125307,9319,1359
125192,9321,1340
133615,9321,1524
131299,9321,1984
124003,9328,575
122911,9334,998
126264,9334,1292
126648,9334,1365
121188,9337,513
127202,9337,1152
133287,9349,1487
130104,9349,1678
128574,9349,1754
131901,9358,766
129536,9358,1004
127664,9358,1778
132696,9358,1960
128894,9361,1057
134227,9371,1700
121518,9373,973
133016,9374,858
126282,9374,947
126421,9374,1359
130968,9390,814
127239,9398,1004
134547,9398,1678
126650,9404,573
121608,9404,915
134532,9406,1216
122660,9409,1352
121386,9409,1914
134339,9411,1524
121830,9411,1678
122921,9411,1984
126203,9412,584
126251,9412,1202
122198,9412,1830
125794,9418,759
130487,9426,1914
126261,9443,531
126015,9448,759
121831,9448,1830
124073,9449,654
130213,9449,1004
127810,9449,1352
129828,9453,559
130395,9453,1176
134422,9453,1422
131603,9453,1553
121221,9455,834
132478,9455,1678
134290,9459,808
131899,9463,814
130248,9463,834
123964,9463,962
132877,9467,1300
128169,9472,624
133847,9472,1522
121768,9472,1555
127489,9472,1587
129555,9474,559
127262,9474,1004
122853,9474,1102
127164,9481,1365
128600,9481,1435
123700,9481,1913
131089,9486,1004
132260,9486,1757
124060,9488,1482
131244,9501,712
132343,9501,876
133446,9505,1913
134333,9509,735
122343,9509,916
125120,9509,1102
120125,9544,1343
127351,9544,1598
126978,9544,1700
128218,9556,1949
128818,9560,1004
126096,9560,1677
130238,9569,756
127809,9572,881
125250,9572,1176
129729,9583,531
133785,9583,701
122421,9585,1359
128711,9587,973
122958,9592,1359
122475,9592,1365
124998,9592,1949
131204,9593,1228
120891,9604,1343
120848,9609,756
125175,9609,1422
129507,9611,575
129656,9612,1422
133406,9614,962
133828,9614,1778
124209,9622,1073
130913,9624,1352
124227,9624,1914
121980,9625,947
133186,9625,1102
133021,9625,1300
121359,9625,1496
123976,9626,1228
123054,9645,1587
126916,9646,701
128713,9656,654
126144,9656,766
126382,9658,1176
122613,9658,1787
126558,9659,1553
125083,9662,618
134922,9662,1496
131671,9666,1101
123714,9673,947
120346,9673,1292
124010,9675,1914
121445,9714,1212
125005,9719,1228
126796,9736,808
125850,9736,1984
125076,9741,1300
124486,9741,1757
134142,9759,1700
129248,9759,1948
120133,9760,881
130680,9760,1422
132931,9776,735
128238,9790,901
127888,9790,1176
133810,9790,1487
129546,9790,1700
126494,9791,559
131022,9791,575
127819,9802,1057
131755,9802,1060
129735,9811,1164
120859,9814,513
133734,9814,669
126522,9814,1677
123447,9827,624
126992,9827,964
124195,9837,712
121054,9837,962
128850,9842,1598
123021,9852,1005
132417,9859,559
127802,9864,1164
133759,9867,915
124440,9874,1057
123675,9880,1202
130729,9883,834
123878,9884,1359
125929,9887,559
134357,9887,1055
125871,9887,1700
120739,9887,1914
129008,9896,735
125847,9896,876
128882,9896,1517
120200,9899,712
127521,9899,1101
120549,9899,1228
123264,9899,1352
126277,9899,1830
122579,9906,513
120742,9909,766
123111,9909,1170
121319,9909,1212
129903,9916,1292
125939,9917,1365
129771,9917,1487
126041,9922,1496
129863,9928,1587
127252,9933,618
134150,9933,794
131557,9933,1409
133445,9934,915
124374,9934,916
123172,9934,1216
126239,9934,1517
130118,9945,947
131691,9945,1343
130048,9953,618
130447,9953,794
121115,9953,1984
134668,9958,1914
133799,9968,1913
121804,9978,834
124335,9978,973
129230,9978,1522
129040,9979,1057
133644,9979,1352
121691,9983,1352
128645,9986,1176
132965,9993,961
130149,9993,1300
134316,9993,1587
123568,9998,1834
128895,10012,1055
133329,10012,1216
130907,10012,1913
129675,10012,1984
121998,10021,814
131126,10024,759
126600,10024,1164
131171,10024,1170
133893,10036,1343
122432,10036,1984
128163,10037,766
133461,10042,513
120845,10042,792
134535,10051,881
124599,10052,1057
128767,10058,584
123475,10058,1359
122156,10065,1482
131944,10070,876
133456,10073,756
131409,10073,1830
134587,10073,1987
123023,10082,1102
129481,10082,1253
128968,10082,1960
122066,10104,881
125006,10104,1435
134452,10106,1102
133656,10106,1487
128916,10107,881
125482,10107,1300
133562,10107,1359
127993,10107,1517
120968,10124,814
129625,10124,1374
132939,10124,1670
130704,10134,808
129969,10134,1057
121141,10134,1435
122439,10134,1482
123546,10140,1908
132021,10142,1176
122666,10147,1787
127825,10147,1914
131144,10152,1914
126751,10157,1004
132900,10163,998
133970,10166,712
133051,10166,735
121123,10166,1333
131890,10166,1422
132367,10166,1517
128959,10166,1678
123840,10169,915
122711,10169,1359
129265,10169,1974
132174,10186,1587
127209,10188,1170
130415,10188,1422
134322,10191,1202
133252,10191,1538
128742,10197,1102
131362,10201,792
133696,10201,1102
120635,10215,834
133989,10215,858
131909,10215,1555
124229,10215,1700
130706,10220,1487
123986,10220,1677
133773,10221,575
124465,10223,1787
128249,10224,1034
132447,10227,1517
124632,10234,947
131591,10234,1678
120689,10236,618
120745,10236,654
129768,10236,1101
122172,10236,1333
126616,10236,1340
132404,10236,1984
124478,10245,1517
126958,10253,1212
127564,10253,1352
126009,10262,735
121440,10264,1352
127882,10264,1757
131666,10266,1228
132279,10279,701
132643,10287,735
121982,10297,916
123117,10304,1949
132739,10307,1292
121254,10311,964
130797,10311,1951
132153,10314,792
131438,10314,1675
130144,10317,735
127956,10317,808
121013,10317,1055
128806,10317,1057
120772,10317,1908
129152,10328,654
131387,10335,1830
123432,10339,1202
124093,10347,1253
129316,10357,1553
134368,10357,1974
134858,10358,573
125817,10358,881
133937,10358,1164
133623,10358,1333
127315,10360,1409
131585,10369,1675
131188,10371,1176
126309,10373,573
131863,10373,756
128357,10373,1253
122194,10373,1787
127528,10378,1670
124872,10378,1678
120400,10380,618
130883,10380,998
127637,10381,669
124565,10381,906
127617,10381,961
129714,10381,1352
132175,10384,1073
132932,10384,1700
121892,10384,1908
131841,10384,1984
133096,10385,756
129263,10385,1102
124960,10393,1374
127380,10393,1517
120902,10397,973
125150,10397,1101
132183,10397,1435
123523,10398,808
123408,10404,559
126910,10404,1005
130029,10404,1202
133420,10411,1300
121763,10411,1333
124324,10412,962
127574,10413,559
125747,10413,1422
128118,10426,964
124771,10426,1152
130505,10426,1517
125518,10426,1677
128274,10435,916
123222,10435,1524
123378,10435,1700
120379,10438,573
120541,10438,814
121250,10438,1253
129034,10444,701
128298,10444,1300
133481,10448,573
123122,10452,916
120631,10452,1004
128983,10459,1374
121112,10462,766
121253,10468,808
132488,10470,559
122053,10470,624
120787,10470,1102
132721,10474,1343
134172,10474,1553
131746,10474,1677
121837,10482,575
132354,10482,1036
120838,10485,1057
127562,10485,1164
130655,10494,759
132481,10496,701
128547,10496,906
131801,10497,1212
131798,10502,669
132296,10502,1670
134260,10515,1598
124861,10522,1571
121428,10522,1677
127948,10527,1101
123371,10527,1517
124354,10536,1949
121678,10539,794
130041,10539,814
120275,10539,998
120449,10539,1005
120783,10539,1228
131548,10539,1754
132464,10539,1757
127349,10546,1216
120327,10547,1073
121020,10547,1538
128257,10553,1216
133046,10562,513
131486,10562,1292
129210,10563,701
129490,10573,712
132990,10577,1005
130798,10579,1034
132743,10596,881
133144,10601,1571
133619,10607,1253
125295,10610,1034
127852,10610,1538
122282,10631,964
128765,10631,1951
128726,10641,915
134117,10641,1055
124270,10641,1422
130174,10653,858
123171,10653,915
132846,10653,1004
133762,10653,1152
133052,10658,513
125680,10658,1757
123604,10671,911
127398,10671,915
124271,10672,1757
124597,10673,794
134696,10673,961
129301,10673,1352
134480,10683,759
126185,10683,1359
127474,10683,1538
133708,10683,1948
129431,10707,1482
130703,10716,1359
130347,10734,962
129001,10745,1908
133397,10746,654
126462,10746,1034
126243,10746,1036
133528,10772,1435
121527,10772,1984
128504,10775,814
132410,10775,1571
133282,10775,1778
127539,10792,559
132108,10792,1555
134207,10792,1757
129494,10794,1522
131236,10794,1757
127408,10800,962
128524,10800,1517
130807,10804,1102
123183,10804,1482
130057,10804,1830
128654,10804,1908
134827,10807,735
131832,10809,1908
124993,10812,834
127027,10812,1960
132163,10822,1300
126436,10824,964
123018,10826,876
128623,10826,915
131888,10837,906
122982,10846,998
129288,10846,1670
128477,10849,1365
128864,10849,1482
127942,10852,559
134521,10852,712
132165,10855,1365
122242,10858,947
134097,10861,1830
130790,10877,998
130400,10877,1830
133802,10878,1352
120996,10880,814
132261,10887,1555
120429,10899,1101
130746,10900,858
134864,10900,962
121785,10908,915
130034,10910,1060
130280,10924,756
130382,10924,1587
129307,10925,735
127830,10925,1496
128625,10925,1522
131681,10931,962
134648,10931,1036
123191,10931,1374
131517,10939,1496
126480,10939,1670
129927,10949,624
128955,10949,1164
126619,10949,1374
122009,10957,808
128440,10957,947
133795,10957,1102
128081,10957,1352
131635,10957,1553
129648,10957,1949
126045,10961,1571
129739,10961,1830
127650,10961,1914
129353,10962,531
121603,10962,1517
122307,10962,1677
124589,10971,513
129926,10972,1598
126131,10972,1960
134042,10979,973
121903,10979,1333
129740,10979,1677
133275,10983,916
127403,10983,1300
124058,10985,876
130566,10986,624
129502,10986,858
126876,10986,1598
125035,10986,1914
133710,10987,575
124562,10987,858
122485,10990,1496
122465,11003,964
123461,11004,1948
129810,11011,531
125688,11011,618
122084,11011,915
124428,11011,1352
124040,11016,1102
125825,11016,1202
127970,11016,1352
134168,11016,1422
126514,11016,1677
133584,11021,712
122522,11021,1300
129451,11022,624
122857,11022,759
134843,11022,792
131169,11022,1555
122436,11024,1524
126749,11025,766
125655,11025,962
123409,11025,1700
126675,11029,756
123891,11029,1374
134254,11029,1524
124215,11032,1073
128467,11038,1060
132963,11038,1300
126004,11038,1359
130526,11038,1778
120091,11043,735
131395,11044,1409
123162,11045,814
131000,11045,1176
120208,11045,1184
132641,11047,1034
134058,11056,1778
125062,11058,1101
121942,11058,1487
126728,11064,701
125481,11064,1677
128555,11064,1757
133045,11066,573
130978,11066,1496
128211,11066,1517
123422,11066,1948
127193,11067,906
127069,11067,962
134412,11067,1374
133761,11067,1678
120286,11070,1101
121364,11070,1102
129567,11070,1184
128499,11070,1340
125624,11070,1913
127612,11081,1757
122740,11083,1517
127733,11085,881
121410,11085,1914
126226,11092,1228
129464,11094,735
130184,11094,911
132734,11094,1060
123479,11094,1152
132445,11094,1949
126776,11108,575
120359,11108,1960
125897,11111,1913
122300,11118,531
128244,11118,669
121388,11118,735
132583,11118,906
127238,11118,1176
132338,11122,834
120979,11123,669
122258,11123,906
128192,11123,1524
123217,11127,947
133941,11127,973
132132,11127,1101
134740,11127,1228
126288,11127,1435
125993,11129,808
121519,11129,1553
130196,11130,973
121740,11130,1057
126042,11139,915
133187,11139,1057
126033,11139,1670
122586,11145,618
130451,11146,701
134087,11146,766
131950,11146,947
126179,11146,1482
128296,11146,1984
124689,11148,1571
131880,11148,1913
124156,11155,513
120809,11155,756
131925,11155,1908
132763,11157,1300
124082,11158,814
127734,11158,998
133583,11158,1004
131137,11158,1212
133781,11158,1333
133086,11158,1678
132875,11160,759
133453,11160,766
127272,11167,1538
132003,11180,1102
121662,11189,1060
122537,11189,1524
128230,11189,1974
128138,11201,766
132836,11202,998
133586,11202,1365
133581,11202,1974
126756,11203,1102
132198,11203,1984
125047,11214,1754
132088,11222,1202
120264,11222,1948
129598,11229,1524
132539,11229,1914
131510,11232,1292
124778,11232,1908
127801,11232,1974
130372,11238,531
123125,11238,654
125097,11242,1228
125604,11250,1055
133576,11250,1598
127944,11272,808
123689,11272,947
121439,11272,1524
133739,11273,1949
128154,11276,735
125199,11276,1538
123037,11282,669
120599,11289,1948
125955,11291,1538
129402,11292,756
122240,11292,1913
125372,11296,1164
131600,11296,1202
134220,11300,584
120499,11303,618
124336,11303,1787
122919,11303,1951
122143,11317,1101
133400,11317,1333
129419,11317,1949
121744,11324,1055
132870,11324,1517
125779,11325,808
127502,11325,1359
127960,11328,1678
134079,11329,962
125044,11329,1073
127016,11329,1677
122216,11333,1984
126225,11334,1176
133758,11334,1212
133253,11334,1949
125050,11342,1060
128427,11342,1073
128021,11347,1253
130116,11347,1409
131819,11351,1333
131687,11351,1949
124670,11368,1522
134404,11368,1555
121355,11373,531
132564,11373,834
120892,11373,876
125645,11373,1487
133523,11373,1496
130861,11376,1202
128740,11383,766
129517,11383,1005
125366,11392,1949
122607,11407,1036
121766,11407,1333
127140,11407,1960
132623,11410,906
133205,11422,814
132120,11422,1034
133632,11422,1036
122520,11423,1571
120671,11423,1913
132829,11424,916
132435,11434,1005
130168,11434,1830
123258,11448,1036
126378,11448,1073
122277,11452,735
121548,11464,916
123391,11464,1365
133946,11474,513
131496,11474,618
122746,11474,766
120513,11486,669
122036,11486,1700
127829,11486,1778
126763,11489,1253
123784,11494,669
120994,11495,1359
123029,11495,1422
131712,11495,1974
124426,11502,624
133850,11502,964
131041,11507,1571
130330,11508,618
122408,11511,1101
121291,11512,1359
128429,11517,1184
120755,11517,1553
126232,11518,1343
127864,11520,756
127096,11520,1487
125253,11522,1034
133304,11522,1055
131731,11522,1571
121680,11525,712
134543,11525,947
122144,11538,915
133344,11538,1005
127462,11541,1253
133569,11541,1984
130410,11553,1292
128483,11562,1700
124797,11563,906
129383,11563,1908
128237,11565,669
134793,11565,881
126707,11577,654
134702,11577,792
126974,11577,1365
125232,11577,1538
127945,11582,1300
126579,11590,759
122543,11590,1034
124858,11590,1830
123949,11596,1359
122533,11601,575
132230,11601,1057
127616,11601,1677
121891,11627,584
130872,11627,901
122411,11627,947
132337,11628,531
130346,11628,916
120800,11628,1409
129613,11630,1152
121238,11631,1300
133090,11636,1670
129832,11638,1670
132360,11638,1913
125877,11638,1987
134968,11648,834
123404,11648,1365
128148,11648,1670
133841,11654,573
123635,11654,1571
123954,11656,1060
124427,11674,973
124118,11678,1374
128481,11678,1670
129857,11686,531
123074,11686,1365
122934,11689,1700
125362,11692,876
121848,11692,1830
127331,11693,1675
133834,11706,756
120009,11706,834
128757,11706,1152
127275,11715,531
122003,11764,1987
128871,11769,964
128758,11772,961
129145,11784,1340
120494,11791,792
131193,11791,973
130430,11795,624
131330,11795,973
130750,11796,834
124741,11798,756
127736,11814,1228
132282,11814,1292
120626,11814,1555
127123,11821,947
129772,11821,1522
125273,11824,1984
123020,11826,911
124131,11828,1496
133812,11828,1948
134374,11828,1960
132484,11830,858
122671,11830,916
124349,11843,1365
121700,11843,1587
126557,11847,1670
128179,11854,947
124390,11857,1102
123045,11857,1949
121208,11861,962
120094,11865,1036
130239,11865,1300
121648,11865,1598
127975,11865,1675
121472,11869,1333
128385,11869,1914
120424,11869,1951
124284,11870,1343
128604,11874,911
129264,11875,735
133932,11875,1004
131978,11875,1101
124651,11876,669
134385,11876,1496
120938,11887,513
130724,11887,808
121976,11887,1948
125581,11891,901
129540,11891,1830
130595,11902,1914
125152,11931,584
129919,11931,1555
134120,11933,1487
132754,11940,906
126746,11946,1202
126006,11946,1359
133913,11959,858
127126,11959,1164
134528,11969,1754
129045,11969,1757
132750,11969,1834
128610,11974,1343
127561,11974,1834
134038,11974,1913
127171,11978,1778
122076,11979,735
127177,11979,1778
121060,11979,1987
129440,11981,1228
123575,11984,618
125945,11984,735
123392,11984,1152
133325,11984,1834
133479,11998,858
131426,11998,973
120419,12003,575
124210,12003,1359
132294,12003,1778
129278,12018,1987
131262,12021,947
122697,12028,1830
124119,12046,858
131239,12046,1102
125256,12046,1987
134085,12057,735
129280,12057,1176
132466,12060,559
128670,12060,1365
125608,12060,1487
123756,12062,1055
126753,12065,1522
127350,12066,834
131518,12069,973
122504,12069,1517
122011,12077,1152
126134,12088,1754
127175,12090,858
121201,12090,1571
128922,12090,1700
134305,12091,654
123013,12091,876
127952,12097,1343
125066,12097,1374
127712,12097,1435
132776,12104,701
123796,12104,1352
124303,12118,858
129816,12138,618
120804,12138,1057
121086,12144,701
126173,12144,1517
130013,12150,916
133975,12150,1553
124299,12151,814
134555,12151,1522
124027,12166,584
122698,12166,794
127385,12166,881
129548,12166,1365
133433,12166,1522
127407,12181,1787
125200,12182,1253
121357,12182,1538
121213,12195,756
132680,12195,1670
133271,12195,1678
121186,12195,1949
132955,12199,618
129831,12210,1675
126176,12223,1343
126028,12223,1422
122625,12223,1587
121234,12225,531
132509,12225,1004
128026,12228,1202
131123,12239,962
121495,12244,906
122623,12244,1164
128137,12246,624
128341,12246,1057
120964,12263,1036
129751,12263,1951
132071,12264,962
128022,12264,1034
122332,12268,513
129649,12268,669
131035,12268,834
133342,12280,962
121946,12280,1517
128088,12281,1202
121979,12281,1553
125749,12285,1374
128657,12285,1754
128064,12285,1778
125757,12298,573
126603,12298,998
126356,12300,808
132061,12300,961
130318,12314,792
121887,12314,1517
129979,12314,1949
128801,12321,1333
133616,12321,1340
124719,12326,735
126967,12328,1292
132082,12342,735
134046,12343,756
131220,12352,1176
127982,12356,1057
122047,12356,1482
131704,12357,1435
127833,12363,1057
130951,12363,1587
134116,12377,1343
124035,12378,1374
121248,12381,1300
131784,12382,1517
131416,12383,916
132217,12383,947
134162,12386,573
130452,12398,1202
122392,12398,1352
132530,12398,1517
132463,12398,1787
129482,12402,531
130791,12402,1524
122977,12404,964
128488,12405,915
129286,12405,1830
120847,12405,1951
130202,12408,834
124994,12408,1216
125370,12408,1365
134513,12408,1422
127434,12414,1005
129156,12414,1987
133594,12420,1587
134275,12427,1522
132322,12431,735
123430,12431,906
129233,12431,1216
129881,12431,1974
122291,12439,1522
129837,12444,1101
127516,12444,1517
124961,12457,1057
132226,12461,513
121759,12461,1055
130789,12465,1034
130299,12465,1949
132347,12475,906
124135,12475,1700
128606,12476,834
133866,12482,1176
121276,12485,1951
130177,12486,584
123089,12492,1333
131007,12492,1670
125162,12503,964
125571,12503,1984
127430,12509,947
124251,12509,1524
124328,12511,559
134360,12520,876
126001,12520,1359
124494,12520,1830
126596,12526,654
120064,12526,1524
124821,12526,1553
127917,12551,1974
129095,12552,901
121534,12556,1670
123460,12558,624
126019,12564,1365
134465,12564,1524
132605,12580,701
126474,12580,1487
122141,12580,1984
120194,12582,618
127431,12582,901
128596,12596,881
121822,12608,701
128533,12608,1409
134420,12614,1949
133073,12627,947
129961,12627,1228
128086,12628,756
131533,12628,1005
129955,12628,1253
131061,12628,1340
122775,12632,1152
120427,12632,1216
123313,12668,1908
126170,12673,1036
133139,12674,756
123992,12674,1487
120621,12674,1830
123170,12675,814
128055,12697,1292
125762,12712,1055
124525,12712,1409
133327,12712,1757
123355,12716,911
126945,12719,1830
126048,12722,794
131904,12722,1176
125440,12729,906
129585,12730,575
125284,12730,814
127330,12730,1176
134352,12733,573
126340,12733,575
127283,12733,1004
133609,12733,1005
120307,12746,1675
134045,12754,1060
125506,12754,1422
130661,12759,961
122515,12761,1005
131525,12766,1340
127749,12767,814
129250,12767,834
124704,12767,1374
129917,12768,1487
131703,12777,973
126824,12781,618
123517,12781,962
124701,12781,1202
120370,12781,1374
124109,12781,1914
126834,12783,1487
121537,12790,1228
120751,12791,1102
131790,12791,1987
131760,12792,1670
133694,12792,1787
132046,12799,901
128359,12799,1914
128335,12800,624
126055,12800,1700
122611,12806,1409
122566,12806,1678
121796,12806,1754
133652,12815,915
129015,12815,1055
134122,12818,1555
133091,12818,1754
127450,12831,808
120583,12831,834
133647,12834,559
125081,12834,792
130385,12841,911
125238,12845,1365
134510,12846,1834
122837,12855,654
126955,12855,1352
132251,12855,1949
128307,12867,654
125636,12867,1055
123732,12867,1300
131779,12900,906
134483,12900,1036
125625,12905,654
127480,12905,1487
124257,12910,794
122310,12910,1073
126737,12910,1787
120195,12914,998
128890,12917,1778
127121,12919,1055
124107,12942,712
126559,12942,1700
132851,12942,1984
124746,12955,1004
120827,12962,1340
123342,12962,1587
120900,12981,735
132049,12981,794
123065,12981,1409
125647,12983,1057
125641,12983,1152
126839,13010,1212
127355,13010,1333
127043,13010,1951
126024,13012,961
123601,13037,881
127725,13037,1102
131338,13039,618
122275,13039,1987
129936,13044,654
129158,13044,1787
129762,13046,559
121488,13046,1300
122429,13053,735
121374,13057,618
123990,13059,1176
120500,13059,1292
120155,13064,766
123679,13064,1036
126333,13066,1422
125738,13066,1435
128868,13069,513
126128,13075,1951
123963,13079,973
133729,13079,1212
122353,13091,1487
124422,13091,1538
134642,13092,1152
121543,13098,1036
134488,13101,573
129447,13101,1034
120294,13101,1677
134626,13101,1787
126846,13102,858
133360,13102,1036
120961,13106,669
131920,13106,1060
134200,13106,1754
132121,13114,834
133704,13118,712
134823,13118,881
134353,13130,947
128187,13130,1538
125588,13134,1678
133421,13140,669
132361,13140,1496
128315,13142,1374
134399,13143,1482
133411,13146,1253
121285,13146,1340
127501,13146,1553
126267,13149,1951
124319,13159,901
122136,13192,735
122265,13192,1004
123574,13195,701
131079,13195,1365
128248,13195,1487
127439,13197,669
129216,13197,766
124788,13197,1004
120485,13197,1184
132864,13197,1202
128287,13220,1164
131552,13220,1365
122699,13221,1374
133460,13221,1987
120373,13237,654
134517,13237,669
133219,13237,1004
130059,13244,1365
132134,13245,947
123876,13245,1409
124869,13245,1948
132238,13247,559
126405,13247,1522
120653,13249,759
132520,13251,834
124434,13257,1913
129272,13259,559
130089,13259,901
132765,13264,573
128961,13264,669
131050,13264,1678
131723,13270,1435
133291,13277,1057
134451,13277,1571
121235,13283,584
128279,13283,1951
128180,13289,964
121164,13289,1034
134769,13291,1005
126366,13291,1352
133731,13298,901
132976,13298,916
123996,13298,1352
130992,13302,1487
125734,13302,1555
129850,13312,669
127624,13312,1202
130713,13314,618
121217,13314,834
125858,13314,1216
122796,13317,1422
122951,13325,1524
128770,13325,1553
126044,13328,1170
122262,13339,911
132679,13359,876
123377,13359,1343
133348,13359,1787
124742,13366,1034
126381,13375,624
134140,13375,973
125602,13375,1496
123167,13381,1055
121480,13393,1482
124420,13398,962
134321,13399,701
126620,13399,1778
131706,13401,1202
122158,13401,1216
122889,13401,1598
130367,13407,794
123186,13407,1073
129196,13407,1538
127306,13407,1834
126779,13420,584
129489,13420,1005
128777,13421,1036
130368,13421,1587
127729,13431,1034
123312,13431,1060
129492,13434,881
129398,13438,1184
126318,13438,1524
134444,13442,1538
130465,13465,1333
127387,13471,814
133055,13501,531
133422,13509,701
121791,13509,1949
133293,13518,573
127716,13518,1202
126064,13525,766
133448,13530,1987
129773,13535,911
128668,13548,1913
124707,13548,1914
129057,13549,1359
123098,13554,1555
121262,13562,1984
120435,13565,1951
132034,13566,1073
129526,13570,584
125084,13571,962
127927,13571,1778
129601,13579,759
124138,13579,1987
129746,13580,808
131725,13580,1435
127159,13582,964
123143,13588,1517
133966,13588,1974
122498,13590,1073
125798,13590,1598
122868,13590,1754
121690,13596,559
124127,13596,1005
125746,13596,1292
133381,13597,1948
132448,13598,808
120363,13601,792
132876,13601,964
129610,13601,1754
130864,13601,1948
129384,13605,1292
126136,13605,1987
131136,13617,654
129894,13617,1152
134711,13617,1914
131343,13624,513
120320,13632,573
127976,13636,766
132514,13636,916
134301,13638,911
122591,13644,1202
123269,13644,1524
126336,13648,756
120448,13648,1055
127492,13648,1202
134230,13650,735
122426,13655,618
133819,13655,1005
127658,13655,1757
127170,13678,1101
122739,13680,712
123177,13680,1202
133080,13680,1677
120368,13681,759
130032,13681,1522
125986,13683,531
134229,13683,624
123036,13710,973
122639,13710,1176
128647,13722,808
120729,13722,998
129327,13722,1184
120060,13722,1343
124883,13724,1036
125456,13724,1202
130091,13733,794
131509,13743,573
128832,13751,1333
128216,13760,1055
122810,13760,1700
127887,13770,575
120855,13786,1830
126835,13790,1757
124678,13803,559
134643,13803,654
133311,13807,1482
120865,13807,1678
121024,13811,1102
134000,13816,513
133825,13816,1333
123251,13819,1333
131424,13835,1216
129898,13835,1333
124627,13835,1409
134814,13835,1830
131393,13838,961
134835,13843,1034
129732,13843,1951
129200,13843,1974
122029,13849,1228
120029,13849,1553
122388,13849,1913
127849,13856,701
133712,13858,575
134344,13858,1055
129934,13858,1343
134024,13858,1987
128289,13860,654
124550,13860,1176
133316,13860,1422
129039,13873,1060
125228,13873,1517
123821,13873,1754
133171,13874,1170
123464,13879,962
129748,13881,808
125979,13884,618
123765,13884,1538
130282,13887,1343
130777,13887,1670
131150,13901,1834
120536,13901,1987
127846,13905,575
126260,13912,1374
129994,13918,1522
134129,13918,1587
128221,13918,1951
130727,13918,1974
125660,13926,1102
134901,13926,1212
132497,13926,1253
127826,13926,1352
123703,13932,1700
130133,13934,1055
124596,13938,915
132126,13938,1974
129944,13947,1057
121752,13947,1300
123044,13964,1913
132843,13973,1757
123861,13974,1184
123338,13974,1678
129660,13988,1571
129187,13988,1598
130767,13991,916
121485,14000,1517
124444,14003,1073
127860,14005,947
122091,14005,1184
133722,14014,759
129317,14031,1184
125130,14031,1675
127327,14040,669
128780,14040,759
129132,14040,1340
124016,14041,1675
133441,14043,735
132187,14043,1184
121928,14045,1176
127034,14045,1987
122606,14049,1060
129687,14049,1960
120131,14053,1352
124962,14053,1778
129935,14056,584
129011,14064,759
125841,14064,1055
122538,14065,531
129669,14065,1004
124076,14067,1555
125818,14067,1913
126587,14067,1949
130336,14068,961
122700,14103,1101
132745,14103,1587
128300,14103,1960
131962,14107,559
125555,14107,669
130031,14107,906
125304,14107,1524
122494,14107,1914
133879,14107,1948
129460,14111,1102
121298,14111,1184
129826,14120,1487
128564,14127,1908
126070,14135,1055
132684,14135,1700
121961,14137,1700
132852,14137,1754
124392,14142,834
122334,14144,759
126079,14144,1422
121012,14145,962
123525,14147,1365
122929,14155,1005
125855,14171,1184
123139,14184,766
122764,14184,1055
121810,14185,1571
122215,14190,1292
134299,14190,1343
122884,14192,814
131655,14192,1496
127742,14207,1034
126966,14207,1987
132154,14216,735
124115,14216,906
131064,14216,1987
123267,14224,858
121939,14224,1202
130545,14224,1524
130071,14231,712
123181,14231,1352
124388,14231,1670
121825,14232,792
128172,14232,876
120798,14232,1300
126040,14232,1914
123197,14238,1422
126026,14238,1914
128331,14255,654
128197,14255,756
127760,14259,559
132351,14259,1555
126183,14261,808
121334,14265,756
132178,14265,1409
126534,14265,1482
122773,14266,575
125067,14266,1300
121337,14267,1216
127505,14272,1522
126518,14275,669
132616,14275,1538
130620,14275,1571
125324,14279,916
128529,14279,1004
131335,14281,701
123095,14281,1675
126486,14284,973
133377,14284,1435
132849,14292,1553
134043,14296,531
129957,14296,962
133870,14296,1482
124800,14301,808
122872,14301,1487
120010,14301,1908
133995,14307,947
126800,14315,766
127014,14315,1212
123634,14315,1913
128956,14326,712
121132,14339,1292
134482,14339,1300
125026,14339,1913
124056,14342,1834
130949,14342,1908
129257,14342,1987
131709,14347,998
127030,14347,1340
127003,14348,1482
129798,14348,1974
133071,14350,1524
131158,14351,1538
121059,14351,1553
121122,14351,1571
126636,14355,1101
130262,14355,1170
124020,14355,1352
130084,14370,901
134717,14370,1482
122956,14380,584
124108,14380,1202
130986,14380,1253
134019,14382,531
120058,14382,573
127461,14382,575
129925,14382,1343
129341,14384,573
129181,14384,701
134917,14385,701
134378,14385,876
134703,14389,906
125886,14393,1522
126798,14397,1202
124748,14398,1422
122208,14398,1830
122969,14398,1913
134730,14400,1057
129923,14400,1830
132804,14409,624
131894,14409,1522
120677,14409,1678
128444,14413,916
128032,14413,1216
120174,14415,701
134963,14415,1757
133901,14416,1571
132808,14420,1834
122135,14421,1517
123920,14423,998
121341,14423,1057
124189,14423,1482
124618,14423,1538
120752,14423,1555
122371,14423,1913
121716,14433,998
127828,14433,1073
128889,14436,808
131884,14436,1057
128891,14436,1340
125690,14436,1553
133517,14437,1678
124464,14441,876
124606,14441,973
131421,14441,1216
126174,14441,1482
124610,14445,1060
127117,14445,1152
120000,14445,1778
127023,14446,573
122894,14446,1004
121664,14446,1359
133357,14451,701
125714,14451,712
122513,14451,1678
125898,14452,1170
130826,14452,1340
132653,14452,1948
126621,14465,654
129913,14465,1228
127477,14472,1555
134600,14479,881
131499,14479,1374
124568,14479,1908
127714,14483,559
126868,14494,1060
133141,14514,575
121381,14516,1034
122763,14516,1300
131740,14519,1004
124663,14519,1757
122399,14529,1164
120611,14530,575
129901,14530,618
132901,14530,808
130725,14530,1948
127707,14532,735
132525,14532,911
131785,14532,1951
127777,14535,814
132319,14538,808
134064,14538,1754
133370,14540,1987
129683,14546,1670
122396,14549,1675
128034,14550,792
132880,14550,1374
124626,14570,814
132907,14570,876
120844,14573,1228
121908,14575,624
123123,14575,1675
129237,14581,1949
127782,14584,1834
127719,14586,1754
129807,14590,911
131145,14590,1517
123656,14590,1670
132036,14590,1948
121993,14601,1164
125804,14601,1517
131142,14602,1700
127421,14605,669
130983,14629,1253
133540,14629,1487
126102,14629,1675
127517,14639,881
120199,14639,1060
126066,14639,1102
121333,14639,1202
121450,14647,559
122178,14655,624
133322,14655,794
131075,14657,669
120150,14659,1754
122824,14661,1333
128400,14661,1409
122094,14662,1757
128550,14662,1913
130366,14675,1005
127854,14675,1102
120382,14678,531
125389,14678,901
128813,14680,1670
120990,14682,1004
124637,14682,1598
125842,14682,1787
121447,14682,1830
128354,14682,1949
127136,14687,808
122122,14698,1700
127038,14704,756
125654,14704,1340
125148,14707,1292
128589,14714,858
126384,14723,1184
128368,14723,1435
134588,14747,1914
125278,14752,1571
133001,14753,1034
133062,14763,573
123011,14770,998
128209,14772,701
121587,14772,1333
128268,14772,1754
125448,14775,1300
134799,14783,1055
126338,14784,808
121556,14784,1055
122425,14784,1948
130462,14791,573
124411,14791,1164
132572,14829,1101
131737,14829,1487
126519,14845,814
125642,14845,1164
133909,14845,1598
130439,14847,1034
132950,14850,1228
130499,14859,1152
122545,14859,1176
128346,14859,1834
125854,14868,618
123761,14868,701
134143,14868,1422
124331,14868,1830
120606,14868,1949
125034,14868,1984
121935,14870,766
123142,14870,901
122573,14874,1216
131531,14874,1908
122955,14883,1340
129780,14887,1333
130310,14894,947
129721,14898,1538
127759,14898,1951
133513,14901,1170
131720,14901,1409
126925,14901,1787
126524,14906,559
121672,14906,1102
123130,14906,1830
134697,14910,1034
121731,14917,1152
120304,14919,1359
128655,14923,654
132193,14927,911
126237,14927,1949
127893,14932,1675
125868,14933,735
128807,14933,1365
124080,14933,1987
123245,14944,735
124967,14955,962
129930,14958,624
131810,14958,1757
134027,14963,584
121706,14963,998
122527,14963,1908
126455,14997,881
132972,14997,1164
132433,14997,1202
127683,14997,1913
129704,15005,1482
126936,15007,654
132041,15007,906
124603,15007,1202
132703,15013,1170
130223,15013,1435
133128,15015,513
120282,15015,1435
131179,15016,1517
134557,15029,669
134176,15029,794
131443,15039,1300
127594,15041,1522
130246,15048,1487
125513,15048,1678
123448,15049,513
121397,15049,531
122419,15049,1787
121432,15071,1359
131649,15076,618
120219,15076,1374
129078,15078,756
128412,15078,1987
123978,15083,701
129073,15088,766
124590,15088,1055
125531,15088,1292
121493,15089,1004
132924,15089,1352
133048,15099,756
120245,15099,1253
123185,15099,1300
129403,15100,792
132541,15100,962
125643,15108,1333
133343,15108,1374
134397,15108,1571
127713,15116,766
130940,15116,916
132020,15116,1340
125666,15119,559
125108,15119,1292
122104,15119,1359
123558,15124,712
130827,15124,1974
130253,15127,1675
124281,15129,1524
127115,15145,513
126308,15145,906
128875,15145,1340
133658,15145,1949
126467,15149,792
134923,15149,794
130878,15149,1677
133277,15152,1374
126516,15159,794
134852,15159,1949
128546,15162,1005
121923,15162,1102
124613,15163,624
132348,15163,834
129976,15168,794
127751,15168,1184
124014,15168,1333
127842,15168,1517
121258,15173,1102
131382,15173,1184
124976,15173,1300
133049,15197,1202
126205,15197,1435
128712,15203,901
133774,15218,947
133702,15218,1524
123999,15224,756
130731,15224,1359
128419,15226,1984
126093,15228,559
132949,15228,858
133660,15228,901
126543,15228,1176
132517,15232,735
123352,15232,1152
122474,15239,916
130586,15239,962
131975,15242,1228
124064,15242,1333
131484,15242,1914
125470,15246,1555
126584,15249,756
127102,15254,792
125043,15256,1202
120872,15272,575
132090,15272,735
127149,15272,1004
121328,15272,1300
130693,15276,792
126509,15276,1949
121183,15276,1987
129283,15287,858
122581,15287,973
130529,15287,1974
126457,15295,624
128952,15295,654
130115,15296,654
129339,15296,1830
128631,15298,1202
128973,15300,584
128424,15300,1036
127845,15309,1951
127675,15318,669
131033,15318,881
125665,15318,906
128041,15318,973
124111,15322,964
127383,15322,1343
124445,15323,624
127037,15323,1060
128375,15340,947
134425,15349,1555
125807,15351,1343
130261,15356,712
127550,15356,1036
121677,15358,834
131043,15371,766
124794,15372,876
124819,15372,1055
134859,15372,1101
126180,15372,1960
127554,15374,973
132865,15374,1340
127169,15378,876
129287,15378,1101
123868,15378,1365
133458,15412,573
126280,15412,1004
130426,15418,1060
132717,15418,1374
120564,15418,1984
132180,15425,916
134392,15425,1073
121109,15428,1004
134288,15428,1365
122583,15428,1951
125883,15432,1522
128464,15432,1553
131113,15432,1555
134590,15439,1034
123071,15439,1496
131835,15441,531
128852,15441,1212
130970,15441,1365
122160,15442,901
132638,15451,1060
130765,15451,1675
122738,15452,961
123280,15452,1253
128587,15452,1522
126361,15454,735
132756,15454,1522
124449,15460,794
133130,15460,1482
131565,15460,1553
120311,15467,654
125862,15467,962
129990,15467,1778
120019,15470,1202
130856,15477,618
130011,15477,964
123146,15477,1374
130461,15481,513
134660,15481,618
128729,15490,1152
132828,15493,759
129122,15493,1487
128638,15496,575
126972,15496,794
127652,15499,618
132672,15502,1678
130076,15513,1830
124561,15516,1212
130938,15516,1524
121538,15516,1700
120055,15523,654
122464,15526,1300
132660,15528,1300
120393,15528,1365
122609,15529,901
132371,15529,1102
134235,15529,1522
131918,15529,1787
127483,15531,947
123930,15531,1352
133179,15531,1517
121076,15531,1830
125344,15542,1055
121286,15542,1164
126147,15542,1343
132799,15548,756
131715,15548,1700
129981,15552,1496
122928,15552,1677
122820,15552,1678
126546,15557,1522
131788,15561,961
129989,15571,1409
123456,15573,962
130788,15579,669
129883,15579,1060
124680,15579,1482
120527,15585,1036
120136,15588,756
122452,15588,1340
132708,15592,654
124123,15592,1524
126817,15597,1974
125609,15603,1538
129366,15604,654
120290,15623,1036
119984,15632,654
132903,15632,669
120308,15632,1700
126354,15662,712
124765,15662,834
131955,15662,1005
125468,15662,1987
134135,15672,618
131826,15672,947
134563,15681,575
123998,15716,756
130666,15719,1435
121523,15719,1517
121871,15720,814
133167,15720,1409
131601,15720,1553
132711,15720,1913
127447,15721,1300
127798,15722,756
126472,15722,1435
132479,15722,1496
133166,15722,1598
127066,15731,947
124723,15736,1974
129294,15739,1522
120198,15739,1524
134812,15739,1778
126982,15741,1754
131432,15745,1034
123547,15745,1951
131619,15745,1960
130158,15747,973
124530,15747,1487
122052,15757,1164
129444,15757,1435
133938,15759,1524
124760,15763,792
131095,15763,794
120399,15763,808
133667,15763,901
131590,15763,1913
133878,15767,573
126921,15767,1036
125082,15767,1522
123605,15771,1754
132434,15774,1060
125223,15774,1553
134548,15783,1300
131610,15787,792
121973,15787,1908
132510,15791,1670
122014,15809,1359
129742,15809,1522
134875,15817,1908
132133,15824,618
125465,15846,712
122900,15846,792
125402,15846,1216
133738,15846,1914
132953,15859,792
124813,15859,834
124505,15861,1202
122564,15864,575
132692,15864,584
122800,15867,964
132861,15867,1101
120579,15884,1333
125885,15884,1359
131598,15884,1365
125595,15887,756
124633,15888,1948
127968,15896,624
120470,15896,1292
126316,15896,1343
124184,15901,1359
122556,15902,654
132635,15910,1524
128679,15913,1949
123226,15919,794
131993,15919,901
131371,15922,1343
132389,15926,962
126884,15927,962
130289,15930,1170
131957,15930,1374
125496,15931,1216
125487,15932,701
131460,15932,1496
134272,15932,1678
125258,15932,1834
128775,15937,766
122834,15937,1184
131654,15937,1757
124144,15943,1352
121513,15945,701
121948,15945,901
134364,15945,1073
127679,15945,1212
124412,15945,1253
126686,15952,624
133265,15952,1555
126837,15952,1754
129566,15959,766
123684,15962,792
129803,15979,962
129138,15979,1152
130531,15981,906
125115,15981,1333
124697,15981,1374
132505,15981,1496
124293,16021,756
122278,16021,1164
121205,16025,1435
132933,16036,881
132480,16036,964
128266,16036,1598
124623,16041,1228
134691,16041,1678
120093,16042,1340
133462,16042,1352
121709,16042,1778
123721,16043,792
121408,16043,1036
126658,16043,1670
129938,16050,584
122019,16050,618
125689,16064,1036
124062,16067,1913
131750,16067,1949
129435,16070,573
127197,16070,1524
120988,16070,1913
132471,16070,1948
123769,16073,575
121071,16073,1333
123179,16073,1538
126886,16084,618
130773,16084,1101
131363,16084,1152
120960,16084,1343
131233,16084,1948
121710,16086,1164
126920,16086,1949
130277,16089,1176
130721,16093,1830
130344,16101,1340
128970,16104,1253
134515,16104,1482
131500,16104,1670
127346,16105,911
132184,16105,1359
132211,16106,1960
126872,16108,1300
127028,16108,1754
134211,16119,1834
120446,16123,618
131351,16130,618
124259,16130,1102
131744,16130,1300
125508,16130,1343
128585,16146,1073
127173,16152,1352
129799,16159,618
129442,16159,1834
127530,16160,575
126973,16160,1524
130893,16162,1517
129262,16163,962
125193,16166,573
125896,16166,1778
132384,16168,961
127135,16184,1374
131494,16184,1778
127642,16194,1055
129372,16194,1422
125309,16194,1678
124250,16197,1374
123393,16202,1202
129688,16202,1948
127183,16203,858
131090,16203,947
126447,16203,1913
123494,16209,575
131943,16210,573
130984,16210,1422
120433,16217,1212
131200,16217,1216
126008,16217,1678
132122,16217,1949
134435,16233,1212
125831,16233,1834
129868,16239,1496
129811,16239,1675
124873,16241,1340
120843,16242,624
122661,16244,1949
128462,16252,1184
127669,16252,1778
122461,16252,1951
125352,16263,947
124674,16263,1587
124647,16271,881
120824,16271,1517
128413,16272,1571
133239,16272,1908
130293,16272,1960
134049,16276,1913
122801,16276,1984
124898,16280,1343
132526,16280,1517
122417,16280,1598
132256,16282,1343
132292,16282,1365
123068,16282,1830
121754,16282,1974
128941,16289,973
123369,16300,1164
122547,16317,654
127962,16317,1212
131823,16324,1333
130518,16328,916
125683,16329,1496
124810,16331,1164
121673,16344,808
134406,16344,901
124186,16344,1102
122992,16344,1184
131109,16344,1700
130626,16365,973
124736,16365,1598
125268,16376,1216
121102,16377,881
128844,16377,915
124068,16381,1587
133506,16381,1913
134355,16384,1102
124608,16384,1571
123815,16387,669
124671,16389,1757
127808,16389,1949
124970,16395,858
124510,16395,1055
122597,16395,1152
130542,16399,1675
126923,16403,876
127148,16403,1787
126852,16405,573
132661,16405,1004
131468,16407,881
123820,16410,915
133903,16410,1754
122374,16428,858
129465,16432,1170
132715,16459,947
132822,16461,575
123262,16461,1435
133772,16465,1057
121069,16465,1102
124950,16465,1987
131732,16470,814
125322,16470,1073
126767,16478,1913
134502,16490,618
123748,16490,998
121751,16490,1787
125538,16495,573
128999,16495,756
122346,16497,573
126167,16497,947
120957,16497,1102
129668,16497,1300
125740,16497,1359
126129,16497,1555
122511,16497,1778
130781,16497,1908
132992,16497,1960
124826,16505,1787
132511,16508,814
125667,16514,1176
133470,16514,1522
132245,16514,1754
127934,16515,961
131996,16525,573
127832,16525,834
132769,16525,1677
127112,16526,1184
123365,16535,701
133432,16535,1176
126578,16539,1678
134871,16547,858
128567,16551,1057
126754,16551,1524
127722,16551,1974
124520,16556,1553
125000,16556,1974
126302,16561,792
127374,16562,834
128724,16562,1055
121417,16568,1004
128196,16568,1948
132264,16570,575
131396,16588,1522
129054,16590,1055
128474,16607,876
122632,16607,1754
131429,16612,916
120468,16612,1333
121377,16622,735
132777,16622,1333
132465,16622,1948
129643,16625,513
122246,16625,881
120612,16625,1170
122397,16625,1553
133740,16631,1292
134898,16646,1343
125168,16646,1435
124021,16654,1482
125788,16654,1830
131507,16660,531
123710,16668,618
125770,16668,916
126673,16668,1060
130961,16668,1487
120706,16673,712
134020,16673,1571
128665,16675,654
132823,16675,1422
130761,16686,531
129784,16690,1834
124458,16690,1960
133280,16692,1036
133009,16692,1913
120518,16695,1538
130050,16697,1184
127621,16697,1352
125934,16697,1587
133097,16704,1152
127352,16704,1253
128701,16707,1987
123829,16710,901
134938,16710,1164
125428,16714,1949
120888,16719,792
130632,16719,901
127449,16719,1073
134101,16720,1184
132575,16720,1553
127114,16730,1176
131791,16730,1333
132085,16740,1073
126774,16750,1830
124468,16753,759
128207,16753,1757
130617,16753,1830
122078,16768,916
121096,16770,1216
123855,16770,1496
120039,16770,1677
130131,16778,962
124479,16792,1184
134866,16792,1333
129844,16796,1913
134179,16804,669
133230,16804,808
125318,16804,876
125391,16804,964
122010,16804,1482
127365,16813,584
124911,16820,1073
130573,16820,1228
128525,16821,1553
120573,16821,1908
130649,16823,1482
129067,16829,915
123160,16829,1164
127537,16832,701
124963,16833,808
125469,16840,1487
127230,16843,735
122030,16843,759
128095,16846,766
133597,16863,901
121962,16863,1538
120675,16866,1170
125843,16866,1333
127940,16869,756
121864,16869,1101
123943,16869,1212
127655,16869,1587
124223,16876,735
127467,16876,1365
133132,16878,947
124417,16878,1101
128267,16881,1757
131761,16881,1987
121531,16901,1422
132387,16901,1960
125835,16902,906
123587,16902,1522
132250,16902,1830
123495,16904,1913
121407,16916,1004
123772,16916,1057
134159,16916,1754
129661,16916,1951
132906,16916,1984
130010,16921,1365
120206,16921,1914
131990,16923,1184
134214,16932,834
128789,16932,1036
129622,16932,1834
130605,16950,712
121521,16950,1908
123333,16955,1951
123017,16971,1176
122463,16976,1834
127551,16977,1675
126088,16981,1409
131258,16981,1834
120285,16981,1960
126228,16983,916
134655,16983,1102
127653,16986,1055
125021,16986,1300
131365,16986,1538
133163,16986,1914
121095,17007,701
130284,17007,1184
120709,17012,876
133922,17012,1102
123187,17015,961
121157,17017,654
133188,17017,1253
131059,17017,1524
123007,17022,1253
131279,17022,1300
134287,17032,618
134346,17032,901
125558,17034,654
121734,17034,1216
127577,17038,1951
130982,17045,1005
121048,17045,1055
130795,17060,766
130186,17071,1004
130909,17071,1435
134010,17071,1670
132227,17074,1164
132954,17074,1212
132070,17075,756
127357,17085,654
123135,17085,712
121898,17085,1598
124295,17085,1787
128332,17085,1830
121818,17086,735
130484,17087,962
126611,17087,1409
128107,17100,575
122662,17100,584
130026,17100,624
127572,17100,1670
130435,17104,973
125461,17104,1987
130235,17111,1036
127721,17112,1253
132886,17112,1830
132995,17118,808
132382,17118,1073
121080,17118,1343
134036,17118,1365
123770,17120,701
133078,17120,881
128687,17120,1834
124986,17120,1960
123648,17124,915
128451,17124,962
131511,17131,654
133940,17139,1292
127958,17139,1587
124515,17140,1036
134224,17140,1152
120774,17140,1482
125433,17149,575
134075,17149,906
134912,17149,916
133617,17153,1757
134935,17178,766
126159,17178,1834
124249,17179,964
122299,17179,1834
133382,17185,559
125822,17196,876
127645,17196,1409
125363,17210,964
127060,17215,1538
134484,17215,1754
129876,17215,1948
125294,17226,1374
134652,17226,1555
129450,17226,1598
121560,17233,1333
124804,17240,1974
127997,17260,1005
134881,17260,1036
119994,17260,1055
133314,17260,1422
133917,17260,1571
126885,17263,735
127391,17263,1496
122937,17263,1675
126495,17272,1184
127666,17273,573
134493,17273,735
128177,17273,911
127233,17273,1055
133655,17280,1176
126276,17280,1949
123442,17282,701
126843,17283,584
134707,17283,1102
131300,17292,1340
129007,17296,654
132934,17297,876
129755,17302,961
124160,17302,1005
123530,17302,1057
126554,17303,559
120569,17303,915
128301,17303,1102
125574,17303,1517
127287,17303,1700
120168,17308,559
126498,17308,1004
127531,17311,575
121730,17315,808
133596,17333,1352
130606,17344,1164
130754,17344,1184
129778,17344,1834
123744,17348,1949
123353,17351,1670
120130,17361,531
133059,17361,1343
132675,17361,1555
133846,17369,766
127471,17375,1757
133595,17375,1987
122057,17381,559
132372,17381,1170
132394,17381,1974
131138,17388,998
121479,17388,1005
122749,17388,1036
126874,17388,1571
128063,17396,654
130360,17396,1333
122400,17396,1340
132032,17398,618
132214,17398,1228
127002,17398,1409
134470,17421,1914
132298,17426,618
124039,17426,1034
120035,17434,1073
120522,17435,624
134213,17435,876
125235,17435,1435
123937,17440,559
124700,17440,947
128825,17440,1987
124694,17442,1587
132676,17442,1984
125346,17461,1754
122155,17485,814
123516,17493,961
121781,17493,1102
134137,17493,1374
124315,17493,1675
121836,17516,1300
122041,17516,1487
124572,17516,1984
122123,17517,794
125969,17517,947
130425,17517,1914
120711,17520,1987
120935,17522,915
128367,17522,1333
122404,17522,1435
124643,17550,962
134663,17550,973
133030,17550,1374
124944,17556,669
134885,17556,901
125301,17571,876
127426,17583,756
121074,17583,1359
129085,17586,881
129151,17599,1073
126335,17605,1517
128478,17613,1055
131657,17613,1176
121957,17631,1340
130785,17638,1343
122817,17638,1834
121945,17646,1365
120453,17653,1343
125776,17653,1487
121995,17657,1300
131489,17661,1670
120491,17671,1422
124536,17671,1435
132826,17674,1184
126379,17686,858
120781,17686,1670
125439,17687,876
129618,17687,915
132392,17687,1176
122001,17695,759
130457,17695,876
128386,17695,1374
122744,17718,1700
121136,17725,915
128853,17725,1984
124917,17737,584
121278,17741,584
125320,17746,1409
128626,17765,792
123969,17765,1555
123716,17768,998
133778,17768,1101
122908,17768,1524
132060,17779,1005
133107,17782,1102
121105,17782,1359
120903,17791,513
124916,17796,1553
121904,17796,1587
128708,17802,624
127731,17802,794
124933,17806,961
130309,17806,1359
134032,17806,1987
125661,17815,1152
129302,17823,947
121592,17847,814
124897,17847,964
134764,17847,1700
129802,17864,584
122716,17864,814
130257,17864,1374
134363,17871,1571
120217,17874,792
128328,17874,1292
128290,17884,792
121310,17884,1170
133699,17884,1340
124941,17884,1598
120218,17889,1787
121741,17891,712
123459,17891,947
133732,17903,1778
122458,17906,1987
126358,17910,654
125739,17910,834
122514,17935,808
127201,17935,858
133307,17935,1960
132957,17937,1228
124922,17937,1914
124245,17957,735
128929,17961,911
129855,17980,901
123844,17986,1034
129378,17986,1292
124915,17986,1300
129620,17990,1352
123913,17991,1333
122811,17995,881
129972,17998,531
130556,17998,624
127646,17998,947
120652,18000,618
132155,18007,808
125052,18009,513
124132,18009,1202
121936,18009,1374
125239,18029,1060
130215,18037,766
126663,18037,1333
122548,18037,1422
131085,18040,916
129399,18040,1055
128903,18067,1754
127873,18078,1300
127665,18078,1517
134529,18098,814
124831,18098,834
132598,18098,1170
133560,18098,1524
130155,18103,1212
129493,18105,654
123647,18129,1212
129432,18129,1228
132388,18129,1352
130404,18129,1834
134748,18131,531
121868,18133,906
124446,18133,1060
130834,18133,1435
134190,18138,1374
128098,18142,1538
129697,18142,1787
132738,18144,1176
131270,18144,1228
131070,18148,964
120580,18151,559
130668,18151,906
124051,18151,1184
127566,18152,1164
124936,18152,1409
134729,18152,1914
127870,18155,1004
129608,18155,1036
126304,18155,1754
128070,18165,814
130739,18165,1670
121916,18165,1678
125060,18165,1834
131374,18171,735
125546,18174,792
128349,18174,1300
124578,18174,1754
133857,18174,1757
132690,18174,1778
133537,18183,735
122649,18183,1300
132247,18183,1340
134810,18183,1359
127979,18183,1365
120053,18183,1517
131399,18194,1036
132123,18194,1487
131848,18202,1778
129892,18205,794
126698,18205,1365
131386,18205,1587
124783,18211,1333
127200,18211,1409
120992,18211,1908
130912,18213,792
124472,18213,876
132746,18213,1034
130489,18213,1670
124030,18217,513
133255,18217,531
134050,18217,964
127951,18217,1352
123035,18217,1555
126068,18225,1184
124174,18232,1553
133641,18235,1212
132288,18235,1435
123988,18237,1253
129225,18239,1036
131559,18239,1343
134581,18244,1004
122363,18244,1202
134777,18244,1598
132001,18250,624
129084,18250,792
129160,18250,1164
126465,18250,1176
128887,18251,1101
122361,18252,756
121033,18253,1754
131541,18255,947
122418,18255,962
134028,18255,1005
125298,18255,1522
120228,18264,1036
127980,18272,1984
121346,18273,1496
120967,18273,1974
123717,18275,735
134571,18275,1754
120618,18281,814
122667,18283,559
124745,18283,575
120497,18283,808
133542,18284,973
123384,18285,911
134618,18285,1422
122335,18285,1951
122284,18288,735
127328,18288,1170
133153,18290,1216
133178,18297,1102
126014,18313,1057
124664,18320,792
134554,18334,1004
124508,18334,1524
120384,18335,998
121050,18335,1538
125380,18343,624
123612,18343,1170
131830,18353,1914
131400,18359,1073
128314,18359,1102
126969,18359,1184
133194,18364,712
131807,18364,792
128919,18364,1101
129143,18364,1340
120305,18364,1374
132350,18364,1409
128042,18364,1787
122054,18373,669
134118,18373,1216
125355,18373,1300
127836,18384,1176
123696,18384,1517
121577,18397,1343
127877,18403,559
134402,18403,964
129501,18403,1974
132536,18404,1152
133436,18404,1555
133383,18421,794
130942,18421,1787
131328,18421,1908
120974,18421,1948
132850,18432,766
123709,18432,792
120457,18432,1522
123411,18433,1034
120700,18433,1951
126439,18448,876
131705,18448,881
121567,18448,1292
127753,18448,1553
123113,18466,1365
119996,18469,712
125787,18469,1164
130745,18476,1359
124874,18476,1374
134831,18491,531
130803,18493,964
132177,18499,618
128066,18502,792
120431,18502,915
133672,18502,1948
129126,18505,531
126676,18509,1034
122205,18509,1487
123446,18509,1834
132364,18514,1073
132740,18518,876
125046,18526,1170
130409,18528,766
126660,18528,814
126670,18531,1164
126317,18533,1005
130301,18533,1587
133006,18535,1057
134041,18565,1913
125140,18570,901
121153,18570,911
134579,18570,1343
131215,18583,916
123873,18589,624
124943,18589,1170
131213,18589,1538
125396,18593,962
134750,18593,964
124102,18593,1101
127767,18593,1300
124455,18596,794
127510,18596,1670
129347,18601,759
126607,18601,998
127240,18611,584
131185,18611,1005
120099,18613,712
132668,18623,1216
132412,18636,766
130295,18636,1036
121245,18636,1482
120516,18636,1778
129905,18636,1787
124159,18643,531
123003,18648,901
130683,18648,973
130379,18651,575
130302,18651,1073
134141,18651,1292
131269,18651,1482
123050,18658,573
130558,18658,1757
134608,18685,575
124239,18685,624
133688,18685,998
125517,18685,1359
127441,18685,1960
131614,18692,1571
131010,18697,559
122015,18699,1587
123053,18705,1253
129642,18712,1598
126492,18713,1073
128892,18717,973
125051,18717,1422
124802,18718,624
133269,18718,1228
131462,18718,1830
120392,18719,901
120701,18735,735
120276,18735,1060
133873,18735,1164
128292,18735,1422
129024,18738,808
130899,18750,1365
130830,18753,1253
125765,18756,759
129971,18757,906
133439,18759,1951
121542,18762,906
129539,18762,1292
124654,18768,1598
131037,18770,808
129922,18770,1670
129588,18770,1949
134853,18772,1057
132858,18772,1914
133821,18774,531
132971,18774,735
121471,18782,759
125662,18783,712
122925,18783,1102
131966,18801,881
134721,18801,1004
123557,18802,876
130304,18802,1422
128089,18802,1974
132790,18806,1949
121530,18815,1101
127941,18815,1598
120732,18817,513
124163,18817,559
129319,18817,1184
131563,18820,624
131253,18820,962
122342,18829,575
123911,18830,1057
122948,18833,1034
125229,18839,792
120145,18841,1517
124034,18843,1176
123534,18855,1409
127219,18855,1913
123470,18861,1422
124100,18861,1787
121788,18870,1951
131856,18871,1487
121015,18871,1538
120241,18871,1757
126981,18876,584
128075,18880,618
123537,18886,916
131419,18887,584
126880,18887,1340
125122,18887,1778
128624,18888,573
124595,18899,1365
129777,18899,1555
124528,18899,1908
123667,18907,901
125640,18918,962
133148,18918,1555
129571,18918,1787
128309,18939,1482
133247,18965,1300
123959,18981,766
134257,18981,1060
134011,18981,1073
127732,18989,915
126896,18989,1101
133390,18989,1352
124043,18990,858
122789,18990,1678
127796,19001,1538
124753,19011,1005
127274,19015,1005
134695,19015,1757
120215,19021,1057
124296,19036,575
123497,19036,961
127266,19036,1409
131714,19037,901
131960,19037,1754
127317,19041,794
122587,19041,1164
134109,19041,1365
121775,19041,1374
122867,19042,794
134919,19042,876
121093,19049,1359
121290,19049,1517
127093,19053,654
130926,19053,834
134589,19053,901
132749,19053,1435
129678,19071,1333
130930,19072,573
120640,19075,1908
128769,19082,1374
122873,19082,1757
123508,19088,513
123038,19088,712
129814,19088,759
126253,19112,998
129291,19114,669
133447,19114,1228
134256,19115,911
127614,19115,1055
127018,19126,1073
128383,19134,964
120817,19134,1176
125844,19134,1914
127540,19146,1300
120027,19146,1482
122518,19146,1555
131094,19147,1055
121484,19151,814
129221,19151,1787
120946,19151,1984
120440,19154,1951
122211,19156,911
131146,19156,916
133497,19165,1216
133463,19165,1292
120110,19167,1787
123239,19168,573
129111,19168,792
129633,19173,1913
131452,19175,1359
128781,19184,1675
129682,19184,1754
123952,19188,964
125532,19189,1757
120785,19190,1830
120388,19190,1987
121803,19201,1164
121057,19201,1216
128554,19201,1670
121385,19201,1960
122040,19203,814
122943,19203,1359
133675,19203,1670
125269,19207,1951
134567,19210,1598
125748,19224,624
129285,19224,961
128912,19231,1253
125374,19231,1517
133627,19231,1960
121520,19233,669
127179,19240,1253
123573,19240,1359
122617,19240,1754
132920,19242,1587
128186,19242,1834
127435,19247,531
129512,19247,947
120061,19247,1202
125984,19247,1555
129090,19255,1202
125411,19263,1987
122427,19264,712
123394,19269,1101
134461,19282,573
127026,19282,1333
120270,19282,1524
134722,19288,559
124702,19288,1787
126913,19289,834
123356,19289,964
126719,19295,1359
128486,19295,1538
126244,19301,1678
123270,19308,1754
130633,19310,1034
125471,19310,1184
134217,19312,1005
129076,19312,1333
128746,19317,669
126586,19319,1553
123799,19319,1948
125846,19327,759
132553,19327,1778
123974,19328,915
131310,19328,1202
121909,19328,1365
125557,19335,858
132401,19335,1102
132014,19335,1670
128432,19346,654
126119,19346,881
130055,19346,961
134789,19351,575
130700,19351,1914
125712,19362,1333
126111,19385,531
131698,19388,654
124535,19388,1101
134924,19388,1253
126098,19389,669
133435,19389,911
126315,19390,1555
132168,19392,911
130950,19392,1960
123763,19403,1948
123593,19410,624
128872,19434,1359
124150,19434,1409
122460,19434,1675
132640,19436,1164
120137,19438,947
124875,19442,1340
120799,19442,1678
128870,19448,669
131611,19448,1176
122793,19449,624
133613,19449,1333
126553,19449,1435
122841,19464,901
131806,19464,1538
134147,19476,513
125277,19476,573
134463,19476,618
122213,19476,1184
129774,19476,1987
120212,19482,1004
127644,19482,1555
120204,19483,911
131321,19483,1517
120802,19483,1553
133508,19484,1202
133859,19491,1487
125305,19494,701
124347,19494,1496
122779,19495,1176
120680,19495,1571
129671,19495,1914
122694,19505,1057
133489,19506,573
129754,19506,998
119990,19506,1677
132286,19521,654
126547,19539,618
132172,19539,1101
134441,19540,1555
125282,19540,1670
126132,19544,1365
124977,19544,1678
123081,19544,1787
134566,19551,654
123658,19551,858
128664,19551,1176
134602,19551,1517
123556,19551,1984
129535,19553,973
124213,19560,1036
124098,19560,1555
122259,19574,1333
125998,19574,1524
134760,19588,973
124577,19590,962
122695,19597,901
124552,19597,1517
122192,19607,858
130322,19607,962
125928,19608,947
124990,19608,1374
132856,19608,1522
120502,19614,1060
126269,19614,1073
120336,19614,1538
134891,19620,1487
120464,19620,1948
121037,19624,766
131062,19624,808
127667,19624,1343
132249,19631,1164
125533,19631,1202
130490,19635,1834
121977,19637,618
126883,19637,973
120600,19637,1524
125981,19641,947
127064,19641,1216
124952,19654,573
124666,19656,906
120141,19656,1496
123706,19668,964
134640,19668,1587
132697,19668,1754
122852,19668,1787
121987,19669,1670
131711,19669,1830
127723,19669,1914
125708,19671,584
128720,19674,947
134133,19674,998
128115,19674,1675
133488,19674,1914
132129,19675,701
121949,19683,1005
128453,19683,1571
134476,19683,1677
123198,19703,834
121600,19703,1343
129534,19708,1352
122715,19710,531
120537,19710,573
127718,19710,1164
128072,19710,1913
127924,19710,1984
127671,19714,701
126950,19714,1102
133313,19714,1524
133669,19719,1482
130065,19719,1555
120529,19720,1333
131402,19720,1359
130743,19724,1987
129651,19725,1913
128168,19754,1101
127485,19754,1202
125742,19754,1834
134052,19773,1005
134136,19773,1176
128056,19775,808
131325,19775,1757
128915,19778,735
134880,19780,834
128394,19781,1352
122633,19787,759
121702,19787,858
122689,19791,1152
134376,19791,1670
125217,19791,1913
126902,19791,1951
123977,19802,531
132414,19802,1974
134770,19803,735
129303,19808,1365
125638,19810,573
128839,19811,759
132898,19811,1034
134370,19811,1352
121311,19811,1834
130083,19818,1951
130287,19835,1184
121376,19837,947
132173,19837,1216
122610,19837,1675
129734,19841,1757
121968,19851,513
127681,19851,794
132451,19851,876
123793,19851,1700
126404,19866,669
125341,19866,1974
132104,19867,559
120445,19873,573
129950,19873,1055
129000,19874,759
133468,19874,1524
126031,19883,1073
131375,19884,1164
129665,19884,1754
134753,19884,1787
121807,19891,973
129877,19891,1004
129188,19892,998
131103,19892,1228
124049,19892,1343
132266,19892,1951
133642,19906,735
125247,19909,584
130074,19909,1754
133933,19912,1184
123144,19912,1253
124957,19921,1754
125703,19921,1778
130615,19922,998
122407,19928,808
125189,19928,1060
125088,19928,1365
127089,19928,1778
126591,19931,1004
130197,19944,1365
130874,19944,1555
126661,19944,1678
133044,19945,808
122454,19946,858
128212,19950,834
125724,19950,1164
122933,19950,1422
126392,19951,901
131106,19961,1034
120916,19987,584
121685,19987,1060
123907,19987,1538
126632,19987,1984
132318,20005,513
120980,20005,1292
124277,20014,1343
120707,20014,1787
132454,20019,1102
122854,20019,1216
129667,20029,916
129607,20029,1670
121470,20030,794
129016,20032,794
125441,20033,1164
120594,20036,1987
121468,20037,1333
133075,20038,881
130401,20042,1060
131668,20042,1496
123231,20045,584
120792,20045,1948
125894,20047,1422
126034,20049,1571
128497,20060,735
122885,20060,858
129879,20060,1253
123247,20060,1292
134549,20060,1524
121420,20068,881
132793,20068,1216
130629,20070,531
126499,20070,1678
121379,20081,1036
133745,20087,901
133176,20087,1036
129691,20087,1678
127051,20087,1908
121651,20087,1913
133671,20087,1960
133438,20092,962
129134,20092,1677
131141,20101,915
123300,20101,1587
131974,20101,1913
126601,20112,998
128305,20112,1984
133317,20113,712
129785,20113,794
134509,20113,1948
125785,20126,1914
124233,20126,1974
125653,20130,1212
129663,20138,1409
122718,20149,766
123539,20153,573
124879,20153,911
121695,20156,1422
124948,20156,1517
130918,20159,1228
120407,20171,624
134653,20171,1005
124721,20172,1914
124580,20173,911
120269,20189,756
133087,20189,1292
127416,20189,1757
122000,20190,573
130154,20190,1948
131266,20211,1253
134169,20211,1522
124356,20211,1524
128123,20213,1170
131217,20214,1553
125446,20216,513
131039,20216,1202
126214,20222,1948
132089,20225,573
120134,20225,575
120920,20229,808
124322,20229,858
131772,20229,1587
133350,20229,1678
121426,20231,1948
133267,20242,1212
121770,20242,1300
129542,20245,766
131084,20252,906
130631,20253,1102
125254,20253,1212
124706,20254,624
131857,20254,1374
127047,20254,1524
133631,20261,1482
122134,20281,1005
133024,20281,1184
129389,20281,1571
129616,20284,669
126406,20284,1522
131524,20292,1292
134580,20305,669
133251,20305,1778
133863,20305,1951
127101,20306,998
121406,20306,1216
130369,20318,584
134664,20318,759
126420,20318,1055
132290,20327,513
120347,20333,1960
121540,20359,1678
132893,20365,1435
122888,20371,1778
122450,20371,1787
132555,20380,792
120266,20380,911
123140,20391,792
130975,20391,814
131926,20394,513
127194,20394,962
134939,20394,1487
124980,20394,1677
132220,20398,759
126908,20398,1212
133920,20405,858
120075,20405,915
133997,20410,962
122489,20410,1004
127938,20421,1216
121626,20427,794
129995,20431,1164
134127,20431,1913
128605,20435,794
133687,20435,973
122550,20435,1060
125725,20435,1914
127711,20435,1974
124848,20438,1036
133499,20447,1216
127793,20448,1152
131206,20455,624
133256,20462,1700
132368,20465,618
121532,20465,911
133578,20466,1524
120861,20468,1670
127468,20473,766
128016,20483,964
128946,20486,1228
128886,20490,1787
125931,20491,876
130870,20491,1951
126951,20491,1987
122350,20495,559
128648,20495,1102
131314,20495,1524
123922,20496,961
131451,20496,1409
129027,20496,1678
132119,20501,1176
131405,20501,1435
123149,20502,1517
132207,20502,1960
130138,20515,881
123088,20519,1538
121725,20523,1202
122916,20523,1778
125719,20528,669
121801,20528,1164
122760,20528,1359
129066,20537,756
127410,20543,998
121125,20543,1036
121028,20545,1228
122616,20550,1057
133104,20550,1754
132719,20562,794
123339,20562,1005
131320,20562,1409
128493,20562,1948
131130,20574,876
128951,20574,1670
127386,20574,1914
126841,20583,814
131719,20583,911
120884,20586,1757
121251,20588,901
133764,20588,947
120115,20588,964
126745,20588,1212
132102,20588,1253
127021,20592,1359
130855,20592,1757
124518,20605,513
120176,20605,814
129069,20605,964
133270,20605,1538
121955,20605,1757
133157,20611,669
124007,20611,808
130838,20611,1948
131115,20624,1340
122127,20625,584
124457,20625,1184
130813,20625,1571
120034,20625,1830
121743,20639,531
127848,20639,559
130825,20639,735
124382,20639,1409
122672,20644,1184
128705,20644,1352
125763,20646,916
130714,20646,1164
133921,20649,1184
122806,20650,559
128942,20650,669
124620,20667,1913
128530,20671,759
121666,20671,1057
120147,20685,1202
131201,20685,1670
120673,20693,654
122108,20693,701
124395,20694,735
131092,20694,915
133120,20694,1343
126585,20695,881
127478,20695,1055
130639,20695,1538
127071,20695,1960
122772,20696,1005
125863,20697,575
127481,20697,915
123423,20697,1987
128128,20699,1176
122113,20699,1409
127196,20701,1487
122266,20712,1073
120667,20714,1359
134100,20717,1482
129364,20717,1538
130325,20718,858
130079,20718,1487
134453,20721,906
120089,20721,1553
123063,20728,1152
126212,20730,559
120187,20730,792
127559,20730,901
124816,20730,1365
125317,20732,1598
130901,20734,735
120815,20734,1524
124300,20742,701
126808,20742,964
121487,20742,1352
134389,20743,712
123953,20743,1101
120291,20743,1359
124424,20743,1555
128805,20746,916
130810,20751,618
130536,20751,906
125039,20751,964
124327,20756,1675
130871,20766,911
127079,20766,916
121855,20770,1164
125071,20770,1555
128637,20789,1176
124942,20792,1555
122325,20792,1598
122816,20796,669
121160,20796,735
129144,20799,1300
120878,20800,1678
132723,20808,792
133705,20808,1057
124202,20811,998
124928,20811,1359
128516,20820,712
133501,20820,1102
121038,20823,766
134499,20827,756
122974,20827,1359
124009,20827,1787
123957,20830,1300
124492,20830,1359
123637,20834,961
120833,20834,1253
123230,20834,1908
129847,20835,1830
133518,20840,1101
131999,20840,1102
126063,20842,1487
127369,20851,624
130880,20859,1216
128031,20859,1587
128876,20865,1343
134807,20888,911
134644,20894,915
134593,20898,573
124502,20904,756
126341,20904,961
131135,20904,1176
121676,20921,1004
121303,20923,1202
129933,20923,1409
128097,20923,1960
128436,20938,1176
127415,20938,1292
123027,20938,1598
134390,20943,792
129137,20952,1036
124822,20952,1228
132016,20952,1830
124853,20967,1365
131786,20974,573
123586,20974,973
121401,20974,1292
131369,20974,1365
122887,20978,814
132618,20978,1365
130692,20984,1677
133123,20986,1517
134776,20986,1949
124636,20997,1184
122682,21013,1176
120720,21013,1700
131544,21017,1228
123507,21019,624
130672,21024,766
126450,21024,1057
131799,21024,1984
134613,21025,1517
129388,21025,1908
126103,21030,712
122051,21038,575
134310,21038,1365
129194,21044,513
129365,21044,1300
129511,21044,1343
134409,21044,1482
122341,21060,1212
127843,21060,1333
132687,21064,1908
124538,21066,531
134457,21066,618
124498,21066,701
120299,21066,906
133197,21066,1677
120236,21066,1913
123118,21071,1057
123577,21075,998
125485,21075,1908
123713,21078,1951
133862,21086,1152
126076,21101,1374
127182,21101,1522
121735,21103,1435
131458,21107,1034
130676,21107,1170
123559,21112,735
127054,21112,834
130064,21112,915
127674,21112,1228
132365,21112,1587
132545,21114,947
128833,21124,759
121478,21124,1675
121215,21125,834
133589,21125,973
121240,21128,759
126461,21140,1004
133567,21141,618
127914,21141,1055
125241,21151,759
121665,21151,1522
133686,21152,901
124614,21152,962
131813,21152,1834
130105,21156,906
132677,21156,1101
122356,21156,1228
132970,21161,1343
131997,21172,701
123690,21178,1598
127548,21178,1948
124662,21187,792
124485,21187,1055
121591,21187,1228
121646,21188,1598
131979,21188,1974
123929,21190,584
131663,21190,1834
120124,21197,911
126223,21212,1754
131652,21213,1754
127575,21215,654
121349,21215,915
132284,21216,1073
126537,21216,1184
126842,21216,1228
123210,21217,881
131972,21217,1004
131348,21217,1292
128085,21225,794
130349,21226,792
126037,21228,947
134054,21242,1004
130403,21243,654
134429,21243,1034
125918,21243,1057
122627,21255,1587
128845,21256,1598
133288,21270,1960
120923,21275,1170
123434,21275,1949
122234,21277,1834
131100,21288,531
132073,21288,906
121620,21290,916
124268,21290,1212
125327,21290,1553
121613,21293,573
131322,21293,1292
131031,21302,1034
132037,21302,1365
127420,21302,1948
131235,21318,1170
128410,21319,1101
127338,21321,998
127741,21323,1292
125626,21331,1555
130232,21331,1587
123754,21331,1678
120357,21335,575
120324,21335,1538
123727,21335,1598
134861,21348,858
129094,21348,1005
134801,21366,559
129801,21366,998
128479,21366,1834
127571,21387,712
128250,21390,1913
134804,21391,531
134298,21391,735
132390,21391,792
127992,21391,1496
130585,21399,1202
124114,21399,1340
130053,21402,794
134506,21402,834
126873,21405,911
122876,21405,1057
128106,21405,1422
127838,21405,1787
131873,21405,1830
120546,21405,1949
124001,21408,575
133875,21414,915
123581,21419,1152
131861,21419,1700
127933,21426,808
127762,21426,1984
124419,21431,808
120354,21431,1908
122414,21440,1700
125693,21440,1757
132246,21443,858
120981,21443,1700
120066,21443,1908
123859,21445,624
133115,21445,1677
130647,21448,808
121034,21451,584
122802,21451,1757
129963,21454,1553
134678,21459,1374
120436,21459,1700
126811,21459,1960
120748,21463,876
127259,21463,1253
122941,21463,1517
134215,21466,1553
131656,21482,916
129636,21484,916
132928,21484,1374
133273,21488,858
128732,21490,1830
127206,21492,1176
122526,21497,962
123290,21503,1253
124397,21505,1754
127494,21509,964
130015,21509,1176
133744,21510,1757
126242,21511,1164
124190,21511,1538
122844,21511,1834
127470,21517,1757
133260,21523,1365
129860,21531,1960
120602,21535,624
126221,21535,1164
133198,21535,1292
120727,21565,1216
131032,21565,1422
126182,21567,654
123350,21567,1960
130568,21568,1216
120317,21568,1253
129136,21569,766
122012,21569,1333
120632,21569,1365
132810,21570,1974
127638,21573,915
124170,21573,973
133088,21573,1700
127512,21580,756
123674,21584,961
129866,21588,573
126894,21588,584
133910,21598,814
130638,21598,1057
132606,21598,1555
125400,21599,794
124600,21599,964
132559,21599,1216
122791,21599,1974
128302,21603,559
127223,21603,1164
124735,21603,1435
130602,21603,1517
134175,21610,1343
125331,21613,1913
129128,21615,858
124023,21615,911
123680,21635,766
121861,21640,573
124326,21640,1004
132872,21640,1060
126667,21640,1678
124489,21649,1036
124512,21655,947
121739,21655,1359
132566,21655,1538
123346,21658,1333
124248,21658,1365
124370,21667,513
121065,21667,584
124137,21667,654
131621,21667,1170
128736,21667,1176
124372,21676,1170
128560,21676,1202
126712,21676,1365
123788,21703,1202
130771,21703,1984
124836,21706,1670
127552,21711,1055
130095,21716,834
124677,21716,1960
134604,21718,1487
121683,21718,1522
124650,21728,876
130851,21728,1675
128577,21730,834
120862,21730,1184
125741,21732,513
125783,21732,947
127859,21735,1004
128210,21753,1164
129483,21755,1340
131555,21766,964
129943,21770,962
131887,21781,1005
122563,21795,1036
128189,21795,1057
133100,21795,1216
124506,21800,834
120705,21800,962
120477,21810,1365
123797,21814,834
122162,21814,1524
129104,21817,654
123623,21817,973
127472,21817,1524
123666,21820,911
129646,21820,1951
128814,21852,1340
121332,21853,1164
128104,21853,1212
124456,21855,1228
125987,21856,1333
134638,21858,712
132725,21858,916
130203,21858,1164
123433,21858,1670
120268,21863,998
124717,21880,573
120482,21882,735
124979,21882,1184
129411,21882,1670
125950,21882,1778
133454,21884,1913
121104,21888,759
130159,21888,792
133515,21888,964
130421,21888,1951
128900,21900,1333
124569,21911,1340
131569,21911,1482
126433,21911,1949
134876,21918,1212
125677,21918,1555
130941,21918,1948
128773,21929,1184
121696,21932,584
126793,21932,1555
130709,21932,1949
121083,21936,1908
130052,21951,1036
128539,21951,1522
123438,21955,735
131853,21955,901
132966,21955,1409
122163,21964,1517
120306,21964,1834
127145,21964,1974
123739,21975,794
134384,21975,1292
120180,21976,559
121777,21980,559
126623,21980,876
125061,21987,1340
122732,21987,1974
128630,21991,1292
125106,22001,1787
132097,22007,876
124217,22007,901
124863,22024,901
134013,22026,735
120890,22026,1700
130675,22029,1587
124278,22030,618
130495,22031,1754
121619,22031,1987
120312,22035,1060
133957,22036,1004
128580,22039,962
130042,22043,712
124275,22047,735
131248,22050,1482
134630,22064,1343
130198,22064,1359
128517,22064,1587
126090,22069,1787
121402,22071,573
129904,22071,1522
120080,22087,1102
123610,22087,1754
122244,22092,756
133553,22092,1170
127965,22092,1184
132766,22092,1951
128190,22093,1435
130406,22108,1212
121035,22108,1496
120120,22118,794
122714,22118,1365
128607,22119,654
120776,22119,1787
122023,22121,1102
131008,22126,1677
131946,22136,1212
131886,22147,1101
131267,22159,1987
123692,22163,624
123441,22163,858
123945,22163,1060
125493,22163,1678
120210,22165,911
124469,22166,858
124143,22174,1914
126709,22182,901
133953,22184,1670
130376,22186,669
130876,22186,1300
123991,22187,1675
127511,22192,915
120863,22194,911
121711,22194,1055
133719,22206,1060
133805,22208,814
134238,22208,1292
134844,22221,876
121466,22224,559
128325,22224,1359
134586,22228,792
134356,22230,575
130424,22230,858
120287,22230,1036
127977,22230,1164
119980,22232,575
132908,22232,906
131415,22244,1553
125568,22244,1571
129544,22244,1678
129523,22258,1184
124379,22258,1343
125379,22258,1359
119987,22260,1004
127987,22260,1517
122320,22262,1340
122865,22267,1212
123628,22267,1754
127639,22282,756
125463,22282,1522
122189,22283,876
121120,22283,998
127936,22283,1343
130622,22283,1757
132724,22283,1948
129223,22286,1587
122892,22293,794
121999,22293,1409
126692,22305,513
120153,22305,1102
132895,22305,1152
130597,22329,735
123008,22332,834
129029,22334,834
130217,22334,1202
129224,22334,1216
130732,22337,814
124839,22337,1073
127618,22337,1517
129985,22355,1216
132838,22356,964
125185,22356,1757
128441,22364,1034
120380,22371,766
122745,22372,1409
126674,22375,1974
133264,22382,1228
123737,22382,1754
129466,22382,1913
133135,22385,794
134160,22389,858
123124,22389,1830
132456,22407,961
130509,22412,573
123566,22412,584
134511,22412,654
133232,22412,1034
126560,22412,1974
124860,22418,881
129323,22418,1522
132373,22421,1152
123075,22421,1538
134686,22432,756
131685,22432,1228
120487,22437,901
131275,22437,973
124904,22437,1101
133730,22441,808
134558,22441,1908
121414,22448,513
129072,22448,1228
128005,22449,1435
129183,22457,1422
134327,22464,834
125504,22476,1004
123173,22476,1951
127595,22478,1374
131554,22478,1553
133294,22480,1055
125961,22480,1908
129457,22482,1212
131647,22482,1352
133337,22484,794
130922,22493,1587
123589,22493,1754
128794,22494,1435
133388,22531,756
128073,22531,1951
120441,22543,1004
121750,22543,1830
125930,22548,1340
128496,22548,1598
123884,22548,1951
134973,22561,858
123209,22582,1343
123989,22582,1553
130814,22582,1960
129521,22596,881
126343,22596,1422
129426,22596,1571
134264,22596,1787
131381,22597,814
134244,22597,1300
122813,22597,1571
130587,22599,654
127543,22599,901
122451,22599,1055
125706,22599,1202
131622,22599,1422
132044,22613,1830
131530,22615,964
131076,22624,766
130920,22624,1164
122420,22630,531
128936,22640,1914
123983,22662,531
121533,22662,766
122631,22662,947
126928,22663,1004
131282,22665,1102
124024,22667,1202
121475,22667,1913
128308,22672,759
128906,22672,1036
120505,22672,1212
126380,22672,1951
131780,22673,1948
134904,22681,1914
129191,22687,1333
132142,22687,1517
133067,22687,1538
126375,22693,1949
128779,22698,1057
129673,22698,1435
124366,22711,808
131442,22723,1333
120721,22723,1700
121309,22723,1948
129987,22725,1034
123428,22726,881
129455,22726,961
120666,22726,1228
128933,22726,1359
132599,22726,1482
134544,22727,624
132917,22729,808
132110,22729,876
130916,22731,1034
125286,22731,1974
123560,22748,1340
131404,22753,814
131081,22753,998
134497,22753,1212
123776,22753,1300
128024,22753,1908
123802,22755,513
132657,22755,575
124547,22771,858
126259,22783,575
123683,22784,1365
124128,22804,1055
120135,22816,759
131298,22816,1005
130616,22821,1677
122882,22822,531
123202,22822,911
134657,22822,1435
130567,22822,1948
132385,22830,1908
130946,22834,573
130045,22834,1598
131718,22835,1228
123662,22835,1913
123522,22844,1036
124079,22844,1553
120037,22844,1571
131593,22853,973
129087,22853,1409
128698,22854,998
123188,22854,1435
132393,22863,1055
120971,22863,1176
132926,22863,1670
120591,22866,513
122197,22866,1060
122183,22866,1300
134189,22872,961
133430,22872,1170
132560,22872,1517
130787,22873,1487
120149,22874,531
122968,22874,584
126030,22894,1184
122975,22905,559
126976,22905,573
129626,22905,1005
125539,22907,735
123292,22907,766
121687,22907,1553
133724,22910,1164
124681,22910,1253
132228,22911,712
131294,22911,1538
131759,22914,654
128733,22914,735
126143,22914,1555
124759,22924,575
129885,22924,901
123257,22924,947
122182,22925,1571
120627,22946,701
128618,22946,1152
121541,22946,1522
127314,22950,1101
123069,22950,1675
125553,22954,1164
127715,22954,1422
125329,22956,1073
130728,22956,1987
132156,22963,1365
127593,22963,1960
120225,22969,1948
132930,22974,792
134794,22974,1300
129819,22974,1409
127362,22979,858
121227,22979,961
123538,22979,1670
134424,22979,1913
122967,22985,1102
131143,22996,916
121729,23001,1365
127892,23003,1522
132997,23011,1422
122130,23012,1555
122466,23022,1908
122729,23023,701
125330,23026,618
126695,23026,1055
131065,23026,1524
130854,23045,669
129763,23054,701
128051,23054,1754
128114,23056,858
125248,23066,1228
119997,23066,1555
131893,23067,735
134783,23067,901
131984,23067,947
131953,23070,1060
128448,23070,1176
121383,23072,1914
134854,23078,794
120434,23080,1778
124548,23081,584
128992,23081,1170
126254,23086,1482
128395,23086,1670
123570,23088,961
126211,23101,792
132634,23109,575
133978,23109,1948
121396,23110,669
129127,23110,1538
120031,23110,1834
123896,23112,1409
132935,23115,814
127783,23115,1598
127778,23122,1170
130908,23122,1951
129427,23124,654
131939,23125,1170
131716,23132,1228
126334,23134,973
121431,23134,1300
133440,23134,1482
124312,23136,964
132792,23136,1908
130921,23137,808
133340,23147,834
127153,23148,962
128108,23148,1212
124473,23152,531
120718,23155,1365
131686,23157,712
123823,23157,1496
121974,23157,1677
128978,23157,1787
124938,23161,1102
121002,23163,1987
129872,23187,575
122534,23187,834
121888,23187,1253
126387,23196,1212
128790,23196,1524
131713,23197,876
125350,23197,1948
124211,23203,701
125176,23214,1202
132551,23214,1496
128295,23216,901
122243,23216,1152
129121,23216,1340
129477,23219,916
129112,23219,961
130959,23219,1340
130444,23226,1553
120456,23226,1675
129064,23234,792
122906,23234,1170
124864,23234,1333
123803,23234,1343
132477,23234,1700
122093,23244,814
125809,23244,962
121195,23244,1553
130808,23255,669
132741,23255,1422
121390,23257,1374
124576,23267,1908
130286,23282,1984
126204,23284,1004
127186,23284,1352
134498,23289,624
125033,23289,1164
133575,23297,916
123000,23301,584
129594,23301,654
126964,23301,1101
126573,23301,1228
126647,23301,1587
121964,23301,1948
132472,23310,1300
125348,23310,1948
125947,23325,1522
133290,23330,911
133173,23330,1524
120007,23330,1960
132550,23334,911
133871,23336,701
131131,23336,1184
121558,23336,1228
120646,23336,1409
127529,23336,1524
129808,23339,1176
124845,23367,654
125630,23367,901
121870,23392,1212
131764,23395,1170
120958,23411,1333
126911,23417,531
120213,23417,1359
120779,23417,1914
129958,23421,1073
127662,23423,814
121633,23426,1778
128206,23428,513
132147,23428,654
130716,23428,814
132492,23428,1176
133737,23428,1482
123627,23443,1496
134469,23448,531
127458,23448,911
131568,23448,1677
126960,23450,701
134706,23454,1300
122787,23454,1435
125999,23454,1675
134450,23454,1914
130467,23455,1152
125377,23458,1292
129178,23458,1948
134932,23467,559
131868,23467,911
132794,23467,1365
127229,23477,1340
132273,23483,1553
123091,23483,1677
131980,23483,1949
132216,23489,1253
133026,23491,858
129515,23498,575
122842,23498,1914
123115,23504,513
120572,23506,1057
125902,23506,1778
125923,23513,947
133364,23513,1057
131805,23513,1834
125368,23521,901
125523,23523,1700
133998,23524,1060
125567,23541,916
127095,23541,1057
125803,23545,1164
121865,23545,1914
121198,23545,1960
122599,23550,973
130843,23556,669
128285,23556,906
123933,23556,1170
130297,23556,1587
130890,23559,701
126252,23560,808
125648,23560,1176
125519,23562,808
127406,23562,1700
132080,23562,1951
123358,23572,998
131513,23572,1152
127425,23590,654
134647,23590,1005
122021,23592,1184
128236,23596,1409
121656,23603,1374
123158,23605,973
134245,23605,1352
126175,23613,964
132383,23618,1949
125956,23620,808
127258,23620,1949
124830,23622,947
120003,23622,1778
121008,23622,1834
121978,23627,961
130393,23631,964
130514,23631,1496
131174,23632,911
126941,23637,834
130479,23637,1675
120128,23641,624
119993,23641,669
130540,23641,701
124008,23641,1034
119992,23650,1834
120556,23652,1216
120172,23652,1587
130977,23659,1004
123571,23664,1435
125852,23678,947
131457,23680,906
126561,23680,1005
125151,23680,1571
132791,23680,1914
132483,23681,531
134620,23692,901
124531,23697,759
134165,23707,1670
131927,23708,1170
120604,23708,1754
121415,23708,1757
120447,23729,1496
128985,23743,1754
134950,23744,759
124386,23750,1101
126887,23750,1598
120550,23750,1700
121244,23753,735
129525,23753,759
128219,23753,876
129561,23768,906
121005,23768,1555
131166,23772,766
122107,23772,858
129750,23800,808
133405,23800,1834
131911,23801,1060
126608,23815,1754
126464,23822,834
123580,23824,814
127814,23824,881
120694,23824,973
128438,23829,1830
134439,23833,906
128792,23833,1678
122618,23854,858
125936,23860,1435
130194,23868,575
131472,23870,814
124598,23870,1036
130056,23870,1202
120220,23874,876
127150,23874,881
130955,23875,1422
124306,23882,1522
129382,23882,1834
120335,23883,808
129047,23898,876
122765,23905,1073
122869,23910,766
129049,23917,559
134185,23917,858
123344,23917,915
120152,23961,712
126171,23961,1553
123519,23963,1164
133272,23963,1960
124314,23966,712
130928,23969,1571
128986,23971,1670
132329,23975,1598
121824,23975,1675
134477,23979,1538
125384,23980,701
134615,23980,1787
128122,23980,1951
120726,23981,947
126680,23981,1522
123213,23984,1036
129908,23994,814
130123,23994,1538
125864,23994,1677
132732,24000,1228
125383,24003,1340
123468,24004,1292
121150,24008,876
125415,24008,964
126291,24008,1055
123657,24009,1340
123016,24009,1787
133168,24015,1055
122385,24015,1487
130427,24016,1152
122997,24018,654
123265,24022,973
121794,24029,1343
129840,24038,735
128347,24040,759
125197,24040,964
134051,24040,1587
122668,24040,1913
126385,24041,1359
130820,24047,624
132498,24047,1675
122562,24053,1005
134313,24053,1333
128935,24053,1555
126146,24053,1677
126069,24057,1496
132482,24057,1555
128579,24058,915
131026,24058,1482
126095,24075,962
134685,24075,1974
124832,24076,1216
120578,24080,531
132094,24080,1359
130469,24081,1005
126533,24083,1949
130033,24099,961
120932,24109,906
130547,24117,1984
124955,24119,998
125056,24134,1754
129952,24150,1974
130800,24152,998
120659,24152,1374
124387,24153,735
125813,24153,1184
133663,24159,1333
122201,24174,792
126075,24174,961
123502,24174,1778
132737,24188,701
130588,24191,964
122387,24191,1036
134197,24198,573
126209,24198,654
128603,24198,961
133753,24198,1522
123915,24205,654
133172,24205,1524
120377,24209,1571
133973,24216,961
122733,24216,1834
124687,24217,1524
133887,24217,1984
133529,24222,1184
134949,24238,881
127787,24254,901
134163,24254,1170
124971,24254,1202
133498,24257,624
120340,24258,808
130228,24258,1482
122488,24258,1571
123902,24259,712
128979,24264,834
134873,24264,961
132801,24269,1292
126939,24269,1300
134667,24269,1675
132695,24280,1522
132969,24283,794
120106,24283,916
132542,24289,1359
127969,24298,1352
129617,24298,1555
121088,24298,1787
128784,24298,1830
127545,24298,1908
121659,24303,669
126564,24303,1152
127507,24303,1176
120191,24306,735
122508,24306,1482
129638,24306,1670
130592,24307,559
126861,24307,573
131083,24307,964
120770,24309,1987
131793,24318,1102
132853,24323,1212
133015,24328,1253
133858,24332,814
129640,24332,998
126300,24332,1005
132983,24332,1587
125488,24332,1960
130736,24334,858
122025,24335,1057
131119,24335,1374
122643,24337,1036
131941,24342,1675
129114,24344,624
122340,24344,1164
132998,24345,624
131915,24345,1496
127689,24345,1517
128718,24346,1170
122422,24346,1374
130022,24346,1974
122679,24351,1974
124383,24352,1057
128091,24356,1004
123578,24356,1073
120643,24367,1300
131212,24395,792
121758,24399,1951
130580,24401,906
131971,24401,1359
131049,24401,1974
120203,24418,916
125337,24418,1675
132701,24418,1987
134718,24422,759
132563,24423,906
132386,24425,1948
122674,24426,1055
134382,24426,1830
133716,24427,973
129289,24427,1365
133625,24434,1908
129970,24436,1422
132144,24436,1677
122083,24442,1987
120634,24452,1987
130609,24456,1164
126643,24456,1228
121055,24456,1948
127875,24459,1055
120008,24459,1216
124253,24459,1340
127256,24462,792
122271,24462,1034
122877,24467,1974
126750,24474,858
124267,24492,792
127157,24492,1216
129246,24492,1343
120113,24492,1553
128012,24504,1184
122506,24505,1101
124238,24505,1951
133112,24509,858
131446,24509,1359
120512,24509,1496
134683,24517,1101
125127,24532,669
125209,24532,1300
121894,24532,1553
131538,24532,1700
131288,24536,964
130974,24536,1914
123263,24539,766
132597,24539,1228
134611,24539,1908
131439,24540,1005
132747,24540,1670
133974,24544,1102
120710,24544,1152
123682,24546,1787
122895,24549,1754
121715,24573,1253
125509,24577,1102
130853,24577,1340
122754,24584,712
134181,24584,998
121079,24584,1365
131648,24584,1435
129300,24587,1101
122595,24590,876
125119,24590,1913
130835,24593,1216
127065,24593,1587
124796,24595,669
128442,24597,559
127567,24597,1152
124402,24597,1422
125267,24597,1834
122860,24609,1524
131794,24609,1948
131727,24617,669
131260,24635,735
134459,24635,973
123092,24640,964
120794,24640,1101
129491,24640,1496
133509,24651,1787
132297,24662,1951
126651,24663,1005
122297,24663,1359
120508,24667,573
123211,24667,1700
130548,24668,808
129226,24668,1004
129871,24668,1677
130314,24684,654
120630,24684,1374
127503,24684,1517
132540,24687,1359
128365,24689,531
122044,24689,814
125678,24690,584
123606,24694,618
130069,24694,1034
120544,24709,1409
131497,24710,834
129113,24710,1422
130200,24740,756
131738,24740,1374
123759,24740,1675
121066,24742,1365
132369,24750,531
132869,24750,1913
130190,24753,1202
126084,24754,1778
123582,24765,669
122013,24765,911
127466,24765,1524
122138,24765,1987
123950,24767,911
130458,24767,1409
122412,24767,1757
125793,24773,531
134595,24773,1055
127245,24773,1538
133777,24780,1571
133315,24790,1004
123246,24790,1057
133200,24790,1365
131237,24805,1073
133189,24805,1598
121345,24826,531
127840,24826,766
128283,24826,1487
131210,24827,618
121068,24827,962
127132,24827,1343
122096,24827,1374
126787,24830,756
124048,24830,814
128859,24833,916
134508,24833,1422
125791,24833,1778
131012,24839,794
123685,24840,735
122809,24840,1073
130538,24840,1435
130512,24840,1598
130578,24852,1036
130167,24852,1555
134221,24863,881
131796,24863,1670
120271,24871,1292
129153,24881,964
134291,24881,1343
128384,24881,1598
127996,24884,756
121288,24884,881
132232,24887,735
123242,24888,624
127298,24888,1553
132985,24892,1778
128178,24899,584
133140,24899,1004
127100,24899,1487
128614,24899,1974
131578,24899,1984
120344,24903,1517
121573,24905,1055
127684,24905,1212
123436,24905,1482
133216,24905,1598
128772,24914,1984
127106,24920,834
133351,24920,1036
123182,24920,1374
120439,24922,792
127046,24922,1987
127465,24933,513
126278,24933,1352
126245,24937,1005
131110,24937,1553
125190,24944,794
131976,24944,1352
127222,24944,1435
123677,24944,1555
120539,24956,618
133065,24957,1830
132899,24962,1365
130468,24967,1365
122499,24967,1487
130030,24968,654
132815,24968,973
125670,24968,1778
126294,24979,1675
129954,24993,559
132512,24993,1212
125467,24993,1496
132523,24993,1587
122952,24993,1830
133217,24994,1987
131846,24999,794
126156,24999,1170
120234,25000,669
126747,25000,1678
128068,25008,964
127321,25008,1152
132370,25008,1778
120043,25010,1292
124265,25011,531
130519,25011,1152
128673,25013,1005
125691,25016,1538
131616,25016,1555
126630,25017,792
128730,25017,1164
122551,25017,1571
122615,25022,881
133465,25026,1036
124888,25026,1949
125598,25028,1538
124212,25034,701
127224,25034,1004
129010,25036,701
131758,25051,961
130285,25051,1517
132038,25057,1060
122858,25059,701
131014,25062,792
121554,25062,1340
124835,25062,1677
126582,25064,1005
134829,25064,1102
121851,25067,1060
134302,25067,1170
120438,25067,1496
132837,25068,513
122896,25069,513
133378,25070,947
130694,25070,1830
121932,25072,792
132272,25072,1787
123565,25077,1951
133972,25079,858
133150,25079,1333
134733,25096,559
130337,25109,669
128193,25109,1292
126744,25109,1409
123372,25115,792
124901,25115,911
133455,25148,735
129348,25148,1101
122784,25155,1170
134373,25155,1496
121419,25155,1524
127166,25157,1670
120345,25157,1960
125429,25158,1300
130772,25162,1060
134303,25162,1343
128393,25162,1787
126743,25168,584
121869,25171,669
124695,25171,1228
123294,25171,1757
129873,25172,756
128324,25176,881
129602,25176,1435
126956,25183,911
127116,25183,1170
127152,25185,669
120207,25188,876
125941,25190,808
132475,25190,964
131954,25190,1073
122199,25197,701
128223,25197,1571
126618,25200,998
121988,25200,1212
123931,25215,701
130210,25215,1374
126645,25215,1948
134628,25216,792
122338,25216,834
127986,25216,1228
133670,25216,1960
127946,25227,1300
121989,25233,792
133324,25239,901
122071,25239,1300
134501,25239,1677
131017,25248,756
132218,25248,961
132112,25252,618
133457,25258,814
130593,25258,1034
122079,25261,559
123973,25261,1365
131478,25261,1487
131883,25268,654
132871,25268,1587
129396,25268,1951
125265,25275,858
127776,25275,1036
133519,25275,1333
121544,25275,1524
128751,25275,1553
125302,25275,1908
130141,25278,1300
126567,25280,1057
124234,25280,1524
128695,25280,1757
128157,25287,1060
127395,25287,1176
125499,25288,1422
132213,25292,1670
122462,25314,513
124559,25314,858
133361,25314,1422
134297,25320,531
134669,25320,1036
129880,25327,1152
130839,25327,1212
130101,25327,1365
133822,25327,1678
129707,25327,1987
126507,25331,1359
126922,25331,1482
125957,25342,1435
125601,25342,1914
134195,25353,756
133565,25353,759
124294,25360,559
127409,25364,915
132022,25367,584
121668,25367,1553
120822,25372,735
119988,25373,915
120420,25373,1300
120086,25373,1754
128443,25378,701
130695,25378,1340
120261,25383,1538
122486,25383,1984
134442,25389,573
124954,25389,1212
121129,25389,1365
133962,25444,947
132686,25444,1496
120117,25445,1834
134906,25447,1176
123758,25447,1987
131572,25452,584
130397,25452,1300
123764,25452,1352
129033,25453,1184
129499,25465,1538
120904,25466,1757
127444,25470,1164
120589,25470,1948
127092,25474,1073
122170,25474,1409
120374,25476,792
129614,25476,808
130296,25479,1496
122124,25487,624
131646,25487,1834
128613,25487,1987
125167,25489,1422
133837,25491,915
126948,25491,1754
128558,25502,1974
134870,25520,792
125620,25520,794
130995,25526,1073
132940,25526,1524
128681,25529,1987
128684,25533,1340
125453,25533,1365
129996,25533,1670
127820,25536,1216
128494,25538,915
120853,25538,1164
132105,25538,1343
120475,25543,964
125832,25543,1409
121372,25553,947
133410,25553,1365
125135,25570,808
123569,25570,1365
121056,25574,766
132909,25574,964
122990,25574,1004
127586,25574,1675
133109,25584,881
128452,25584,1292
132005,25584,1340
130966,25594,1948
120788,25602,712
133992,25602,961
124724,25605,858
131539,25605,1700
123256,25606,876
123521,25606,1060
130443,25606,1176
134329,25606,1340
125753,25606,1352
133936,25606,1787
131151,25615,1487
125472,25615,1960
130733,25620,735
123477,25620,834
134099,25621,701
120504,25621,906
132446,25621,1555
130229,25632,1036
124776,25637,1253
123928,25637,1834
124214,25665,756
131182,25665,1034
124155,25665,1073
130383,25665,1253
122210,25665,1482
121064,25676,573
131879,25676,654
122212,25676,858
120857,25692,1987
124720,25693,618
132783,25693,1496
132293,25695,794
120006,25695,998
131986,25695,1340
126365,25695,1374
134362,25702,1057
126216,25708,1005
128810,25708,1055
127686,25708,1202
133718,25719,1359
125206,25719,1482
128520,25722,1352
125095,25722,1670
128469,25722,1830
124416,25728,794
130449,25728,1004
122085,25728,1170
120952,25731,962
122827,25744,808
121304,25744,906
121339,25749,901
127768,25749,1522
122724,25749,1757
129290,25760,584
134198,25760,973
121899,25761,911
126706,25763,559
122323,25763,1343
120486,25771,735
125144,25773,669
120642,25773,1202
129830,25777,916
131800,25788,881
122991,25789,1359
124857,25789,1365
127765,25789,1948
123597,25791,618
124084,25796,513
131283,25796,1228
126197,25796,1359
132693,25797,1496
129381,25797,1700
131697,25804,766
130342,25822,911
123649,25822,1057
132691,25827,961
124715,25827,1960
134314,25827,1987
127122,25836,1496
131792,25837,1340
126230,25841,559
131573,25841,584
127127,25841,712
128880,25854,834
123620,25868,808
128527,25871,1482
134687,25871,1571
120496,25875,1101
121239,25878,531
123962,25878,654
125904,25878,916
125427,25883,1987
130113,25888,794
129760,25903,1984
130391,25907,881
126590,25907,947
126346,25909,1034
120672,25909,1422
132762,25914,559
132441,25914,1343
122065,25915,735
124067,25935,584
121880,25935,1700
133077,25937,756
130659,25937,1757
129043,25938,1754
122238,25939,1340
125041,25939,1487
125407,25939,1538
128358,25949,901
129235,25952,1598
121255,25952,1678
130117,25957,947
134375,25958,1055
126541,25971,584
132628,25971,911
122758,25971,1333
133346,25997,911
125893,25997,1948
126071,25999,1170
130697,26003,1422
132646,26006,1253
127423,26014,624
129208,26014,1522
120806,26014,1675
129812,26015,756
124781,26015,1787
131680,26023,573
128944,26023,618
134607,26023,814
133238,26023,1300
132796,26023,1365
126426,26025,618
121424,26025,669
122102,26028,1253
127285,26030,575
132075,26042,756
122645,26042,1292
129304,26042,1524
123720,26042,1949
131133,26045,1787
125563,26049,901
122391,26049,1914
120883,26051,766
123780,26059,1587
125696,26059,1960
128611,26082,712
134330,26084,712
127556,26086,654
127705,26086,701
125266,26086,1202
129150,26089,1960
122567,26103,794
129215,26103,1184
128709,26107,881
127437,26114,998
125335,26116,947
129036,26116,1908
127104,26127,1951
128465,26128,1333
134223,26131,573
123695,26131,1176
131994,26131,1184
127910,26131,1555
126671,26132,876
130098,26132,1292
133919,26134,513
128411,26134,911
120462,26137,1292
122584,26145,964
128650,26152,1216
127174,26152,1340
120918,26152,1951
121647,26156,1176
127443,26158,531
133192,26158,701
127404,26158,901
123086,26158,915
123609,26167,1170
125760,26187,1555
125988,26196,947
128934,26196,1553
132502,26204,735
121561,26204,1073
134152,26204,1778
126476,26210,1055
124755,26210,1587
127643,26234,1164
123100,26240,1005
128803,26240,1359
132340,26247,1757
127955,26247,1987
125544,26248,669
134577,26248,1482
131082,26250,1036
133261,26252,1176
121670,26254,973
133522,26266,1374
124199,26280,906
120314,26280,1524
130873,26283,814
125515,26290,1482
123389,26290,1778
124201,26294,906
122257,26294,916
121009,26297,1176
132124,26301,1202
122314,26304,1073
131256,26304,1951
131317,26312,947
128040,26315,1700
120763,26316,1496
129449,26319,1834
121997,26323,911
125478,26323,1487
125766,26332,1517
124205,26332,1960
125096,26334,834
127333,26334,1055
124216,26334,1101
134749,26334,1778
134304,26335,1170
130412,26335,1555
132054,26347,1670
128774,26347,1987
133926,26358,766
122287,26361,618
125165,26366,808
127476,26366,1482
132842,26366,1960
125289,26367,735
123719,26375,947
125960,26375,1004
133984,26375,1300
131245,26375,1834
128264,26377,618
133604,26377,735
125990,26377,1102
126122,26377,1555
134007,26379,584
126137,26383,1778
133319,26388,834
121799,26388,1152
123641,26389,858
120777,26389,1830
121501,26396,575
124540,26396,624
129528,26396,756
127781,26396,834
125244,26398,712
124972,26398,1340
128518,26398,1700
128482,26400,1951
131114,26421,1951
120690,26425,1343
124958,26427,701
130143,26427,814
122002,26441,1202
129130,26442,513
120886,26442,858
128817,26442,915
128435,26442,1101
134623,26445,1101
123041,26445,1700
129345,26445,1948
126312,26450,531
125451,26450,1036
129959,26475,1538
127756,26475,1700
121089,26475,1754
130294,26480,1164
120699,26484,1987
133005,26486,573
121182,26486,759
123742,26487,1409
122005,26487,1757
131354,26488,973
120319,26488,1004
130833,26488,1677
131688,26493,1216
124126,26493,1300
127234,26510,573
128047,26510,766
122217,26510,1487
128809,26510,1524
132921,26513,916
126297,26513,1787
121779,26520,766
131850,26520,1365
123504,26520,1496
122588,26521,759
130107,26521,1034
128391,26527,1365
122570,26527,1598
121682,26527,1675
133309,26544,1987
127518,26545,998
127344,26546,573
120189,26546,1678
126863,26556,998
127130,26572,916
131097,26576,618
122195,26576,1754
134241,26576,1974
125121,26579,559
133025,26598,915
120947,26599,1152
123296,26600,1984
125243,26605,962
126538,26617,911
128738,26617,1352
134930,26619,531
129967,26619,1538
134016,26630,792
120161,26630,1292
125459,26631,962
130511,26631,1675
131642,26631,1914
123904,26640,1678
129723,26669,573
130204,26680,1184
131332,26680,1598
123233,26692,1057
132287,26692,1359
122176,26709,669
124544,26715,916
125771,26715,947
129741,26715,1060
126550,26720,575
133050,26720,834
128284,26720,1834
131102,26730,1005
122592,26730,1164
123421,26730,1216
131637,26730,1677
131553,26732,911
126440,26732,1670
126479,26738,906
124940,26738,1948
120905,26739,1482
128382,26739,1555
130073,26740,792
133845,26750,1164
128058,26750,1675
126371,26754,1949
121117,26755,1517
129770,26767,1036
120766,26767,1202
127340,26770,1102
124551,26770,1960
128849,26778,559
134418,26778,735
128678,26778,1292
120950,26778,1571
128691,26786,669
121409,26786,916
134285,26791,814
123850,26804,1435
128374,26805,1677
131783,26807,1757
132276,26819,858
123283,26821,1057
122794,26824,1677
121090,26830,1700
134920,26842,1343
132579,26845,1487
133868,26869,1152
129711,26869,1974
123485,26870,559
133874,26870,1778
122120,26872,1055
133611,26875,916
120018,26875,1517
133079,26875,1700
122565,26877,1677
128909,26877,1830
120633,26880,756
134228,26881,1216
126164,26884,901
134500,26884,1517
127019,26887,964
125059,26887,1984
124586,26897,834
120471,26903,1553
131967,26903,1675
127418,26904,962
123750,26904,1914
130565,26916,1422
134063,26918,575
129476,26926,759
131196,26926,881
127915,26935,1555
126805,26937,1101
121097,26941,1101
122696,26941,1292
127301,26942,584
130438,26942,814
132458,26942,1571
122578,26958,1202
132795,26958,1333
124513,26963,1216
131098,26963,1948
125722,26978,858
123397,26980,808
133531,26980,1834
127214,26989,1340
131259,26989,1778
128841,26991,964
131178,26991,1555
128353,26997,1538
128534,26997,1948
126672,27007,1253
128397,27013,1678
134914,27020,1830
129485,27021,531
121302,27021,584
125413,27022,1101
123536,27040,735
123331,27040,876
132252,27040,973
126263,27045,964
127125,27048,1102
124658,27055,915
125652,27055,1036
125623,27055,1974
120360,27057,513
129851,27060,1587
124656,27060,1787
122285,27065,1757
121252,27068,1004
123022,27068,1102
130960,27068,1913
127557,27068,1951
127603,27073,1102
126730,27073,1487
132753,27073,1700
122768,27082,964
134736,27082,1216
122448,27093,1571
130075,27097,964
120738,27105,964
120830,27115,1202
120190,27126,1522
124042,27126,1908
120132,27127,962
124903,27127,1005
134458,27127,1538
123366,27129,1787
127087,27129,1987
127103,27130,513
128816,27130,911
120874,27130,1343
126191,27136,1228
125707,27136,1343
126160,27136,1670
133302,27146,964
123250,27146,1004
124450,27147,906
128649,27151,1340
125444,27153,1170
124834,27153,1670
120840,27160,559
126222,27160,961
124305,27177,973
133093,27178,808
133401,27178,947
132233,27178,973
128256,27185,1422
129439,27185,1834
124499,27185,1948
122261,27186,1060
130623,27186,1352
132225,27192,881
123304,27205,1216
134903,27205,1587
124509,27209,964
129370,27209,1787
130175,27217,1409
124031,27217,1496
126150,27217,1834
123450,27218,834
131701,27235,1778
125207,27247,1036
129082,27247,1700
124474,27247,1787
134369,27254,712
124516,27254,973
124081,27263,1409
133284,27270,1343
133292,27270,1553
127354,27275,1587
121849,27276,1587
126286,27285,998
130964,27288,1164
125745,27288,1216
131477,27306,916
121815,27314,1300
134795,27317,1374
134431,27317,1555
127382,27321,834
134131,27321,1212
129874,27321,1228
127284,27321,1359
124158,27323,1102
129609,27324,559
121451,27324,1333
127538,27325,876
125392,27331,858
131078,27331,1101
126555,27334,876
131208,27342,808
127542,27342,1253
123791,27342,1834
122946,27350,1553
131431,27355,792
124339,27355,1435
134048,27361,916
123822,27361,1555
126766,27361,1984
121776,27364,1834
121297,27370,876
131765,27374,756
125594,27374,766
132881,27379,1359
124188,27380,575
124591,27382,618
124310,27390,624
122590,27393,513
133770,27393,1677
121632,27393,1754
120534,27395,766
129472,27395,1359
122757,27395,1948
134433,27396,794
129242,27396,1057
127000,27396,1524
125733,27400,618
122747,27400,814
130225,27411,1101
122525,27411,1951
125884,27415,531
130047,27418,531
134527,27418,1951
123286,27419,584
120332,27432,1598
127371,27439,911
134071,27439,1004
131161,27461,1374
130323,27461,1830
126833,27480,973
121172,27480,1228
131690,27480,1908
124493,27480,1949
125669,27488,911
124055,27488,1300
122349,27492,1184
127633,27493,1292
128409,27493,1524
134178,27495,1202
125649,27502,701
125550,27502,1422
129532,27502,1754
132237,27507,1253
122712,27519,701
133152,27525,573
133766,27534,881
133923,27553,961
125603,27559,834
129948,27559,1101
121272,27562,735
126363,27562,1055
131851,27562,1228
121352,27575,624
120563,27576,964
122756,27576,1587
121165,27577,1170
134212,27577,1212
128920,27577,1496
133679,27577,1949
125445,27580,1164
127061,27580,1974
122115,27585,911
123373,27585,1482
131929,27597,808
125055,27597,1292
122117,27599,756
129357,27599,1555
126903,27607,1055
128454,27617,766
129884,27617,1524
124112,27618,962
122245,27622,1343
128074,27624,1517
134108,27624,1951
120065,27625,808
128523,27625,1057
129099,27629,794
126362,27629,1598
134507,27629,1754
123549,27634,1228
121229,27643,1365
129005,27653,1359
133640,27665,1553
126525,27682,1678
132438,27689,618
132659,27689,792
120866,27695,1101
129275,27695,1496
131189,27704,759
123995,27709,794
129314,27709,964
132722,27710,808
131558,27710,1333
121970,27710,1365
124487,27729,808
125966,27743,1409
132291,27759,1553
124083,27773,1057
122111,27773,1253
127221,27774,1005
126662,27774,1365
132947,27784,669
132327,27784,1948
124231,27794,876
121854,27794,1422
129478,27799,513
131733,27799,915
120127,27799,1675
132806,27803,1553
130841,27804,1374
127746,27804,1555
130774,27805,906
134124,27805,915
130931,27805,1036
134826,27820,1670
133820,27820,1678
132994,27820,1948
134637,27822,947
129320,27822,1073
122770,27822,1374
130212,27822,1422
127704,27827,1678
121321,27831,1571
127227,27836,792
125479,27853,964
128536,27853,1365
132096,27877,712
128735,27899,735
134813,27899,1359
130850,27899,1778
121277,27916,961
125275,27922,669
120017,27926,947
133906,27926,1951
133031,27932,624
132807,27934,1152
132576,27934,1757
120348,27934,1951
126532,27948,1374
124173,27948,1517
134645,27948,1677
120790,27958,1496
124862,27971,701
127703,27975,1102
124340,27975,1984
124511,27977,735
123643,27977,1060
126764,27981,1352
134154,27988,808
134658,27988,1359
132528,27990,906
131907,27990,1340
125657,27991,1034
129975,27991,1522
133556,27991,1678
129169,28006,808
123443,28015,1914
132979,28023,531
121031,28023,858
129413,28023,906
123368,28023,947
121757,28023,1670
134899,28030,1292
127195,28031,834
120408,28031,1170
126469,28032,1340
134818,28032,1700
123877,28037,575
130234,28037,1228
128905,28044,1553
126654,28044,1754
127236,28056,814
129133,28056,1184
124396,28057,1170
126005,28057,1517
133207,28057,1960
130997,28070,624
120928,28079,1435
130488,28085,1333
128651,28092,654
130147,28092,1914
120277,28099,654
124226,28111,618
125093,28111,1359
125103,28118,808
123093,28124,624
120805,28124,964
129662,28124,1754
126502,28126,1555
130857,28126,1974
120816,28130,1675
125772,28156,962
121525,28156,1670
131770,28157,1435
120303,28158,1914
133947,28173,1340
124269,28173,1787
128836,28173,1948
120926,28201,1830
134098,28208,1101
128338,28208,1228
127775,28208,1292
128727,28208,1787
124358,28216,575
127118,28218,1482
121425,28222,1352
128060,28245,1675
132052,28248,915
131481,28248,1522
127213,28248,1555
132615,28266,1212
133525,28266,1700
126748,28267,794
122128,28267,1152
120364,28307,1228
126490,28307,1482
130220,28307,1757
129722,28309,1908
123472,28314,759
124713,28319,559
126016,28319,1984
131052,28319,1987
133414,28329,1036
126589,28329,1164
124077,28329,1830
123854,28329,1984
132409,28338,915
134925,28341,1333
133994,28341,1359
128848,28341,1422
125502,28352,624
132569,28358,1170
124092,28358,1830
132487,28362,973
128953,28369,573
126501,28369,1333
125452,28369,1340
120894,28369,1700
126194,28369,1778
122305,28391,962
123617,28391,1212
134624,28393,876
120510,28393,1057
126715,28394,1913
122875,28400,1057
126151,28400,1102
131465,28400,1677
131989,28403,1170
129480,28403,1365
125495,28403,1517
122165,28415,573
125334,28415,1005
122431,28415,1482
123753,28426,1102
123722,28426,1292
133666,28426,1538
124044,28426,1913
122167,28428,1004
123319,28433,712
126627,28435,1101
127264,28438,513
130943,28438,1253
126634,28439,916
124709,28440,947
131874,28440,1152
127508,28440,1984
120877,28449,1435
123145,28449,1538
120278,28452,575
129843,28453,1057
134170,28464,1598
123380,28471,756
128010,28471,1333
132984,28471,1435
127035,28473,701
122483,28473,1101
127022,28473,1675
134734,28477,1202
125147,28477,1598
132625,28478,876
125789,28478,1675
126258,28487,559
128437,28487,1409
131364,28492,1677
132601,28500,911
134940,28500,1834
131445,28507,1677
133898,28509,531
130025,28509,973
133557,28509,1005
124282,28515,1340
133449,28516,575
120934,28523,1004
123308,28523,1352
127519,28530,1553
123400,28535,1202
132652,28535,1496
130255,28535,1951
126202,28538,1253
120381,28549,531
134105,28549,1517
120185,28549,1598
120157,28556,1034
132397,28557,654
131056,28557,1060
128050,28557,1300
133896,28566,794
127134,28566,1422
126215,28566,1435
129887,28571,575
124517,28571,1960
134603,28579,1948
129162,28582,766
129815,28582,964
126694,28582,1060
126219,28582,1152
122985,28582,1292
120520,28582,1300
122826,28582,1778
130405,28586,559
130035,28586,1164
123062,28586,1670
130551,28591,1496
122468,28601,1152
127141,28601,1292
122792,28601,1300
125784,28615,858
131450,28621,1409
127698,28625,1482
134485,28633,1700
132138,28642,1435
133380,28644,1101
134676,28644,1496
134520,28644,1949
133833,28649,1984
131921,28650,947
129266,28650,1176
128265,28653,814
126416,28653,1374
122312,28654,624
129220,28654,1216
132219,28661,906
123919,28663,1365
123379,28675,794
121103,28675,1055
130205,28684,766
132778,28701,756
131492,28701,1184
122366,28701,1913
132911,28710,1949
120797,28723,1409
128609,28723,1757
134219,28729,1073
128071,28738,618
128084,28738,1228
125644,28738,1700
131276,28738,1984
127717,28739,559
132674,28739,794
121047,28739,1004
128421,28739,1677
128531,28749,1184
125891,28749,1374
133798,28757,947
127943,28757,1057
130276,28759,962
133892,28759,1422
134323,28773,618
122017,28773,1482
121568,28774,1598
134867,28786,618
122962,28786,834
128824,28787,1700
134247,28799,1005
134408,28799,1517
127271,28801,1333
125534,28805,618
134614,28805,1300
124088,28809,876
121721,28816,1212
132958,28833,1787
132718,28834,624
123660,28834,1365
133808,28835,794
123334,28835,962
126825,28835,1073
133991,28842,559
132059,28842,584
131112,28842,669
130092,28844,1487
128278,28846,1984
131414,28848,1228
131323,28848,1677
121947,28852,559
128143,28852,962
127081,28852,1365
122803,28853,1102
129775,28857,1757
121327,28865,584
131664,28875,735
126893,28875,1057
134503,28875,1571
121859,28875,1987
127172,28884,584
122836,28884,618
124807,28884,911
121985,28884,1060
128240,28884,1292
130927,28887,1202
130554,28887,1778
131836,28887,1949
133944,28889,964
131502,28889,1300
134692,28904,1422
131722,28912,1675
132262,28913,575
134934,28913,973
123500,28915,1700
126571,28918,1228
134039,28918,1951
130500,28918,1960
121393,28919,1034
122337,28919,1496
130477,28921,1700
133039,28922,1164
121053,28931,808
125293,28947,531
130335,28947,735
133328,28947,1102
134955,28947,1184
120042,28952,1352
131349,28952,1675
132832,28952,1908
127821,28953,669
129690,28953,712
121760,28953,1948
125671,28957,701
125137,28957,759
126716,28957,1987
133471,28966,1102
126539,28966,1359
127007,28972,1102
121453,28972,1343
131560,28972,1365
127263,28972,1496
129510,28986,858
127735,28986,1987
126635,28993,624
124409,28993,1101
123327,29000,1340
125720,29001,701
120258,29001,792
134415,29001,1060
127004,29006,964
131902,29010,947
124178,29017,1409
126201,29017,1496
128776,29019,876
123040,29019,1754
129110,29021,1913
125590,29051,669
129849,29051,1343
124196,29058,1152
132304,29058,1359
127422,29068,1555
123137,29070,1754
127253,29070,1949
127111,29070,1984
130702,29072,1482
132449,29072,1960
125899,29080,1914
132234,29080,1948
131398,29080,1951
123204,29094,1517
124588,29099,1422
120521,29101,973
125800,29113,531
133145,29113,808
134797,29113,1984
126536,29115,794
131936,29115,1598
122309,29126,766
121438,29126,1778
125889,29129,1365
126452,29129,1913
134237,29132,1184
129647,29144,559
132767,29144,1359
129743,29144,1555
126256,29144,1913
129932,29149,1102
131289,29151,766
130396,29151,881
129014,29151,1374
134606,29156,1292
121330,29160,735
128867,29166,559
120032,29166,814
121802,29166,1300
128039,29167,1057
133020,29167,1300
123471,29167,1340
124380,29167,1987
128457,29170,1060
124074,29170,1184
132029,29221,1152
122866,29221,1374
134253,29221,1409
121178,29221,1908
129496,29235,624
127558,29235,1754
122273,29242,1060
121256,29245,1678
124634,29258,1598
129295,29264,1228
126394,29265,1754
133570,29283,756
121772,29284,794
126562,29284,1340
131605,29288,916
123579,29288,1914
127326,29300,947
120489,29301,1757
127001,29307,814
123478,29307,1517
126853,29307,1700
122530,29322,513
131125,29322,1908
126329,29327,962
131736,29327,1496
124727,29335,701
132975,29335,1359
134838,29335,1787
124965,29336,1834
131211,29340,759
123193,29340,947
123670,29340,1960
131931,29340,1987
120619,29351,1060
131503,29369,669
126431,29369,915
127823,29369,916
124061,29375,1678
121950,29378,624
120478,29378,858
127525,29378,911
125225,29378,1005
123528,29400,1034
128439,29400,1987
128161,29404,712
129670,29411,1343
120743,29411,1908
133234,29412,701
129142,29412,1055
122187,29414,814
133038,29418,559
124320,29418,1343
127318,29418,1522
133843,29418,1754
132968,29435,794
121789,29435,947
126523,29435,1343
133365,29435,1422
125020,29435,1587
124136,29444,1216
121748,29444,1555
124558,29452,998
120542,29454,1292
123746,29474,669
126018,29492,808
133806,29492,1522
124463,29492,1700
131357,29495,575
131522,29495,834
121043,29511,584
132742,29511,1152
125024,29520,916
125735,29520,1055
134952,29522,759
134888,29533,1787
120597,29536,756
134929,29538,1152
127989,29541,701
127818,29541,1101
132018,29551,1060
122621,29551,1333
128653,29553,1152
124843,29554,1212
128215,29555,1034
120906,29555,1292
131969,29559,575
134309,29567,1700
120713,29568,1170
124646,29568,1352
130339,29575,808
126572,29578,792
128233,29581,973
133437,29581,1060
134261,29594,1055
134911,29594,1553
124907,29594,1754
124460,29596,573
129550,29596,1060
134868,29597,624
124071,29597,1036
121697,29597,1482
132632,29605,834
132011,29609,573
131587,29609,1216
120559,29609,1834
125874,29610,712
131339,29610,1343
133286,29611,1292
127600,29611,1598
124913,29625,1517
127815,29626,858
130136,29630,1700
123518,29632,1974
122394,29636,906
122628,29642,1034
122741,29642,1487
126275,29655,1949
122883,29661,1300
134167,29694,573
133728,29694,618
124638,29699,1164
127925,29699,1754
132242,29711,1152
128762,29711,1948
123576,29715,1101
133032,29715,1482
129271,29715,1914
132274,29737,1587
124824,29745,513
129530,29745,961
122068,29769,1951
121340,29769,1960
120747,29783,1908
130963,29786,1034
125224,29786,1834
134918,29789,1834
123588,29804,1374
134446,29827,624
121736,29827,915
128038,29827,962
133103,29827,1409
134271,29839,1300
131410,29839,1700
122839,29846,1675
128199,29859,584
131473,29864,618
126114,29864,808
124949,29865,1834
130307,29868,1984
133983,29882,1060
129059,29882,1677
124925,29882,1960
134345,29883,1036
131604,29883,1102
125011,29883,1571
127579,29886,1060
134249,29886,1974
132532,29887,961
128690,29887,1004
124885,29887,1678
124935,29887,1787
128093,29896,911
121547,29896,1951
128116,29897,1598
124542,29897,1987
129895,29899,1435
132779,29914,701
126942,29914,834
131368,29914,1670
131292,29935,759
130408,29935,1057
134682,29942,766
125313,29942,1949
134209,29948,1677
121369,29952,1482
120864,29952,1834
125651,29953,1422
134767,29956,669
129605,29963,1060
126268,29998,669
133099,30002,654
124644,30002,1170
129222,30009,858
124738,30009,1365
134909,30010,1359
123060,30026,834
125354,30039,1359
133689,30039,1778
123419,30041,1409
122646,30043,735
121503,30043,1482
133102,30043,1757
133765,30046,858
123451,30051,858
120984,30051,1409
121231,30051,1496
128406,30064,915
127874,30065,834
123923,30065,1834
123651,30069,1152
129856,30069,1700
127661,30074,654
123079,30074,1176
123383,30074,1757
124262,30075,881
121061,30075,1984
131508,30080,973
127626,30080,1333
126453,30081,712
133496,30081,858
123223,30106,881
130845,30106,964
122976,30106,998
121308,30116,1333
131372,30125,1670
134274,30130,1073
122899,30130,1333
124425,30131,1778
125220,30131,1984
121792,30159,814
121509,30159,947
120369,30159,1102
131296,30167,1913
123420,30179,1034
134187,30181,1164
123099,30181,1253
126818,30186,1164
123608,30186,1435
126236,30186,1517
134747,30186,1524
123314,30194,1830
130594,30198,1005
132045,30198,1340
128925,30203,961
130690,30203,1538
132658,30204,654
126106,30204,712
124801,30204,759
122922,30204,911
129886,30204,915
125376,30204,1340
125343,30211,1830
129089,30228,915
132781,30228,973
131447,30228,1005
125944,30228,1152
134006,30228,1914
126145,30234,1677
121850,30237,1365
128489,30241,669
129558,30241,881
132323,30241,1004
122753,30255,1553
122456,30279,1496
123200,30290,962
123828,30290,1034
124786,30305,1253
122849,30305,1374
120622,30328,559
122301,30328,1700
122536,30329,916
131947,30329,1435
133988,30334,961
132302,30334,1057
131964,30334,1300
131074,30337,1553
133254,30338,1228
121281,30341,962
128176,30343,1778
129385,30349,915
120148,30349,1300
129232,30363,1830
126827,30371,1253
123189,30377,1974
125373,30383,808
124728,30387,1343
121435,30388,814
129488,30388,1184
134492,30395,1830
133548,30397,998
128379,30397,1409
127280,30397,1524
120143,30416,901
122326,30419,1984
123901,30424,559
123825,30424,792
122402,30424,1587
126279,30438,513
122874,30438,624
127460,30447,1060
132887,30448,881
130206,30449,1340
127372,30452,1675
134377,30456,1152
122133,30456,1524
124222,30456,1553
123729,30459,1678
122980,30462,1216
127036,30466,559
124594,30466,1984
131227,30472,1524
126566,30476,1333
123818,30476,1487
134654,30476,1678
125697,30478,1435
130572,30478,1834
132413,30483,573
126116,30483,584
120156,30484,1333
134894,30488,808
130933,30490,1409
131187,30490,1587
132426,30492,1170
132092,30504,858
130157,30516,808
124289,30516,962
122931,30516,1073
120045,30533,701
130515,30539,654
120259,30539,1974
129350,30542,998
131735,30557,876
120254,30557,973
128173,30559,858
127359,30559,1352
124730,30561,834
123615,30581,559
124661,30581,1974
124105,30609,766
131543,30609,1102
130482,30612,834
134337,30619,901
130006,30619,1754
132281,30620,1522
129529,30620,1598
124454,30622,1333
131128,30622,1365
124522,30622,1553
134627,30623,573
121907,30623,973
127339,30623,1587
122862,30627,531
127959,30627,1677
134942,30628,1670
122347,30641,618
121829,30641,911
133485,30641,1073
129292,30641,1216
123203,30652,701
125548,30652,1524
128291,30652,1677
129061,30657,1677
125417,30659,906
130528,30662,1152
125737,30662,1216
128592,30665,669
124811,30665,1359
129147,30665,1778
125414,30674,964
129946,30674,1678
122249,30691,901
124316,30699,1164
123887,30699,1212
123465,30706,1496
134688,30710,575
121842,30714,962
125926,30714,1216
123259,30724,712
123157,30724,1228
121930,30724,1340
131361,30726,915
132375,30726,1055
120927,30726,1057
122786,30726,1216
128094,30726,1670
130290,30727,1060
120746,30727,1073
133832,30727,1359
124179,30727,1522
121177,30727,1587
128878,30735,669
132330,30735,814
131461,30735,1974
120782,30751,1675
128950,30753,1359
125940,30775,915
124344,30775,1913
134609,30782,1496
129473,30782,1678
132053,30787,573
121436,30798,759
132764,30809,1333
124787,30809,1409
125001,30810,1102
133657,30812,712
130108,30819,1152
125824,30821,1340
123607,30827,1675
128079,30834,947
127947,30834,1987
124964,30839,792
134694,30839,998
126520,30844,766
124923,30844,881
127678,30847,1948
124225,30851,531
131418,30852,915
132468,30861,792
132925,30863,794
125821,30863,1834
122367,30863,1908
130209,30866,1422
133521,30906,624
120637,30906,1034
127853,30936,1036
134526,30937,1170
125985,30937,1184
132495,30937,1538
128646,30938,1374
121655,30938,1984
128202,30943,1055
127651,30943,1487
125111,30949,834
128960,30949,1374
127394,30949,1787
122446,30955,573
122863,30955,1830
125436,30959,1057
127335,30959,1292
129349,30959,1300
130454,30959,1374
125116,30961,794
126388,30966,1333
121872,30967,766
120030,30967,1670
134956,30976,1036
126290,30984,1036
128865,30984,1170
131756,30984,1228
128963,30989,756
129261,30989,906
132439,30992,1060
127514,31007,881
123630,31007,973
123219,31007,1409
129023,31007,1587
132239,31014,1908
129573,31026,1036
127590,31026,1834
134023,31058,881
128105,31058,1300
121380,31058,1754
121237,31061,964
134110,31061,1164
126327,31061,1914
124439,31064,766
120909,31066,584
132345,31066,1678
124304,31071,1036
129414,31071,1164
131596,31077,1409
126289,31092,701
130486,31092,1834
126295,31105,735
122790,31105,1757
129163,31123,962
124945,31123,1670
126897,31123,1960
130121,31125,531
123735,31128,808
124078,31140,618
125110,31140,1365
124630,31140,1830
120668,31144,916
134976,31144,1984
127479,31146,1005
132048,31153,584
129956,31153,618
130794,31153,1164
132798,31153,1913
123806,31162,1482
130165,31164,573
124997,31164,901
133066,31164,1587
134055,31167,1253
128811,31167,1677
130804,31167,1948
126364,31169,1524
124309,31172,1152
129893,31186,1670
125924,31186,1960
126442,31189,1004
122664,31208,712
124946,31208,901
128408,31208,1517
123154,31216,792
126932,31216,964
125820,31216,1060
120376,31216,1598
123711,31216,1757
130312,31216,1778
132664,31217,584
122484,31219,1908
128704,31222,1212
127794,31222,1487
128996,31238,876
126770,31238,1587
132885,31247,573
134845,31247,1333
124017,31247,1365
124273,31254,1359
131308,31254,1587
123871,31254,1951
131858,31265,901
128023,31265,1176
125895,31265,1300
126238,31265,1359
134427,31266,559
130642,31269,1435
125888,31273,834
125038,31273,1951
120423,31281,1055
132982,31282,906
131843,31282,1300
133011,31299,1700
125211,31300,759
125552,31300,1987
131641,31319,915
126677,31319,1984
120601,31339,1176
128337,31339,1496
121454,31342,766
128924,31342,1004
124482,31346,1496
122730,31373,1184
121098,31377,1164
121564,31385,513
122072,31385,712
129657,31385,766
131834,31385,1073
127582,31386,792
121897,31386,973
125946,31391,575
128033,31394,1482
126441,31395,834
128272,31395,1352
126697,31395,1834
130748,31404,1517
127687,31411,901
133876,31414,1005
133475,31414,1073
134226,31414,1908
127889,31417,1908
121443,31421,876
121211,31421,1292
126448,31421,1951
129899,31426,1553
122382,31432,1960
126190,31435,881
128061,31440,1073
128147,31440,1587
131928,31442,916
121400,31442,1164
121771,31442,1212
125967,31442,1343
122206,31442,1951
126877,31445,1152
121233,31445,1340
131634,31445,1757
128484,31445,1949
131247,31453,1914
129433,31458,1787
128323,31462,1152
126374,31465,906
125711,31465,1778
123811,31474,1055
127039,31474,1754
127939,31474,1984
125912,31483,1333
122092,31491,1036
127353,31491,1960
125153,31492,964
130625,31492,1216
133116,31492,1292
133591,31497,1787
120451,31500,573
132891,31500,834
122965,31500,1055
126047,31500,1176
133747,31500,1524
134354,31500,1538
131566,31500,1949
126393,31501,792
134145,31501,961
120252,31504,814
133546,31505,1055
133131,31505,1228
120410,31505,1778
120059,31505,1787
124881,31512,962
134208,31512,1974
124272,31513,906
128304,31513,1948
132562,31514,876
127822,31517,1202
120880,31521,973
124047,31521,1678
133113,31521,1754
127663,31525,701
129982,31526,1184
124243,31526,1300
123010,31531,1005
123715,31531,1359
123097,31533,973
130038,31554,1202
125953,31559,1164
127789,31561,654
128928,31561,712
126904,31561,1598
121113,31562,808
128350,31563,1005
131952,31563,1951
134144,31573,915
129205,31573,1553
133159,31576,573
125458,31576,1517
122725,31581,1830
127580,31589,756
129318,31592,1670
126065,31592,1757
130459,31597,1487
134335,31610,559
134798,31610,1176
133225,31617,1487
128380,31617,1787
127834,31622,1482
124732,31622,1522
121747,31627,1005
123134,31630,735
129284,31630,1960
126397,31631,1170
130607,31640,1422
122196,31643,1757
121914,31643,1913
126961,31651,1170
127191,31667,1184
127831,31668,1524
130450,31668,1598
133143,31681,669
129422,31683,1487
129146,31690,573
122960,31690,1034
132191,31690,1487
119998,31694,1555
131303,31695,998
125600,31695,1422
122594,31698,1034
128030,31698,1435
121637,31699,1034
134856,31699,1598
125149,31699,1830
134701,31702,961
127232,31702,1176
120476,31710,1754
126027,31716,1538
120140,31722,973
131199,31729,1055
125702,31736,1152
122838,31736,1216
121793,31736,1374
132671,31736,1524
127158,31736,1754
131679,31739,701
126810,31739,756
130448,31739,1300
128339,31745,1496
130691,31756,1057
126565,31756,1176
124981,31760,1228
126376,31763,1517
124757,31774,1216
126337,31793,876
133971,31793,1202
124625,31799,1553
123654,31825,1517
125908,31826,1435
126809,31831,794
122369,31835,1974
121412,31837,1340
130384,31841,808
127247,31841,906
130652,31841,1409
121507,31842,1333
122472,31842,1409
123650,31842,1700
129583,31842,1787
132031,31846,1914
128557,31854,1176
134634,31864,759
129924,31864,1670
120227,31864,1834
126229,31864,1987
121512,31865,1060
126714,31865,1216
124640,31865,1496
123133,31876,876
120293,31876,915
123636,31876,916
132827,31876,1949
122541,31896,915
124325,31896,1292
121243,31901,973
130682,31901,1184
132236,31901,1482
128254,31906,618
122688,31906,1517
134560,31916,654
120598,31916,814
128995,31916,1034
126685,31922,1055
125679,31922,1538
134405,31930,808
131344,31930,1913
123956,31933,559
126247,31933,712
120937,31933,881
133614,31938,701
134403,31938,1482
123858,31942,766
121063,31942,906
129960,31942,1170
131273,31946,1300
123002,31951,1787
124851,31951,1960
122031,31952,1830
123885,31955,1202
121325,31956,712
129479,31956,1073
125204,31958,654
128683,31958,1152
130272,31958,1422
120296,31965,1365
122046,31965,1830
134699,31972,513
125971,31972,1598
126994,31973,1300
123004,31974,947
122056,31974,1340
128588,31974,1913
125177,31977,1228
133818,31980,792
121529,31980,1482
123890,31980,1787
130726,31984,618
122119,31990,915
133244,31990,1102
129330,31997,1951
122881,32011,1340
126240,32011,1422
131561,32016,1524
132857,32018,1787
134326,32019,513
129462,32019,1176
131626,32021,1352
125879,32021,1496
132167,32022,573
127978,32022,766
123281,32022,1253
125281,32031,911
125299,32031,1292
127726,32031,1587
127400,32032,513
131762,32032,1034
129569,32035,575
121645,32037,906
131556,32038,814
134553,32038,1102
125300,32048,858
132189,32056,915
122401,32056,1216
130231,32061,794
126574,32062,559
126786,32062,669
128669,32062,1496
121876,32062,1914
125263,32070,1102
131417,32070,1553
128856,32071,1004
128356,32078,1974
124775,32079,962
124754,32080,573
121599,32084,759
123860,32084,916
132212,32086,618
122380,32086,794
131825,32086,1060
124097,32086,1253
122644,32086,1422
131615,32106,1374
124500,32106,1435
125910,32109,1677
126757,32119,1522
130088,32119,1587
133182,32134,1164
133634,32134,1170
132818,32137,1152
130054,32137,1435
133551,32137,1522
131638,32137,1778
126359,32140,1005
131523,32140,1343
128044,32142,834
124375,32142,901
133386,32142,1073
124725,32142,1984
130256,32143,1587
134774,32155,1914
127739,32164,1522
128659,32170,735
131551,32176,962
130432,32191,575
134775,32191,1524
132688,32191,1675
127792,32191,1914
130062,32197,814
121317,32197,1343
123064,32209,701
123206,32209,735
121292,32209,1055
128117,32214,513
134102,32221,998
131824,32228,513
134017,32228,1700
122559,32228,1830
123244,32240,1073
124838,32240,1253
129053,32243,1101
130201,32246,1359
130021,32246,1571
130264,32246,1974
125393,32266,669
124549,32266,906
129018,32266,1948
129790,32267,961
129709,32267,973
122006,32267,1055
123453,32267,1908
123073,32269,1343
133069,32269,1908
128468,32274,906
123224,32281,792
121058,32281,1228
126954,32281,1675
131053,32282,1555
126475,32293,559
120503,32293,1202
121014,32297,1228
123028,32297,1352
131479,32297,1951
134561,32298,654
130437,32299,701
131068,32299,1960
126588,32300,1359
127199,32300,1949
128239,32303,1055
123367,32303,1212
129373,32303,1253
133769,32306,973
123307,32306,1352
122995,32319,1055
125599,32319,1365
123083,32320,669
134092,32320,1176
129587,32320,1184
127515,32359,1060
125360,32359,1834
122669,32373,573
130475,32373,962
130965,32374,1333
129052,32379,1974
132656,32394,794
131186,32394,1834
131625,32405,573
132019,32405,1778
134491,32410,669
128787,32410,735
124053,32410,1482
124169,32414,766
130365,32417,906
122512,32417,1164
122902,32420,756
124847,32420,1005
132164,32420,1102
134700,32420,1571
122089,32423,858
121181,32423,962
124805,32423,1571
131475,32425,964
120302,32432,1034
133532,32432,1102
133398,32432,1487
121511,32432,1987
128931,32433,1374
121382,32433,1571
121336,32433,1678
132809,32433,1754
129684,32433,1787
127812,32434,998
133830,32434,1152
131822,32434,1522
123048,32435,1571
123664,32439,1253
125394,32440,1538
133697,32440,1670
120870,32454,915
132317,32454,1005
126801,32457,1951
133385,32472,1987
122973,32479,1228
122576,32479,1555
132918,32490,858
122970,32494,1778
129306,32509,1034
132991,32509,1757
128136,32520,1164
120509,32533,876
133588,32533,1359
122457,32542,559
124496,32542,792
127998,32547,1914
129712,32549,876
129241,32553,1409
131721,32553,1598
133815,32557,766
121318,32560,1164
131617,32560,1787
134428,32562,584
126124,32562,1055
130824,32563,1571
125037,32567,759
128908,32567,1908
134128,32570,1496
121416,32580,1960
133783,32591,794
122075,32591,998
120182,32591,1352
130821,32600,881
126739,32600,962
131467,32600,1004
126396,32600,1571
134191,32602,1435
125857,32611,1352
122470,32617,1340
124237,32617,1678
125875,32627,834
127044,32630,961
128455,32630,1670
129757,32630,1914
121598,32631,1517
122033,32633,766
134530,32633,964
130793,32637,1164
121738,32641,701
131040,32644,1948
131345,32648,1422
122720,32655,1571
126036,32655,1675
126613,32658,1538
134719,32662,906
128994,32662,1352
133415,32664,1365
134336,32675,962
128369,32675,1060
129129,32675,1522
133083,32682,998
131388,32682,1524
122142,32683,712
131965,32683,1700
130719,32683,1913
133592,32686,573
129227,32692,766
121819,32692,1524
124341,32692,1700
128917,32693,559
121446,32693,1292
133629,32694,735
123865,32694,881
123663,32694,1152
129627,32695,1057
133082,32697,858
133700,32706,901
124519,32706,1055
120826,32709,1212
132152,32713,1974
130863,32721,1352
127006,32722,701
126002,32722,1170
128627,32722,1216
133996,32734,1553
124018,32736,531
125196,32742,1101
133347,32742,1343
127583,32749,1670
128795,32749,1974
130151,32752,1004
133533,32752,1036
126353,32752,1228
126838,32754,1359
130380,32754,1409
122016,32754,1700
126851,32761,654
127389,32761,901
134359,32761,1004
126322,32768,858
121202,32768,1787
120105,32768,1830
127337,32780,1228
122706,32781,1496
121158,32789,618
129070,32789,901
124792,32789,962
122920,32789,1176
122384,32789,1700
126395,32793,1496
126323,32800,1678
120256,32800,1778
122322,32815,1184
128982,32815,1908
130355,32820,1101
125386,32825,1300
126777,32828,792
120835,32828,1292
128642,32830,654
133877,32832,1555
130018,32834,759
122605,32834,1005
131829,32834,1538
122202,32834,1675
132735,32837,1571
126784,32856,1538
125087,32857,1055
123322,32857,1830
130780,32859,808
120676,32859,1754
126704,32864,1202
133952,32864,1522
134833,32869,876
130227,32869,1830
125699,32879,1352
123801,32879,1587
131710,32890,1496
120209,32891,881
130418,32891,1553
126622,32892,1073
130962,32892,1102
129192,32898,701
125280,32898,1435
125432,32904,1409
129563,32913,1517
123743,32916,1365
132149,32923,1960
126727,32927,1352
122544,32937,1754
125510,32940,1496
126998,32940,1538
123812,32942,1333
125543,32942,1571
125976,32943,814
130905,32945,618
123676,32945,964
123938,32947,906
129167,32947,1951
126508,32952,584
133637,32952,1984
133572,32953,1359
134808,32953,1524
130171,32968,964
122939,32968,1678
133404,32969,973
121719,32973,756
122685,32973,876
132612,32978,1598
132457,32993,1778
123824,32997,1778
122886,33001,1057
121023,33001,1571
128420,33001,1670
130164,33012,618
133483,33014,1034
126510,33015,1587
132515,33017,808
128945,33023,962
132086,33023,1343
126626,33023,1834
130466,33024,1524
126736,33025,901
132770,33025,1333
122438,33025,1678
125795,33025,1913
122959,33038,1834
123652,33045,756
125014,33045,911
125406,33045,915
125364,33045,1034
134778,33045,1253
133500,33045,1300
133816,33047,1164
126497,33048,573
128535,33048,1176
132063,33048,1228
123310,33053,1340
127436,33070,654
127463,33070,1422
120081,33073,915
132678,33073,964
128381,33073,1060
125700,33073,1152
125948,33080,669
129543,33080,1340
127324,33080,1987
134598,33081,1587
122101,33096,1216
126432,33096,1374
128466,33101,1034
127032,33102,1522
132521,33105,756
133503,33105,1152
120417,33106,1340
121578,33138,618
121689,33138,973
125729,33138,1340
126696,33139,1352
129141,33142,712
121498,33142,1202
120165,33142,1984
133443,33170,513
122996,33170,808
128954,33201,962
122726,33201,1913
134371,33206,947
126914,33206,1984
126895,33212,559
121631,33212,1004
130106,33212,1487
125094,33212,1949
127909,33219,792
120004,33224,584
129236,33224,1212
121282,33224,1553
130867,33226,1073
127491,33226,1184
126640,33227,834
134149,33235,808
123370,33235,901
122235,33235,1176
126391,33235,1422
134670,33235,1677
129165,33235,1700
123103,33235,1949
134679,33237,513
132015,33237,1365
123488,33244,654
121559,33246,876
134944,33246,1757
128398,33246,1908
122286,33248,1678
121628,33264,712
125978,33264,1587
120265,33264,1984
124028,33267,559
120969,33267,1670
122630,33267,1830
128722,33268,1101
124168,33268,1496
121422,33284,858
129386,33287,584
126570,33287,712
133338,33302,1216
127589,33304,1677
129966,33307,756
126865,33313,1228
127546,33319,881
120284,33319,964
132499,33319,998
123723,33319,1352
134277,33319,1948
130317,33332,1949
128480,33332,1951
129231,33335,1216
124405,33336,1670
126013,33339,1670
131240,33349,766
130016,33349,1678
123131,33351,858
131355,33358,559
122444,33358,1073
128217,33358,1202
128220,33358,1553
126773,33358,1830
125173,33358,1987
120323,33360,973
133968,33360,1908
123229,33369,573
133599,33369,1004
126758,33369,1555
122785,33384,998
124022,33384,1333
134957,33385,916
122443,33387,575
128561,33387,814
127750,33387,1170
124398,33393,1487
124235,33395,1787
129564,33403,1700
133429,33419,814
131677,33423,794
128831,33423,915
132789,33423,1073
128141,33423,1365
134202,33425,584
125126,33434,881
121312,33434,1587
129332,33438,531
126484,33438,1482
127535,33438,1678
122110,33441,962
128135,33441,1984
120941,33442,1228
129268,33442,1553
125819,33443,1538
130142,33445,858
123474,33445,1422
125965,33455,1409
123783,33476,964
126141,33476,1422
134605,33476,1598
131390,33477,1757
120688,33477,1908
120885,33488,1340
131935,33489,654
124894,33496,1987
126430,33510,1365
133511,33534,876
121222,33534,1409
130618,33542,712
127295,33542,906
130860,33547,1409
134820,33553,881
130530,33555,759
132196,33555,814
133743,33555,901
123741,33555,973
120620,33555,1340
121331,33555,1522
134815,33558,759
124866,33563,911
129021,33565,1292
123396,33571,735
124338,33571,973
121362,33571,1517
125423,33571,1757
130688,33574,1101
125136,33577,962
128201,33577,1004
121688,33577,1409
125663,33577,1482
132008,33579,513
133041,33579,916
124368,33579,1948
134192,33585,559
131747,33585,947
130575,33602,1974
132894,33604,1036
133368,33609,531
125205,33609,1036
130994,33621,1202
129962,33624,735
120982,33624,901
128754,33638,1422
120846,33638,1487
128232,33639,1913
129516,33654,1365
128622,33654,1517
129391,33656,1228
126845,33657,947
130162,33657,1164
131514,33660,876
124914,33660,1571
120663,33668,973
132929,33669,808
124758,33670,701
122224,33680,573
126665,33680,808
126402,33680,1524
123195,33681,1152
124260,33692,654
132066,33692,1292
126087,33694,1343
120397,33701,1333
131127,33701,1435
134704,33701,1571
130306,33720,669
128340,33720,794
120879,33720,876
132030,33720,1352
126797,33732,584
122598,33732,1538
120353,33733,1677
126328,33733,1913
132967,33734,794
129606,33738,735
127379,33753,712
133626,33756,1778
120082,33786,1517
132513,33790,1960
132135,33794,1670
121910,33802,881
127806,33806,1914
134802,33814,1340
122368,33816,1587
133891,33821,1778
128008,33826,792
129497,33826,808
134341,33833,876
129820,33833,1184
128675,33834,513
126721,33834,1830
122501,33838,1057
123809,33838,1524
122555,33840,1422
132470,33840,1522
132577,33840,1587
126059,33843,575
125525,33843,1060
125139,33846,756
127113,33847,1482
130112,33847,1778
129698,33854,998
131930,33854,1830
130189,33859,1170
127596,33862,1538
126595,33875,1034
134161,33875,1228
122780,33875,1598
124400,33875,1951
126125,33876,1184
126664,33884,1057
133951,33888,1984
132161,33888,1987
121429,33890,1757
126775,33890,1778
129270,33893,1253
134962,33894,575
132629,33894,1300
126089,33898,881
128719,33898,1073
130498,33898,1422
127622,33898,1984
120385,33921,1553
120044,33921,1700
124808,33927,794
123775,33927,858
130014,33927,1984
130590,33930,1422
131816,33930,1482
120398,33930,1555
131498,33940,1951
131025,33943,876
134705,33943,1987
123777,33945,513
125797,33945,961
123444,33949,1359
132596,33955,915
128674,33955,1073
134860,33955,1482
122936,33957,881
127894,33957,1292
130394,33981,916
125326,33981,1359
127198,33994,531
127277,33994,1184
120929,33996,1152
129631,34000,916
126347,34002,1571
128689,34006,1571
120795,34016,1292
120310,34017,1913
125633,34023,701
121118,34023,1522
132067,34030,1202
134910,34030,1359
130267,34036,1359
123493,34037,1216
124141,34037,1409
122940,34037,1830
125098,34038,915
124602,34049,916
133354,34049,947
133577,34049,1365
126418,34050,1176
133746,34050,1778
133154,34053,1374
127053,34053,1974
132973,34054,973
128964,34055,901
120466,34055,915
129761,34055,1984
123831,34061,559
134790,34062,618
134472,34062,901
124740,34062,1587
130494,34064,735
134283,34064,1538
124992,34076,901
133058,34076,964
133022,34114,1004
131232,34114,1834
125922,34119,1422
126419,34119,1913
127448,34120,1675
127634,34131,1948
132570,34137,858
123640,34137,1152
127701,34139,712
120543,34139,759
122355,34153,1343
132700,34153,1834
125074,34163,1830
120201,34170,1517
121589,34172,1202
124357,34174,1333
126248,34174,1340
125675,34179,1004
123402,34179,1005
132506,34179,1216
123514,34184,1352
130474,34195,1055
121004,34196,1974
124247,34199,1365
134231,34236,575
122708,34244,559
127920,34244,1359
121967,34247,1598
130919,34262,1422
128460,34262,1757
123540,34267,1170
121121,34267,1422
129177,34274,1216
125409,34284,1675
121084,34288,1834
131582,34292,1754
130564,34292,1778
125053,34299,876
134061,34300,669
133341,34300,1571
122126,34300,1678
130436,34302,906
121639,34302,1670
126352,34302,1960
121293,34304,901
126135,34315,1152
128140,34327,1184
129821,34327,1202
125089,34327,1228
120532,34342,575
124690,34342,858
122778,34346,531
130377,34346,1670
132027,34358,1292
131684,34358,1340
124276,34359,766
123894,34359,1555
128476,34359,1951
123826,34361,513
123174,34361,1228
121001,34361,1482
122893,34374,1538
121956,34380,573
125231,34380,961
130211,34380,1340
126669,34381,998
132199,34381,1538
134072,34387,1538
127057,34389,1960
122799,34399,906
126172,34405,1101
121693,34410,559
131583,34426,575
133605,34426,1152
130244,34426,1700
133185,34431,1830
131466,34431,1948
122918,34440,1300
126649,34442,1496
131534,34442,1951
130193,34444,1343
132557,34453,881
127724,34453,1036
131983,34465,1292
133602,34465,1914
121452,34471,876
127668,34471,1517
130333,34471,1984
126782,34472,915
128879,34472,1216
120965,34473,1587
125154,34479,712
132761,34482,1333
126968,34485,1005
123862,34486,1587
127384,34497,1960
122549,34498,1228
121274,34501,1670
134960,34505,1675
124827,34510,759
122381,34510,1055
131607,34510,1359
128282,34511,759
133226,34514,756
121877,34523,1787
125159,34524,1333
133412,34524,1670
129065,34524,1951
131754,34525,1170
124367,34525,1228
133195,34531,766
125606,34531,1034
123975,34531,1352
126752,34531,1538
130658,34531,1984
121826,34537,1422
134473,34560,584
122574,34563,624
124546,34563,1184
122629,34565,998
126919,34565,1176
120796,34567,881
123880,34567,1435
123807,34576,575
122316,34577,1005
134398,34581,881
125777,34585,624
134300,34585,1374
133727,34585,1409
123914,34591,1333
122503,34591,1951
122186,34594,1487
122449,34596,624
124537,34596,1435
122168,34601,1482
128796,34606,1034
123398,34606,1176
121154,34612,654
127067,34616,1524
132647,34616,1834
129797,34630,962
132627,34637,513
131016,34638,735
133817,34640,735
130283,34646,1517
134134,34646,1587
120945,34646,1675
127636,34650,1055
121924,34650,1670
127311,34662,513
124377,34663,1524
125497,34670,1216
132146,34670,1352
127031,34670,1555
134218,34674,1587
132580,34674,1984
132989,34694,792
120406,34694,1176
128808,34705,808
133125,34705,1057
122106,34705,1677
133585,34705,1913
129965,34705,1984
128636,34714,1170
121119,34714,1228
125505,34714,1834
123282,34723,624
131515,34735,961
122891,34736,814
127585,34736,1951
120940,34740,1343
127080,34742,1101
125036,34742,1913
131859,34742,1987
133736,34750,1949
128378,34755,876
132786,34755,1300
131454,34760,766
127694,34768,624
126803,34768,766
123749,34768,1787
130172,34768,1913
130734,34770,1034
127532,34770,1914
125672,34781,916
129211,34781,1677
130760,34796,1487
123545,34798,1482
130576,34800,624
126195,34800,881
130953,34819,834
131001,34819,1060
120533,34826,1571
133979,34826,1987
120860,34833,575
128910,34833,858
125323,34833,911
133258,34833,1374
124413,34833,1908
120897,34843,654
123511,34843,962
131570,34849,756
129792,34849,961
120765,34849,1553
120318,34854,834
125520,34855,808
126154,34867,1598
121225,34873,712
134494,34873,858
120202,34875,792
124984,34875,1571
123237,34878,1598
123835,34887,1216
123328,34895,654
120405,34899,1060
134849,34904,1374
124117,34910,1228
124197,34916,624
133155,34916,1073
122298,34919,1005
125134,34919,1555
127390,34919,1670
126411,34921,1216
128405,34923,531
125570,34923,1409
131407,34929,858
131019,34929,962
122521,34929,1253
125681,34933,998
129612,34933,1212
120069,34933,1754
123817,34939,1292
125395,34941,1834
128802,34947,513
126082,34947,1164
122612,34956,1422
129171,34969,794
120193,34969,1675
127131,34975,973
131329,34975,1253
123341,34975,1670
127524,34976,573
123542,34976,814
134893,34976,1553
124773,34979,794
123311,34992,654
124228,34992,1253
126924,34992,1670
119995,34993,669
127297,34993,1034
126482,34993,1057
121091,34998,808
122153,34998,901
130068,35010,911
130678,35010,1675
124175,35021,584
125992,35022,1176
125435,35022,1253
127872,35022,1482
127761,35027,1036
121692,35027,1538
132960,35040,759
134294,35042,1913
124452,35050,998
124263,35050,1102
129343,35050,1496
131707,35053,1834
122022,35059,1908
128672,35060,1365
125303,35065,559
122500,35065,1830
134751,35066,792
124330,35066,1300
132349,35072,916
128445,35072,1057
126867,35072,1102
131088,35072,1184
128165,35073,1164
125398,35073,1435
121018,35074,1587
125246,35074,1675
128472,35077,1004
133089,35077,1300
121828,35079,701
134650,35081,1253
123653,35086,766
132537,35086,834
127608,35088,1004
127795,35088,1675
125202,35111,1202
120430,35114,618
126097,35114,1422
128885,35117,1333
130009,35122,701
127963,35122,1034
124688,35125,1300
127225,35126,998
129978,35126,1482
127291,35143,766
123085,35143,1034
122851,35143,1587
120226,35143,1908
121654,35148,1176
132890,35148,1482
120425,35148,1949
128509,35157,1300
124157,35174,1005
123426,35174,1409
122707,35174,1974
127412,35189,1598
122478,35193,669
125287,35220,961
131495,35220,1292
131278,35223,1754
121505,35223,1984
126500,35232,1409
121517,35232,1778
129203,35232,1984
125872,35238,618
123163,35262,756
120987,35276,858
134156,35277,881
125542,35277,1913
129240,35282,1553
131916,35282,1914
121166,35288,766
133713,35295,858
124451,35295,1253
133725,35295,1984
129559,35298,906
132312,35298,998
121403,35298,1184
132913,35298,1517
134269,35299,531
132333,35299,766
124908,35299,1300
128164,35302,1164
128984,35302,1482
126542,35311,559
127212,35317,1522
122979,35319,1057
121107,35320,624
134413,35327,858
120339,35334,1524
128721,35344,624
134612,35344,1830
123515,35356,766
124899,35356,1670
125382,35366,915
120297,35369,1343
132948,35370,618
130756,35385,1184
130516,35388,1034
120692,35388,1522
127190,35388,1754
133538,35395,808
130603,35396,876
120811,35396,1517
132549,35401,1571
120109,35401,1908
125980,35408,1216
120768,35412,756
130987,35414,1974
128317,35420,1948
123059,35424,1343
120587,35436,531
124631,35438,654
133929,35438,1036
125022,35438,1496
120708,35445,794
121884,35445,1057
131854,35447,808
134882,35448,618
129869,35448,911
121351,35448,1675
123506,35450,1517
132188,35456,814
121326,35456,1482
134414,35467,915
123151,35467,1216
126855,35467,1343
128700,35468,513
128431,35475,618
122728,35478,1422
132904,35480,712
130665,35480,808
130417,35483,1333
129813,35483,1778
132235,35489,624
126639,35489,1034
130207,35489,1555
132009,35491,1359
126521,35498,962
131864,35498,1524
123503,35498,1787
128490,35504,1036
120801,35504,1176
126738,35513,911
132538,35513,1034
121705,35519,618
128553,35519,1036
130140,35529,759
133084,35529,1292
127168,35530,1333
122087,35530,1422
130562,35533,998
123932,35533,1409
132201,35546,947
131167,35566,814
132673,35566,962
129446,35566,1176
122045,35590,1034
129639,35590,1253
128692,35590,1374
134514,35593,1060
132328,35604,654
122953,35604,808
121787,35612,794
131627,35614,618
134744,35614,1913
125310,35615,1152
128840,35624,1005
132897,35624,1036
123240,35624,1055
121343,35629,1374
124448,35635,915
122686,35642,735
134556,35642,1517
120458,35649,1216
126423,35649,1700
130544,35655,1057
134440,35655,1538
120695,35656,911
120096,35659,624
121610,35659,794
124726,35659,1914
126970,35665,834
129461,35665,1365
131046,35666,1482
122761,35669,1571
123381,35669,1830
124285,35669,1948
134523,35670,1034
127764,35670,1754
125174,35675,1587
129686,35675,1914
122658,35679,766
124363,35684,808
133395,35684,881
132543,35684,1987
122762,35686,916
122907,35687,794
127269,35687,1587
133296,35687,1960
131981,35710,915
132830,35710,1228
132868,35712,1004
127757,35712,1496
126043,35719,618
125856,35719,1984
125631,35722,669
129170,35722,1435
127811,35727,858
120071,35730,998
122164,35730,1538
131876,35731,701
130614,35731,1005
132170,35739,808
127697,35742,915
131809,35743,573
132325,35743,1253
128146,35748,1102
126053,35749,1292
123725,35757,618
123971,35769,513
121159,35769,961
124495,35770,618
127784,35770,759
133649,35770,961
131482,35770,1913
133413,35772,998
134148,35778,712
129441,35778,915
129931,35782,759
130776,35782,1333
131159,35782,1517
134649,35784,735
126169,35784,1253
121555,35792,1073
130153,35793,1517
121881,35796,701
125279,35796,735
130643,35796,881
120771,35796,1164
125826,35804,759
134578,35804,901
125728,35804,1340
126051,35804,1675
130446,35804,1951
134725,35816,1553
120046,35821,618
127677,35821,794
126849,35824,1834
126158,35839,1101
133608,35847,858
123659,35847,1253
123889,35847,1300
133789,35847,1757
128666,35849,973
133161,35849,1984
133824,35863,669
120552,35863,766
121378,35863,962
134825,35882,1670
133853,35882,1984
131422,35883,1004
126929,35889,1057
128835,35889,1253
134716,35889,1409
129173,35892,1757
131096,35892,1914
131982,35900,1987
134243,35904,1598
128976,35914,618
130343,35914,1587
128235,35917,1102
130684,35917,1202
132727,35917,1984
125080,35936,513
134325,35936,1700
128092,35942,901
132055,35942,1060
120962,35942,1359
128766,35953,573
129368,35953,575
131837,35953,1060
130599,35953,1677
130146,35956,1487
128362,35973,735
124466,35985,1517
133961,35986,1949
120033,35989,1036
134964,35989,1778
125213,35991,1482
121430,35993,573
121135,35993,1004
134662,36001,1202
122359,36012,911
134947,36020,559
120548,36020,911
132158,36033,584
128446,36033,1333
126729,36037,513
121565,36037,1253
128067,36037,1787
125163,36038,1152
126165,36038,1987
134157,36044,624
132415,36044,1830
126113,36056,1300
123435,36070,513
125759,36070,1216
131111,36078,756
122042,36088,1908
123109,36088,1960
130892,36094,513
120078,36094,947
120678,36095,766
120343,36095,808
132936,36097,915
121641,36100,1571
130352,36116,792
133883,36116,1216
130176,36135,1184
127167,36139,962
132159,36155,669
127265,36155,1004
128843,36155,1212
124252,36159,1176
126389,36180,1057
121913,36180,1202
125767,36186,1359
128194,36186,1675
122148,36186,1787
121934,36189,531
129204,36189,1482
130769,36200,1005
133339,36200,1435
120112,36201,1787
121264,36209,1757
128011,36215,756
131689,36215,808
132854,36215,1060
128433,36215,1333
125236,36215,1598
127155,36215,1670
123221,36217,881
133942,36217,1005
126943,36218,814
127897,36218,1228
123645,36223,1913
120192,36226,575
125025,36226,669
120493,36226,964
129759,36227,901
126142,36227,1176
125234,36227,1908
128418,36237,531
122993,36237,1060
128002,36237,1834
126755,36238,1057
131107,36240,584
134366,36240,881
121247,36240,1170
131370,36240,1555
121594,36245,531
122870,36256,1101
126189,36270,915
121684,36270,1951
121185,36283,962
125792,36283,1005
134759,36283,1974
134265,36309,1524
134550,36309,1678
132391,36309,1778
125656,36319,1678
128747,36329,1757
128229,36330,1216
126073,36331,906
134073,36333,669
125170,36333,1914
121391,36335,624
122596,36336,669
134887,36338,794
133849,36338,1034
128594,36338,1677
134698,36345,735
126493,36347,1359
134596,36350,1787
127599,36351,858
124714,36351,901
130710,36351,1176
123787,36366,1675
131683,36370,1102
123510,36370,1184
131519,36370,1522
130971,36371,701
125476,36371,1164
129331,36371,1333
120214,36371,1343
127676,36376,1164
129022,36376,1677
127991,36390,1102
130637,36400,654
123491,36400,1101
131433,36409,881
127966,36409,1409
131934,36410,1754
132125,36411,1034
130846,36411,1834
125659,36411,1974
123407,36412,911
132589,36412,947
126200,36412,961
130533,36421,814
129787,36421,1057
128834,36421,1102
127228,36421,1202
129635,36421,1670
134762,36432,1202
130932,36432,1359
127050,36432,1951
132670,36433,1352
124286,36433,1524
129615,36444,1984
127015,36456,961
127059,36457,1553
125347,36476,1170
130735,36476,1675
124563,36477,1164
121347,36477,1228
122942,36477,1948
127011,36481,1951
121617,36483,808
131340,36483,881
126965,36486,756
123841,36486,1176
122333,36491,575
133241,36491,1152
124675,36491,1487
128259,36496,794
124025,36496,858
126305,36504,1184
132334,36504,1913
126326,36504,1960
125404,36546,1340
132362,36546,1960
124256,36546,1974
127863,36557,834
134714,36557,1055
125878,36559,1176
127745,36559,1522
120687,36560,1073
133748,36560,1216
130362,36560,1300
133681,36562,1057
133323,36573,559
130591,36573,584
132978,36573,624
125621,36573,1055
121411,36573,1670
126549,36575,962
131855,36576,901
129700,36593,1343
132072,36595,1984
132813,36598,1176
120298,36598,1757
126605,36602,858
128505,36610,1101
120472,36610,1914
130324,36610,1948
125457,36611,669
131157,36611,1176
122557,36611,1555
120551,36615,513
123347,36615,618
125171,36615,1101
132253,36621,915
120803,36621,1974
122268,36628,1102
125892,36639,1152
125901,36639,1212
129405,36657,901
123268,36657,906
125492,36657,998
121044,36667,759
127763,36673,1005
128246,36678,881
132831,36683,1101
129080,36684,794
129380,36684,814
130354,36685,1102
128373,36685,1517
124232,36689,1365
126349,36690,947
124772,36697,712
128142,36697,794
133047,36697,814
127393,36697,1170
129421,36697,1553
126342,36704,1409
129055,36711,901
120229,36728,1005
122190,36728,1060
128783,36728,1359
132797,36728,1830
125805,36731,575
127294,36731,964
134897,36737,1677
132859,36748,575
123830,36748,1522
128065,36755,701
133352,36755,1184
121920,36772,1700
125085,36774,834
129666,36774,1152
131006,36774,1228
128593,36777,1908
120750,36783,1228
129363,36789,916
124191,36792,766
127142,36800,1538
120257,36805,1216
129776,36805,1300
123052,36805,1482
121082,36812,901
123678,36812,964
129367,36812,1555
129424,36830,1152
123047,36830,1164
134004,36830,1675
121593,36834,735
127402,36841,1152
127895,36841,1675
123979,36846,735
132883,36847,834
128519,36847,1517
133042,36849,1677
132602,36856,1522
128791,36864,1553
127706,36864,1830
123445,36869,531
127473,36869,858
125932,36874,584
122961,36874,1164
131380,36874,1496
126133,36874,1598
133703,36874,1913
129578,36875,794
129728,36875,911
121474,36875,1253
120605,36880,735
129375,36880,1004
122640,36880,1228
134902,36889,669
126905,36889,1435
127568,36889,1555
120762,36892,1571
130300,36892,1908
134383,36914,1073
131091,36920,654
130012,36920,1216
119983,36921,792
120919,36926,1101
123728,36938,1365
133403,36942,669
126456,36945,1055
129574,36945,1365
134328,36948,1202
123248,36948,1300
122121,36948,1522
120326,36951,624
131011,36954,1300
131729,36954,1359
128549,36958,1435
134788,36959,654
131540,36959,712
126862,36959,1034
127497,36959,1435
120735,36964,1374
123480,36966,584
133444,36966,759
123141,36966,964
122274,36972,1422
122064,36972,1677
128793,36974,1057
121137,36975,654
127824,36975,814
121602,36979,906
125272,36981,1834
134030,36981,1960
131849,36992,1228
133823,36992,1913
134597,37002,962
124348,37002,1409
124703,37011,584
129900,37011,1987
126602,37020,513
134177,37020,1300
123926,37021,735
122932,37022,947
124947,37022,1587
126235,37027,1598
122524,37027,1913
131192,37037,1253
132665,37045,573
125914,37045,618
120590,37045,1522
132774,37063,1005
131987,37063,1164
125357,37069,624
126583,37069,858
133633,37069,1517
128046,37080,1487
130245,37082,1365
129470,37103,1101
129051,37103,1152
121614,37125,1949
131545,37137,766
124301,37137,1340
121006,37139,916
122989,37140,1300
132436,37140,1677
121026,37143,1184
121300,37165,973
128851,37165,1522
120685,37188,808
122903,37188,973
127109,37192,531
120565,37192,735
125512,37192,1409
134684,37192,1571
131730,37192,1678
122061,37206,911
128145,37206,1034
131913,37210,881
124744,37210,911
134671,37210,1987
133547,37214,998
134069,37214,1948
127611,37226,766
122542,37226,1212
123406,37227,1055
126804,37232,998
125597,37234,961
120108,37234,1034
134681,37234,1524
123499,37240,766
124768,37240,1152
131594,37247,915
121203,37251,1522
132604,37251,1598
125420,37254,1754
134562,37256,654
134276,37259,1754
130818,37260,584
122455,37260,1176
121155,37269,531
134943,37269,814
123548,37269,1034
120514,37281,792
128680,37286,756
122641,37286,808
132959,37286,1005
134093,37291,618
128640,37291,1164
125460,37304,1060
133787,37305,1152
128119,37305,1675
132204,37305,1960
129155,37309,834
134896,37309,1555
123778,37309,1949
129500,37322,1974
131045,37326,947
127364,37328,901
123603,37328,1212
121708,37329,876
124264,37330,814
131968,37330,1004
121991,37330,1949
126217,37330,1974
126912,37331,808
130004,37331,916
124399,37331,1598
120740,37367,575
131093,37367,1292
130003,37367,1333
134890,37372,756
127627,37372,961
125027,37374,513
123153,37374,1034
125781,37374,1409
121162,37374,1677
134258,37377,1555
129696,37382,1176
125075,37382,1343
131881,37382,1984
125954,37388,712
126741,37388,1987
126828,37389,1913
127013,37407,1004
131170,37407,1216
121629,37413,1005
129334,37413,1212
124308,37421,575
127766,37421,1228
122774,37436,669
125840,37436,794
130390,37436,1948
120490,37449,901
122049,37449,1170
124833,37449,1482
131584,37449,1675
127181,37449,1951
122043,37453,575
130645,37456,584
120970,37456,1913
130328,37458,1675
129747,37460,513
131420,37460,834
134689,37460,1034
124523,37460,1948
120911,37467,1340
124290,37467,1974
129570,37471,1987
128612,37482,712
128388,37483,1340
126963,37487,906
126434,37487,1949
128428,37488,1949
122491,37495,584
126946,37495,794
133684,37495,1057
129519,37507,808
130888,37507,1170
131029,37507,1974
121893,37509,1517
125530,37509,1678
132803,37528,531
121465,37528,1164
121180,37532,1340
129352,37533,756
125449,37533,916
129720,37534,1212
120361,37534,1948
128601,37537,911
128260,37537,1216
130523,37542,973
127438,37542,1571
125815,37547,792
134877,37547,1340
133852,37547,1435
123832,37548,814
119981,37548,961
129506,37548,1587
127185,37552,735
121574,37552,962
134292,37556,701
120454,37556,911
130270,37556,1984
129699,37559,1253
122495,37559,1340
134426,37565,756
132420,37565,1365
134931,37565,1914
131165,37565,1949
133117,37594,575
134361,37594,1984
126892,37600,1524
130718,37600,1830
133180,37604,911
133177,37604,1253
132705,37611,794
129088,37612,1908
126324,37613,584
121353,37613,1216
132952,37613,1700
132714,37613,1987
128714,37618,808
125069,37618,1202
128276,37632,654
123159,37633,1675
133431,37634,669
131521,37634,1538
134756,37641,1202
132552,37657,792
120574,37660,1754
121536,37668,1830
131297,37673,669
124236,37673,1974
133948,37674,876
120725,37674,1055
122529,37674,1176
123005,37676,584
127680,37676,1409
121287,37676,1914
132157,37685,1778
130664,37692,808
121423,37692,1675
132816,37696,1004
129404,37700,759
126529,37700,1036
129423,37700,1102
132346,37710,906
126778,37710,1253
125073,37710,1496
134576,37715,701
131440,37715,794
127290,37715,1553
131757,37715,1677
120073,37721,794
129310,37721,1553
134551,37722,858
128768,37742,759
126760,37742,1340
127949,37742,1677
132694,37742,1700
132709,37751,573
126110,37764,759
121866,37764,964
132098,37764,1164
130967,37764,1184
125917,37764,1787
133827,37783,669
133943,37783,814
125612,37783,1913
126025,37789,669
124033,37789,1152
122161,37789,1517
134367,37789,1757
132100,37804,962
134601,37804,1571
134387,37805,794
122998,37805,962
130801,37805,1352
123736,37811,584
124785,37814,756
122680,37814,1333
125561,37818,1340
126292,37818,1834
125937,37822,1176
127770,37822,1359
130357,37825,876
122487,37825,1987
125010,37828,808
131628,37828,876
129267,37856,1914
125316,37871,531
127165,37871,1409
122180,37871,1834
124292,37875,1675
130254,37883,794
124124,37883,915
130934,37883,1571
127378,37898,858
130161,37899,814
133610,37899,1830
123469,37899,1948
121267,37899,1949
120160,37908,756
125226,37908,1670
121500,37912,669
134053,37918,911
125260,37934,1057
134715,37934,1073
120595,37939,513
127547,37939,1036
134068,37946,513
121508,37946,735
133756,37946,1538
123066,37947,794
130604,37952,1487
127414,37954,1060
120871,37960,1948
129945,37967,794
125222,37968,1571
123888,37968,1908
132784,37982,808
132151,37982,1176
125521,37982,1598
121550,37993,858
123966,37993,973
124784,37996,669
121491,37996,1292
127313,37996,1677
131630,37999,1677
125756,38003,1216
123329,38003,1555
132357,38005,1913
128156,38009,1754
122430,38027,712
126049,38030,1435
124988,38030,1482
129702,38046,1482
132248,38046,1553
133137,38048,1164
130608,38048,1435
132494,38048,1984
122914,38054,1487
130359,38066,654
133211,38068,1359
132107,38068,1598
134095,38068,1913
134954,38076,998
123614,38080,858
132567,38080,1522
122219,38083,1057
128263,38083,1300
121040,38083,1522
131753,38084,1422
133993,38127,858
124406,38127,1960
134125,38146,911
127367,38146,1359
121834,38146,1914
121197,38151,1164
131645,38152,792
125664,38165,814
131535,38165,1228
126130,38166,1677
125351,38168,701
130577,38168,1060
123364,38170,1101
121875,38184,906
133784,38186,1176
130837,38186,1834
124612,38193,962
130252,38193,1101
132760,38193,1587
132561,38193,1908
134183,38194,998
121257,38203,792
127204,38207,654
128450,38207,808
129140,38209,1787
121218,38216,1522
120899,38221,1538
124065,38224,712
119979,38229,1365
125353,38237,814
130422,38241,1482
133987,38244,1184
132888,38244,1365
132087,38246,1914
128043,38250,1102
132013,38250,1253
124814,38250,1678
126148,38251,1948
124497,38251,1949
127281,38267,669
132043,38268,906
128620,38269,901
134727,38269,1960
121960,38286,1343
131116,38288,618
124587,38288,1984
122693,38294,575
121003,38294,1678
133807,38295,1152
125637,38296,654
134475,38306,756
128977,38311,575
127250,38311,881
127147,38311,915
125367,38316,792
130869,38316,915
125031,38316,1834
123960,38321,1073
122048,38321,1292
125359,38333,964
123781,38334,911
130473,38334,1987
124705,38352,1176
122026,38352,1987
130188,38356,1487
132427,38356,1974
124829,38362,1036
128902,38364,1948
120786,38367,1553
120603,38372,906
123214,38373,701
125547,38373,1365
125455,38373,1949
124556,38376,1365
127129,38376,1496
124503,38382,1176
127906,38382,1914
124648,38388,1300
127012,38396,584
133539,38396,1422
131067,38396,1834
127203,38397,559
123583,38397,1678
126869,38402,794
133711,38404,1948
130063,38415,906
132780,38415,1184
120315,38415,1834
124447,38436,624
120177,38436,1913
131546,38440,1164
127049,38440,1496
132344,38453,575
129048,38453,858
121280,38453,1184
134090,38454,876
132681,38455,1675
132473,38458,1960
124101,38468,1677
127370,38468,1984
122901,38472,1004
121389,38474,654
131401,38474,998
129081,38474,1359
131353,38484,1216
131580,38484,1292
123632,38504,1292
122620,38509,1333
124219,38509,1352
132581,38510,1677
129340,38517,1184
132964,38517,1340
120812,38520,1778
123070,38527,1482
130000,38529,618
121338,38544,876
130470,38544,1678
120074,38544,1830
125812,38551,1834
129538,38551,1949
128204,38555,1913
128399,38566,792
126989,38566,814
127693,38566,1292
132278,38566,1409
133409,38566,1913
126933,38567,531
134173,38567,1960
132731,38569,575
132331,38569,906
125935,38569,1830
120901,38569,1960
128576,38571,964
126210,38571,1212
133907,38616,531
122572,38616,794
130755,38618,1587
133371,38624,1555
128275,38639,1913
134240,38639,1951
134621,38645,1409
132459,38646,1949
125201,38651,1170
127576,38653,1253
132884,38653,1482
127070,38655,1164
134516,38660,584
123121,38660,1170
120442,38663,1060
127607,38664,1184
127459,38664,1212
123594,38664,1571
129298,38667,1216
129458,38677,618
121927,38677,998
128597,38677,1101
134248,38678,1216
130685,38678,1553
129430,38678,1598
126854,38678,1834
125128,38678,1951
129279,38683,1948
127581,38685,1757
123792,38690,1055
123349,38703,1787
131214,38704,669
122007,38704,1202
133114,38705,735
126850,38705,1004
127881,38705,1202
121572,38707,1202
134673,38711,834
120951,38711,901
132271,38711,1164
121860,38715,881
130258,38715,1073
133098,38716,916
122994,38716,1538
127835,38729,901
125124,38747,792
121216,38747,1949
128099,38753,1212
131453,38753,1333
120040,38765,1538
127268,38771,1675
129672,38777,1365
127413,38784,654
120986,38784,1060
134784,38784,1170
122759,38784,1482
134312,38789,1101
133165,38789,1300
132490,38789,1754
134407,38798,669
125172,38798,961
131889,38798,1073
130996,38812,1830
121316,38812,1914
133012,38818,1343
122441,38818,1435
122923,38824,735
131821,38827,1948
130320,38833,961
133492,38833,1914
125215,38838,858
132301,38838,1754
123351,38849,756
127427,38849,1055
133407,38850,794
127210,38850,906
134486,38851,756
129593,38851,998
128737,38851,1036
120237,38852,834
120300,38852,1101
129120,38852,1487
120849,38859,911
128134,38859,915
127876,38861,624
130480,38861,808
124660,38861,1036
132131,38868,531
122260,38868,1422
123857,38868,1984
126092,38886,513
127257,38890,973
128003,38890,1057
132585,38893,962
120221,38893,1677
128750,38895,794
125915,38895,1435
134708,38911,1487
131491,38918,1700
123042,38921,1228
132042,38921,1984
122177,38922,756
128619,38922,1253
132341,38922,1700
124171,38932,575
125245,38932,1253
130923,38932,1524
131108,38938,1164
121817,38938,1409
131274,38943,624
126255,38944,1974
131527,38952,794
132637,38952,901
129182,38952,1102
122701,38955,531
124711,38955,1292
126535,38957,1587
122580,38962,573
129998,38962,766
127401,38962,1005
120038,38970,906
133466,38970,998
134018,38970,1004
127791,38970,1487
122569,38985,964
121576,38985,1700
131708,38989,881
132316,38989,1034
129589,38989,1101
125613,38989,1184
129369,38989,1352
131567,38991,701
120557,38993,1435
128144,38993,1908
128842,38996,1949
125306,38999,756
132062,38999,834
125004,39002,906
132185,39002,964
130553,39002,1553
130847,39002,1778
124927,39005,1517
128962,39016,654
126000,39016,1435
132359,39017,1984
134900,39019,1359
132106,39019,1365
127896,39019,1524
123096,39026,1034
132406,39026,1409
120367,39026,1677
130291,39026,1974
133061,39049,712
125261,39061,1914
120714,39070,584
134251,39070,1678
130914,39070,1834
122327,39075,669
134047,39075,1340
132873,39075,1700
125577,39078,559
129338,39078,1409
123323,39090,712
134447,39090,998
132202,39090,1055
134315,39090,1060
120409,39098,1057
134738,39098,1228
130455,39098,1948
126907,39098,1951
131618,39105,575
121990,39105,1184
129346,39120,947
134112,39120,1987
131249,39129,1974
132335,39154,1152
120881,39154,1524
130389,39166,624
132400,39166,1553
127520,39168,915
124177,39168,1487
131749,39168,1974
132491,39170,618
125104,39183,669
133111,39183,1555
128247,39183,1700
126934,39183,1778
127648,39193,1587
122947,39193,1700
121724,39193,1984
129576,39204,1216
128590,39204,1496
129149,39205,808
121246,39205,1757
128310,39209,1292
132139,39235,575
124592,39235,881
132181,39235,1949
124254,39237,901
130281,39245,618
129463,39245,1184
127570,39260,735
131724,39260,1004
124902,39262,573
120391,39262,756
130673,39263,1409
131866,39263,1677
129841,39278,1677
131261,39286,654
121395,39286,1374
130250,39288,1152
120492,39292,1170
122859,39296,876
128658,39303,531
129234,39303,911
131073,39305,1587
124507,39308,573
122311,39308,584
131956,39315,584
121605,39315,1914
131838,39318,794
133376,39318,1060
127598,39320,1555
132169,39321,513
120831,39336,1060
134278,39336,1152
132050,39336,1553
133434,39339,792
128503,39339,1496
120647,39343,1170
128874,39345,858
120613,39345,881
129983,39345,1057
122250,39345,1340
120371,39345,1830
124887,39356,1004
124739,39365,1538
127464,39370,1409
124937,39370,1677
123751,39370,1834
132223,39373,1055
125615,39373,1292
122348,39376,1055
133912,39381,669
131286,39393,1700
129202,39398,531
122648,39398,1365
133579,39417,618
126345,39417,911
129581,39417,973
126879,39417,1057
129896,39417,1152
123613,39417,1555
128253,39417,1951
120939,39417,1987
129374,39421,1553
125227,39421,1700
129467,39428,1948
127871,39430,792
130128,39430,1571
128430,39433,735
121723,39439,1675
123067,39442,973
133442,39442,1057
130501,39446,858
120836,39448,513
129495,39448,794
122352,39448,881
120910,39458,1757
128348,39458,1974
129038,39467,1170
129756,39467,1176
126488,39467,1216
129325,39468,712
125040,39468,756
123272,39468,1176
125421,39468,1216
133636,39479,1253
126594,39479,1352
129456,39480,1754
128598,39480,1951
126823,39488,756
127088,39488,1524
125876,39489,1073
122440,39490,584
121941,39495,1677
128644,39496,1830
124203,39505,618
121886,39505,1908
120366,39507,1057
122395,39507,1678
131048,39516,735
130237,39516,901
120443,39516,1834
120553,39532,1496
133366,39538,1409
131359,39559,906
126527,39572,814
126350,39572,1948
124621,39578,916
132363,39616,1675
128121,39616,1960
121081,39625,1300
128643,39632,915
122926,39632,1948
121045,39635,1435
120375,39639,759
134693,39640,906
122221,39646,1300
134423,39646,1913
121134,39647,901
125687,39647,906
122945,39647,1555
130852,39647,1587
128019,39647,1908
124696,39651,1960
134806,39656,1253
121753,39661,1005
127235,39662,814
122539,39662,947
120841,39662,1677
131155,39663,1409
127086,39669,1675
126785,39676,1677
122437,39683,513
130778,39683,1571
133063,39685,1482
126504,39691,1060
120592,39691,1152
126604,39691,1960
128198,39705,834
125684,39711,669
124910,39711,1678
133118,39718,808
120002,39727,808
134307,39728,1343
122389,39728,1571
125673,39735,1834
124391,39751,624
124302,39755,1176
131072,39755,1587
121545,39755,1949
132845,39759,1409
127688,39766,964
125658,39784,961
130911,39784,1343
127303,39784,1517
122678,39787,1984
121832,39799,1374
133884,39812,531
127377,39812,814
127990,39812,1587
120540,39815,1184
132785,39815,1365
131105,39816,1060
132166,39817,712
133057,39817,916
131009,39817,1908
125187,39821,1228
130979,39829,808
122560,39829,858
127605,39829,961
120253,39829,964
130956,39836,1340
126631,39836,1908
133677,39855,618
125995,39855,1949
123482,39863,1333
131152,39863,1409
128761,39871,1984
120525,39886,1055
132269,39893,901
131923,39900,998
124616,39905,792
132578,39905,1677
130815,39910,584
132145,39913,814
130478,39916,1914
123785,39927,575
124154,39929,1522
120063,39938,964
128861,39957,881
125328,39957,1571
124483,39959,1004
132114,39959,1292
128155,39959,1422
131023,39959,1908
127424,39960,1057
130686,39960,1913
122603,39964,1060
134541,39979,814
121579,39979,1333
120205,39979,1571
126977,39986,911
120057,39986,915
123563,39986,1036
125102,39986,1553
129409,39989,766
123403,39994,1253
123278,39998,735
121516,39998,1176
125750,40002,1984
133934,40003,901
131346,40003,1538
133245,40006,584
125551,40006,916
120483,40006,1184
133332,40009,792
134675,40009,947
132356,40009,1101
134972,40012,573
126768,40012,906
131631,40012,1060
129002,40012,1212
120330,40012,1487
134416,40012,1913
129553,40012,1914
121127,40014,1670
133428,40025,1678
128857,40026,1004
133536,40026,1152
120255,40026,1212
123910,40026,1598
132130,40028,1538
122879,40030,701
120488,40030,1343
129645,40034,973
131862,40037,624
120421,40037,834
134913,40037,1787
120856,40045,584
132116,40045,814
127560,40060,1057
121394,40060,1778
131840,40060,1974
132651,40068,624
131435,40068,1951
129769,40069,1409
132352,40073,1101
134242,40073,1522
120813,40073,1670
123415,40085,575
123790,40091,962
127587,40091,1004
129096,40091,1176
133945,40112,584
120558,40112,759
124462,40112,1587
132313,40127,1538
131922,40127,1948
134252,40131,1487
120793,40131,1974
126612,40140,906
130134,40141,911
133723,40151,964
125365,40151,1004
130460,40151,1333
127246,40157,531
124152,40157,575
125632,40160,915
121236,40160,1060
120568,40163,911
126717,40167,1359
131172,40167,1538
126944,40168,1101
128565,40169,1004
129611,40169,1340
121476,40176,1333
133949,40176,1522
129452,40194,1340
120645,40201,1152
128045,40212,654
131254,40212,961
126307,40218,1409
125312,40218,1951
121911,40225,1675
130242,40233,1522
133527,40235,814
129964,40235,1057
126646,40235,1365
131077,40235,1538
134166,40235,1670
133797,40246,858
125264,40246,1216
133222,40253,1343
128582,40253,1571
128130,40260,1060
132257,40261,513
123584,40261,1152
126369,40261,1496
122663,40263,961
124365,40263,1553
127866,40266,794
124121,40266,834
131877,40266,1228
121717,40266,1914
134542,40277,1422
125709,40287,701
131242,40287,973
133138,40287,1212
133408,40287,1960
132091,40303,1184
134496,40304,513
124453,40304,735
132800,40309,1253
120978,40309,1292
128280,40312,1678
125591,40317,575
132613,40317,1034
133651,40317,1300
130129,40321,756
124667,40321,1365
129093,40322,1253
122375,40322,1409
123306,40322,1949
124629,40333,1005
121299,40344,1060
127358,40347,1482
125716,40356,584
124052,40356,1984
129824,40359,1300
132453,40362,759
132835,40362,1333
130183,40362,1409
125907,40366,794
128170,40366,1352
126996,40375,876
120570,40383,1487
130150,40384,1422
124490,40399,1359
120506,40412,735
125768,40412,915
121261,40414,916
125752,40414,962
133399,40414,1496
125562,40416,808
134639,40416,1333
122638,40424,1055
123317,40427,624
129060,40427,759
128556,40431,1553
124682,40449,669
132533,40468,575
127536,40479,1055
131246,40501,575
128245,40501,1102
124939,40501,1913
121284,40504,876
124749,40506,876
122905,40516,1036
124346,40516,1553
133236,40516,1670
133235,40520,1184
127334,40520,1949
133899,40522,1333
127218,40522,1830
123646,40534,1365
120146,40539,1482
126325,40540,1374
126303,40545,531
133502,40548,808
130419,40560,792
124307,40560,1830
128731,40567,1333
120158,40580,901
128129,40580,1228
129949,40580,1951
133767,40592,1004
120260,40593,916
121975,40593,998
122927,40598,1914
132358,40611,1524
124752,40617,618
126118,40617,1365
126208,40617,1951
124015,40623,1524
129838,40623,1778
125191,40625,876
127931,40625,1522
133487,40627,792
129003,40627,1700
131118,40628,1184
126515,40628,1409
133950,40631,794
133516,40631,834
131002,40631,1555
127981,40642,1055
129591,40642,1176
122805,40642,1754
130806,40645,654
128417,40645,1948
128710,40646,792
133780,40646,1184
129119,40648,513
125311,40648,756
120784,40648,1034
130636,40648,1538
133621,40649,1005
131120,40657,1587
124571,40657,1700
127366,40658,834
124332,40658,1359
132916,40658,1670
122214,40660,881
129443,40661,712
120523,40670,1005
134610,40670,1913
122497,40672,1004
128102,40672,1101
125566,40678,701
131700,40678,1164
129107,40696,1005
129408,40698,915
126390,40698,947
128152,40698,1677
123701,40698,1778
130570,40713,573
123694,40713,701
131908,40717,1184
121638,40726,1216
124110,40742,759
126029,40742,858
130097,40742,1176
128131,40742,1253
132825,40742,1359
126840,40746,1101
120084,40746,1677
131470,40750,584
127325,40750,1524
124995,40752,1482
121596,40752,1987
130086,40761,915
123870,40761,1170
132408,40761,1487
120756,40767,973
123621,40767,1359
134077,40767,1538
128595,40771,1228
124145,40772,1409
123541,40772,1522
122267,40772,1571
121915,40773,1553
124854,40774,1036
128632,40774,1422
130463,40775,1176
123671,40775,1343
132548,40779,1036
124149,40786,1333
124480,40790,1152
129118,40790,1228
134338,40791,1913
130371,40797,1216
132645,40799,916
129533,40804,1005
130717,40804,1292
133196,40804,1359
132608,40808,735
127972,40808,858
134468,40816,1212
133514,40821,1787
133233,40825,766
122782,40825,1333
134569,40825,1778
124850,40839,973
120309,40839,1102
131020,40839,1522
129504,40839,1678
128628,40844,573
124584,40844,1152
128200,40845,1034
130298,40845,1228
126598,40845,1352
121790,40849,1960
129788,40854,1359
120387,40854,1374
125230,40862,792
120586,40862,1057
123243,40862,1352
131633,40862,1700
127329,40862,1948
126822,40864,792
132729,40868,1359
130218,40870,1176
130148,40874,834
121873,40874,1101
128989,40884,618
124050,40884,654
131512,40884,1678
133174,40885,1170
120036,40887,911
125381,40887,1060
134113,40892,1974
123056,40893,911
120469,40893,1004
123955,40893,1228
119977,40904,575
133092,40904,735
130730,40904,1036
122364,40904,1057
131860,40904,1670
127899,40904,1951
124106,40913,618
133248,40913,1176
128569,40913,1202
124095,40915,735
129244,40915,1587
121557,40916,1482
120954,40929,1352
128866,40929,1487
131341,40932,1333
123439,40934,1487
133037,40943,1948
123699,40956,513
130023,40956,1060
130868,40956,1435
129796,40956,1913
123794,40962,584
123629,40962,998
131869,40962,1359
125129,40972,1300
128858,40972,1598
124321,40973,1036
125676,40973,1422
120183,40979,1036
129584,40979,1587
124669,40980,1700
122424,40981,759
131295,40981,1830
124812,40982,575
122306,40983,1057
126319,40988,1487
121214,40988,1700
122236,40997,1487
132946,40997,1787
126477,40999,712
125032,40999,1216
121798,40999,1948
134690,41013,1555
129717,41013,1677
134583,41013,1830
133478,41015,513
123405,41015,759
125118,41015,1675
124929,41015,1960
132224,41041,961
121196,41041,1253
133331,41043,1333
120070,41045,1670
132833,41048,1587
129652,41052,1830
126435,41053,531
122856,41056,701
124504,41056,1352
125810,41056,1830
125726,41061,962
120047,41061,1409
121269,41061,1787
120581,41065,1343
122846,41065,1678
126684,41080,1055
126412,41104,1678
132614,41111,962
125484,41111,1435
133982,41111,1984
123752,41117,559
126657,41117,1060
131900,41117,1757
126962,41118,915
129653,41119,756
120867,41119,962
133472,41119,1522
131692,41119,1948
121502,41120,1352
125013,41138,1555
129358,41147,814
126438,41147,1409
127865,41157,1949
125378,41157,1974
124876,41159,1036
133151,41159,1830
124410,41178,618
133124,41178,1553
122845,41180,531
129659,41180,915
134536,41180,1034
131307,41180,1216
122433,41190,1359
132707,41190,1948
133559,41198,1005
125178,41216,792
130641,41216,911
130757,41216,1422
125399,41216,1949
131878,41228,624
132699,41228,876
124809,41228,1435
125596,41231,559
126460,41234,624
130532,41234,1340
127901,41234,1754
120329,41234,1960
120741,41237,1352
133904,41237,1522
132941,41237,1974
133986,41251,1517
125982,41251,1524
123094,41251,1555
122129,41253,1184
129804,41254,1409
122593,41254,1908
120764,41256,901
129562,41260,1538
121200,41275,1598
120789,41276,792
132336,41289,701
134811,41289,1757
127068,41291,1908
121148,41293,1152
127454,41298,573
129853,41298,1571
121858,41308,916
121718,41320,962
131847,41323,559
128252,41323,858
126437,41323,906
126056,41323,1212
125761,41323,1675
124122,41323,1948
125616,41331,911
123032,41335,654
133081,41339,1675
133580,41344,513
133682,41344,1036
126761,41344,1176
121933,41344,1553
125018,41344,1960
125494,41350,766
134772,41354,1034
122604,41354,1202
128234,41358,1212
128798,41364,834
132751,41364,1005
129518,41368,1553
120455,41371,1202
127602,41371,1216
121176,41371,1524
121457,41378,735
121650,41378,1598
129035,41382,654
127267,41388,1914
126161,41388,1948
126545,41389,834
121607,41389,901
121142,41389,1101
123166,41389,1598
125474,41392,766
125099,41392,1170
127935,41392,1359
130275,41393,1754
125989,41393,1913
132423,41400,1984
123845,41404,1184
125801,41412,1057
122703,41412,1176
129245,41412,1216
133335,41413,1374
124750,41414,906
126355,41414,973
124176,41419,654
127601,41419,1908
132141,41420,1787
122103,41420,1984
128048,41428,513
130236,41428,915
130898,41428,1571
122354,41428,1754
134809,41429,559
129726,41439,915
124038,41439,1677
129037,41439,1834
124200,41439,1984
131536,41440,858
130990,41440,964
129077,41440,1524
131226,41440,1598
128080,41440,1677
124622,41446,1333
122373,41447,624
130823,41447,1522
134233,41472,1974
125639,41509,1522
122184,41511,701
127929,41511,735
121077,41511,1365
127248,41511,1787
134745,41512,961
130414,41512,1913
134372,41517,559
134001,41517,1343
129629,41530,1948
125214,41543,654
134286,41543,1333
122683,41545,1830
124180,41547,701
120288,41549,584
121384,41549,1060
129907,41549,1435
127591,41558,766
127226,41558,1170
125814,41572,669
131190,41572,814
127640,41572,1102
121030,41583,735
132698,41583,808
130036,41583,1522
121072,41592,962
132222,41592,1678
134796,41600,575
125146,41601,961
122502,41601,1757
126836,41611,808
121399,41611,814
127208,41617,1060
130326,41634,756
123724,41634,998
126213,41634,1359
132594,41640,1553
129074,41640,1754
129193,41644,998
127322,41651,1034
125556,41651,1670
120808,41656,792
128615,41656,1754
134164,41658,1004
131833,41658,1677
132588,41669,998
126599,41669,1060
132840,41669,1365
123665,41693,513
132353,41693,1055
128001,41693,1555
124461,41693,1987
128090,41701,1522
132378,41708,1670
132205,41719,1102
133129,41719,1435
132270,41723,1253
120658,41727,1553
128364,41727,1757
130114,41727,1960
127076,41739,906
122099,41739,1036
131290,41739,1359
134958,41740,1948
133813,41742,814
124734,41742,964
133757,41743,794
131787,41749,1102
134505,41750,1333
133867,41750,1482
133004,41750,1974
133358,41760,1292
132026,41763,1202
127056,41771,1184
123320,41772,573
121994,41772,735
120328,41772,1598
123638,41772,1787
132485,41772,1914
131129,41773,794
124162,41773,876
123288,41773,1670
131044,41773,1974
129549,41787,1374
130374,41787,1834
128167,41808,1005
122750,41808,1216
131676,41808,1253
134070,41812,1073
131892,41818,531
125029,41818,906
129889,41819,1422
131643,41819,1948
133673,41821,584
129281,41821,1524
121007,41827,513
133691,41827,1787
132912,41831,1060
133146,41831,1949
131597,41833,1409
122109,41834,531
129910,41834,962
130980,41843,973
123958,41857,1598
130988,41857,1913
126814,41859,766
126414,41859,1960
131636,41871,1524
126831,41874,669
120196,41874,916
124441,41883,513
133680,41883,1422
133134,41883,1517
132486,41887,961
120561,41887,1834
120178,41888,618
133925,41889,1422
122656,41896,1333
128425,41903,1984
124029,41919,1598
124187,41919,1700
124672,41919,1908
133417,41925,1228
127988,41925,1538
121539,41925,1670
122954,41925,1949
133210,41928,834
132624,41928,1496
124433,41932,1102
130358,41938,1034
120372,41943,559
132775,41943,759
121344,41944,998
122060,41944,1522
125131,41946,575
121387,41946,814
122294,41946,1524
124686,41946,1700
132910,41946,1960
120629,41947,792
132619,41947,1005
124120,41950,1787
128028,41964,1202
133664,41970,1538
133312,41970,1778
121462,41973,759
133126,41973,808
129718,41975,794
128463,41975,1987
123416,41976,916
126271,41976,1374
120062,41976,1908
121039,41983,756
134518,41983,1435
125593,41993,962
134570,41993,1487
129753,41993,1787
133204,41993,1974
131571,41994,998
123619,41994,1060
128752,42002,1300
125430,42005,575
134394,42005,1553
126274,42007,961
125573,42007,1496
131412,42007,1553
127606,42007,1677
120054,42020,1951
123105,42040,964
125540,42060,1292
131047,42064,701
123768,42064,808
123374,42070,618
132332,42070,1055
130822,42070,1202
127273,42070,1487
129259,42071,834
120820,42078,1060
128947,42078,1409
130715,42081,1435
124334,42100,766
126985,42100,964
132757,42100,1152
128208,42100,1184
124091,42105,1170
121191,42111,1778
131828,42117,756
120022,42121,624
134565,42121,792
128918,42121,1951
125585,42126,584
131898,42126,756
122254,42127,669
133505,42127,1212
134585,42127,1987
132422,42136,1487
120715,42136,1555
122505,42136,1949
127220,42143,1524
125042,42144,911
133184,42144,1212
122626,42144,1830
121890,42153,712
120607,42159,808
133053,42166,1152
130341,42166,1974
128402,42168,1202
134086,42168,1374
123762,42170,1101
129503,42185,1060
120337,42193,1164
133678,42193,1677
120609,42193,1754
132118,42194,573
124737,42194,669
130303,42194,766
131356,42194,1675
132425,42195,1908
125635,42199,1422
130496,42199,1678
133860,42200,1073
130534,42200,1571
122331,42205,1365
130525,42224,1216
132430,42224,1340
130669,42224,1700
120614,42231,901
129921,42231,1374
132902,42238,916
122181,42238,1228
127758,42247,624
133976,42247,858
130110,42247,1343
121042,42248,1700
134839,42251,759
129258,42251,1004
132639,42251,1073
129993,42255,1555
132079,42256,759
130331,42256,881
132307,42256,1152
124116,42259,1908
124560,42262,1517
132200,42270,513
125501,42270,876
121840,42270,1102
129186,42270,1435
128449,42274,881
127075,42274,1487
126398,42276,1055
124918,42276,1757
130689,42278,701
120959,42278,794
124488,42278,1555
126593,42279,876
122619,42279,1670
127867,42289,901
128299,42296,881
120767,42319,1359
128415,42322,712
125288,42322,1949
127368,42322,1960
132654,42323,1487
126513,42323,1670
134974,42324,961
134780,42324,1036
133630,42327,1055
121073,42327,1176
132051,42327,1228
133147,42336,712
129184,42336,916
123087,42336,961
122481,42336,1522
123057,42338,701
127211,42338,834
133564,42343,961
128829,42343,1555
120942,42353,906
130737,42353,1102
122357,42353,1787
132685,42371,1352
122727,42384,559
123363,42384,712
129737,42386,1101
130656,42398,808
121094,42398,1212
127316,42402,513
128007,42402,794
122601,42414,962
133250,42429,964
128366,42429,1754
125184,42440,1522
123905,42440,1700
125314,42441,701
120593,42441,766
132078,42441,881
134534,42441,1333
134432,42445,1422
131327,42445,1757
125833,42453,834
128641,42453,1754
127699,42459,1787
127124,42466,531
126530,42466,792
122653,42466,906
124342,42466,1834
129185,42472,1435
126458,42472,1587
125994,42479,916
134728,42479,1524
127907,42490,792
123034,42490,1913
133308,42490,1948
133170,42500,1553
125997,42500,1834
125125,42504,947
131767,42504,1754
123881,42504,1974
133752,42514,1101
131222,42514,1300
127623,42515,1757
127911,42523,792
127469,42523,794
124099,42523,814
121720,42523,1060
122833,42523,1587
130681,42527,559
126935,42527,735
120991,42529,618
122823,42529,814
127926,42529,1984
128573,42543,1343
127839,42546,915
125751,42546,1830
123279,42546,1960
131436,42549,1787
126086,42551,1974
128715,42553,575
123590,42553,1587
125514,42555,1333
124130,42556,669
126975,42556,766
127506,42556,1101
129448,42556,1343
134680,42558,1170
126866,42564,881
120681,42564,1253
129580,42564,1538
131218,42568,1422
123782,42568,1678
120322,42568,1754
130884,42581,584
121615,42581,735
123026,42581,961
134222,42581,1960
120383,42589,911
133665,42596,858
122398,42596,1060
129180,42599,1202
130527,42600,654
121190,42600,1228
124183,42600,1555
134082,42600,1675
131373,42600,1678
127692,42616,1202
130517,42616,1343
131526,42616,1571
122303,42619,1212
131181,42631,1170
129505,42633,575
134710,42633,1422
123343,42633,1949
120555,42638,998
131099,42638,1409
129058,42642,1253
132028,42642,1422
129984,42644,962
126403,42644,1834
125358,42649,794
122721,42649,1787
120623,42650,531
125405,42650,834
130809,42650,1409
128921,42650,1522
122861,42656,1700
133469,42656,1754
122898,42657,654
127055,42661,947
125905,42661,1164
133960,42661,1184
124849,42661,1482
130340,42661,1787
125830,42663,1422
120610,42663,1949
130058,42666,998
124774,42674,669
128495,42674,1202
129356,42678,766
126723,42678,1678
127120,42686,973
133842,42700,808
124975,42708,513
127844,42716,964
126061,42716,1571
125486,42718,881
127452,42718,1216
122637,42718,1555
126067,42724,1914
123836,42729,911
130947,42729,1170
121497,42746,766
131195,42746,1482
126372,42746,1598
126187,42746,1913
125587,42747,1834
126446,42756,1365
121595,42756,1987
123417,42757,808
132944,42766,1522
120222,42768,559
132927,42768,1778
131080,42771,1101
128863,42771,1170
123298,42771,1834
126708,42779,911
132644,42779,1409
129520,42779,1517
134908,42788,964
125114,42821,1216
134106,42821,1292
132636,42834,1538
129764,42835,654
123385,42835,1060
133674,42835,1073
124557,42844,1292
131383,42859,916
123431,42859,1057
124329,42859,1152
131324,42859,1522
133755,42860,531
130453,42860,1343
122652,42863,1913
122552,42866,531
125991,42866,901
122655,42866,911
129693,42875,573
131459,42875,1333
120931,42875,1538
128355,42884,1060
122479,42884,1496
130332,42891,858
122766,42895,1057
127928,42915,794
120524,42930,735
124676,42930,911
130910,42930,1300
121000,42930,1435
121586,42951,1004
131672,42951,1176
121456,42951,1487
130770,42955,1517
133474,42962,916
125408,42962,1670
121370,42963,814
130399,42965,624
127052,42965,1036
132197,42965,1164
121022,42965,1948
134969,42982,794
134965,42989,858
130195,42989,915
129551,42989,1343
120547,42990,814
129592,42990,1212
122227,42990,1340
134524,42990,1517
122691,42995,766
120283,42995,962
125462,43000,712
134437,43000,1164
133142,43006,759
130897,43007,1292
132002,43007,1598
126918,43007,1670
121210,43012,1060
133959,43012,1974
128510,43026,513
130711,43026,1253
129329,43039,901
134114,43039,1352
127973,43043,911
121016,43043,1778
121266,43043,1908
132666,43044,1055
131520,43044,1202
132568,43048,1184
133494,43054,1073
132493,43057,916
126207,43058,1073
124207,43058,1253
121486,43062,1055
120753,43063,1482
131285,43075,1359
124655,43075,1538
130046,43088,1984
131021,43088,1987
129425,43093,1034
124059,43093,1170
126272,43093,1951
121681,43096,766
131003,43100,1555
134970,43100,1984
126993,43104,1102
130109,43105,1292
134015,43107,513
122200,43107,792
131202,43139,1422
127008,43145,1101
127720,43145,1778
128160,43147,669
126762,43147,906
129311,43147,911
120175,43147,1184
133856,43147,1700
121597,43151,834
122821,43168,1359
121305,43170,1948
125541,43175,712
120759,43175,766
131051,43182,701
123918,43183,584
129415,43189,669
132221,43189,858
132716,43189,1004
132084,43191,916
126054,43191,1060
131817,43191,1343
129297,43192,973
120515,43192,1340
127817,43199,792
129977,43199,858
126085,43203,1212
121786,43204,1757
133221,43206,584
125951,43206,1333
130900,43206,1700
131592,43208,1700
128258,43210,808
125611,43210,1202
120662,43211,513
129655,43211,584
134832,43211,1343
123912,43218,814
121575,43218,1102
130539,43219,1060
124889,43219,1960
134130,43232,513
132186,43232,1598
133905,43232,1830
130904,43239,1184
125790,43243,1422
129190,43247,1340
120179,43247,1365
123175,43253,559
120839,43253,1830
124261,43260,766
133285,43260,1757
120349,43266,881
134076,43279,575
130630,43282,1757
134084,43288,961
129217,43289,712
124974,43289,876
121764,43289,1034
123779,43289,1170
129805,43289,1984
126078,43292,1036
132595,43292,1057
129336,43296,906
130181,43299,962
129434,43299,1034
121268,43316,794
134081,43316,858
127649,43316,1949
126641,43318,1202
132315,43338,961
133243,43338,1152
131030,43338,1908
131230,43339,756
120683,43344,1004
121405,43344,1948
121193,43348,1487
120719,43348,1522
120716,43351,1055
122469,43374,1164
125443,43374,1908
133563,43377,1340
121371,43382,759
126807,43382,1435
129891,43382,1522
134074,43382,1960
130619,43395,559
134255,43395,1005
134552,43399,1343
124096,43402,1102
125806,43423,858
130099,43423,1216
122798,43423,1228
128111,43423,1524
132534,43433,1987
125385,43442,814
130247,43442,911
125796,43442,1228
122723,43455,1101
134573,43455,1422
134003,43458,669
127967,43473,513
129867,43477,858
133831,43477,1228
121494,43490,1340
127356,43490,1598
131168,43491,618
121943,43491,1036
129997,43493,1170
129197,43493,1496
125498,43526,1228
132914,43526,1300
128014,43531,1004
121259,43531,1951
129623,43536,1359
120655,43536,1987
125257,43581,1754
125194,43585,766
123225,43585,1555
132442,43591,712
122255,43601,1553
129579,43603,1409
132922,43610,858
120122,43610,1571
127500,43610,1908
126234,43610,1914
122058,43625,1170
121634,43625,1571
133568,43625,1914
130935,43634,808
130696,43634,998
120211,43634,1292
121230,43634,1598
129752,43635,1496
132923,43635,1913
122531,43644,901
120983,43651,881
123220,43651,1914
121392,43661,915
126710,43661,961
125332,43671,1164
134267,43672,998
126270,43672,1060
129436,43672,1333
123285,43674,1787
127769,43674,1834
124893,43676,735
123948,43676,964
119991,43677,961
125063,43682,1170
121984,43688,1228
120912,43688,1292
127279,43690,876
128717,43690,1913
125079,43693,1914
132642,43695,559
121938,43705,1004
126742,43705,1212
133839,43705,1949
133491,43709,901
132268,43709,1517
126262,43709,1913
124172,43711,735
126702,43711,1409
120585,43712,834
125259,43712,1678
122435,43712,1914
128316,43716,1787
125629,43726,1352
124129,43744,1538
130278,43744,1571
121636,43747,1170
130782,43747,1675
125816,43753,1409
132633,43754,1524
125388,43755,947
127307,43763,858
134273,43764,513
132610,43764,1522
129630,43775,834
120828,43775,1228
134791,43775,1987
127442,43787,1333
123015,43787,1677
123550,43790,766
123618,43790,1675
131038,43790,1949
123771,43792,858
127869,43792,1300
123178,43792,1555
122272,43805,876
128461,43805,1352
122140,43805,1675
123009,43805,1787
130187,43807,1034
126370,43807,1292
133000,43813,1228
122270,43813,1914
133549,43816,901
128027,43816,947
124926,43816,1951
132402,43820,735
120608,43820,759
123967,43820,1004
128336,43820,1300
122532,43821,1055
134865,43829,1184
127660,43839,1949
123227,43850,654
120791,43856,808
120279,43862,794
121046,43862,1212
120107,43862,1908
128133,43867,1422
133552,43873,808
127569,43873,998
127108,43873,1034
123702,43882,1374
134350,43891,1352
128475,43894,794
128188,43909,1343
128511,43909,1949
129794,43911,735
131751,43911,911
130192,43913,916
126816,43913,1340
121444,43913,1700
129020,43922,1073
128728,43922,1152
126769,43922,1176
129937,43922,1487
121862,43936,1700
133885,43939,618
133425,43939,1496
125271,43955,513
130508,43956,712
132529,43963,1524
132752,43963,1677
129013,43968,618
129680,43968,1004
122519,43968,1670
128318,43980,1598
122709,44012,624
134830,44020,624
128888,44020,792
122253,44020,1212
124789,44034,794
122681,44034,947
126265,44034,1340
127237,44040,1555
122808,44048,756
127632,44055,1101
128387,44057,756
134199,44060,916
124279,44060,1216
121925,44060,1678
125133,44075,947
127690,44075,1409
132987,44075,1487
126408,44077,1253
126377,44089,1340
121896,44092,1300
131305,44104,1496
119999,44104,1908
130124,44105,712
122097,44105,1496
129103,44115,964
123295,44122,618
127654,44124,1678
128744,44141,1538
122496,44141,1675
121146,44141,1960
122815,44143,618
128225,44143,973
132081,44143,1984
120292,44149,624
127527,44149,962
126428,44149,1409
122230,44150,1060
134188,44151,1176
120100,44152,531
125242,44152,1778
126321,44166,1374
120401,44177,792
130836,44177,1365
129071,44177,1974
126287,44180,1216
127151,44180,1678
122890,44187,962
123110,44187,1754
126425,44193,1352
125942,44201,814
132444,44206,901
121546,44208,712
126794,44208,1036
134872,44208,1101
129355,44216,712
132867,44216,1057
123360,44217,1365
132531,44219,1036
120139,44219,1073
132007,44219,1517
134951,44222,1057
129861,44222,1333
129575,44222,1587
128923,44235,654
124877,44235,947
129100,44235,1228
131891,44239,624
130698,44239,669
128255,44245,513
127740,44264,575
123401,44264,814
123598,44264,1359
130137,44273,1102
129239,44273,1152
121686,44276,618
129514,44276,876
123552,44276,1374
134171,44283,654
124151,44283,1292
127916,44291,531
121582,44291,735
134817,44294,766
121032,44294,1487
125870,44296,1974
123107,44298,814
130779,44298,1524
133698,44300,559
131992,44300,998
121373,44304,1184
134665,44307,624
132255,44307,947
122589,44307,1678
133601,44310,1914
127428,44315,513
126575,44315,1678
121727,44323,575
122571,44323,618
122324,44323,1908
127816,44326,916
125694,44327,1365
128053,44328,1587
125972,44334,998
124436,44334,1435
121124,44342,973
125619,44342,1034
129572,44342,1057
134216,44344,624
124086,44344,1102
131117,44344,1422
121052,44346,792
130044,44346,964
126733,44346,1060
124072,44346,1587
133900,44347,513
132342,44347,964
128552,44347,1343
130243,44349,1974
131087,44353,1914
122702,44357,881
134139,44359,881
130180,44359,947
130875,44359,1517
129524,44364,1778
125963,44367,1164
121699,44378,531
134538,44378,964
133105,44378,1101
121795,44385,1184
134319,44385,1212
134855,44385,1974
120151,44387,1487
132571,44394,756
121126,44394,858
120026,44394,1343
132314,44397,1422
133980,44401,584
124611,44406,1522
129968,44414,858
134449,44414,998
131430,44422,759
132023,44424,701
128667,44424,1352
129897,44424,1974
132817,44440,1422
129767,44449,1152
123842,44458,759
134953,44461,618
124351,44461,669
123112,44461,1834
127098,44468,1352
123501,44468,1487
131775,44473,1700
124604,44475,1005
122256,44480,1374
130431,44491,1055
133326,44491,1555
121959,44496,559
125188,44511,792
132669,44519,1101
131693,44525,575
129276,44525,794
124871,44525,1538
128470,44550,1598
133136,44567,766
131613,44567,808
125208,44567,1352
128967,44567,1914
121857,44570,1352
119989,44570,1670
133310,44571,901
132772,44571,1908
129086,44572,814
120686,44572,911
129865,44572,1422
124287,44577,964
129044,44578,712
124859,44578,901
126812,44579,1005
126900,44584,1333
124430,44584,1587
120087,44585,1677
123600,44588,701
128847,44588,759
123927,44588,911
129644,44588,1253
134874,44590,669
128688,44590,1004
123458,44590,1422
132432,44590,1524
120907,44595,1216
130628,44596,1202
120444,44597,1374
128988,44597,1517
133524,44600,1422
132206,44604,1757
133894,44604,1984
128723,44606,1164
127780,44606,1675
123697,44607,1365
122166,44614,618
126937,44614,1152
124555,44614,1496
122517,44614,1948
121263,44627,911
120908,44627,1677
126417,44629,1253
129063,44629,1670
122225,44629,1908
120121,44635,876
134828,44637,876
132839,44637,1960
123249,44647,1060
121175,44659,1333
129131,44659,1487
124198,44659,1778
125019,44660,1216
120239,44660,1700
130072,44670,701
132437,44670,1949
120267,44671,1176
128507,44674,1555
125921,44681,1914
133160,44682,792
132128,44682,1553
127312,44682,1678
132101,44683,735
121139,44683,1333
130991,44686,906
128545,44686,962
129019,44688,1834
131998,44691,756
121811,44693,1073
130429,44693,1914
129974,44693,1960
124710,44705,961
122116,44705,1184
130145,44705,1834
122453,44718,1598
134126,44718,1757
130413,44718,1914
127347,44724,808
125866,44738,915
129189,44738,1253
133394,44744,575
123335,44744,1951
120331,44750,618
128980,44755,906
122283,44755,1365
130028,44755,1482
129727,44757,962
123114,44759,531
128352,44769,1101
128052,44790,1374
126915,44803,1055
126844,44803,1333
120102,44803,1343
133535,44804,575
131564,44804,808
121324,44804,1004
123492,44806,1598
127063,44807,961
127429,44807,1834
120650,44809,1036
125308,44817,1677
127727,44820,1830
123644,44823,669
121167,44831,1343
133768,44831,1834
126496,44831,1987
120562,44837,911
123194,44841,1152
128616,44841,1675
127641,44843,1152
129092,44843,1834
123449,44849,1216
131820,44853,1587
128788,44863,559
127672,44863,575
130537,44863,584
127797,44865,624
132726,44865,1170
123252,44865,1587
128586,44868,1034
131485,44868,1340
128426,44868,1555
127912,44877,1170
127451,44885,911
129315,44887,962
129980,44887,1435
128082,44904,756
133249,44904,1034
124699,44904,1352
120342,44905,624
128153,44905,947
133007,44905,1340
132489,44905,1830
134062,44911,584
123626,44911,792
132812,44911,1102
128958,44911,1333
124224,44911,1778
134758,44914,881
124394,44914,1202
128226,44914,1300
126249,44922,1524
123810,44922,1948
122321,44926,1374
126157,44927,1374
124642,44931,513
124583,44931,947
122345,44938,559
126301,44938,1553
125996,44938,1700
120479,44946,669
124844,44948,1102
124355,44957,858
125091,44957,1343
125249,44957,1951
127498,44958,1212
133829,44961,1374
122248,44963,1830
126718,44977,1073
134270,44978,1435
129453,44992,584
131318,44996,766
122812,44996,794
130493,44996,901
130708,45000,1365
125161,45000,1555
134805,45000,1757
127592,45000,1949
122203,45001,1228
121926,45001,1678
120654,45003,915
125333,45003,1102
123766,45012,1036
129207,45012,1830
133495,45018,973
121843,45020,1700
122378,45027,618
134393,45027,1216
126700,45027,1482
121895,45035,961
123900,45035,1101
126959,45035,1496
129749,45039,573
128862,45039,701
130929,45039,858
124817,45044,947
123031,45044,1359
127748,45044,1553
123551,45044,1974
126451,45051,575
129260,45051,1987
125974,45061,1830
122308,45067,1004
131734,45068,1482
120616,45075,573
133259,45076,911
133356,45076,1517
120922,45086,573
132399,45086,1102
133101,45091,712
123505,45097,1202
125569,45097,1409
132115,45097,1960
131896,45099,766
130583,45099,1587
131183,45099,1974
132544,45107,654
130889,45109,1435
133935,45109,1482
132428,45115,973
121694,45115,1678
126829,45118,961
120247,45118,1830
134941,45132,834
134971,45132,1228
126544,45132,1422
129176,45139,1974
124244,45146,881
134184,45155,1422
125480,45160,1571
121169,45160,1700
124005,45160,1949
128281,45170,1212
132461,45171,906
125909,45171,1409
124790,45171,1487
132103,45183,1670
129552,45200,1352
125339,45201,1004
129565,45201,1005
123849,45203,964
121144,45213,1787
121455,45213,1913
120651,45216,814
129274,45216,1055
126188,45218,1951
133164,45225,906
122825,45225,1152
127682,45227,1212
122416,45238,735
122659,45238,814
134724,45238,1522
127025,45255,998
125345,45255,1102
123965,45281,1974
126299,45293,1670
132283,45312,1778
130268,45313,1253
126039,45314,1004
128749,45314,1374
133794,45314,1949
120528,45328,1060
120577,45328,1678
131336,45334,1212
122624,45338,1359
120567,45341,1340
130859,45341,1571
128037,45341,1587
129068,45342,618
128591,45342,881
130744,45359,766
130315,45359,1571
132547,45359,1830
127399,45359,1914
121742,45360,618
131241,45360,1057
132508,45360,1555
134489,45362,973
127984,45362,1228
131995,45362,1948
124764,45364,735
130510,45367,756
127058,45368,1292
122735,45368,1422
120736,45381,1553
131271,45391,915
129914,45391,1435
123599,45391,1496
134631,45391,1598
126881,45399,911
126528,45399,1482
124019,45399,1522
129664,45401,1228
123235,45401,1949
131455,45407,814
128326,45413,654
124722,45413,916
122413,45413,1700
121590,45419,1974
123512,45425,1073
121845,45425,1359
130817,45425,1365
129139,45432,712
120083,45432,1754
132522,45433,1055
123180,45433,1202
124919,45433,1778
123708,45440,624
125466,45440,712
133127,45443,1164
120095,45443,1538
130571,45443,1587
129050,45446,961
129685,45446,1170
120223,45446,1700
129247,45452,1036
124718,45452,1101
125823,45452,1670
130648,45456,1164
128313,45456,1754
134869,45459,876
127040,45459,1184
126177,45459,1553
121746,45459,1571
125297,45466,1202
134768,45466,1677
133763,45471,1343
123466,45471,1908
127635,45472,1164
121783,45472,1212
127629,45472,1216
132244,45483,906
121814,45483,1343
126468,45483,1675
131789,45485,735
122736,45485,901
126906,45485,1555
120114,45490,513
132565,45490,1778
132127,45496,876
131229,45499,906
122372,45520,947
131252,45520,1060
126478,45520,1678
125853,45531,916
126802,45532,1004
122635,45532,1598
121149,45538,1670
132095,45541,814
127077,45541,1212
121983,45550,1300
133095,45550,1678
133855,45550,1778
120535,45568,759
129603,45568,973
120955,45571,624
121528,45571,962
120459,45571,998
121029,45576,1004
124617,45581,961
130917,45597,669
130747,45597,1152
121667,45597,1435
133391,45602,1913
126021,45619,1830
130506,45620,1482
125473,45624,998
121219,45627,1176
123639,45633,1184
130581,45638,808
120233,45638,915
122067,45638,1333
130799,45644,808
124407,45644,1914
129679,45647,911
134720,45669,559
123833,45677,792
121313,45677,1176
121161,45681,1571
131963,45681,1949
131358,45691,756
122822,45692,1101
126206,45692,1340
125732,45692,1587
128396,45692,1948
120914,45697,559
122490,45698,1101
125008,45698,1984
120079,45701,998
130563,45701,1409
130541,45702,756
128083,45702,947
122344,45708,1984
134879,45708,1987
121663,45723,1670
121889,45724,624
132077,45724,1170
131263,45724,1538
123924,45729,1830
122978,45730,962
127922,45733,973
134025,45735,964
120238,45735,1517
125438,45735,1949
121220,45737,947
124192,45737,964
120823,45737,1184
121797,45737,1555
123072,45740,1004
119978,45740,1524
123939,45745,1974
126074,45757,1482
128652,45757,1949
127162,45762,881
126360,45762,1073
122077,45762,1598
129117,45770,808
120832,45770,1524
123348,45770,1598
121168,45771,559
131673,45771,964
134622,45771,1176
126703,45773,559
126123,45781,701
126690,45788,654
123970,45791,947
127788,45791,1152
134677,45812,1422
120389,45814,906
126569,45814,1202
133490,45816,735
133122,45816,766
122336,45821,1487
123212,45821,1754
128815,45824,1352
126052,45824,1834
128423,45824,1913
123909,45826,1216
129577,45827,1670
127041,45838,1184
130378,45838,1359
122912,45838,1960
132736,45846,876
131140,45846,1060
132951,45847,559
125764,45847,1675
133212,45847,1677
120545,45851,1374
130061,45857,559
133355,45857,701
120576,45862,1055
127323,45862,1102
133927,45868,573
122743,45870,624
121363,45871,1216
127302,45871,1598
129554,45871,1913
128884,45872,669
131839,45872,973
128998,45872,998
134044,45872,1055
124837,45872,1571
130972,45927,858
129429,45927,1834
133543,45927,1908
129252,45928,1778
132516,45948,1778
130364,45955,513
128416,45955,669
134037,45955,1300
123906,45967,1101
131802,45967,1700
131669,45973,1057
120355,45973,1984
129789,45979,901
125882,45979,961
121360,45979,1292
128820,45979,1374
133985,45979,1677
127005,45980,1036
126780,45982,1538
134559,45982,1951
131071,45983,1487
125774,45983,1949
125296,45991,1170
128322,46000,915
121171,46000,1005
132203,46001,1435
133367,46001,1830
125490,46008,998
126487,46008,1005
134512,46008,1834
121522,46012,964
130679,46015,1555
132648,46015,1587
125216,46023,1292
131882,46028,1352
132896,46028,1598
123487,46032,735
123789,46032,1778
121489,46038,973
131326,46038,1073
130816,46038,1487
124649,46048,1670
131392,46050,531
127455,46050,906
125142,46053,513
124057,46053,1913
123564,46062,1170
120092,46062,1300
128389,46062,1555
122405,46065,1409
120415,46065,1830
128372,46065,1914
132076,46067,964
129116,46069,901
122447,46069,998
124266,46074,1212
121192,46074,1522
130007,46077,1951
132814,46080,911
123305,46080,1073
133333,46081,1409
125117,46084,998
126373,46088,1913
122171,46093,618
132942,46093,712
122252,46093,1496
130849,46093,1677
123567,46093,1787
124376,46098,575
126731,46098,964
128029,46098,1675
130119,46100,964
122383,46116,735
123980,46116,1228
127625,46124,915
129522,46126,911
133263,46126,973
129115,46126,1778
123496,46127,1359
132450,46135,766
130574,46143,735
124966,46150,1482
132377,46151,911
132305,46151,1176
129213,46151,1522
124951,46151,1830
125736,46154,654
131272,46154,834
129031,46154,1202
132713,46154,1522
124333,46162,1374
122476,46176,559
130952,46176,808
122608,46181,814
125782,46181,1524
133162,46182,654
126659,46182,1678
124934,46192,618
134121,46192,794
129912,46192,1409
123730,46198,1524
126100,46206,794
128297,46206,1409
123994,46212,901
134731,46212,1754
133330,46212,1778
128969,46224,1951
126581,46226,559
126459,46226,794
126449,46226,858
124581,46226,1073
134592,46226,1228
133149,46226,1409
125572,46226,1677
127779,46227,1216
128771,46227,1292
131632,46227,1359
122295,46227,1374
125851,46233,1034
129109,46233,1055
120085,46233,1587
125529,46233,1598
129766,46236,654
134066,46236,915
130251,46236,1343
128181,46238,1212
127090,46238,1292
123104,46238,1374
128390,46238,1778
126257,46250,1060
127971,46250,1340
130891,46250,1778
121780,46258,834
131871,46258,1184
127180,46258,1253
122777,46258,1365
126140,46259,881
134661,46259,1005
123412,46260,1754
125579,46270,759
125450,46286,814
121737,46287,876
130313,46287,1482
127062,46288,1974
123853,46290,1538
128786,46293,1164
121838,46299,559
127176,46300,573
130903,46318,876
120097,46318,1422
126971,46329,794
131437,46329,1678
130524,46330,531
126726,46330,575
123947,46330,1101
123390,46335,1496
125276,46339,1228
129312,46341,531
124593,46341,1538
124855,46345,1004
123837,46346,1482
130070,46346,1522
130017,46346,1913
121204,46349,881
133423,46363,915
132321,46363,1524
121514,46365,531
133419,46365,1101
129105,46365,1522
127137,46366,858
129400,46366,915
127856,46366,1333
125559,46370,1757
132324,46381,1960
121433,46393,1974
125212,46403,1778
127774,46404,1176
121571,46404,1374
121140,46406,961
122963,46406,1352
130584,46411,1365
124751,46411,1914
130370,46423,1202
133530,46424,1164
134388,46424,1352
125545,46427,1184
120350,46427,1333
133504,46437,575
134008,46437,1005
132919,46437,1184
121883,46438,1176
128401,46442,916
129859,46442,1228
133072,46442,1778
133257,46442,1949
130993,46446,1677
131281,46458,834
123513,46459,766
128957,46459,1677
120818,46459,1700
121917,46459,1787
133880,46463,1522
121224,46467,901
122999,46468,1152
125887,46473,531
128203,46473,792
128584,46473,1101
121421,46489,1060
123786,46503,1055
134892,46503,1212
123946,46503,1678
120531,46504,1409
127010,46504,1598
132501,46516,559
130902,46516,876
131675,46516,1778
126859,46529,916
132667,46537,1538
129911,46538,1700
126181,46539,1984
124075,46541,1176
120760,46543,794
133209,46544,1908
133735,46548,792
122328,46548,1834
131595,46567,901
131919,46567,1152
131932,46567,1496
122949,46569,1212
125744,46571,1073
127771,46571,1960
131160,46578,1571
120538,46578,1830
124345,46585,1757
130762,46587,808
124012,46589,961
132981,46589,1359
125349,46601,947
120394,46601,1374
133786,46607,1778
127029,46608,1184
127549,46608,1914
126691,46616,584
131265,46621,1914
130502,46622,584
133452,46622,961
130348,46622,1754
124013,46622,1757
121912,46625,916
132366,46625,1101
129730,46625,1435
131408,46625,1700
131506,46629,669
126310,46629,947
126735,46629,1036
128456,46632,1517
121816,46634,876
128823,46640,712
120028,46640,1333
127332,46640,1675
122098,46643,573
127631,46643,1170
128004,46643,1555
130896,46644,575
127419,46644,1170
133639,46644,1359
131316,46653,1101
133526,46653,1212
130464,46655,1216
124959,46663,584
131066,46663,1300
129454,46668,759
120723,46668,1253
129154,46668,1678
123936,46669,712
134089,46669,1102
132977,46669,1678
126057,46673,1073
134582,46686,766
127902,46687,998
129597,46687,1176
120669,46693,531
127898,46693,1908
127799,46704,1004
125058,46704,1036
126815,46704,1553
128907,46710,1340
124103,46710,1487
124628,46710,1778
132403,46710,1948
122523,46717,1678
129854,46724,575
125195,46724,1359
124846,46724,1778
120628,46731,962
133668,46736,1754
132171,46737,964
120915,46737,1487
121241,46745,1055
120898,46745,1482
127381,46750,654
130535,46750,792
122864,46750,1212
128854,46750,1359
126563,46750,1524
131304,46758,964
124054,46758,1678
129888,46758,1757
125564,46760,1678
123997,46770,1700
125141,46780,794
133372,46780,973
134182,46783,1228
130948,46783,1374
130811,46797,961
130214,46797,973
124823,46797,1365
128288,46797,1555
126991,46805,1216
127249,46805,1333
130375,46805,1914
125252,46816,1587
125078,46816,1598
132710,46816,1678
120641,46820,1055
129249,46820,1152
128361,46824,881
127904,46829,1055
123102,46832,998
133156,46833,1482
123164,46834,1057
130305,46834,1152
128528,46834,1409
130906,46837,1700
131175,46872,1102
122358,46872,1228
128112,46873,1333
129590,46886,531
125911,46886,1004
121612,46886,1184
120834,46887,531
129705,46887,906
122237,46887,1152
120474,46887,1675
124691,46887,1834
123848,46889,1487
132025,46889,1951
130720,46899,1913
128697,46908,1496
123207,46912,575
120243,46912,1005
121669,46913,575
127609,46913,759
127488,46913,1482
128422,46913,1834
131490,46915,1152
131333,46915,1974
127440,46924,1228
131958,46924,1359
125507,46924,1524
121549,46927,1754
131504,46939,1677
124607,46948,1333
123834,46948,1757
126983,46948,1960
130060,46952,1212
124437,46953,834
131608,46953,1212
124359,46953,1834
123987,46955,1216
133363,46963,1340
125198,46963,1496
126466,46963,1587
121623,46984,759
130885,46984,901
131177,46985,881
130945,46985,947
128739,46985,1152
126330,46985,1228
120378,46985,1359
122829,46985,1948
120460,46996,756
124408,46996,1343
125618,46996,1670
127388,47000,1300
129902,47019,1948
129009,47021,1571
129713,47026,998
120670,47028,759
121078,47033,792
131579,47038,1340
131702,47049,756
121174,47049,1343
121049,47049,1522
126526,47049,1598
126870,47052,559
134464,47056,915
133955,47072,1677
129124,47073,1677
125528,47073,1830
125221,47089,915
124185,47089,1333
120977,47089,1555
128370,47089,1830
125634,47090,834
134746,47090,881
120015,47090,1152
127270,47091,1004
124241,47091,1555
132306,47091,1974
132452,47094,756
127128,47094,1678
122944,47095,1951
129135,47121,1787
125007,47143,513
129361,47143,814
120024,47143,906
124421,47143,1202
126281,47147,906
128151,47147,1164
121179,47147,1300
123760,47148,669
120334,47148,792
128913,47149,1170
131184,47149,1913
128743,47155,584
121712,47155,624
123757,47156,1060
129379,47158,1675
131013,47163,1524
122223,47169,1675
128502,47169,1987
134308,47175,1034
123340,47176,584
134948,47176,794
131391,47176,1073
127709,47176,1152
130783,47176,1678
120769,47180,1184
132586,47180,1948
120232,47188,814
124985,47188,1212
129846,47188,1365
131959,47198,1987
128009,47204,1359
128599,47208,973
122292,47208,1228
125340,47208,1754
124423,47208,1987
133003,47210,901
132289,47212,1102
124350,47216,531
125107,47216,906
128899,47216,1960
129437,47218,1057
125701,47225,759
127553,47231,916
127737,47231,1212
126615,47231,1522
132758,47232,794
125865,47237,1670
122131,47239,559
122145,47242,1073
133266,47244,1522
133967,47244,1754
132192,47269,1555
120077,47276,1598
129604,47285,712
120101,47285,808
132996,47285,1598
131717,47287,1571
124343,47318,759
131991,47318,973
133836,47318,1034
131804,47332,1754
129822,47333,962
133013,47336,701
123908,47336,759
126127,47337,1034
120216,47337,1587
129321,47340,962
125861,47340,1778
131086,47349,1524
127961,47349,1538
130388,47364,901
125169,47364,1496
123473,47372,1948
122795,47374,1055
130662,47374,1359
128191,47375,1184
121051,47390,947
125210,47390,1292
121017,47390,1343
124467,47394,712
121642,47394,1253
129708,47397,1034
120325,47397,1057
133775,47398,1587
133661,47402,584
126407,47402,858
130954,47402,1908
132411,47406,624
128333,47406,1176
130279,47406,1670
128320,47410,1675
125274,47414,735
123863,47414,961
133202,47414,1675
127522,47416,858
128911,47416,1522
121679,47422,1055
130671,47434,559
127523,47434,1517
123019,47443,1409
128319,47451,834
129817,47451,1422
133854,47459,756
124999,47459,881
129083,47459,961
120289,47459,964
129056,47459,1101
124385,47464,584
122818,47464,1005
120733,47464,1409
121704,47469,759
131696,47471,618
134225,47471,1496
125464,47473,962
126926,47474,906
133844,47474,1212
123489,47476,1675
131505,47483,792
122904,47483,1005
123921,47496,1300
119982,47503,1333
131937,47503,1487
120758,47506,1101
120169,47507,759
127433,47507,766
126101,47507,814
121765,47507,1101
125867,47511,876
128943,47511,1055
128175,47511,1435
121931,47511,1524
128671,47512,669
130185,47512,1073
122191,47517,513
128860,47517,584
124641,47517,1055
123481,47517,1522
132587,47522,1253
131005,47522,1517
134035,47534,618
124153,47534,1184
132556,47534,1987
134625,47536,701
121027,47536,1300
121701,47537,901
134785,47537,1409
123687,47542,794
120819,47542,1670
125503,47545,876
122636,47545,911
126399,47545,962
133036,47545,1184
125086,47545,1522
132017,47554,1340
123816,47554,1571
130428,47555,834
133690,47563,759
121226,47563,915
130156,47563,1487
131644,47565,1587
134519,47568,766
133029,47568,1678
134781,47578,834
121151,47578,962
131224,47578,1170
129484,47589,964
128819,47589,1571
134632,47589,1834
127847,47590,792
120111,47590,1555
132396,47590,1757
122647,47590,1984
127310,47600,876
123851,47600,998
133590,47600,1409
120274,47600,1571
129102,47608,701
123129,47608,792
133507,47608,1340
134284,47610,794
134537,47610,1987
126178,47620,575
120051,47620,1164
122095,47621,947
125489,47627,1073
130020,47627,1253
124026,47627,1365
127702,47632,1571
130037,47633,1102
122964,47635,1216
127432,47642,1754
126003,47646,1055
133760,47648,1060
130221,47648,1292
126682,47653,701
130266,47653,1482
122370,47653,1987
131198,47661,584
130179,47661,1102
128799,47666,669
125057,47666,1435
130263,47682,973
128987,47682,1060
128901,47685,712
131818,47685,794
124905,47685,876
123951,47685,1170
127411,47685,1202
128755,47690,881
125100,47690,915
126505,47690,1170
121483,47690,1522
129228,47702,1787
128501,47706,792
132847,47706,998
132848,47706,1949
132546,47716,513
126227,47716,1164
132182,47716,1359
129445,47716,1517
130753,47717,513
129337,47717,901
129397,47717,1184
124868,47718,712
132626,47718,1057
129677,47718,1949
128873,47732,1754
128222,47735,876
128062,47735,1951
128224,47738,1055
120049,47738,1073
127879,47739,654
124481,47739,1228
126792,47740,1787
126351,47753,1101
127841,47753,1974
129834,47755,916
126046,47755,1004
126107,47755,1333
130288,47764,1571
133654,47771,961
120697,47771,1253
124524,47771,1300
128351,47775,834
123672,47775,1834
133714,47778,1333
121156,47778,1677
133742,47782,1517
127656,47789,876
121580,47792,531
127880,47792,1675
124000,47792,1908
121307,47797,1343
129390,47797,1422
128132,47799,1073
120011,47799,1228
129392,47799,1757
123795,47806,834
133321,47806,1496
123152,47814,947
132407,47817,1060
122220,47817,1422
132820,47817,1675
126517,47824,1678
134331,47824,1974
130274,47825,881
120730,47825,1057
129108,47830,876
131951,47840,1778
125958,47858,1670
132039,47861,584
122924,47861,911
126917,47870,701
126199,47870,1176
122670,47877,964
134103,47877,1073
127999,47882,1778
122986,47882,1914
128548,47882,1960
121986,47886,1834
129172,47895,1340
121021,47895,1343
127754,47895,1409
121856,47902,1212
120181,47902,1253
126196,47915,1057
131912,47917,792
131313,47918,1055
134847,47923,1675
132961,47941,911
132500,47941,1598
124004,47951,1365
126357,47961,624
128563,47961,1073
126790,47967,759
133558,47967,858
126997,47967,1553
132111,47967,1678
122157,47992,947
123642,47992,1538
122651,47992,1951
122971,48001,1538
121901,48002,1359
122125,48004,964
122722,48005,1587
127482,48013,531
132024,48031,1787
121275,48036,881
121622,48036,964
130040,48038,1164
128054,48038,1409
133709,48038,1538
128756,48042,792
132058,48042,901
129906,48042,1170
121434,48042,1496
122228,48042,1700
134460,48043,1212
130082,48043,1216
121011,48047,618
123486,48047,906
122737,48047,973
129041,48047,998
121099,48057,1677
133864,48060,1677
126429,48062,1170
122751,48065,1700
134060,48069,1987
124526,48094,1435
125072,48094,1675
132209,48104,1522
133741,48104,1678
126444,48112,1034
122848,48112,1359
131872,48112,1435
120582,48115,1409
132263,48121,1333
128017,48122,1057
123804,48125,947
129596,48125,1675
127138,48125,1757
120649,48144,735
129273,48144,964
124779,48144,1422
120103,48151,1913
132176,48154,1700
128471,48164,1670
128125,48165,973
131243,48165,1292
122585,48170,1571
125321,48179,814
120235,48182,1202
129782,48182,1914
122828,48189,1164
121184,48189,1517
127231,48195,559
124297,48195,575
121624,48195,735
133685,48198,559
134467,48198,1487
120351,48202,1553
121566,48205,1102
128124,48205,1949
128703,48211,1184
133300,48211,1422
133085,48211,1834
124418,48219,1202
122835,48223,701
130087,48225,1517
126644,48241,961
121350,48241,1057
122510,48241,1984
131574,48246,701
121404,48246,906
126471,48246,1987
130160,48248,1908
128822,48254,654
131101,48265,531
125686,48265,792
128342,48265,1754
127042,48266,575
127187,48266,1176
122871,48266,1524
128830,48270,1487
128559,48280,901
134021,48280,973
124389,48280,1170
127513,48280,1974
128896,48284,1538
121756,48284,1678
121209,48284,1960
132469,48286,513
134742,48286,1787
121469,48287,1034
130881,48287,1834
131650,48310,701
134262,48310,906
123325,48314,916
132398,48315,964
134279,48315,1228
120773,48315,1359
123303,48315,1487
123055,48329,911
131413,48329,1374
124317,48329,1553
121199,48332,1677
125491,48336,1212
129738,48337,669
124104,48341,1496
128694,48341,1700
121563,48342,962
131612,48346,531
125710,48346,1522
120560,48346,1787
125219,48347,759
133771,48351,1060
132320,48354,1102
121320,48354,1487
121249,48354,1951
129779,48362,1482
129324,48365,1553
133034,48365,1987
127659,48375,1036
122804,48384,1522
120422,48385,915
130866,48385,1908
129157,48386,701
122233,48386,916
127861,48389,1036
120511,48389,1253
130387,48396,1300
122035,48405,735
124570,48405,916
128376,48405,998
124645,48405,1164
121114,48405,1984
121767,48426,756
131488,48426,766
128562,48426,964
132603,48429,1522
126949,48432,618
130601,48437,814
131180,48437,1524
126401,48437,1677
125698,48447,1555
127862,48447,1987
128707,48451,759
132421,48455,766
121535,48469,1333
129842,48476,1176
130582,48476,1948
134365,48503,575
126580,48511,669
131234,48511,1164
126424,48511,1598
120893,48527,1365
121085,48535,1598
120889,48537,618
123668,48537,1778
123655,48555,1253
124291,48568,1908
131948,48585,1004
134761,48585,1974
123856,48588,712
131865,48588,876
126246,48588,1754
132229,48590,1184
129471,48594,1787
132309,48602,961
133541,48617,916
127417,48617,1055
131748,48617,1060
132788,48636,998
122059,48636,1216
131449,48642,735
123535,48649,1036
129619,48649,1787
124729,48651,1984
120338,48663,1253
126891,48663,1778
130334,48666,916
121611,48666,1538
122112,48667,1292
127320,48669,1036
122981,48669,1152
130043,48678,876
128990,48685,964
132000,48685,1036
126688,48685,1365
122783,48685,1914
134936,48686,1202
121270,48697,575
134966,48700,858
121036,48700,1948
121867,48706,1974
130433,48709,973
131844,48713,1057
132980,48713,1524
130738,48714,901
130589,48714,1228
124756,48714,1422
124323,48726,1005
120704,48726,1176
122988,48732,1073
123718,48732,1913
122752,48734,756
120416,48757,1496
134059,48758,1202
120163,48758,1951
129219,48767,1170
130552,48789,756
134763,48789,1073
128897,48790,573
134633,48790,1678
125718,48795,964
129833,48801,1522
123414,48807,1538
123168,48815,1524
125291,48820,1754
124806,48824,858
125342,48824,1974
133242,48828,1553
122290,48839,1571
131842,48849,1343
121823,48849,1496
127905,48863,573
132862,48865,916
128500,48865,1538
129829,48878,669
129595,48885,624
134863,48885,1300
126153,48885,1359
133895,48885,1598
128693,48887,584
120615,48887,792
127597,48887,1754
123883,48889,973
127855,48889,1496
122185,48890,766
132782,48894,814
134445,48898,1830
127072,48903,584
128006,48914,1060
132874,48914,1300
133027,48919,1212
123218,48919,1333
123874,48921,947
120644,48922,531
132892,48922,834
125704,48922,1571
125646,48922,1948
123592,48925,712
134712,48925,947
120014,48925,1374
126711,48925,1960
121329,48926,1496
120281,48926,1951
123705,48927,808
125283,48927,1524
125970,48929,1522
134250,48941,1487
133094,48948,1152
128506,48957,1036
120882,48957,1553
122832,48963,573
130792,48963,712
120854,48963,1571
125890,48969,624
128185,48972,834
122365,48973,915
126740,48973,1060
130653,48973,1913
133345,48989,1422
121265,48990,915
133676,48990,1004
132254,49003,1352
120244,49005,1170
124471,49005,1787
134246,49005,1987
124795,49011,1948
133886,49014,1152
122263,49014,1184
134146,49023,1055
126283,49038,901
123498,49039,1670
125834,49044,575
124298,49045,1216
131149,49045,1587
123731,49061,998
127292,49062,584
130353,49062,1101
127884,49067,915
124393,49083,1960
126149,49083,1987
128629,49085,618
134915,49085,794
131629,49085,1184
122139,49085,1340
122950,49086,654
129527,49086,1598
131036,49086,1754
130543,49090,1340
132611,49090,1538
134204,49096,1834
125827,49098,1176
126035,49098,1670
132993,49103,559
123591,49103,916
134295,49103,1365
120170,49103,1517
132584,49103,1834
134343,49106,1184
120249,49106,1675
134201,49106,1951
125285,49106,1974
131606,49111,1152
132759,49111,1176
134381,49111,1216
126284,49111,1960
134180,49113,1060
125900,49114,701
120386,49114,1102
128974,49114,1482
124886,49125,916
130651,49128,1292
133534,49133,531
120362,49133,1202
120998,49133,1422
124579,49133,1435
128893,49136,858
128748,49149,1435
124978,49149,1987
120985,49157,1778
127974,49162,669
126077,49162,1422
134921,49162,1757
125009,49162,1913
127244,49162,1974
131207,49165,1005
130120,49165,1170
123337,49167,916
122105,49167,1170
131018,49167,1949
124989,49175,624
125906,49175,1202
122677,49180,669
124371,49180,1340
132730,49183,834
123376,49198,513
124274,49198,1598
123712,49198,1913
133701,49199,1292
122281,49199,1587
120949,49206,1253
133964,49213,513
126830,49213,1102
125500,49216,756
133582,49223,961
125356,49225,1152
125023,49225,1352
123418,49234,575
128414,49234,654
121223,49234,964
131562,49236,1152
121473,49237,998
123192,49237,1670
124435,49237,1675
134599,49261,1678
132243,49264,654
134786,49272,858
130096,49281,1409
120248,49283,998
128243,49288,1005
125109,49291,906
123184,49295,573
132012,49301,1152
133954,49306,573
121271,49311,1004
130491,49311,1060
121969,49311,1359
122222,49311,1948
129890,49312,1034
130135,49312,1598
121207,49319,584
121459,49324,513
125065,49324,669
131360,49327,766
130557,49327,794
128360,49334,1960
134186,49339,911
134945,49346,573
130067,49346,1974
126732,49347,964
120048,49347,1202
121138,49347,1343
126668,49349,573
123531,49350,1951
129079,49363,1060
128838,49363,1184
123084,49363,1517
122118,49363,1522
132821,49368,1036
121569,49368,1913
126184,49384,964
131905,49393,573
129322,49393,1670
123814,49398,1202
130895,49400,573
130152,49403,962
127299,49403,1352
128286,49408,584
120963,49408,1670
121358,49408,1960
130051,49409,584
131970,49409,1340
125516,49409,1948
123082,49416,766
129940,49420,1073
127773,49420,1228
134495,49426,1757
120665,49431,1951
128182,49442,624
128764,49442,1587
133593,49442,1700
122471,49442,1960
128127,49445,559
133427,49445,901
131219,49445,1073
129628,49453,858
133303,49456,1164
122304,49456,1587
124139,49456,1830
127813,49485,808
132663,49485,1004
129582,49485,1754
121660,49488,624
127772,49489,1164
123357,49489,1675
128363,49503,1340
131441,49505,973
128677,49520,1055
131331,49520,1787
133715,49521,1228
129929,49521,1670
123734,49521,1787
132280,49527,1055
128473,49539,964
133033,49539,1974
126231,49540,1598
123043,49553,1948
126783,49560,915
126072,49560,1292
127891,49566,531
120501,49566,1834
130351,49577,513
127878,49578,1202
120173,49580,1073
131670,49587,654
124896,49597,1057
133869,49599,1914
120463,49600,756
134236,49600,1292
133214,49602,654
134636,49606,814
124712,49606,1170
121110,49606,1778
130634,49611,1359
123867,49618,735
129006,49623,1678
127296,49625,911
120246,49625,1555
120972,49631,1908
128343,49653,1482
129395,49661,584
125101,49661,834
127807,49661,876
129475,49664,1435
129101,49664,1754
129255,49683,618
121918,49683,808
121588,49683,1587
128015,49686,1253
130936,49686,1517
124415,49703,1343
131895,49703,1914
126947,49705,1212
132600,49705,1555
125903,49709,1073
123208,49709,1101
134239,49713,1216
130989,49717,1949
120321,49723,654
125155,49723,794
130024,49724,1913
132999,49731,624
121477,49731,1057
132418,49731,1164
129513,49738,513
122386,49738,901
131743,49738,1913
124679,49738,1974
132527,49738,1984
125015,49745,575
120588,49745,735
128100,49752,1101
120352,49755,624
129509,49755,669
134739,49755,794
120076,49755,834
125536,49771,814
125164,49775,1365
128782,49777,1073
126344,49777,1987
125607,49786,915
133476,49786,1212
128403,49797,1333
125157,49797,1538
134737,49799,1496
125962,49805,1102
123039,49805,1164
130840,49812,792
129806,49812,906
133848,49812,1333
128571,49812,1517
127205,49812,1913
120775,49814,858
131194,49814,1435
120896,49824,1571
131293,49843,1987
130624,49846,712
120997,49846,916
131774,49846,1073
132773,49846,1176
123509,49846,1374
125705,49846,1700
126938,49847,814
121510,49867,1598
124147,49869,906
127685,49869,1374
133915,49869,1482
128492,49870,1787
132380,49871,1754
127747,49884,624
132519,49884,1055
127336,49884,1202
124240,49884,1374
124491,49887,792
126568,49890,1184
134933,49890,1834
131777,49898,1202
126628,49899,1216
123555,49930,1555
120674,49930,1948
128881,49932,624
132524,49932,916
128904,49938,906
121448,49941,911
124892,49941,1422
126531,49947,1670
122575,49948,906
125030,49948,1830
122050,49954,858
134846,49954,1951
130723,49958,735
130829,49959,1216
120930,49959,1253
128566,49963,1340
134574,49968,559
132841,49968,1830
128975,49969,559
121242,49969,1170
133193,49969,1253
123455,49969,1435
120956,49975,962
121289,49986,1036
133389,49986,1598
128965,49991,901
133646,49991,1787
133908,49998,1830
129724,49998,1951
