full_name,course_name,present_days,total_days
"Nikhil Khanna","Industrial Engineering",0,1
"Krishna Ghosh","Industrial Engineering",2,3
"Deepak Dubey","Industrial Engineering",0,1
"Sneha Reddy","Industrial Engineering",2,2
"Sneha Joshi","Industrial Engineering",0,1
"Ananya Verma","Industrial Engineering",1,1
"Ritika Sinha","Industrial Engineering",3,3
"Om Verma","Industrial Engineering",1,1
"Siddharth Jain","Industrial Engineering",2,2
"Sneha Kapoor","Industrial Engineering",1,2
"Tanmay Choudhary","Industrial Engineering",1,1
"Meera Das","Industrial Engineering",1,2
"Sai Nair","Industrial Engineering",2,2
"Priya Bansal","Industrial Engineering",1,1
"Priya Choudhary","Industrial Engineering",2,2
"Rohan Bansal","Industrial Engineering",1,1
"Deepak Rao","Industrial Engineering",1,1
"Ananya Das","Industrial Engineering",1,1
"Aarav Patel","Industrial Engineering",1,2
"Om Jain","Industrial Engineering",1,1
"Pooja Menon","Industrial Engineering",1,1
"Ritika Mehta","Industrial Engineering",2,2
"Yash Thakur","Industrial Engineering",1,1
"Manav Joshi","Industrial Engineering",1,1
"Siddharth Choudhary","Industrial Engineering",0,1
"Neha Gupta","Industrial Engineering",1,1
"Sai Menon","Industrial Engineering",1,1
"Rohan Ghosh","Industrial Engineering",1,1
"Tanmay Das","Industrial Engineering",1,1
"Pooja Kapoor","Industrial Engineering",1,1
"Ananya Reddy","Industrial Engineering",2,2
"Kunal Agarwal","Industrial Engineering",1,1
"Aditya Das","Industrial Engineering",0,1
"Ishaan Gupta","Industrial Engineering",1,1
"Rohan Iyer","Industrial Engineering",2,2
"Ritesh Pandey","Industrial Engineering",1,1
"Siddharth Rao","Industrial Engineering",1,1
"Nikhil Patel","Industrial Engineering",1,1
"Arjun Pandey","Industrial Engineering",1,2
"Yash Das","Industrial Engineering",1,1
"Yash Pandey","Industrial Engineering",1,1
"Pooja Bansal","Industrial Engineering",1,1
"Pooja Agarwal","Industrial Engineering",1,1
"Vivaan Jain","Industrial Engineering",2,3
"Dev Sharma","Industrial Engineering",1,1
"Tanmay Sharma","Industrial Engineering",1,1
"Aditi Sharma","Industrial Engineering",1,1
"Tanmay Ghosh","Industrial Engineering",1,1
"Sneha Thakur","Industrial Engineering",1,1
"Ishaan Choudhary","Industrial Engineering",1,1
"Krishna Sinha","Industrial Engineering",1,1
"Sneha Choudhary","Industrial Engineering",2,2
"Ishaan Sinha","Industrial Engineering",0,1
"Kavya Choudhary","Industrial Engineering",1,1
"Ritika Choudhary","Industrial Engineering",1,1
"Aditi Thakur","Industrial Engineering",1,1
"Arjun Jain","Industrial Engineering",1,1
"Varun Jain","Industrial Engineering",1,1
"Sai Ghosh","Industrial Engineering",1,1
"Pooja Das","Industrial Engineering",2,2
"Ishaan Menon","Industrial Engineering",1,1
"Krishna Dubey","Industrial Engineering",1,1
"Arjun Das","Industrial Engineering",1,1
"Ananya Dubey","Industrial Engineering",1,1
"Ritika Bansal","Industrial Engineering",1,1
"Tanmay Bansal","Industrial Engineering",1,1
"Krishna Thakur","Industrial Engineering",1,2
"Siddharth Nair","Industrial Engineering",1,1
"Ritika Sharma","Industrial Engineering",1,2
"Varun Dubey","Industrial Engineering",1,1
"Nikhil Das","Industrial Engineering",1,1
"Kunal Das","Industrial Engineering",3,4
"Priya Das","Industrial Engineering",2,2
"Ananya Iyer","Industrial Engineering",1,1
"Mohit Agarwal","Industrial Engineering",1,1
"Dev Kapoor","Industrial Engineering",1,2
"Meera Sharma","Industrial Engineering",1,1
"Priya Sharma","Industrial Engineering",1,1
"Sai Mehta","Industrial Engineering",1,1
"Diya Dubey","Industrial Engineering",1,1
"Sai Thakur","Industrial Engineering",1,1
"Kunal Khanna","Industrial Engineering",0,1
"Om Choudhary","Industrial Engineering",2,2
"Arjun Thakur","Industrial Engineering",1,1
"Ritesh Rao","Industrial Engineering",1,1
"Diya Bansal","Industrial Engineering",0,1
"Sai Iyer","Industrial Engineering",1,1
"Neha Sinha","Industrial Engineering",1,1
"Nikhil Pandey","Industrial Engineering",1,1
"Vivaan Sharma","Industrial Engineering",1,1
"Ritika Verma","Industrial Engineering",3,3
"Aarav Rao","Industrial Engineering",1,1
"Nikhil Rao","Industrial Engineering",0,1
"Neha Kapoor","Industrial Engineering",1,1
"Deepak Das","Industrial Engineering",1,1
"Rahul Iyer","Industrial Engineering",1,1
"Nikhil Sinha","Industrial Engineering",1,1
"Sai Jain","Industrial Engineering",1,1
"Harsh Reddy","Industrial Engineering",0,1
"Priya Jain","Industrial Engineering",1,1
"Dev Verma","Industrial Engineering",1,1
"Kavya Thakur","Industrial Engineering",0,1
"Rohan Sharma","Industrial Engineering",2,2
"Manav Nair","Industrial Engineering",1,1
"Manav Menon","Industrial Engineering",1,1
"Manav Thakur","Industrial Engineering",1,1
"Rahul Reddy","Industrial Engineering",1,1
"Meera Agarwal","Industrial Engineering",1,1
"Ananya Rao","Industrial Engineering",1,1
"Priya Pandey","Industrial Engineering",1,1
"Tanmay Kapoor","Industrial Engineering",1,1
"Pooja Rao","Industrial Engineering",1,1
"Harsh Mehta","Industrial Engineering",1,1
"Krishna Mehta","Industrial Engineering",1,1
"Ritika Patel","Industrial Engineering",1,1
"Krishna Khanna","Industrial Engineering",1,1
"Om Dubey","Industrial Engineering",1,1
"Neha Jain","Industrial Engineering",1,1
"Manav Khanna","Industrial Engineering",1,1
"Nikhil Mehta","Industrial Engineering",1,1
"Kavya Reddy","Industrial Engineering",1,1
"Sneha Pandey","Plant Engineering",1,1
"Manav Mehta","Plant Engineering",2,2
"Varun Joshi","Plant Engineering",1,1
"Yash Joshi","Plant Engineering",1,1
"Diya Gupta","Plant Engineering",1,1
"Aditya Sharma","Plant Engineering",1,1
"Sai Gupta","Plant Engineering",1,2
"Ishaan Jain","Plant Engineering",1,1
"Neha Mehta","Plant Engineering",1,2
"Pooja Patel","Plant Engineering",0,1
"Aditya Khanna","Plant Engineering",1,1
"Rohan Reddy","Plant Engineering",1,2
"Arjun Patel","Plant Engineering",1,1
"Varun Menon","Plant Engineering",3,3
"Arjun Joshi","Plant Engineering",1,1
"Aarav Mehta","Plant Engineering",2,2
"Yash Nair","Plant Engineering",1,1
"Kunal Reddy","Plant Engineering",1,2
"Tanmay Thakur","Plant Engineering",1,1
"Ritika Bansal","Plant Engineering",1,1
"Kavya Jain","Plant Engineering",1,1
"Rohan Kapoor","Plant Engineering",1,1
"Yash Pandey","Plant Engineering",3,3
"Varun Nair","Plant Engineering",2,2
"Neha Ghosh","Plant Engineering",0,1
"Yash Reddy","Plant Engineering",1,1
"Vivaan Verma","Plant Engineering",0,1
"Tanmay Patel","Plant Engineering",1,1
"Vivaan Mehta","Plant Engineering",0,1
"Mohit Das","Plant Engineering",1,1
"Mohit Kapoor","Plant Engineering",1,1
"Sai Nair","Plant Engineering",1,1
"Sneha Reddy","Plant Engineering",1,1
"Kunal Khanna","Plant Engineering",1,2
"Kunal Menon","Plant Engineering",1,1
"Pooja Kapoor","Plant Engineering",1,1
"Ritesh Choudhary","Plant Engineering",0,1
"Pooja Gupta","Plant Engineering",1,2
"Harsh Mehta","Plant Engineering",1,1
"Deepak Pandey","Plant Engineering",1,1
"Rahul Nair","Plant Engineering",1,1
"Ishaan Iyer","Plant Engineering",0,1
"Ishaan Sinha","Plant Engineering",1,1
"Ishaan Agarwal","Plant Engineering",1,1
"Dev Sharma","Plant Engineering",1,1
"Ritika Kapoor","Plant Engineering",0,1
"Meera Rao","Plant Engineering",2,2
"Pooja Das","Plant Engineering",1,1
"Aarav Joshi","Plant Engineering",1,1
"Siddharth Mehta","Plant Engineering",2,2
"Ritika Das","Plant Engineering",0,1
"Ritesh Pandey","Plant Engineering",1,1
"Harsh Joshi","Plant Engineering",1,1
"Kavya Agarwal","Plant Engineering",1,1
"Arjun Sharma","Plant Engineering",1,1
"Arjun Das","Plant Engineering",1,1
"Rohan Bansal","Plant Engineering",1,1
"Tanmay Joshi","Plant Engineering",1,1
"Yash Bansal","Plant Engineering",2,2
"Aarav Verma","Plant Engineering",1,1
"Pooja Reddy","Plant Engineering",2,2
"Aditya Patel","Plant Engineering",2,2
"Vivaan Thakur","Plant Engineering",1,1
"Ritika Sinha","Plant Engineering",1,1
"Neha Khanna","Plant Engineering",0,1
"Tanmay Jain","Plant Engineering",1,1
"Mohit Rao","Plant Engineering",1,2
"Ishaan Bansal","Plant Engineering",1,1
"Vivaan Menon","Plant Engineering",1,2
"Siddharth Thakur","Plant Engineering",0,1
"Neha Sharma","Plant Engineering",1,1
"Yash Thakur","Plant Engineering",1,1
"Ritika Nair","Plant Engineering",1,1
"Nikhil Ghosh","Plant Engineering",1,1
"Om Agarwal","Plant Engineering",1,1
"Pooja Bansal","Plant Engineering",1,1
"Kunal Verma","Plant Engineering",1,1
"Aditi Verma","Plant Engineering",1,1
"Aman Pandey","Plant Engineering",1,1
"Rohan Agarwal","Plant Engineering",1,1
"Ananya Joshi","Plant Engineering",0,1
"Meera Pandey","Plant Engineering",1,1
"Kunal Mehta","Plant Engineering",1,1
"Rohan Pandey","Plant Engineering",1,1
"Sai Agarwal","Plant Engineering",2,2
"Ritika Verma","Plant Engineering",1,1
"Kunal Gupta","Plant Engineering",0,1
"Aarav Jain","Plant Engineering",1,1
"Priya Kapoor","Plant Engineering",0,1
"Deepak Nair","Plant Engineering",1,1
"Pooja Joshi","Plant Engineering",0,1
"Yash Choudhary","Plant Engineering",1,1
"Nikhil Verma","Plant Engineering",1,1
"Tanmay Pandey","Plant Engineering",1,1
"Yash Sharma","Plant Engineering",1,1
"Tanmay Dubey","Plant Engineering",1,1
"Ishaan Sharma","Plant Engineering",1,1
"Aditi Rao","Plant Engineering",1,1
"Diya Joshi","Plant Engineering",0,1
"Sneha Rao","Plant Engineering",1,1
"Nikhil Agarwal","Plant Engineering",1,1
"Mohit Agarwal","Plant Engineering",1,1
"Kavya Thakur","Plant Engineering",1,1
"Kavya Mehta","Plant Engineering",1,1
"Krishna Joshi","Plant Engineering",1,1
"Manav Reddy","Plant Engineering",1,1
"Krishna Mehta","Plant Engineering",0,1
"Ishaan Verma","Plant Engineering",1,1
"Neha Kapoor","Plant Engineering",0,1
"Vivaan Pandey","Plant Engineering",1,1
"Pooja Kapoor","Software Architecture",0,1
"Ishaan Bansal","Software Architecture",1,1
"Krishna Nair","Software Architecture",2,2
"Yash Jain","Software Architecture",0,1
"Dev Jain","Software Architecture",0,1
"Pooja Iyer","Software Architecture",3,3
"Kunal Khanna","Software Architecture",2,2
"Om Agarwal","Software Architecture",1,1
"Priya Iyer","Software Architecture",0,1
"Manav Nair","Software Architecture",2,2
"Pooja Reddy","Software Architecture",0,1
"Harsh Patel","Software Architecture",1,2
"Vivaan Khanna","Software Architecture",2,3
"Krishna Mehta","Software Architecture",1,1
"Arjun Gupta","Software Architecture",1,1
"Krishna Ghosh","Software Architecture",1,1
"Yash Rao","Software Architecture",1,1
"Harsh Bansal","Software Architecture",1,1
"Aditya Kapoor","Software Architecture",1,1
"Nikhil Verma","Software Architecture",2,2
"Aarav Kapoor","Software Architecture",2,2
"Sneha Ghosh","Software Architecture",0,1
"Mohit Sharma","Software Architecture",0,1
"Ritika Patel","Software Architecture",0,1
"Varun Reddy","Software Architecture",1,1
"Aditya Menon","Software Architecture",3,3
"Varun Dubey","Software Architecture",1,1
"Rohan Kapoor","Software Architecture",1,1
"Priya Jain","Software Architecture",1,1
"Ritika Sharma","Software Architecture",1,1
"Meera Khanna","Software Architecture",2,2
"Sneha Pandey","Software Architecture",1,1
"Ananya Iyer","Software Architecture",2,3
"Aditi Sinha","Software Architecture",2,2
"Ananya Das","Software Architecture",1,1
"Diya Ghosh","Software Architecture",1,1
"Mohit Joshi","Software Architecture",1,1
"Siddharth Das","Software Architecture",2,2
"Dev Rao","Software Architecture",1,1
"Dev Ghosh","Software Architecture",2,2
"Kavya Ghosh","Software Architecture",0,1
"Mohit Khanna","Software Architecture",3,4
"Kunal Menon","Software Architecture",0,1
"Kavya Dubey","Software Architecture",0,1
"Kunal Pandey","Software Architecture",1,1
"Kavya Iyer","Software Architecture",1,2
"Ritesh Menon","Software Architecture",1,1
"Ananya Kapoor","Software Architecture",1,1
"Varun Joshi","Software Architecture",2,3
"Siddharth Ghosh","Software Architecture",0,1
"Aarav Das","Software Architecture",0,1
"Ritika Bansal","Software Architecture",2,3
"Ishaan Dubey","Software Architecture",1,1
"Aman Patel","Software Architecture",1,1
"Manav Sinha","Software Architecture",0,1
"Ishaan Choudhary","Software Architecture",1,1
"Manav Gupta","Software Architecture",1,2
"Harsh Menon","Software Architecture",1,1
"Ritesh Khanna","Software Architecture",2,2
"Sneha Gupta","Software Architecture",0,1
"Aditya Gupta","Software Architecture",1,1
"Dev Gupta","Software Architecture",1,1
"Varun Rao","Software Architecture",1,1
"Ritika Kapoor","Software Architecture",1,1
"Om Joshi","Software Architecture",1,2
"Yash Bansal","Software Architecture",1,1
"Priya Sinha","Software Architecture",1,1
"Vivaan Jain","Software Architecture",0,1
"Mohit Rao","Software Architecture",1,1
"Diya Jain","Software Architecture",2,2
"Mohit Reddy","Software Architecture",1,1
"Neha Iyer","Software Architecture",1,2
"Ritika Gupta","Software Architecture",1,1
"Sneha Jain","Software Architecture",1,2
"Manav Sharma","Software Architecture",1,1
"Kunal Patel","Software Architecture",2,2
"Yash Ghosh","Software Architecture",0,1
"Meera Gupta","Software Architecture",1,1
"Ritika Dubey","Software Architecture",1,1
"Diya Kapoor","Software Architecture",1,1
"Varun Menon","Software Architecture",1,1
"Meera Kapoor","Software Architecture",1,1
"Sai Menon","Software Architecture",0,1
"Tanmay Jain","Software Architecture",1,1
"Siddharth Bansal","Software Architecture",0,1
"Harsh Pandey","Software Architecture",1,1
"Ishaan Kapoor","Software Architecture",0,1
"Arjun Kapoor","Software Architecture",1,1
"Aman Das","Software Architecture",0,1
"Arjun Bansal","Software Architecture",0,1
"Om Thakur","Software Architecture",1,1
"Aman Reddy","Software Architecture",1,1
"Diya Agarwal","Software Architecture",1,1
"Deepak Thakur","Software Architecture",2,2
"Aditi Khanna","Software Architecture",1,1
"Sai Agarwal","Software Architecture",1,1
"Rohan Iyer","Software Architecture",0,1
"Ritika Khanna","Software Architecture",1,1
"Vivaan Ghosh","Software Architecture",0,1
"Krishna Menon","Software Architecture",1,1
"Vivaan Pandey","Software Architecture",1,1
"Ananya Reddy","Software Architecture",0,1
"Tanmay Iyer","Software Architecture",1,1
"Rahul Dubey","Software Architecture",1,1
"Kavya Agarwal","Software Architecture",1,1
"Tanmay Mehta","Software Architecture",0,1
"Siddharth Gupta","Software Architecture",1,1
"Priya Bansal","Software Architecture",1,1
"Deepak Ghosh","Software Architecture",1,1
"Sai Joshi","Software Architecture",1,1
"Tanmay Reddy","Software Architecture",1,1
"Aditi Jain","Software Architecture",2,3
"Kavya Thakur","Software Architecture",1,1
"Siddharth Verma","Software Architecture",1,1
"Ishaan Sinha","Software Architecture",1,1
"Nikhil Sinha","Software Architecture",0,1
"Deepak Choudhary","Software Architecture",1,1
"Mohit Nair","Software Architecture",1,1
"Aarav Khanna","Software Architecture",0,1
"Varun Jain","Software Architecture",1,1
"Kavya Pandey","Software Architecture",2,2
"Diya Gupta","Software Architecture",1,1
"Pooja Choudhary","Software Architecture",1,1
"Pooja Jain","Software Architecture",1,2
"Rohan Nair","Software Architecture",1,1
"Aditi Patel","Software Architecture",0,1
"Pooja Mehta","Software Architecture",1,1
"Kavya Reddy","Software Architecture",1,1
"Nikhil Bansal","Software Architecture",1,1
"Ritesh Jain","Software Architecture",0,1
"Yash Patel","Software Architecture",1,1
"Diya Menon","Software Architecture",0,1
"Aarav Sharma","Software Architecture",1,1
"Ishaan Rao","Software Architecture",1,1
"Ananya Jain","Software Architecture",0,1
"Deepak Bansal","Software Architecture",1,1
"Kavya Das","Software Architecture",1,1
"Aman Ghosh","Software Architecture",1,1
"Neha Gupta","Software Architecture",1,1
"Aditi Pandey","Software Architecture",1,1
"Aman Ghosh","Electrical Measurements",1,1
"Tanmay Reddy","Electrical Measurements",0,1
"Kunal Choudhary","Electrical Measurements",1,1
"Aarav Khanna","Electrical Measurements",1,2
"Manav Patel","Electrical Measurements",1,1
"Siddharth Nair","Electrical Measurements",1,1
"Vivaan Nair","Electrical Measurements",2,4
"Pooja Choudhary","Electrical Measurements",2,2
"Ritesh Thakur","Electrical Measurements",1,1
"Harsh Sinha","Electrical Measurements",1,1
"Meera Ghosh","Electrical Measurements",0,1
"Arjun Patel","Electrical Measurements",2,2
"Varun Kapoor","Electrical Measurements",0,1
"Ishaan Dubey","Electrical Measurements",2,2
"Ritika Das","Electrical Measurements",1,1
"Om Bansal","Electrical Measurements",1,1
"Aarav Agarwal","Electrical Measurements",0,1
"Aditi Joshi","Electrical Measurements",1,1
"Aditya Dubey","Electrical Measurements",1,1
"Priya Sinha","Electrical Measurements",2,2
"Yash Joshi","Electrical Measurements",1,1
"Siddharth Jain","Electrical Measurements",2,2
"Ritika Pandey","Electrical Measurements",1,1
"Priya Iyer","Electrical Measurements",0,1
"Tanmay Patel","Electrical Measurements",1,1
"Dev Ghosh","Electrical Measurements",2,2
"Ishaan Pandey","Electrical Measurements",1,1
"Kunal Mehta","Electrical Measurements",1,1
"Arjun Rao","Electrical Measurements",0,1
"Kunal Khanna","Electrical Measurements",1,1
"Diya Sharma","Electrical Measurements",0,2
"Vivaan Jain","Electrical Measurements",1,1
"Deepak Dubey","Electrical Measurements",0,1
"Aarav Joshi","Electrical Measurements",1,1
"Aman Iyer","Electrical Measurements",1,1
"Ritika Patel","Electrical Measurements",1,1
"Pooja Pandey","Electrical Measurements",0,1
"Kunal Kapoor","Electrical Measurements",1,1
"Mohit Rao","Electrical Measurements",2,2
"Manav Reddy","Electrical Measurements",1,1
"Aarav Choudhary","Electrical Measurements",1,1
"Arjun Verma","Electrical Measurements",1,1
"Meera Joshi","Electrical Measurements",0,1
"Tanmay Verma","Electrical Measurements",0,1
"Priya Verma","Electrical Measurements",1,1
"Krishna Choudhary","Electrical Measurements",1,1
"Neha Agarwal","Electrical Measurements",1,1
"Harsh Das","Electrical Measurements",2,2
"Vivaan Choudhary","Electrical Measurements",2,2
"Deepak Pandey","Electrical Measurements",1,1
"Sneha Iyer","Electrical Measurements",1,1
"Rahul Kapoor","Electrical Measurements",0,1
"Neha Dubey","Electrical Measurements",1,2
"Aditi Kapoor","Electrical Measurements",1,1
"Kunal Thakur","Electrical Measurements",0,1
"Deepak Agarwal","Electrical Measurements",1,1
"Ananya Khanna","Electrical Measurements",1,3
"Dev Das","Electrical Measurements",0,1
"Deepak Sharma","Electrical Measurements",0,1
"Aarav Gupta","Electrical Measurements",0,1
"Meera Patel","Electrical Measurements",0,1
"Krishna Patel","Electrical Measurements",0,1
"Aarav Sharma","Electrical Measurements",1,1
"Tanmay Rao","Electrical Measurements",1,1
"Rahul Dubey","Electrical Measurements",1,1
"Nikhil Kapoor","Electrical Measurements",1,1
"Pooja Patel","Electrical Measurements",1,1
"Krishna Verma","Electrical Measurements",1,1
"Sneha Choudhary","Electrical Measurements",2,2
"Kunal Sinha","Electrical Measurements",0,1
"Om Verma","Electrical Measurements",2,2
"Om Choudhary","Electrical Measurements",2,2
"Sneha Reddy","Electrical Measurements",2,2
"Ritesh Verma","Electrical Measurements",1,1
"Rahul Pandey","Electrical Measurements",1,2
"Ritesh Gupta","Electrical Measurements",0,1
"Tanmay Sharma","Electrical Measurements",1,1
"Tanmay Thakur","Electrical Measurements",1,1
"Kavya Khanna","Electrical Measurements",1,1
"Priya Rao","Electrical Measurements",1,1
"Om Thakur","Electrical Measurements",1,1
"Dev Agarwal","Electrical Measurements",1,1
"Diya Agarwal","Electrical Measurements",1,1
"Sneha Pandey","Electrical Measurements",1,1
"Nikhil Dubey","Electrical Measurements",1,1
"Manav Kapoor","Electrical Measurements",0,1
"Aman Kapoor","Electrical Measurements",1,1
"Sneha Verma","Electrical Measurements",1,1
"Dev Thakur","Electrical Measurements",2,2
"Priya Nair","Electrical Measurements",1,1
"Sai Joshi","Electrical Measurements",1,1
"Nikhil Agarwal","Electrical Measurements",0,1
"Manav Thakur","Electrical Measurements",1,1
"Rohan Rao","Electrical Measurements",1,1
"Rohan Choudhary","Electrical Measurements",1,1
"Yash Agarwal","Electrical Measurements",2,3
"Manav Joshi","Electrical Measurements",0,1
"Mohit Thakur","Electrical Measurements",1,1
"Aman Sharma","Electrical Measurements",1,1
"Nikhil Verma","Electrical Measurements",1,1
"Arjun Sinha","Electrical Measurements",0,1
"Yash Kapoor","Electrical Measurements",1,1
"Ritika Kapoor","Electrical Measurements",1,1
"Yash Menon","Electrical Measurements",0,1
"Yash Jain","Electrical Measurements",1,1
"Yash Sharma","Electrical Measurements",1,1
"Rahul Menon","Electrical Measurements",0,1
"Kunal Reddy","Electrical Measurements",1,1
"Arjun Thakur","Electrical Measurements",0,1
"Kavya Gupta","Electrical Measurements",0,1
"Neha Reddy","Electrical Measurements",1,1
"Aditi Nair","Electrical Measurements",1,1
"Nikhil Reddy","Electrical Measurements",1,1
"Ananya Jain","Electrical Measurements",1,1
"Krishna Mehta","Electrical Measurements",1,1
"Varun Jain","Electrical Measurements",1,1
"Ananya Gupta","Electrical Measurements",0,1
"Pooja Jain","Electrical Measurements",0,1
"Meera Iyer","Electrical Measurements",1,1
"Yash Ghosh","Electrical Measurements",0,1
"Rohan Pandey","Electrical Measurements",1,1
"Om Joshi","Electrical Measurements",0,1
"Ananya Agarwal","Electrical Measurements",1,1
"Arjun Das","Electrical Measurements",0,1
"Ananya Reddy","Electrical Measurements",0,1
"Arjun Jain","Electrical Measurements",0,1
"Deepak Reddy","Electrical Measurements",0,1
"Siddharth Khanna","Electrical Measurements",1,1
"Aman Nair","Electrical Measurements",1,1
"Aditi Iyer","Electrical Measurements",1,1
"Priya Thakur","IoT Hardware Design",2,2
"Mohit Reddy","IoT Hardware Design",2,2
"Tanmay Pandey","IoT Hardware Design",2,2
"Dev Jain","IoT Hardware Design",0,1
"Priya Iyer","IoT Hardware Design",1,1
"Ananya Kapoor","IoT Hardware Design",0,1
"Sai Reddy","IoT Hardware Design",1,1
"Aditya Thakur","IoT Hardware Design",2,2
"Ritika Choudhary","IoT Hardware Design",0,1
"Varun Menon","IoT Hardware Design",0,1
"Meera Gupta","IoT Hardware Design",1,1
"Manav Jain","IoT Hardware Design",1,1
"Neha Gupta","IoT Hardware Design",2,2
"Krishna Reddy","IoT Hardware Design",1,1
"Vivaan Sinha","IoT Hardware Design",1,1
"Krishna Choudhary","IoT Hardware Design",1,1
"Rohan Kapoor","IoT Hardware Design",1,1
"Dev Joshi","IoT Hardware Design",1,1
"Kunal Sinha","IoT Hardware Design",2,2
"Priya Mehta","IoT Hardware Design",2,2
"Sai Nair","IoT Hardware Design",1,1
"Aditya Das","IoT Hardware Design",1,1
"Varun Joshi","IoT Hardware Design",1,1
"Priya Sharma","IoT Hardware Design",0,2
"Deepak Rao","IoT Hardware Design",1,1
"Diya Agarwal","IoT Hardware Design",2,2
"Ananya Reddy","IoT Hardware Design",2,2
"Sai Sharma","IoT Hardware Design",0,1
"Om Kapoor","IoT Hardware Design",1,1
"Sai Patel","IoT Hardware Design",1,1
"Varun Gupta","IoT Hardware Design",1,1
"Tanmay Thakur","IoT Hardware Design",1,1
"Dev Thakur","IoT Hardware Design",1,1
"Deepak Dubey","IoT Hardware Design",0,1
"Arjun Ghosh","IoT Hardware Design",1,1
"Krishna Thakur","IoT Hardware Design",0,1
"Rahul Iyer","IoT Hardware Design",1,1
"Sai Menon","IoT Hardware Design",1,1
"Siddharth Dubey","IoT Hardware Design",0,1
"Pooja Mehta","IoT Hardware Design",1,1
"Sai Kapoor","IoT Hardware Design",0,1
"Dev Patel","IoT Hardware Design",1,1
"Sai Rao","IoT Hardware Design",0,1
"Sneha Reddy","IoT Hardware Design",1,1
"Aman Khanna","IoT Hardware Design",1,1
"Om Thakur","IoT Hardware Design",2,2
"Ritika Menon","IoT Hardware Design",1,1
"Sai Pandey","IoT Hardware Design",0,1
"Meera Dubey","IoT Hardware Design",1,1
"Neha Kapoor","IoT Hardware Design",1,1
"Aarav Mehta","IoT Hardware Design",2,2
"Yash Choudhary","IoT Hardware Design",1,1
"Aman Nair","IoT Hardware Design",0,1
"Aman Das","IoT Hardware Design",1,1
"Yash Sharma","IoT Hardware Design",1,1
"Meera Verma","IoT Hardware Design",1,1
"Manav Das","IoT Hardware Design",2,2
"Siddharth Ghosh","IoT Hardware Design",1,1
"Rohan Ghosh","IoT Hardware Design",2,2
"Arjun Pandey","IoT Hardware Design",0,1
"Harsh Kapoor","IoT Hardware Design",2,2
"Sneha Patel","IoT Hardware Design",1,1
"Rohan Nair","IoT Hardware Design",1,1
"Ritesh Thakur","IoT Hardware Design",1,1
"Neha Thakur","IoT Hardware Design",1,1
"Diya Nair","IoT Hardware Design",1,1
"Diya Joshi","IoT Hardware Design",1,1
"Aditya Kapoor","IoT Hardware Design",1,1
"Rohan Rao","IoT Hardware Design",0,1
"Mohit Agarwal","IoT Hardware Design",2,2
"Mohit Dubey","IoT Hardware Design",1,1
"Ishaan Jain","IoT Hardware Design",1,1
"Mohit Iyer","IoT Hardware Design",1,1
"Varun Bansal","IoT Hardware Design",1,1
"Ritika Pandey","IoT Hardware Design",1,1
"Kavya Mehta","IoT Hardware Design",1,1
"Sneha Verma","IoT Hardware Design",0,1
"Ritika Verma","IoT Hardware Design",0,1
"Vivaan Reddy","IoT Hardware Design",1,1
"Siddharth Thakur","IoT Hardware Design",1,1
"Ishaan Mehta","IoT Hardware Design",0,1
"Rohan Joshi","IoT Hardware Design",1,1
"Manav Agarwal","IoT Hardware Design",1,1
"Ritesh Joshi","IoT Hardware Design",1,1
"Kavya Ghosh","IoT Hardware Design",1,1
"Ananya Verma","IoT Hardware Design",1,1
"Krishna Bansal","IoT Hardware Design",1,2
"Vivaan Gupta","IoT Hardware Design",1,1
"Harsh Thakur","IoT Hardware Design",1,1
"Kunal Khanna","IoT Hardware Design",0,1
"Rohan Sinha","IoT Hardware Design",0,1
"Meera Iyer","IoT Hardware Design",1,1
"Priya Dubey","IoT Hardware Design",1,1
"Tanmay Khanna","IoT Hardware Design",0,1
"Ishaan Choudhary","IoT Hardware Design",0,1
"Om Verma","IoT Hardware Design",0,1
"Manav Sinha","IoT Hardware Design",0,1
"Ishaan Thakur","IoT Hardware Design",1,1
"Yash Mehta","IoT Hardware Design",1,1
"Aditya Bansal","IoT Hardware Design",1,1
"Aditi Thakur","IoT Hardware Design",1,1
"Yash Pandey","IoT Hardware Design",1,1
"Krishna Verma","IoT Hardware Design",1,1
"Tanmay Gupta","IoT Hardware Design",1,1
"Manav Thakur","IoT Hardware Design",1,1
"Siddharth Jain","IoT Hardware Design",1,1
"Rahul Agarwal","IoT Hardware Design",1,1
"Deepak Joshi","IoT Hardware Design",1,1
"Yash Gupta","IoT Hardware Design",1,1
"Sai Mehta","IoT Hardware Design",1,1
"Vivaan Pandey","IoT Hardware Design",1,1
"Varun Jain","IoT Hardware Design",1,1
"Harsh Iyer","IoT Hardware Design",1,1
"Deepak Nair","IoT Hardware Design",1,1
"Yash Menon","Business Intelligence",1,1
"Meera Choudhary","Business Intelligence",1,1
"Ishaan Reddy","Business Intelligence",1,1
"Tanmay Khanna","Business Intelligence",1,1
"Aditya Sinha","Business Intelligence",0,1
"Aarav Sharma","Business Intelligence",2,2
"Yash Sharma","Business Intelligence",1,1
"Dev Thakur","Business Intelligence",2,2
"Nikhil Nair","Business Intelligence",1,1
"Vivaan Iyer","Business Intelligence",2,2
"Rohan Pandey","Business Intelligence",1,1
"Aditya Agarwal","Business Intelligence",2,2
"Deepak Thakur","Business Intelligence",1,2
"Priya Dubey","Business Intelligence",0,1
"Kavya Reddy","Business Intelligence",1,1
"Harsh Joshi","Business Intelligence",0,1
"Harsh Nair","Business Intelligence",1,2
"Pooja Khanna","Business Intelligence",1,1
"Krishna Sharma","Business Intelligence",1,1
"Siddharth Sharma","Business Intelligence",1,1
"Yash Rao","Business Intelligence",0,1
"Ishaan Pandey","Business Intelligence",0,1
"Sai Iyer","Business Intelligence",1,1
"Sneha Sharma","Business Intelligence",1,1
"Rahul Das","Business Intelligence",1,1
"Rahul Kapoor","Business Intelligence",1,1
"Aditi Agarwal","Business Intelligence",1,1
"Krishna Ghosh","Business Intelligence",0,2
"Aditi Das","Business Intelligence",1,1
"Ritesh Sinha","Business Intelligence",1,1
"Ritesh Patel","Business Intelligence",1,1
"Kunal Menon","Business Intelligence",0,1
"Pooja Kapoor","Business Intelligence",1,1
"Diya Jain","Business Intelligence",1,1
"Ishaan Rao","Business Intelligence",0,1
"Pooja Sharma","Business Intelligence",0,1
"Kunal Dubey","Business Intelligence",1,1
"Tanmay Pandey","Business Intelligence",2,2
"Neha Sinha","Business Intelligence",1,1
"Kavya Patel","Business Intelligence",1,1
"Vivaan Pandey","Business Intelligence",1,1
"Tanmay Bansal","Business Intelligence",1,1
"Pooja Dubey","Business Intelligence",0,1
"Priya Nair","Business Intelligence",1,1
"Om Patel","Business Intelligence",1,1
"Ritika Dubey","Business Intelligence",0,1
"Manav Reddy","Business Intelligence",1,1
"Aditya Mehta","Business Intelligence",1,1
"Rohan Verma","Business Intelligence",1,1
"Priya Iyer","Business Intelligence",1,1
"Priya Agarwal","Business Intelligence",1,1
"Vivaan Thakur","Business Intelligence",0,2
"Diya Menon","Business Intelligence",2,2
"Ishaan Kapoor","Business Intelligence",1,1
"Om Nair","Business Intelligence",1,1
"Sai Choudhary","Business Intelligence",1,1
"Tanmay Jain","Business Intelligence",1,1
"Kunal Choudhary","Business Intelligence",1,1
"Aditi Dubey","Business Intelligence",1,1
"Mohit Sinha","Business Intelligence",1,1
"Siddharth Iyer","Business Intelligence",1,1
"Ritika Choudhary","Business Intelligence",1,1
"Rahul Pandey","Business Intelligence",1,1
"Yash Ghosh","Business Intelligence",0,1
"Sai Sinha","Business Intelligence",1,1
"Kunal Verma","Business Intelligence",1,1
"Tanmay Choudhary","Business Intelligence",1,2
"Nikhil Sharma","Business Intelligence",0,1
"Om Bansal","Business Intelligence",1,1
"Sneha Patel","Business Intelligence",1,1
"Siddharth Sinha","Business Intelligence",2,2
"Ritesh Ghosh","Business Intelligence",1,1
"Ishaan Menon","Business Intelligence",0,1
"Mohit Mehta","Business Intelligence",1,1
"Ishaan Nair","Business Intelligence",1,1
"Deepak Choudhary","Business Intelligence",1,1
"Manav Nair","Business Intelligence",2,2
"Ishaan Mehta","Business Intelligence",1,2
"Aditya Verma","Business Intelligence",1,1
"Pooja Choudhary","Business Intelligence",1,1
"Meera Jain","Business Intelligence",2,2
"Kavya Gupta","Business Intelligence",1,1
"Rohan Thakur","Business Intelligence",1,1
"Harsh Menon","Business Intelligence",0,1
"Pooja Menon","Business Intelligence",1,1
"Yash Nair","Business Intelligence",1,1
"Diya Agarwal","Business Intelligence",1,1
"Yash Jain","Business Intelligence",1,2
"Pooja Reddy","Business Intelligence",1,1
"Nikhil Mehta","Business Intelligence",1,1
"Kavya Bansal","Business Intelligence",1,1
"Aarav Rao","Business Intelligence",1,1
"Manav Rao","Business Intelligence",1,1
"Ishaan Sinha","Business Intelligence",1,1
"Ananya Thakur","Business Intelligence",1,1
"Varun Jain","Business Intelligence",1,1
"Om Pandey","Business Intelligence",1,1
"Om Joshi","Business Intelligence",1,1
"Aarav Khanna","Business Intelligence",1,1
"Pooja Agarwal","Business Intelligence",0,1
"Priya Thakur","Business Intelligence",0,1
"Rahul Agarwal","Business Intelligence",0,1
"Siddharth Choudhary","Business Intelligence",1,1
"Ananya Ghosh","Business Intelligence",1,1
"Nikhil Agarwal","Business Intelligence",1,1
"Siddharth Gupta","Business Intelligence",1,1
"Manav Menon","Power Plant Engineering",1,1
"Ritika Reddy","Power Plant Engineering",1,1
"Aditya Choudhary","Power Plant Engineering",1,1
"Ananya Joshi","Power Plant Engineering",1,1
"Aditi Verma","Power Plant Engineering",0,1
"Vivaan Choudhary","Power Plant Engineering",2,2
"Vivaan Mehta","Power Plant Engineering",1,1
"Mohit Nair","Power Plant Engineering",1,1
"Arjun Mehta","Power Plant Engineering",1,1
"Diya Rao","Power Plant Engineering",1,1
"Priya Joshi","Power Plant Engineering",1,1
"Aman Thakur","Power Plant Engineering",2,2
"Ananya Rao","Power Plant Engineering",0,1
"Om Verma","Power Plant Engineering",2,2
"Mohit Rao","Power Plant Engineering",1,1
"Pooja Rao","Power Plant Engineering",2,2
"Meera Choudhary","Power Plant Engineering",1,1
"Harsh Joshi","Power Plant Engineering",1,1
"Harsh Khanna","Power Plant Engineering",0,1
"Meera Dubey","Power Plant Engineering",1,1
"Arjun Reddy","Power Plant Engineering",1,1
"Varun Pandey","Power Plant Engineering",1,1
"Arjun Rao","Power Plant Engineering",1,1
"Varun Menon","Power Plant Engineering",2,2
"Deepak Joshi","Power Plant Engineering",2,2
"Arjun Verma","Power Plant Engineering",1,2
"Pooja Sharma","Power Plant Engineering",1,1
"Om Sharma","Power Plant Engineering",0,1
"Diya Mehta","Power Plant Engineering",2,2
"Ritika Kapoor","Power Plant Engineering",1,1
"Vivaan Verma","Power Plant Engineering",1,1
"Mohit Mehta","Power Plant Engineering",1,1
"Manav Joshi","Power Plant Engineering",3,3
"Yash Rao","Power Plant Engineering",1,1
"Kavya Reddy","Power Plant Engineering",0,1
"Aditya Kapoor","Power Plant Engineering",2,2
"Sai Jain","Power Plant Engineering",1,1
"Deepak Sharma","Power Plant Engineering",2,2
"Aditi Patel","Power Plant Engineering",1,1
"Arjun Agarwal","Power Plant Engineering",1,1
"Ritesh Gupta","Power Plant Engineering",1,1
"Rohan Rao","Power Plant Engineering",2,2
"Ritesh Sharma","Power Plant Engineering",1,1
"Yash Reddy","Power Plant Engineering",1,1
"Rohan Menon","Power Plant Engineering",1,3
"Kunal Iyer","Power Plant Engineering",1,1
"Manav Choudhary","Power Plant Engineering",1,2
"Sai Thakur","Power Plant Engineering",1,1
"Aman Patel","Power Plant Engineering",1,1
"Ishaan Joshi","Power Plant Engineering",1,1
"Kunal Thakur","Power Plant Engineering",1,1
"Dev Menon","Power Plant Engineering",0,1
"Nikhil Menon","Power Plant Engineering",1,1
"Kavya Menon","Power Plant Engineering",1,1
"Ritesh Agarwal","Power Plant Engineering",1,1
"Aditya Das","Power Plant Engineering",4,4
"Rohan Das","Power Plant Engineering",1,1
"Aditi Thakur","Power Plant Engineering",1,1
"Mohit Pandey","Power Plant Engineering",1,1
"Harsh Thakur","Power Plant Engineering",0,1
"Arjun Patel","Power Plant Engineering",0,1
"Diya Iyer","Power Plant Engineering",0,1
"Om Gupta","Power Plant Engineering",1,1
"Kavya Khanna","Power Plant Engineering",0,1
"Ritika Verma","Power Plant Engineering",1,1
"Tanmay Nair","Power Plant Engineering",1,1
"Manav Mehta","Power Plant Engineering",1,1
"Om Reddy","Power Plant Engineering",1,1
"Arjun Joshi","Power Plant Engineering",0,1
"Nikhil Ghosh","Power Plant Engineering",1,1
"Aman Sinha","Power Plant Engineering",0,1
"Kunal Gupta","Power Plant Engineering",1,1
"Priya Thakur","Power Plant Engineering",0,1
"Deepak Mehta","Power Plant Engineering",1,1
"Neha Iyer","Power Plant Engineering",1,1
"Dev Gupta","Power Plant Engineering",1,1
"Ritika Mehta","Power Plant Engineering",1,1
"Dev Jain","Power Plant Engineering",0,1
"Om Pandey","Power Plant Engineering",1,2
"Kunal Ghosh","Power Plant Engineering",0,1
"Manav Verma","Power Plant Engineering",1,1
"Om Ghosh","Power Plant Engineering",1,1
"Dev Das","Power Plant Engineering",1,1
"Pooja Thakur","Power Plant Engineering",1,1
"Sai Iyer","Power Plant Engineering",1,1
"Ishaan Khanna","Power Plant Engineering",1,1
"Sneha Pandey","Power Plant Engineering",0,1
"Dev Thakur","Power Plant Engineering",1,1
"Pooja Gupta","Power Plant Engineering",1,1
"Deepak Pandey","Power Plant Engineering",1,1
"Yash Das","Power Plant Engineering",1,1
"Harsh Gupta","Power Plant Engineering",1,1
"Varun Rao","Power Plant Engineering",1,1
"Aditi Gupta","Power Plant Engineering",1,1
"Ritesh Kapoor","Power Plant Engineering",1,1
"Sai Joshi","Power Plant Engineering",1,2
"Mohit Gupta","Power Plant Engineering",0,1
"Aarav Kapoor","Power Plant Engineering",1,1
"Manav Gupta","Power Plant Engineering",1,1
"Ishaan Thakur","Power Plant Engineering",0,1
"Aditi Choudhary","Power Plant Engineering",1,1
"Krishna Verma","Power Plant Engineering",0,1
"Sai Verma","Power Plant Engineering",1,2
"Manav Rao","Power Plant Engineering",1,1
"Yash Choudhary","Power Plant Engineering",1,1
"Mohit Khanna","Power Plant Engineering",1,1
"Diya Gupta","Power Plant Engineering",1,1
"Arjun Choudhary","Power Plant Engineering",1,1
"Manav Thakur","Power Plant Engineering",1,1
"Vivaan Dubey","Power Plant Engineering",1,1
"Meera Thakur","Power Plant Engineering",1,1
"Manav Jain","Power Plant Engineering",1,1
"Nikhil Mehta","Power Plant Engineering",1,1
"Diya Patel","Power Plant Engineering",1,1
"Dev Rao","Power Plant Engineering",1,1
"Mohit Agarwal","Power Plant Engineering",1,1
"Arjun Bansal","Power Plant Engineering",0,1
"Priya Gupta","Power Plant Engineering",1,1
"Pooja Choudhary","Power Plant Engineering",1,1
"Manav Sharma","Power Plant Engineering",1,1
"Om Mehta","Power Plant Engineering",1,1
"Deepak Ghosh","Power Plant Engineering",1,1
"Siddharth Verma","Power Plant Engineering",1,1
"Priya Sharma","Power Plant Engineering",0,1
"Pooja Iyer","Power Plant Engineering",1,1
"Ishaan Sinha","Communication Systems",1,1
"Nikhil Iyer","Communication Systems",1,1
"Aditi Iyer","Communication Systems",1,1
"Priya Jain","Communication Systems",1,1
"Aditi Rao","Communication Systems",0,1
"Priya Thakur","Communication Systems",1,1
"Ritika Khanna","Communication Systems",1,1
"Yash Nair","Communication Systems",1,1
"Ishaan Choudhary","Communication Systems",1,1
"Sai Joshi","Communication Systems",0,2
"Deepak Choudhary","Communication Systems",1,1
"Siddharth Ghosh","Communication Systems",1,1
"Ishaan Reddy","Communication Systems",1,1
"Neha Iyer","Communication Systems",2,2
"Harsh Jain","Communication Systems",1,1
"Deepak Iyer","Communication Systems",1,1
"Pooja Khanna","Communication Systems",2,2
"Nikhil Bansal","Communication Systems",0,1
"Arjun Choudhary","Communication Systems",0,1
"Om Joshi","Communication Systems",1,1
"Aarav Sharma","Communication Systems",2,2
"Manav Agarwal","Communication Systems",1,1
"Harsh Kapoor","Communication Systems",1,1
"Sai Kapoor","Communication Systems",2,2
"Deepak Khanna","Communication Systems",1,1
"Sneha Menon","Communication Systems",1,2
"Aarav Pandey","Communication Systems",0,1
"Varun Joshi","Communication Systems",1,1
"Diya Agarwal","Communication Systems",2,2
"Kunal Pandey","Communication Systems",1,1
"Rohan Sinha","Communication Systems",1,1
"Aditi Mehta","Communication Systems",1,2
"Priya Pandey","Communication Systems",1,1
"Ananya Mehta","Communication Systems",1,1
"Ritika Verma","Communication Systems",1,2
"Ritesh Agarwal","Communication Systems",0,1
"Aditi Patel","Communication Systems",1,1
"Sneha Ghosh","Communication Systems",1,1
"Meera Verma","Communication Systems",0,1
"Ritesh Khanna","Communication Systems",1,2
"Ritika Dubey","Communication Systems",1,2
"Varun Sharma","Communication Systems",0,1
"Mohit Joshi","Communication Systems",1,1
"Dev Kapoor","Communication Systems",1,1
"Sai Menon","Communication Systems",1,1
"Krishna Pandey","Communication Systems",0,1
"Neha Gupta","Communication Systems",1,1
"Arjun Rao","Communication Systems",1,1
"Manav Khanna","Communication Systems",1,1
"Krishna Dubey","Communication Systems",1,1
"Diya Reddy","Communication Systems",1,1
"Aarav Khanna","Communication Systems",0,1
"Aarav Mehta","Communication Systems",1,1
"Priya Dubey","Communication Systems",1,1
"Sai Iyer","Communication Systems",1,1
"Vivaan Pandey","Communication Systems",1,1
"Om Nair","Communication Systems",1,1
"Deepak Dubey","Communication Systems",1,1
"Harsh Ghosh","Communication Systems",1,1
"Sneha Jain","Communication Systems",1,1
"Krishna Das","Communication Systems",1,1
"Ishaan Patel","Communication Systems",1,1
"Meera Nair","Communication Systems",1,1
"Manav Thakur","Communication Systems",1,1
"Tanmay Khanna","Communication Systems",1,1
"Pooja Bansal","Communication Systems",1,1
"Rohan Rao","Communication Systems",1,1
"Pooja Sharma","Communication Systems",1,1
"Meera Dubey","Communication Systems",1,1
"Aman Kapoor","Communication Systems",1,1
"Ishaan Thakur","Communication Systems",1,1
"Om Patel","Communication Systems",1,1
"Ritesh Bansal","Communication Systems",1,1
"Deepak Mehta","Communication Systems",1,1
"Aman Agarwal","Communication Systems",1,1
"Sneha Dubey","Communication Systems",1,1
"Yash Reddy","Communication Systems",1,1
"Siddharth Nair","Communication Systems",1,1
"Mohit Reddy","Communication Systems",1,1
"Rohan Gupta","Communication Systems",1,1
"Rahul Das","Communication Systems",1,1
"Kavya Reddy","Communication Systems",1,1
"Siddharth Reddy","Communication Systems",1,1
"Sai Nair","Communication Systems",1,1
"Varun Rao","Communication Systems",1,2
"Siddharth Rao","Communication Systems",1,1
"Siddharth Thakur","Communication Systems",1,1
"Om Iyer","Communication Systems",1,1
"Yash Pandey","Communication Systems",1,1
"Om Gupta","Communication Systems",0,1
"Rohan Ghosh","Communication Systems",1,1
"Tanmay Rao","Communication Systems",1,1
"Sneha Gupta","Communication Systems",0,1
"Tanmay Agarwal","Communication Systems",0,1
"Aman Rao","Communication Systems",1,1
"Aditya Gupta","Communication Systems",0,1
"Kavya Ghosh","Communication Systems",1,1
"Krishna Bansal","Communication Systems",1,1
"Neha Bansal","Communication Systems",1,1
"Siddharth Das","Communication Systems",1,1
"Aditya Mehta","Communication Systems",1,1
"Ananya Reddy","Communication Systems",1,1
"Rahul Kapoor","Communication Systems",1,1
"Sai Rao","Communication Systems",1,1
"Tanmay Bansal","Communication Systems",0,1
"Kavya Thakur","Communication Systems",1,1
"Meera Mehta","Communication Systems",0,1
"Rohan Patel","Communication Systems",1,1
"Rahul Bansal","Communication Systems",1,1
"Varun Joshi","Analog Circuits",1,1
"Deepak Sharma","Analog Circuits",1,2
"Kavya Thakur","Analog Circuits",1,1
"Sai Thakur","Analog Circuits",1,1
"Kavya Iyer","Analog Circuits",1,1
"Sneha Agarwal","Analog Circuits",1,2
"Pooja Khanna","Analog Circuits",0,1
"Neha Kapoor","Analog Circuits",2,2
"Kunal Menon","Analog Circuits",2,2
"Rohan Sinha","Analog Circuits",0,1
"Nikhil Agarwal","Analog Circuits",0,1
"Deepak Gupta","Analog Circuits",1,1
"Aditi Dubey","Analog Circuits",2,2
"Aarav Kapoor","Analog Circuits",1,1
"Ritesh Joshi","Analog Circuits",3,3
"Neha Sharma","Analog Circuits",1,1
"Aarav Agarwal","Analog Circuits",0,2
"Kunal Thakur","Analog Circuits",2,2
"Deepak Nair","Analog Circuits",0,1
"Neha Choudhary","Analog Circuits",1,2
"Harsh Kapoor","Analog Circuits",1,1
"Arjun Gupta","Analog Circuits",0,1
"Manav Sinha","Analog Circuits",1,1
"Ishaan Thakur","Analog Circuits",0,1
"Rahul Patel","Analog Circuits",1,1
"Varun Pandey","Analog Circuits",1,1
"Vivaan Kapoor","Analog Circuits",0,1
"Manav Kapoor","Analog Circuits",0,1
"Sai Pandey","Analog Circuits",0,1
"Kavya Joshi","Analog Circuits",1,1
"Aditi Gupta","Analog Circuits",1,1
"Rahul Choudhary","Analog Circuits",1,1
"Yash Gupta","Analog Circuits",1,1
"Siddharth Mehta","Analog Circuits",2,2
"Arjun Jain","Analog Circuits",0,1
"Rahul Menon","Analog Circuits",2,2
"Siddharth Dubey","Analog Circuits",0,1
"Ananya Khanna","Analog Circuits",1,1
"Nikhil Dubey","Analog Circuits",1,1
"Diya Sharma","Analog Circuits",1,1
"Neha Agarwal","Analog Circuits",1,1
"Siddharth Khanna","Analog Circuits",2,2
"Tanmay Agarwal","Analog Circuits",1,1
"Yash Rao","Analog Circuits",1,1
"Krishna Menon","Analog Circuits",2,2
"Sai Nair","Analog Circuits",1,1
"Arjun Nair","Analog Circuits",1,1
"Yash Pandey","Analog Circuits",1,1
"Nikhil Iyer","Analog Circuits",1,1
"Ritika Jain","Analog Circuits",1,1
"Kunal Pandey","Analog Circuits",2,2
"Deepak Rao","Analog Circuits",2,2
"Ritika Agarwal","Analog Circuits",1,1
"Pooja Verma","Analog Circuits",2,2
"Rohan Patel","Analog Circuits",0,1
"Meera Joshi","Analog Circuits",0,1
"Yash Menon","Analog Circuits",1,1
"Ritika Sharma","Analog Circuits",1,1
"Aman Rao","Analog Circuits",0,1
"Varun Jain","Analog Circuits",1,1
"Krishna Sinha","Analog Circuits",1,1
"Om Das","Analog Circuits",2,2
"Neha Gupta","Analog Circuits",1,1
"Aditya Ghosh","Analog Circuits",1,1
"Dev Thakur","Analog Circuits",1,1
"Tanmay Nair","Analog Circuits",1,1
"Harsh Sharma","Analog Circuits",1,1
"Ritesh Verma","Analog Circuits",1,1
"Diya Verma","Analog Circuits",1,1
"Ritika Das","Analog Circuits",1,1
"Diya Gupta","Analog Circuits",1,1
"Siddharth Thakur","Analog Circuits",1,1
"Kavya Kapoor","Analog Circuits",1,1
"Ishaan Iyer","Analog Circuits",0,2
"Ananya Kapoor","Analog Circuits",1,1
"Pooja Jain","Analog Circuits",1,1
"Mohit Joshi","Analog Circuits",2,2
"Manav Thakur","Analog Circuits",1,1
"Krishna Iyer","Analog Circuits",1,1
"Rohan Khanna","Analog Circuits",1,1
"Ritesh Iyer","Analog Circuits",1,1
"Meera Verma","Analog Circuits",1,1
"Krishna Bansal","Analog Circuits",1,1
"Rohan Thakur","Analog Circuits",1,1
"Manav Joshi","Analog Circuits",1,1
"Mohit Sinha","Analog Circuits",0,1
"Tanmay Bansal","Analog Circuits",1,1
"Ananya Rao","Analog Circuits",1,1
"Vivaan Menon","Analog Circuits",1,1
"Mohit Pandey","Analog Circuits",1,1
"Siddharth Bansal","Analog Circuits",1,1
"Rohan Dubey","Analog Circuits",0,1
"Mohit Choudhary","Analog Circuits",1,1
"Aditya Thakur","Analog Circuits",1,1
"Arjun Choudhary","Analog Circuits",1,1
"Mohit Menon","Analog Circuits",0,1
"Vivaan Nair","Analog Circuits",1,1
"Arjun Menon","Analog Circuits",1,1
"Harsh Joshi","Analog Circuits",0,1
"Nikhil Ghosh","Analog Circuits",1,1
"Pooja Rao","Analog Circuits",1,1
"Diya Thakur","Analog Circuits",1,1
"Rahul Patel","Software Engineering",1,1
"Om Patel","Software Engineering",1,1
"Deepak Mehta","Software Engineering",2,2
"Aditya Dubey","Software Engineering",1,1
"Siddharth Sinha","Software Engineering",1,1
"Meera Mehta","Software Engineering",1,1
"Pooja Jain","Software Engineering",1,1
"Kunal Nair","Software Engineering",1,1
"Tanmay Jain","Software Engineering",0,1
"Arjun Agarwal","Software Engineering",1,2
"Om Mehta","Software Engineering",3,3
"Meera Ghosh","Software Engineering",2,2
"Nikhil Mehta","Software Engineering",0,2
"Nikhil Sinha","Software Engineering",1,1
"Ishaan Patel","Software Engineering",1,1
"Ananya Choudhary","Software Engineering",1,1
"Pooja Joshi","Software Engineering",1,1
"Diya Menon","Software Engineering",1,1
"Rahul Nair","Software Engineering",0,1
"Tanmay Kapoor","Software Engineering",1,2
"Diya Choudhary","Software Engineering",1,1
"Diya Bansal","Software Engineering",2,3
"Vivaan Bansal","Software Engineering",0,1
"Siddharth Dubey","Software Engineering",1,1
"Kavya Patel","Software Engineering",1,1
"Meera Rao","Software Engineering",1,1
"Deepak Iyer","Software Engineering",1,1
"Dev Pandey","Software Engineering",2,2
"Sai Agarwal","Software Engineering",1,1
"Yash Menon","Software Engineering",1,1
"Kunal Patel","Software Engineering",1,1
"Harsh Sharma","Software Engineering",1,1
"Nikhil Menon","Software Engineering",0,1
"Rahul Jain","Software Engineering",1,1
"Deepak Dubey","Software Engineering",1,2
"Ananya Nair","Software Engineering",1,1
"Dev Gupta","Software Engineering",2,2
"Aditya Gupta","Software Engineering",0,1
"Tanmay Pandey","Software Engineering",1,2
"Rahul Joshi","Software Engineering",0,1
"Vivaan Sinha","Software Engineering",1,1
"Siddharth Nair","Software Engineering",1,1
"Krishna Nair","Software Engineering",2,2
"Siddharth Mehta","Software Engineering",1,1
"Kavya Sinha","Software Engineering",0,1
"Aditya Choudhary","Software Engineering",1,1
"Harsh Bansal","Software Engineering",1,1
"Ananya Das","Software Engineering",2,2
"Kunal Dubey","Software Engineering",2,2
"Manav Gupta","Software Engineering",1,1
"Harsh Khanna","Software Engineering",0,1
"Om Pandey","Software Engineering",1,1
"Diya Sinha","Software Engineering",1,1
"Arjun Dubey","Software Engineering",1,1
"Pooja Pandey","Software Engineering",1,1
"Diya Agarwal","Software Engineering",1,1
"Deepak Sharma","Software Engineering",2,2
"Varun Das","Software Engineering",0,2
"Rahul Gupta","Software Engineering",1,1
"Yash Dubey","Software Engineering",1,1
"Sai Sinha","Software Engineering",1,1
"Ritika Jain","Software Engineering",1,1
"Ananya Rao","Software Engineering",1,1
"Rohan Nair","Software Engineering",1,1
"Kavya Iyer","Software Engineering",1,1
"Pooja Gupta","Software Engineering",1,1
"Siddharth Sharma","Software Engineering",1,1
"Ananya Joshi","Software Engineering",1,1
"Harsh Choudhary","Software Engineering",1,1
"Nikhil Joshi","Software Engineering",1,1
"Siddharth Choudhary","Software Engineering",1,1
"Tanmay Thakur","Software Engineering",1,1
"Sai Menon","Software Engineering",1,2
"Rahul Bansal","Software Engineering",1,1
"Meera Gupta","Software Engineering",1,1
"Neha Das","Software Engineering",1,1
"Ishaan Mehta","Software Engineering",1,1
"Kunal Sinha","Software Engineering",1,1
"Kavya Sharma","Software Engineering",0,1
"Nikhil Dubey","Software Engineering",1,1
"Tanmay Sharma","Software Engineering",0,1
"Meera Kapoor","Software Engineering",1,1
"Sneha Choudhary","Software Engineering",1,1
"Sai Thakur","Software Engineering",2,2
"Manav Jain","Software Engineering",1,1
"Ritika Khanna","Software Engineering",1,2
"Pooja Khanna","Software Engineering",0,1
"Aditya Agarwal","Software Engineering",1,1
"Sai Iyer","Software Engineering",1,1
"Deepak Ghosh","Software Engineering",2,2
"Kavya Das","Software Engineering",2,2
"Krishna Dubey","Software Engineering",1,1
"Mohit Reddy","Software Engineering",1,1
"Om Rao","Software Engineering",1,1
"Dev Choudhary","Software Engineering",1,1
"Manav Reddy","Software Engineering",1,1
"Priya Rao","Software Engineering",1,1
"Manav Ghosh","Software Engineering",1,1
"Ritesh Pandey","Software Engineering",1,1
"Varun Kapoor","Software Engineering",1,1
"Ritesh Menon","Software Engineering",1,1
"Sneha Gupta","Software Engineering",1,1
"Pooja Rao","Software Engineering",2,2
"Kunal Pandey","Software Engineering",1,1
"Meera Reddy","Software Engineering",1,1
"Meera Choudhary","Software Engineering",1,1
"Manav Agarwal","Software Engineering",0,1
"Meera Verma","Software Engineering",1,1
"Diya Verma","Software Engineering",1,1
"Arjun Rao","Software Engineering",0,1
"Deepak Bansal","Software Engineering",1,1
"Sai Jain","Software Engineering",0,1
"Varun Jain","Software Engineering",1,1
"Aditi Thakur","Software Engineering",1,1
"Mohit Joshi","Software Engineering",0,1
"Neha Dubey","Software Engineering",0,1
"Rahul Verma","Software Engineering",1,1
"Rohan Reddy","Software Engineering",1,1
"Ritika Bansal","Software Engineering",0,1
"Varun Pandey","Software Engineering",2,2
"Neha Bansal","Software Engineering",0,1
"Arjun Menon","Software Engineering",1,1
"Manav Thakur","Software Engineering",1,1
"Mohit Sharma","Software Engineering",1,1
"Kavya Reddy","Software Engineering",1,1
"Rahul Iyer","Software Engineering",0,1
"Arjun Das","Software Engineering",1,1
"Pooja Thakur","Software Engineering",1,1
"Arjun Ghosh","Software Engineering",1,1
"Ishaan Agarwal",DevOps,1,1
"Dev Thakur",DevOps,1,1
"Harsh Nair",DevOps,3,3
"Sai Menon",DevOps,2,3
"Mohit Mehta",DevOps,1,1
"Nikhil Bansal",DevOps,1,1
"Kunal Agarwal",DevOps,1,1
"Aditi Khanna",DevOps,1,1
"Krishna Verma",DevOps,1,1
"Rohan Sinha",DevOps,1,1
"Rahul Ghosh",DevOps,1,2
"Siddharth Patel",DevOps,1,2
"Kunal Bansal",DevOps,1,2
"Aman Sharma",DevOps,1,1
"Krishna Sinha",DevOps,1,1
"Harsh Verma",DevOps,0,1
"Rahul Agarwal",DevOps,1,1
"Aditya Choudhary",DevOps,1,1
"Nikhil Menon",DevOps,1,1
"Om Iyer",DevOps,0,1
"Priya Verma",DevOps,1,1
"Sai Jain",DevOps,1,1
"Om Thakur",DevOps,0,1
"Aarav Bansal",DevOps,1,1
"Sneha Patel",DevOps,1,1
"Aditya Ghosh",DevOps,2,2
"Rohan Iyer",DevOps,2,2
"Krishna Reddy",DevOps,1,1
"Pooja Mehta",DevOps,2,3
"Om Verma",DevOps,1,1
"Arjun Patel",DevOps,1,1
"Rohan Pandey",DevOps,1,1
"Deepak Rao",DevOps,1,1
"Aditi Choudhary",DevOps,0,1
"Manav Jain",DevOps,0,1
"Om Jain",DevOps,1,1
"Rohan Das",DevOps,1,1
"Vivaan Rao",DevOps,2,2
"Aarav Rao",DevOps,1,1
"Kavya Ghosh",DevOps,1,1
"Manav Sinha",DevOps,2,2
"Nikhil Reddy",DevOps,1,1
"Krishna Das",DevOps,1,1
"Tanmay Kapoor",DevOps,0,1
"Varun Jain",DevOps,4,4
"Arjun Jain",DevOps,1,1
"Sai Pandey",DevOps,1,1
"Neha Patel",DevOps,3,3
"Sai Patel",DevOps,1,2
"Tanmay Dubey",DevOps,1,2
"Om Mehta",DevOps,2,2
"Nikhil Patel",DevOps,0,1
"Om Das",DevOps,1,1
"Vivaan Patel",DevOps,1,1
"Yash Sharma",DevOps,1,1
"Harsh Reddy",DevOps,2,2
"Pooja Joshi",DevOps,1,1
"Kunal Reddy",DevOps,0,1
"Om Agarwal",DevOps,1,1
"Ritesh Pandey",DevOps,2,2
"Arjun Bansal",DevOps,1,1
"Vivaan Sinha",DevOps,2,2
"Priya Joshi",DevOps,1,1
"Varun Menon",DevOps,2,2
"Kunal Patel",DevOps,1,1
"Mohit Das",DevOps,2,3
"Arjun Verma",DevOps,2,2
"Tanmay Menon",DevOps,0,1
"Manav Patel",DevOps,1,1
"Varun Bansal",DevOps,0,1
"Rahul Pandey",DevOps,1,1
"Deepak Thakur",DevOps,2,2
"Om Kapoor",DevOps,1,1
"Rohan Choudhary",DevOps,2,2
"Pooja Dubey",DevOps,1,1
"Pooja Jain",DevOps,1,1
"Aman Thakur",DevOps,1,1
"Deepak Bansal",DevOps,0,1
"Rahul Nair",DevOps,1,1
"Ritika Bansal",DevOps,1,1
"Aman Choudhary",DevOps,1,1
"Dev Bansal",DevOps,0,1
"Krishna Joshi",DevOps,1,1
"Harsh Kapoor",DevOps,0,1
"Priya Kapoor",DevOps,1,1
"Ritika Agarwal",DevOps,0,1
"Ananya Rao",DevOps,1,1
"Aman Menon",DevOps,0,1
"Aarav Gupta",DevOps,1,1
"Siddharth Reddy",DevOps,1,1
"Aditya Jain",DevOps,2,2
"Aditya Joshi",DevOps,1,1
"Tanmay Nair",DevOps,1,1
"Diya Sinha",DevOps,1,1
"Manav Choudhary",DevOps,1,1
"Neha Bansal",DevOps,0,1
"Yash Nair",DevOps,1,1
"Meera Bansal",DevOps,1,1
"Rohan Ghosh",DevOps,0,1
"Ananya Verma",DevOps,1,1
"Kavya Patel",DevOps,1,1
"Kunal Das",DevOps,1,1
"Ishaan Bansal",DevOps,1,1
"Varun Gupta",DevOps,1,1
"Meera Khanna",DevOps,1,1
"Siddharth Sinha",DevOps,1,1
"Manav Dubey",DevOps,1,1
"Krishna Iyer",DevOps,1,1
"Meera Gupta",DevOps,1,1
"Meera Menon",DevOps,1,1
"Ananya Bansal",DevOps,1,1
"Sai Ghosh",DevOps,1,1
"Om Patel",DevOps,1,1
"Kavya Sharma",DevOps,1,1
"Yash Gupta",DevOps,1,1
"Siddharth Joshi",DevOps,1,1
"Arjun Dubey",DevOps,1,1
"Deepak Reddy",DevOps,1,1
"Kunal Choudhary",DevOps,0,1
"Vivaan Das",DevOps,1,1
"Vivaan Agarwal","Heat Transfer",1,1
"Diya Das","Heat Transfer",1,1
"Tanmay Ghosh","Heat Transfer",2,3
"Deepak Nair","Heat Transfer",1,1
"Rohan Khanna","Heat Transfer",0,1
"Dev Pandey","Heat Transfer",1,1
"Arjun Iyer","Heat Transfer",1,1
"Varun Menon","Heat Transfer",1,1
"Krishna Khanna","Heat Transfer",1,1
"Deepak Rao","Heat Transfer",1,1
"Ritesh Kapoor","Heat Transfer",0,2
"Nikhil Reddy","Heat Transfer",1,2
"Vivaan Reddy","Heat Transfer",0,1
"Siddharth Khanna","Heat Transfer",1,1
"Om Sharma","Heat Transfer",1,1
"Ishaan Verma","Heat Transfer",0,1
"Meera Das","Heat Transfer",1,1
"Kavya Verma","Heat Transfer",1,1
"Harsh Verma","Heat Transfer",0,1
"Aditya Jain","Heat Transfer",1,1
"Ishaan Rao","Heat Transfer",1,1
"Pooja Reddy","Heat Transfer",1,2
"Aditya Verma","Heat Transfer",0,1
"Ritesh Dubey","Heat Transfer",1,1
"Tanmay Thakur","Heat Transfer",2,2
"Arjun Rao","Heat Transfer",2,2
"Mohit Bansal","Heat Transfer",1,1
"Deepak Reddy","Heat Transfer",2,2
"Kavya Rao","Heat Transfer",1,1
"Mohit Das","Heat Transfer",2,2
"Rohan Nair","Heat Transfer",3,3
"Krishna Das","Heat Transfer",0,1
"Meera Joshi","Heat Transfer",0,1
"Pooja Iyer","Heat Transfer",1,1
"Diya Jain","Heat Transfer",2,3
"Vivaan Pandey","Heat Transfer",2,2
"Deepak Ghosh","Heat Transfer",1,1
"Pooja Jain","Heat Transfer",2,2
"Nikhil Iyer","Heat Transfer",1,2
"Ritesh Mehta","Heat Transfer",1,1
"Dev Das","Heat Transfer",1,1
"Aman Pandey","Heat Transfer",0,1
"Harsh Pandey","Heat Transfer",1,1
"Manav Iyer","Heat Transfer",1,1
"Kavya Dubey","Heat Transfer",1,1
"Deepak Iyer","Heat Transfer",0,1
"Yash Menon","Heat Transfer",0,1
"Ananya Choudhary","Heat Transfer",1,1
"Aditya Sinha","Heat Transfer",1,1
"Pooja Rao","Heat Transfer",1,1
"Kavya Mehta","Heat Transfer",1,1
"Mohit Rao","Heat Transfer",1,1
"Meera Nair","Heat Transfer",1,1
"Aman Ghosh","Heat Transfer",2,2
"Aman Das","Heat Transfer",1,1
"Nikhil Verma","Heat Transfer",1,1
"Om Nair","Heat Transfer",2,2
"Siddharth Menon","Heat Transfer",1,1
"Manav Khanna","Heat Transfer",1,1
"Aditi Menon","Heat Transfer",1,1
"Yash Pandey","Heat Transfer",1,1
"Nikhil Sharma","Heat Transfer",1,1
"Deepak Mehta","Heat Transfer",1,1
"Arjun Joshi","Heat Transfer",1,1
"Yash Dubey","Heat Transfer",1,1
"Mohit Menon","Heat Transfer",0,1
"Aarav Bansal","Heat Transfer",1,1
"Rohan Dubey","Heat Transfer",1,1
"Nikhil Gupta","Heat Transfer",1,1
"Krishna Kapoor","Heat Transfer",1,1
"Varun Agarwal","Heat Transfer",1,1
"Aman Agarwal","Heat Transfer",0,1
"Kavya Iyer","Heat Transfer",1,1
"Varun Gupta","Heat Transfer",1,1
"Kunal Choudhary","Heat Transfer",1,1
"Ishaan Jain","Heat Transfer",2,2
"Vivaan Iyer","Heat Transfer",1,1
"Aarav Nair","Heat Transfer",0,1
"Manav Joshi","Heat Transfer",1,1
"Tanmay Pandey","Heat Transfer",1,1
"Meera Sinha","Heat Transfer",1,1
"Rohan Joshi","Heat Transfer",0,1
"Aditya Rao","Heat Transfer",1,1
"Nikhil Dubey","Heat Transfer",1,1
"Kunal Jain","Heat Transfer",1,1
"Dev Nair","Heat Transfer",1,1
"Aarav Menon","Heat Transfer",1,1
"Harsh Sharma","Heat Transfer",1,1
"Rahul Khanna","Heat Transfer",1,1
"Kunal Menon","Heat Transfer",1,1
"Rohan Reddy","Heat Transfer",2,2
"Rohan Rao","Heat Transfer",1,1
"Aditi Kapoor","Heat Transfer",1,1
"Kunal Khanna","Heat Transfer",1,2
"Rohan Pandey","Heat Transfer",1,1
"Sai Nair","Heat Transfer",0,1
"Pooja Menon","Heat Transfer",1,1
"Ananya Iyer","Heat Transfer",1,1
"Om Jain","Heat Transfer",1,1
"Ritika Iyer","Heat Transfer",0,1
"Arjun Mehta","Heat Transfer",1,1
"Nikhil Pandey","Heat Transfer",0,1
"Ritika Verma","Heat Transfer",1,1
"Ananya Reddy","Heat Transfer",1,1
"Neha Choudhary","Heat Transfer",1,1
"Pooja Choudhary","Heat Transfer",0,1
"Nikhil Agarwal","Heat Transfer",2,2
"Pooja Sharma","Heat Transfer",0,1
"Arjun Khanna","Heat Transfer",0,1
"Krishna Sharma","Heat Transfer",1,1
"Neha Kapoor","Heat Transfer",1,1
"Varun Kapoor","Heat Transfer",1,1
"Ritesh Pandey","Heat Transfer",1,1
"Ritika Thakur","Heat Transfer",1,1
"Rohan Verma","Heat Transfer",1,1
"Ritika Reddy","Heat Transfer",1,1
"Vivaan Jain","Heat Transfer",1,1
"Priya Thakur","Heat Transfer",1,1
"Aarav Patel","Heat Transfer",1,1
"Rahul Thakur","Heat Transfer",1,1
"Rahul Verma","Heat Transfer",1,1
"Om Sinha","Heat Transfer",1,1
"Kunal Khanna","Circuit Theory",1,1
"Om Patel","Circuit Theory",1,1
"Neha Nair","Circuit Theory",1,2
"Harsh Thakur","Circuit Theory",2,2
"Om Agarwal","Circuit Theory",1,1
"Rahul Das","Circuit Theory",1,2
"Aman Menon","Circuit Theory",1,1
"Ishaan Patel","Circuit Theory",1,1
"Pooja Rao","Circuit Theory",2,3
"Meera Choudhary","Circuit Theory",0,1
"Siddharth Kapoor","Circuit Theory",1,1
"Rahul Thakur","Circuit Theory",0,1
"Harsh Sharma","Circuit Theory",1,1
"Ritika Iyer","Circuit Theory",2,2
"Pooja Kapoor","Circuit Theory",1,1
"Neha Ghosh","Circuit Theory",1,1
"Sneha Dubey","Circuit Theory",2,2
"Diya Patel","Circuit Theory",1,1
"Kavya Das","Circuit Theory",1,1
"Ananya Agarwal","Circuit Theory",2,2
"Aman Iyer","Circuit Theory",1,1
"Ananya Sinha","Circuit Theory",1,1
"Pooja Verma","Circuit Theory",1,1
"Pooja Thakur","Circuit Theory",1,1
"Priya Verma","Circuit Theory",1,1
"Aman Nair","Circuit Theory",0,2
"Om Gupta","Circuit Theory",0,1
"Aditya Ghosh","Circuit Theory",1,1
"Arjun Joshi","Circuit Theory",1,1
"Yash Sharma","Circuit Theory",1,1
"Sai Kapoor","Circuit Theory",3,3
"Rohan Patel","Circuit Theory",1,2
"Ritesh Iyer","Circuit Theory",1,1
"Mohit Joshi","Circuit Theory",2,2
"Arjun Das","Circuit Theory",1,1
"Om Das","Circuit Theory",1,1
"Harsh Iyer","Circuit Theory",1,1
"Ritika Menon","Circuit Theory",1,1
"Priya Das","Circuit Theory",0,2
"Kunal Verma","Circuit Theory",1,1
"Manav Sharma","Circuit Theory",1,1
"Kunal Nair","Circuit Theory",1,1
"Vivaan Jain","Circuit Theory",1,1
"Krishna Rao","Circuit Theory",3,3
"Arjun Khanna","Circuit Theory",1,1
"Harsh Sinha","Circuit Theory",0,1
"Meera Patel","Circuit Theory",1,1
"Rahul Jain","Circuit Theory",1,1
"Pooja Menon","Circuit Theory",1,1
"Siddharth Khanna","Circuit Theory",1,1
"Vivaan Sharma","Circuit Theory",0,1
"Sneha Choudhary","Circuit Theory",2,2
"Aditi Verma","Circuit Theory",1,1
"Ishaan Menon","Circuit Theory",0,1
"Nikhil Sharma","Circuit Theory",1,1
"Ritesh Agarwal","Circuit Theory",0,1
"Aman Kapoor","Circuit Theory",1,1
"Aditi Iyer","Circuit Theory",0,1
"Neha Mehta","Circuit Theory",2,2
"Harsh Khanna","Circuit Theory",1,1
"Yash Rao","Circuit Theory",2,2
"Sai Gupta","Circuit Theory",1,1
"Ritika Mehta","Circuit Theory",1,1
"Varun Choudhary","Circuit Theory",1,1
"Ishaan Reddy","Circuit Theory",1,1
"Ananya Verma","Circuit Theory",1,1
"Aarav Nair","Circuit Theory",1,1
"Harsh Menon","Circuit Theory",1,1
"Rahul Bansal","Circuit Theory",1,1
"Nikhil Pandey","Circuit Theory",1,1
"Deepak Iyer","Circuit Theory",1,1
"Aarav Khanna","Circuit Theory",1,1
"Kavya Pandey","Circuit Theory",1,1
"Ishaan Thakur","Circuit Theory",1,1
"Pooja Khanna","Circuit Theory",1,1
"Rahul Joshi","Circuit Theory",1,1
"Kunal Mehta","Circuit Theory",1,1
"Neha Gupta","Circuit Theory",0,1
"Rahul Mehta","Circuit Theory",1,1
"Diya Iyer","Circuit Theory",1,1
"Yash Verma","Circuit Theory",0,1
"Varun Verma","Circuit Theory",1,1
"Mohit Nair","Circuit Theory",1,1
"Rohan Nair","Circuit Theory",1,1
"Mohit Dubey","Circuit Theory",1,1
"Harsh Choudhary","Circuit Theory",1,1
"Siddharth Bansal","Circuit Theory",1,1
"Rohan Bansal","Circuit Theory",1,1
"Rahul Choudhary","Circuit Theory",1,1
"Neha Das","Circuit Theory",1,1
"Nikhil Das","Circuit Theory",1,1
"Vivaan Khanna","Circuit Theory",0,1
"Kunal Sinha","Circuit Theory",1,1
"Ananya Bansal","Circuit Theory",1,2
"Deepak Thakur","Circuit Theory",1,1
"Siddharth Mehta","Circuit Theory",1,1
"Ananya Sharma","Circuit Theory",1,1
"Aarav Ghosh","Circuit Theory",1,1
"Rahul Patel","Circuit Theory",1,1
"Varun Khanna","Circuit Theory",0,1
"Siddharth Iyer","Circuit Theory",1,1
"Yash Gupta","Circuit Theory",1,1
"Dev Nair","Circuit Theory",0,1
"Aditi Menon","Circuit Theory",1,1
"Pooja Sinha","Circuit Theory",0,1
"Deepak Menon","Circuit Theory",1,1
"Aman Gupta","Circuit Theory",0,1
"Diya Mehta","Circuit Theory",1,1
"Rohan Jain","Circuit Theory",1,1
"Varun Pandey","Circuit Theory",1,1
"Yash Sinha","Circuit Theory",0,1
"Deepak Ghosh","Circuit Theory",1,1
"Sai Ghosh","Circuit Theory",0,1
"Nikhil Menon","Circuit Theory",1,1
"Kavya Mehta","Circuit Theory",1,1
"Ritesh Kapoor","Circuit Theory",1,1
"Ananya Ghosh","Circuit Theory",0,1
"Sneha Sinha","Circuit Theory",0,1
"Ritesh Khanna","Circuit Theory",1,1
"Sneha Thakur","Tool Engineering",1,1
"Siddharth Gupta","Tool Engineering",1,1
"Meera Mehta","Tool Engineering",1,2
"Rohan Rao","Tool Engineering",3,3
"Kavya Menon","Tool Engineering",1,1
"Vivaan Nair","Tool Engineering",2,2
"Om Mehta","Tool Engineering",0,1
"Aarav Dubey","Tool Engineering",1,1
"Kunal Reddy","Tool Engineering",1,1
"Varun Gupta","Tool Engineering",1,1
"Ritesh Agarwal","Tool Engineering",1,1
"Siddharth Bansal","Tool Engineering",1,1
"Yash Jain","Tool Engineering",1,1
"Siddharth Joshi","Tool Engineering",1,1
"Tanmay Dubey","Tool Engineering",2,2
"Om Ghosh","Tool Engineering",1,1
"Aarav Gupta","Tool Engineering",1,2
"Sneha Das","Tool Engineering",1,1
"Deepak Kapoor","Tool Engineering",1,1
"Aman Menon","Tool Engineering",1,1
"Harsh Kapoor","Tool Engineering",0,1
"Ritika Pandey","Tool Engineering",0,1
"Aditya Ghosh","Tool Engineering",1,2
"Arjun Sinha","Tool Engineering",1,2
"Rohan Sharma","Tool Engineering",1,1
"Manav Khanna","Tool Engineering",2,3
"Rahul Ghosh","Tool Engineering",1,3
"Nikhil Ghosh","Tool Engineering",1,2
"Kunal Joshi","Tool Engineering",1,1
"Yash Thakur","Tool Engineering",1,1
"Rohan Reddy","Tool Engineering",0,1
"Aarav Rao","Tool Engineering",2,2
"Siddharth Choudhary","Tool Engineering",1,1
"Kunal Dubey","Tool Engineering",1,1
"Tanmay Reddy","Tool Engineering",1,1
"Aman Reddy","Tool Engineering",1,1
"Aditi Joshi","Tool Engineering",1,1
"Dev Iyer","Tool Engineering",2,2
"Aman Jain","Tool Engineering",1,1
"Ritika Khanna","Tool Engineering",1,1
"Neha Patel","Tool Engineering",1,1
"Om Pandey","Tool Engineering",1,1
"Tanmay Ghosh","Tool Engineering",1,2
"Deepak Agarwal","Tool Engineering",1,1
"Aditya Choudhary","Tool Engineering",1,1
"Sneha Joshi","Tool Engineering",1,1
"Rohan Gupta","Tool Engineering",0,1
"Siddharth Kapoor","Tool Engineering",1,1
"Deepak Mehta","Tool Engineering",1,1
"Rohan Mehta","Tool Engineering",1,1
"Nikhil Khanna","Tool Engineering",1,1
"Aditya Dubey","Tool Engineering",1,1
"Rohan Iyer","Tool Engineering",1,1
"Ananya Jain","Tool Engineering",1,1
"Tanmay Rao","Tool Engineering",0,1
"Meera Ghosh","Tool Engineering",1,2
"Tanmay Sharma","Tool Engineering",1,2
"Manav Ghosh","Tool Engineering",1,1
"Vivaan Bansal","Tool Engineering",2,3
"Om Agarwal","Tool Engineering",1,1
"Aditya Thakur","Tool Engineering",1,1
"Ritika Verma","Tool Engineering",2,2
"Diya Sharma","Tool Engineering",1,1
"Rohan Das","Tool Engineering",1,1
"Aditya Iyer","Tool Engineering",2,2
"Nikhil Mehta","Tool Engineering",1,1
"Aman Agarwal","Tool Engineering",0,1
"Varun Thakur","Tool Engineering",1,1
"Pooja Menon","Tool Engineering",0,1
"Sai Rao","Tool Engineering",1,2
"Diya Agarwal","Tool Engineering",0,1
"Ishaan Patel","Tool Engineering",1,1
"Meera Pandey","Tool Engineering",1,1
"Vivaan Patel","Tool Engineering",1,2
"Neha Das","Tool Engineering",1,1
"Sai Gupta","Tool Engineering",1,1
"Varun Agarwal","Tool Engineering",1,2
"Om Das","Tool Engineering",0,1
"Kavya Patel","Tool Engineering",1,1
"Varun Khanna","Tool Engineering",1,1
"Rahul Sharma","Tool Engineering",1,1
"Diya Choudhary","Tool Engineering",0,1
"Rohan Jain","Tool Engineering",1,1
"Deepak Menon","Tool Engineering",1,1
"Sneha Pandey","Tool Engineering",1,1
"Aarav Mehta","Tool Engineering",1,1
"Arjun Sharma","Tool Engineering",1,1
"Manav Agarwal","Tool Engineering",1,1
"Arjun Reddy","Tool Engineering",1,1
"Neha Bansal","Tool Engineering",1,1
"Deepak Iyer","Tool Engineering",0,1
"Arjun Ghosh","Tool Engineering",1,1
"Manav Menon","Tool Engineering",1,1
"Arjun Thakur","Tool Engineering",1,1
"Ritika Iyer","Tool Engineering",1,1
"Kunal Mehta","Tool Engineering",0,2
"Om Nair","Tool Engineering",1,1
"Aman Thakur","Tool Engineering",1,2
"Arjun Gupta","Tool Engineering",1,1
"Siddharth Thakur","Tool Engineering",0,1
"Siddharth Reddy","Tool Engineering",1,1
"Tanmay Das","Tool Engineering",2,2
"Meera Nair","Tool Engineering",1,1
"Manav Sinha","Tool Engineering",1,1
"Arjun Choudhary","Tool Engineering",1,1
"Dev Sharma","Tool Engineering",0,1
"Sneha Khanna","Tool Engineering",1,1
"Pooja Das","Tool Engineering",0,1
"Vivaan Mehta","Tool Engineering",1,1
"Siddharth Pandey","Tool Engineering",1,1
"Sai Agarwal","Tool Engineering",0,1
"Sneha Kapoor","Tool Engineering",1,1
"Nikhil Dubey","Tool Engineering",0,1
"Varun Dubey","Tool Engineering",0,1
"Aarav Thakur","Tool Engineering",0,1
"Kunal Sinha","Tool Engineering",1,1
"Dev Ghosh","Tool Engineering",1,1
"Arjun Dubey","Tool Engineering",1,1
"Manav Verma","Tool Engineering",0,1
"Yash Reddy","Tool Engineering",1,1
"Siddharth Sinha","Tool Engineering",1,1
"Nikhil Kapoor","Tool Engineering",1,1
"Yash Mehta","Tool Engineering",1,1
"Deepak Pandey","Electrical Machines",1,1
"Mohit Dubey","Electrical Machines",0,1
"Dev Verma","Electrical Machines",1,1
"Arjun Ghosh","Electrical Machines",0,1
"Kavya Dubey","Electrical Machines",0,1
"Harsh Thakur","Electrical Machines",0,1
"Aman Verma","Electrical Machines",1,1
"Rohan Dubey","Electrical Machines",1,1
"Sneha Dubey","Electrical Machines",1,2
"Sai Joshi","Electrical Machines",1,1
"Meera Ghosh","Electrical Machines",1,1
"Aarav Pandey","Electrical Machines",1,2
"Siddharth Bansal","Electrical Machines",1,1
"Meera Das","Electrical Machines",1,1
"Mohit Kapoor","Electrical Machines",1,1
"Tanmay Verma","Electrical Machines",1,1
"Om Mehta","Electrical Machines",1,1
"Ishaan Khanna","Electrical Machines",1,2
"Deepak Menon","Electrical Machines",2,2
"Ritika Kapoor","Electrical Machines",1,1
"Varun Das","Electrical Machines",2,2
"Dev Kapoor","Electrical Machines",1,1
"Mohit Sinha","Electrical Machines",3,3
"Mohit Jain","Electrical Machines",1,1
"Kunal Choudhary","Electrical Machines",0,1
"Rahul Choudhary","Electrical Machines",1,2
"Harsh Verma","Electrical Machines",1,1
"Kavya Reddy","Electrical Machines",2,2
"Deepak Gupta","Electrical Machines",1,1
"Rohan Iyer","Electrical Machines",1,1
"Rahul Verma","Electrical Machines",2,2
"Ritesh Khanna","Electrical Machines",0,1
"Aman Patel","Electrical Machines",0,2
"Nikhil Reddy","Electrical Machines",1,1
"Aman Kapoor","Electrical Machines",1,1
"Sneha Das","Electrical Machines",0,2
"Nikhil Choudhary","Electrical Machines",1,1
"Aditya Reddy","Electrical Machines",1,1
"Sai Khanna","Electrical Machines",1,1
"Nikhil Thakur","Electrical Machines",1,2
"Meera Patel","Electrical Machines",1,1
"Sneha Choudhary","Electrical Machines",1,1
"Ritesh Das","Electrical Machines",1,1
"Vivaan Jain","Electrical Machines",2,2
"Ishaan Dubey","Electrical Machines",0,1
"Sai Reddy","Electrical Machines",0,1
"Aman Choudhary","Electrical Machines",2,2
"Siddharth Reddy","Electrical Machines",1,1
"Rohan Bansal","Electrical Machines",1,1
"Neha Das","Electrical Machines",1,1
"Arjun Sinha","Electrical Machines",1,1
"Priya Pandey","Electrical Machines",1,1
"Siddharth Patel","Electrical Machines",1,1
"Aditi Dubey","Electrical Machines",3,3
"Dev Pandey","Electrical Machines",1,1
"Priya Thakur","Electrical Machines",1,1
"Kavya Ghosh","Electrical Machines",1,1
"Arjun Pandey","Electrical Machines",2,2
"Dev Das","Electrical Machines",1,1
"Krishna Reddy","Electrical Machines",1,1
"Sai Ghosh","Electrical Machines",1,1
"Siddharth Sinha","Electrical Machines",1,1
"Ritika Reddy","Electrical Machines",1,1
"Sneha Joshi","Electrical Machines",0,1
"Ishaan Mehta","Electrical Machines",1,1
"Varun Patel","Electrical Machines",1,1
"Tanmay Kapoor","Electrical Machines",1,1
"Varun Choudhary","Electrical Machines",1,1
"Sai Jain","Electrical Machines",1,1
"Ananya Iyer","Electrical Machines",0,1
"Sneha Nair","Electrical Machines",2,2
"Aditi Thakur","Electrical Machines",1,2
"Rohan Sinha","Electrical Machines",1,1
"Rohan Gupta","Electrical Machines",1,2
"Om Verma","Electrical Machines",1,1
"Deepak Iyer","Electrical Machines",1,2
"Dev Bansal","Electrical Machines",1,1
"Tanmay Sharma","Electrical Machines",1,1
"Pooja Pandey","Electrical Machines",1,1
"Dev Thakur","Electrical Machines",1,1
"Rohan Thakur","Electrical Machines",0,1
"Siddharth Agarwal","Electrical Machines",1,1
"Vivaan Agarwal","Electrical Machines",1,1
"Deepak Nair","Electrical Machines",1,1
"Ananya Jain","Electrical Machines",1,1
"Rohan Pandey","Electrical Machines",1,1
"Om Gupta","Electrical Machines",2,2
"Priya Patel","Electrical Machines",1,2
"Mohit Iyer","Electrical Machines",0,1
"Neha Ghosh","Electrical Machines",1,1
"Deepak Joshi","Electrical Machines",1,1
"Vivaan Joshi","Electrical Machines",1,1
"Priya Reddy","Electrical Machines",1,1
"Varun Khanna","Electrical Machines",1,1
"Kavya Thakur","Electrical Machines",1,1
"Vivaan Bansal","Electrical Machines",1,1
"Sneha Jain","Electrical Machines",1,1
"Dev Gupta","Electrical Machines",1,1
"Krishna Mehta","Electrical Machines",2,2
"Ananya Rao","Electrical Machines",0,1
"Ritesh Iyer","Electrical Machines",1,1
"Ananya Agarwal","Electrical Machines",0,1
"Neha Sharma","Electrical Machines",1,1
"Deepak Kapoor","Electrical Machines",2,2
"Aman Thakur","Electrical Machines",1,1
"Aditya Verma","Electrical Machines",0,1
"Dev Menon","Electrical Machines",1,1
"Varun Reddy","Electrical Machines",1,1
"Dev Ghosh","Electrical Machines",1,1
"Aditi Iyer","Electrical Machines",0,1
"Mohit Agarwal","Electrical Machines",1,1
"Sneha Reddy","Electrical Machines",1,1
"Pooja Joshi","Electrical Machines",1,1
"Kunal Thakur","Electrical Machines",1,1
"Kunal Dubey","Electrical Machines",1,1
"Tanmay Rao","Electrical Machines",1,1
"Meera Choudhary","Electrical Machines",1,1
"Harsh Sinha","Electrical Machines",2,2
"Varun Bansal","Electrical Machines",1,1
"Sai Mehta","Electrical Machines",1,1
"Krishna Kapoor","Electrical Machines",1,1
"Om Dubey","Electrical Machines",1,1
"Kavya Pandey","Full Stack Development",1,1
"Yash Bansal","Full Stack Development",1,2
"Aditya Mehta","Full Stack Development",1,1
"Varun Iyer","Full Stack Development",1,1
"Sneha Ghosh","Full Stack Development",0,1
"Meera Iyer","Full Stack Development",1,1
"Mohit Choudhary","Full Stack Development",1,1
"Aman Thakur","Full Stack Development",1,1
"Deepak Reddy","Full Stack Development",2,2
"Om Ghosh","Full Stack Development",0,1
"Om Thakur","Full Stack Development",1,1
"Mohit Thakur","Full Stack Development",1,1
"Rahul Patel","Full Stack Development",1,1
"Siddharth Das","Full Stack Development",0,1
"Mohit Nair","Full Stack Development",0,1
"Ananya Reddy","Full Stack Development",1,1
"Nikhil Sharma","Full Stack Development",1,1
"Deepak Choudhary","Full Stack Development",2,2
"Om Choudhary","Full Stack Development",2,2
"Sneha Iyer","Full Stack Development",1,1
"Ishaan Reddy","Full Stack Development",1,1
"Meera Jain","Full Stack Development",4,4
"Rahul Gupta","Full Stack Development",1,1
"Nikhil Bansal","Full Stack Development",1,1
"Meera Agarwal","Full Stack Development",1,1
"Mohit Reddy","Full Stack Development",1,2
"Manav Rao","Full Stack Development",1,1
"Priya Dubey","Full Stack Development",2,3
"Kunal Khanna","Full Stack Development",2,2
"Ritika Joshi","Full Stack Development",1,1
"Mohit Jain","Full Stack Development",0,1
"Yash Iyer","Full Stack Development",0,1
"Rohan Sharma","Full Stack Development",1,1
"Rohan Thakur","Full Stack Development",1,2
"Rohan Patel","Full Stack Development",1,1
"Sai Agarwal","Full Stack Development",0,1
"Priya Das","Full Stack Development",1,1
"Priya Agarwal","Full Stack Development",1,1
"Sneha Pandey","Full Stack Development",0,1
"Tanmay Agarwal","Full Stack Development",1,1
"Priya Khanna","Full Stack Development",1,1
"Sai Ghosh","Full Stack Development",2,2
"Neha Bansal","Full Stack Development",1,1
"Harsh Reddy","Full Stack Development",1,1
"Nikhil Das","Full Stack Development",1,1
"Ananya Iyer","Full Stack Development",1,1
"Priya Choudhary","Full Stack Development",0,1
"Rohan Kapoor","Full Stack Development",1,1
"Yash Joshi","Full Stack Development",1,1
"Kunal Iyer","Full Stack Development",1,1
"Aarav Khanna","Full Stack Development",1,1
"Priya Thakur","Full Stack Development",0,1
"Siddharth Pandey","Full Stack Development",0,1
"Siddharth Mehta","Full Stack Development",1,1
"Tanmay Khanna","Full Stack Development",1,1
"Aarav Nair","Full Stack Development",1,1
"Neha Rao","Full Stack Development",1,1
"Nikhil Gupta","Full Stack Development",1,1
"Yash Gupta","Full Stack Development",1,1
"Pooja Menon","Full Stack Development",0,1
"Pooja Jain","Full Stack Development",1,1
"Siddharth Khanna","Full Stack Development",1,1
"Arjun Nair","Full Stack Development",1,1
"Tanmay Das","Full Stack Development",1,1
"Kavya Iyer","Full Stack Development",1,1
"Dev Ghosh","Full Stack Development",1,1
"Vivaan Patel","Full Stack Development",1,1
"Neha Verma","Full Stack Development",1,1
"Ritika Verma","Full Stack Development",1,1
"Aarav Kapoor","Full Stack Development",1,1
"Aditi Reddy","Full Stack Development",1,2
"Harsh Menon","Full Stack Development",1,1
"Om Menon","Full Stack Development",3,3
"Sai Khanna","Full Stack Development",1,1
"Rohan Pandey","Full Stack Development",1,1
"Ananya Menon","Full Stack Development",1,1
"Aarav Mehta","Full Stack Development",0,1
"Diya Joshi","Full Stack Development",0,1
"Priya Ghosh","Full Stack Development",1,1
"Harsh Bansal","Full Stack Development",0,1
"Aditi Pandey","Full Stack Development",1,1
"Rahul Sinha","Full Stack Development",0,1
"Diya Reddy","Full Stack Development",1,1
"Siddharth Nair","Full Stack Development",1,1
"Kunal Das","Full Stack Development",1,1
"Dev Iyer","Full Stack Development",0,1
"Vivaan Joshi","Full Stack Development",1,1
"Dev Menon","Full Stack Development",1,1
"Deepak Gupta","Full Stack Development",1,1
"Siddharth Bansal","Full Stack Development",1,1
"Aarav Verma","Full Stack Development",1,1
"Manav Iyer","Full Stack Development",0,1
"Sai Das","Full Stack Development",1,1
"Kavya Bansal","Full Stack Development",0,1
"Sneha Menon","Full Stack Development",1,1
"Ananya Thakur","Full Stack Development",1,1
"Neha Sinha","Full Stack Development",2,2
"Yash Pandey","Full Stack Development",1,1
"Varun Das","Full Stack Development",1,1
"Varun Thakur","Full Stack Development",1,1
"Sai Thakur","Full Stack Development",1,1
"Ananya Rao","Full Stack Development",0,1
"Meera Sinha","Object Oriented Programming",1,1
"Dev Gupta","Object Oriented Programming",1,1
"Ananya Thakur","Object Oriented Programming",1,1
"Yash Thakur","Object Oriented Programming",0,1
"Nikhil Kapoor","Object Oriented Programming",1,2
"Sai Dubey","Object Oriented Programming",2,2
"Ishaan Mehta","Object Oriented Programming",3,3
"Kunal Joshi","Object Oriented Programming",0,1
"Rahul Agarwal","Object Oriented Programming",1,1
"Pooja Khanna","Object Oriented Programming",1,1
"Harsh Sharma","Object Oriented Programming",1,1
"Siddharth Pandey","Object Oriented Programming",3,3
"Ritika Reddy","Object Oriented Programming",1,1
"Ishaan Iyer","Object Oriented Programming",1,1
"Deepak Menon","Object Oriented Programming",1,1
"Manav Gupta","Object Oriented Programming",1,1
"Rohan Pandey","Object Oriented Programming",1,2
"Yash Nair","Object Oriented Programming",1,1
"Sneha Ghosh","Object Oriented Programming",0,1
"Tanmay Thakur","Object Oriented Programming",2,2
"Sai Khanna","Object Oriented Programming",1,1
"Sai Jain","Object Oriented Programming",1,2
"Mohit Das","Object Oriented Programming",1,1
"Sai Rao","Object Oriented Programming",1,1
"Priya Menon","Object Oriented Programming",1,1
"Krishna Thakur","Object Oriented Programming",1,2
"Rohan Agarwal","Object Oriented Programming",0,1
"Nikhil Mehta","Object Oriented Programming",1,2
"Rahul Verma","Object Oriented Programming",1,1
"Nikhil Reddy","Object Oriented Programming",1,1
"Neha Reddy","Object Oriented Programming",2,2
"Rohan Patel","Object Oriented Programming",1,1
"Aman Sinha","Object Oriented Programming",1,1
"Siddharth Nair","Object Oriented Programming",1,2
"Tanmay Khanna","Object Oriented Programming",1,1
"Pooja Thakur","Object Oriented Programming",2,2
"Yash Ghosh","Object Oriented Programming",1,1
"Pooja Agarwal","Object Oriented Programming",1,2
"Harsh Mehta","Object Oriented Programming",1,1
"Vivaan Kapoor","Object Oriented Programming",1,1
"Aditya Joshi","Object Oriented Programming",1,1
"Neha Menon","Object Oriented Programming",1,1
"Neha Sinha","Object Oriented Programming",1,1
"Aditya Das","Object Oriented Programming",1,1
"Pooja Jain","Object Oriented Programming",1,2
"Tanmay Choudhary","Object Oriented Programming",2,2
"Meera Agarwal","Object Oriented Programming",1,1
"Kunal Sinha","Object Oriented Programming",2,2
"Kavya Choudhary","Object Oriented Programming",1,1
"Siddharth Rao","Object Oriented Programming",2,2
"Vivaan Verma","Object Oriented Programming",1,2
"Nikhil Bansal","Object Oriented Programming",1,1
"Kavya Sinha","Object Oriented Programming",1,1
"Ananya Gupta","Object Oriented Programming",1,1
"Krishna Mehta","Object Oriented Programming",1,1
"Rohan Reddy","Object Oriented Programming",2,2
"Aman Ghosh","Object Oriented Programming",3,3
"Priya Choudhary","Object Oriented Programming",1,1
"Krishna Kapoor","Object Oriented Programming",1,1
"Varun Thakur","Object Oriented Programming",1,1
"Pooja Dubey","Object Oriented Programming",1,1
"Ritesh Kapoor","Object Oriented Programming",1,1
"Aarav Thakur","Object Oriented Programming",1,1
"Ritesh Khanna","Object Oriented Programming",0,1
"Kavya Reddy","Object Oriented Programming",0,1
"Harsh Choudhary","Object Oriented Programming",1,1
"Harsh Dubey","Object Oriented Programming",1,1
"Aditi Mehta","Object Oriented Programming",1,1
"Aarav Dubey","Object Oriented Programming",1,1
"Priya Das","Object Oriented Programming",0,1
"Krishna Verma","Object Oriented Programming",1,1
"Diya Bansal","Object Oriented Programming",2,2
"Diya Thakur","Object Oriented Programming",2,2
"Priya Joshi","Object Oriented Programming",1,1
"Tanmay Gupta","Object Oriented Programming",1,1
"Kavya Patel","Object Oriented Programming",1,1
"Ananya Reddy","Object Oriented Programming",2,2
"Pooja Nair","Object Oriented Programming",1,1
"Dev Jain","Object Oriented Programming",1,1
"Nikhil Menon","Object Oriented Programming",0,1
"Pooja Joshi","Object Oriented Programming",3,3
"Dev Kapoor","Object Oriented Programming",1,1
"Ishaan Menon","Object Oriented Programming",1,1
"Neha Das","Object Oriented Programming",1,1
"Arjun Nair","Object Oriented Programming",1,1
"Aditi Sinha","Object Oriented Programming",1,2
"Dev Bansal","Object Oriented Programming",1,1
"Aarav Gupta","Object Oriented Programming",1,1
"Om Joshi","Object Oriented Programming",2,2
"Ishaan Sharma","Object Oriented Programming",1,1
"Rahul Jain","Object Oriented Programming",1,1
"Aditi Patel","Object Oriented Programming",1,1
"Deepak Reddy","Object Oriented Programming",1,1
"Siddharth Patel","Object Oriented Programming",0,1
"Ritika Joshi","Object Oriented Programming",0,1
"Sneha Patel","Object Oriented Programming",1,1
"Rahul Das","Object Oriented Programming",2,2
"Deepak Sinha","Object Oriented Programming",1,1
"Om Gupta","Object Oriented Programming",1,1
"Manav Rao","Object Oriented Programming",0,1
"Priya Iyer","Object Oriented Programming",1,1
"Kavya Joshi","Object Oriented Programming",0,1
"Neha Sharma","Object Oriented Programming",1,1
"Tanmay Agarwal","Object Oriented Programming",1,1
"Dev Rao","Object Oriented Programming",1,1
"Krishna Iyer","Object Oriented Programming",1,1
"Ananya Dubey","Object Oriented Programming",1,1
"Arjun Sharma","Object Oriented Programming",1,1
"Rohan Mehta","Object Oriented Programming",1,1
"Aditi Khanna","Object Oriented Programming",0,1
"Aditi Verma","Object Oriented Programming",1,2
"Aarav Kapoor","Object Oriented Programming",1,1
"Mohit Iyer","Object Oriented Programming",1,1
"Ananya Das","Object Oriented Programming",1,1
"Diya Reddy","Object Oriented Programming",1,1
"Meera Rao","Object Oriented Programming",0,1
"Ananya Bansal","Object Oriented Programming",0,1
"Vivaan Gupta","Object Oriented Programming",1,1
"Sai Ghosh","Object Oriented Programming",1,1
"Ritesh Ghosh","Object Oriented Programming",0,1
"Ritika Verma","Object Oriented Programming",0,1
"Nikhil Pandey","Object Oriented Programming",1,1
"Manav Patel","Object Oriented Programming",0,1
"Tanmay Reddy","Object Oriented Programming",1,1
"Arjun Joshi","Object Oriented Programming",0,1
"Manav Khanna","Object Oriented Programming",1,1
"Mohit Dubey","Object Oriented Programming",1,1
"Meera Patel","Object Oriented Programming",1,1
"Aman Dubey","Object Oriented Programming",1,1
"Tanmay Jain","Object Oriented Programming",1,1
"Yash Pandey","Object Oriented Programming",0,1
"Yash Rao","Object Oriented Programming",1,1
"Varun Dubey","Object Oriented Programming",0,1
"Tanmay Kapoor",Mechatronics,2,2
"Om Nair",Mechatronics,1,1
"Harsh Sinha",Mechatronics,1,1
"Aditi Khanna",Mechatronics,2,2
"Neha Rao",Mechatronics,2,2
"Rohan Sinha",Mechatronics,1,1
"Mohit Patel",Mechatronics,1,1
"Ritesh Agarwal",Mechatronics,1,2
"Ananya Rao",Mechatronics,1,1
"Siddharth Dubey",Mechatronics,1,1
"Aarav Rao",Mechatronics,1,1
"Om Kapoor",Mechatronics,1,1
"Kavya Gupta",Mechatronics,1,1
"Nikhil Joshi",Mechatronics,1,1
"Pooja Jain",Mechatronics,2,2
"Aman Mehta",Mechatronics,1,1
"Aarav Agarwal",Mechatronics,1,2
"Om Menon",Mechatronics,2,2
"Aarav Reddy",Mechatronics,1,1
"Kunal Khanna",Mechatronics,1,1
"Rahul Mehta",Mechatronics,1,1
"Sneha Menon",Mechatronics,1,1
"Diya Thakur",Mechatronics,1,1
"Ananya Mehta",Mechatronics,1,1
"Siddharth Jain",Mechatronics,1,1
"Sneha Verma",Mechatronics,1,1
"Dev Joshi",Mechatronics,2,2
"Deepak Sharma",Mechatronics,1,1
"Sai Sinha",Mechatronics,1,1
"Tanmay Gupta",Mechatronics,1,1
"Dev Jain",Mechatronics,0,1
"Neha Nair",Mechatronics,0,1
"Sai Ghosh",Mechatronics,1,1
"Pooja Dubey",Mechatronics,1,1
"Tanmay Jain",Mechatronics,1,1
"Krishna Das",Mechatronics,1,1
"Aman Ghosh",Mechatronics,2,2
"Aditi Kapoor",Mechatronics,2,2
"Manav Gupta",Mechatronics,1,1
"Rahul Verma",Mechatronics,3,5
"Krishna Rao",Mechatronics,1,1
"Aarav Mehta",Mechatronics,2,2
"Kavya Menon",Mechatronics,0,1
"Nikhil Gupta",Mechatronics,1,1
"Krishna Bansal",Mechatronics,1,1
"Manav Iyer",Mechatronics,1,1
"Aditya Reddy",Mechatronics,1,2
"Rahul Choudhary",Mechatronics,0,1
"Vivaan Ghosh",Mechatronics,1,1
"Kunal Verma",Mechatronics,1,2
"Sai Nair",Mechatronics,1,1
"Ishaan Choudhary",Mechatronics,1,1
"Deepak Sinha",Mechatronics,1,1
"Tanmay Thakur",Mechatronics,1,1
"Sneha Pandey",Mechatronics,1,1
"Ritesh Nair",Mechatronics,3,3
"Diya Mehta",Mechatronics,1,1
"Kunal Jain",Mechatronics,1,1
"Meera Mehta",Mechatronics,1,1
"Rahul Pandey",Mechatronics,0,1
"Neha Menon",Mechatronics,1,1
"Meera Verma",Mechatronics,1,1
"Diya Sinha",Mechatronics,1,1
"Ananya Choudhary",Mechatronics,1,1
"Siddharth Nair",Mechatronics,1,1
"Arjun Choudhary",Mechatronics,1,2
"Arjun Mehta",Mechatronics,2,2
"Rohan Verma",Mechatronics,0,1
"Harsh Agarwal",Mechatronics,1,1
"Aarav Pandey",Mechatronics,1,1
"Yash Reddy",Mechatronics,2,2
"Siddharth Menon",Mechatronics,1,1
"Ritika Kapoor",Mechatronics,1,1
"Nikhil Ghosh",Mechatronics,1,1
"Pooja Rao",Mechatronics,1,1
"Kavya Agarwal",Mechatronics,1,1
"Arjun Patel",Mechatronics,0,1
"Varun Kapoor",Mechatronics,1,1
"Priya Kapoor",Mechatronics,1,1
"Siddharth Sharma",Mechatronics,1,1
"Ananya Kapoor",Mechatronics,1,1
"Rohan Bansal",Mechatronics,0,1
"Kunal Pandey",Mechatronics,1,1
"Dev Kapoor",Mechatronics,1,1
"Vivaan Joshi",Mechatronics,1,1
"Siddharth Kapoor",Mechatronics,2,2
"Rohan Das",Mechatronics,1,1
"Neha Bansal",Mechatronics,1,1
"Aditi Mehta",Mechatronics,1,1
"Pooja Verma",Mechatronics,1,1
"Ananya Khanna",Mechatronics,1,1
"Ananya Menon",Mechatronics,1,1
"Harsh Verma",Mechatronics,1,1
"Sneha Ghosh",Mechatronics,1,1
"Deepak Menon",Mechatronics,0,1
"Ishaan Dubey",Mechatronics,1,1
"Diya Ghosh",Mechatronics,2,2
"Vivaan Patel",Mechatronics,1,1
"Meera Pandey",Mechatronics,1,1
"Aman Dubey",Mechatronics,1,1
"Om Thakur",Mechatronics,1,1
"Ananya Thakur",Mechatronics,1,1
"Aditya Agarwal",Mechatronics,1,1
"Kunal Das",Mechatronics,1,1
"Ishaan Mehta",Mechatronics,1,1
"Tanmay Patel",Mechatronics,1,1
"Tanmay Reddy",Mechatronics,0,1
"Nikhil Patel",Mechatronics,0,1
"Neha Thakur",Mechatronics,1,1
"Pooja Ghosh",Mechatronics,0,1
"Kunal Reddy",Mechatronics,1,1
"Aditi Ghosh",Mechatronics,1,1
"Ritesh Dubey",Mechatronics,1,1
"Kavya Mehta",Mechatronics,1,1
"Meera Thakur",Mechatronics,1,1
"Tanmay Sharma",Mechatronics,0,1
"Rahul Bansal",Mechatronics,1,1
"Manav Rao",Mechatronics,1,1
"Ananya Jain",Mechatronics,1,1
"Neha Sinha",Mechatronics,1,1
"Sai Mehta",Mechatronics,1,1
"Deepak Jain",Mechatronics,1,1
"Dev Iyer",Mechatronics,1,1
"Aman Das",Mechatronics,1,1
"Aditi Thakur",Mechatronics,1,1
"Priya Bansal",Mechatronics,1,1
"Aarav Gupta",Mechatronics,1,1
"Tanmay Menon",Mechatronics,1,1
"Arjun Verma",Mechatronics,1,1
"Harsh Choudhary",Mechatronics,1,1
"Sneha Patel",Mechatronics,1,1
"Sneha Dubey",Mechatronics,1,1
"Kavya Thakur",Mechatronics,1,1
"Rahul Joshi",Mechatronics,0,1
"Mohit Ghosh",Mechatronics,0,1
"Meera Agarwal",Mechatronics,0,1
"Harsh Choudhary","Embedded Systems",1,1
"Aman Verma","Embedded Systems",1,1
"Mohit Iyer","Embedded Systems",4,4
"Priya Jain","Embedded Systems",3,3
"Vivaan Kapoor","Embedded Systems",2,2
"Krishna Verma","Embedded Systems",2,2
"Ananya Khanna","Embedded Systems",1,1
"Aditya Agarwal","Embedded Systems",1,1
"Om Choudhary","Embedded Systems",1,1
"Ishaan Iyer","Embedded Systems",1,1
"Pooja Thakur","Embedded Systems",1,1
"Ishaan Reddy","Embedded Systems",0,1
"Sai Thakur","Embedded Systems",1,1
"Nikhil Mehta","Embedded Systems",1,1
"Meera Khanna","Embedded Systems",2,2
"Aditi Nair","Embedded Systems",0,1
"Arjun Dubey","Embedded Systems",2,2
"Dev Menon","Embedded Systems",1,1
"Deepak Thakur","Embedded Systems",2,2
"Diya Jain","Embedded Systems",1,2
"Aarav Iyer","Embedded Systems",1,1
"Diya Patel","Embedded Systems",0,1
"Priya Thakur","Embedded Systems",2,2
"Yash Iyer","Embedded Systems",2,2
"Pooja Rao","Embedded Systems",0,1
"Ritika Gupta","Embedded Systems",1,1
"Aditi Reddy","Embedded Systems",1,2
"Harsh Agarwal","Embedded Systems",1,1
"Nikhil Thakur","Embedded Systems",0,1
"Nikhil Nair","Embedded Systems",1,1
"Diya Khanna","Embedded Systems",1,1
"Tanmay Reddy","Embedded Systems",1,1
"Nikhil Jain","Embedded Systems",1,1
"Krishna Sinha","Embedded Systems",1,1
"Om Iyer","Embedded Systems",2,2
"Rohan Choudhary","Embedded Systems",1,1
"Rohan Khanna","Embedded Systems",1,1
"Ritika Kapoor","Embedded Systems",1,1
"Pooja Sinha","Embedded Systems",1,1
"Manav Agarwal","Embedded Systems",1,1
"Priya Joshi","Embedded Systems",1,1
"Vivaan Iyer","Embedded Systems",1,1
"Harsh Rao","Embedded Systems",0,1
"Siddharth Nair","Embedded Systems",1,1
"Vivaan Menon","Embedded Systems",1,1
"Aditi Patel","Embedded Systems",1,1
"Deepak Das","Embedded Systems",1,1
"Sneha Choudhary","Embedded Systems",3,4
"Meera Menon","Embedded Systems",1,1
"Sneha Nair","Embedded Systems",1,1
"Sneha Verma","Embedded Systems",2,3
"Sai Verma","Embedded Systems",1,1
"Pooja Jain","Embedded Systems",0,1
"Aman Pandey","Embedded Systems",1,1
"Sneha Pandey","Embedded Systems",1,1
"Rohan Dubey","Embedded Systems",1,1
"Om Gupta","Embedded Systems",1,1
"Ritesh Dubey","Embedded Systems",1,1
"Tanmay Nair","Embedded Systems",1,1
"Dev Choudhary","Embedded Systems",1,1
"Sai Menon","Embedded Systems",0,1
"Aditya Reddy","Embedded Systems",1,1
"Neha Iyer","Embedded Systems",1,2
"Meera Das","Embedded Systems",1,1
"Ananya Iyer","Embedded Systems",2,3
"Ritika Dubey","Embedded Systems",1,1
"Sneha Menon","Embedded Systems",1,1
"Manav Patel","Embedded Systems",1,1
"Kunal Thakur","Embedded Systems",0,1
"Sneha Iyer","Embedded Systems",1,1
"Neha Reddy","Embedded Systems",0,1
"Aditi Verma","Embedded Systems",1,1
"Kunal Reddy","Embedded Systems",1,1
"Varun Joshi","Embedded Systems",1,1
"Varun Das","Embedded Systems",2,2
"Pooja Pandey","Embedded Systems",3,3
"Tanmay Ghosh","Embedded Systems",1,1
"Kunal Choudhary","Embedded Systems",0,1
"Sai Pandey","Embedded Systems",0,1
"Ritika Khanna","Embedded Systems",2,2
"Meera Kapoor","Embedded Systems",1,1
"Krishna Patel","Embedded Systems",1,1
"Diya Menon","Embedded Systems",1,1
"Ritesh Joshi","Embedded Systems",1,1
"Priya Agarwal","Embedded Systems",1,1
"Tanmay Thakur","Embedded Systems",1,1
"Kunal Menon","Embedded Systems",1,1
"Yash Thakur","Embedded Systems",1,1
"Manav Rao","Embedded Systems",1,1
"Deepak Gupta","Embedded Systems",1,1
"Nikhil Sharma","Embedded Systems",1,2
"Krishna Joshi","Embedded Systems",1,1
"Om Patel","Embedded Systems",1,1
"Aman Reddy","Embedded Systems",1,1
"Kavya Kapoor","Embedded Systems",0,1
"Rahul Das","Embedded Systems",1,1
"Arjun Joshi","Embedded Systems",2,2
"Ananya Reddy","Embedded Systems",1,1
"Aman Sinha","Embedded Systems",1,1
"Aarav Agarwal","Embedded Systems",1,1
"Meera Thakur","Embedded Systems",0,1
"Priya Nair","Embedded Systems",1,1
"Aman Agarwal","Embedded Systems",1,1
"Meera Dubey","Embedded Systems",1,1
"Harsh Iyer","Embedded Systems",1,1
"Nikhil Verma","Embedded Systems",1,1
"Aman Sharma","Embedded Systems",1,1
"Ananya Thakur","Embedded Systems",1,1
"Ritesh Sinha","Embedded Systems",1,1
"Priya Verma","Embedded Systems",1,1
"Arjun Ghosh","Embedded Systems",1,1
"Yash Jain","Embedded Systems",1,1
"Neha Sinha","Embedded Systems",1,1
"Nikhil Gupta","Embedded Systems",1,1
"Ishaan Sharma","Embedded Systems",1,1
"Sai Mehta","Parallel Computing",1,1
"Pooja Gupta","Parallel Computing",1,1
"Krishna Nair","Parallel Computing",0,1
"Mohit Pandey","Parallel Computing",2,2
"Siddharth Reddy","Parallel Computing",1,1
"Om Agarwal","Parallel Computing",3,3
"Ananya Rao","Parallel Computing",3,3
"Yash Rao","Parallel Computing",2,2
"Kavya Khanna","Parallel Computing",1,1
"Harsh Reddy","Parallel Computing",1,2
"Krishna Rao","Parallel Computing",1,1
"Diya Patel","Parallel Computing",1,1
"Sai Das","Parallel Computing",1,1
"Aman Sinha","Parallel Computing",1,1
"Aarav Agarwal","Parallel Computing",1,1
"Sneha Gupta","Parallel Computing",1,1
"Harsh Menon","Parallel Computing",0,2
"Ishaan Verma","Parallel Computing",2,2
"Ananya Jain","Parallel Computing",1,1
"Tanmay Iyer","Parallel Computing",2,2
"Krishna Sharma","Parallel Computing",3,3
"Sneha Menon","Parallel Computing",1,1
"Aman Agarwal","Parallel Computing",1,1
"Aditya Das","Parallel Computing",1,1
"Kunal Iyer","Parallel Computing",1,2
"Kavya Pandey","Parallel Computing",2,2
"Meera Jain","Parallel Computing",1,1
"Aman Dubey","Parallel Computing",2,3
"Pooja Iyer","Parallel Computing",0,2
"Sai Ghosh","Parallel Computing",2,2
"Vivaan Mehta","Parallel Computing",0,1
"Om Verma","Parallel Computing",1,1
"Rahul Das","Parallel Computing",2,2
"Diya Kapoor","Parallel Computing",1,1
"Sneha Jain","Parallel Computing",1,1
"Aditya Thakur","Parallel Computing",1,1
"Aditya Choudhary","Parallel Computing",1,1
"Tanmay Khanna","Parallel Computing",1,1
"Sneha Mehta","Parallel Computing",2,2
"Aman Khanna","Parallel Computing",0,1
"Nikhil Nair","Parallel Computing",1,1
"Aman Menon","Parallel Computing",1,1
"Sai Joshi","Parallel Computing",1,1
"Vivaan Gupta","Parallel Computing",0,1
"Aarav Joshi","Parallel Computing",2,2
"Ananya Patel","Parallel Computing",1,1
"Varun Reddy","Parallel Computing",1,1
"Harsh Thakur","Parallel Computing",1,1
"Rahul Sinha","Parallel Computing",1,1
"Ritesh Reddy","Parallel Computing",1,1
"Ishaan Jain","Parallel Computing",0,1
"Ritika Pandey","Parallel Computing",1,1
"Priya Gupta","Parallel Computing",1,1
"Varun Bansal","Parallel Computing",1,1
"Dev Kapoor","Parallel Computing",1,1
"Rohan Kapoor","Parallel Computing",1,1
"Dev Menon","Parallel Computing",1,1
"Diya Jain","Parallel Computing",1,1
"Dev Patel","Parallel Computing",1,1
"Nikhil Verma","Parallel Computing",1,1
"Yash Das","Parallel Computing",1,1
"Harsh Rao","Parallel Computing",2,2
"Om Bansal","Parallel Computing",1,1
"Dev Sharma","Parallel Computing",1,2
"Rohan Agarwal","Parallel Computing",1,1
"Manav Reddy","Parallel Computing",0,1
"Manav Verma","Parallel Computing",1,1
"Ishaan Nair","Parallel Computing",1,2
"Sai Bansal","Parallel Computing",2,2
"Aditi Patel","Parallel Computing",1,1
"Manav Agarwal","Parallel Computing",1,1
"Sai Reddy","Parallel Computing",1,1
"Nikhil Khanna","Parallel Computing",1,1
"Ishaan Menon","Parallel Computing",1,1
"Neha Verma","Parallel Computing",1,1
"Om Jain","Parallel Computing",1,1
"Ritesh Verma","Parallel Computing",1,1
"Sai Sinha","Parallel Computing",1,1
"Aditya Khanna","Parallel Computing",0,1
"Harsh Joshi","Parallel Computing",1,1
"Deepak Joshi","Parallel Computing",0,1
"Aditya Dubey","Parallel Computing",1,1
"Ritesh Choudhary","Parallel Computing",0,1
"Ritika Sinha","Parallel Computing",0,1
"Ritesh Khanna","Parallel Computing",1,1
"Neha Pandey","Parallel Computing",1,1
"Dev Ghosh","Parallel Computing",1,1
"Om Kapoor","Parallel Computing",1,1
"Rohan Bansal","Parallel Computing",1,1
"Kunal Bansal","Parallel Computing",1,1
"Dev Khanna","Parallel Computing",1,1
"Ritika Thakur","Parallel Computing",1,1
"Siddharth Iyer","Parallel Computing",1,1
"Rahul Ghosh","Parallel Computing",1,1
"Krishna Khanna","Parallel Computing",1,2
"Neha Bansal","Parallel Computing",1,1
"Rohan Pandey","Parallel Computing",1,1
"Vivaan Joshi","Parallel Computing",1,1
"Priya Thakur","Parallel Computing",1,1
"Aditi Nair","Parallel Computing",1,1
"Sneha Agarwal","Parallel Computing",1,1
"Dev Joshi","Parallel Computing",0,1
"Krishna Reddy","Parallel Computing",1,1
"Vivaan Jain","Parallel Computing",1,2
"Krishna Mehta","Parallel Computing",1,1
"Pooja Reddy","Parallel Computing",1,1
"Ananya Reddy","Parallel Computing",1,1
"Aman Ghosh","Parallel Computing",1,1
"Nikhil Joshi","Parallel Computing",0,1
"Nikhil Patel","Parallel Computing",1,1
"Priya Ghosh","Parallel Computing",1,1
"Deepak Dubey","Parallel Computing",1,1
"Om Dubey","Parallel Computing",0,1
"Deepak Das","Parallel Computing",1,1
"Kunal Mehta","Parallel Computing",0,1
"Rahul Nair","Parallel Computing",1,1
"Manav Sharma","Parallel Computing",1,1
"Siddharth Kapoor","Parallel Computing",1,1
"Siddharth Nair","Parallel Computing",1,1
"Om Mehta","Parallel Computing",1,1
"Pooja Mehta","Parallel Computing",0,1
"Priya Reddy","Power Systems",1,1
"Sneha Jain","Power Systems",2,2
"Sai Gupta","Power Systems",2,2
"Meera Patel","Power Systems",1,1
"Ritika Pandey","Power Systems",1,1
"Tanmay Pandey","Power Systems",1,1
"Rohan Sharma","Power Systems",1,1
"Tanmay Jain","Power Systems",1,1
"Rahul Ghosh","Power Systems",1,1
"Aditi Khanna","Power Systems",0,1
"Nikhil Patel","Power Systems",1,1
"Rohan Khanna","Power Systems",0,1
"Sneha Mehta","Power Systems",1,1
"Arjun Das","Power Systems",0,1
"Ritika Patel","Power Systems",1,1
"Deepak Reddy","Power Systems",1,1
"Neha Nair","Power Systems",1,1
"Harsh Dubey","Power Systems",2,2
"Tanmay Sinha","Power Systems",2,2
"Rahul Thakur","Power Systems",3,3
"Pooja Joshi","Power Systems",3,3
"Harsh Kapoor","Power Systems",2,2
"Rohan Verma","Power Systems",1,1
"Om Jain","Power Systems",0,1
"Aarav Ghosh","Power Systems",1,1
"Krishna Agarwal","Power Systems",1,1
"Diya Bansal","Power Systems",1,1
"Diya Ghosh","Power Systems",1,1
"Rahul Reddy","Power Systems",1,1
"Siddharth Bansal","Power Systems",1,1
"Dev Verma","Power Systems",1,1
"Neha Sharma","Power Systems",1,1
"Tanmay Kapoor","Power Systems",0,1
"Yash Verma","Power Systems",0,2
"Arjun Reddy","Power Systems",0,1
"Aman Iyer","Power Systems",1,1
"Nikhil Gupta","Power Systems",0,1
"Rahul Patel","Power Systems",1,1
"Diya Dubey","Power Systems",1,1
"Tanmay Nair","Power Systems",1,2
"Vivaan Patel","Power Systems",1,1
"Sneha Agarwal","Power Systems",1,1
"Rohan Choudhary","Power Systems",1,1
"Meera Rao","Power Systems",1,1
"Ritesh Joshi","Power Systems",1,1
"Kunal Jain","Power Systems",1,1
"Vivaan Nair","Power Systems",1,1
"Kunal Joshi","Power Systems",1,1
"Yash Thakur","Power Systems",1,1
"Varun Patel","Power Systems",2,2
"Rahul Gupta","Power Systems",1,1
"Rohan Nair","Power Systems",1,1
"Rohan Joshi","Power Systems",1,1
"Sai Thakur","Power Systems",1,1
"Rahul Kapoor","Power Systems",1,1
"Ritika Verma","Power Systems",1,1
"Pooja Menon","Power Systems",2,2
"Arjun Choudhary","Power Systems",1,1
"Harsh Nair","Power Systems",1,1
"Siddharth Patel","Power Systems",1,1
"Om Thakur","Power Systems",1,2
"Aditya Gupta","Power Systems",2,2
"Manav Pandey","Power Systems",0,1
"Varun Joshi","Power Systems",2,2
"Rahul Sinha","Power Systems",1,1
"Siddharth Choudhary","Power Systems",1,1
"Arjun Thakur","Power Systems",1,1
"Deepak Choudhary","Power Systems",1,1
"Krishna Dubey","Power Systems",1,1
"Ritesh Das","Power Systems",2,2
"Varun Ghosh","Power Systems",0,1
"Aarav Agarwal","Power Systems",1,1
"Rohan Pandey","Power Systems",1,1
"Kavya Choudhary","Power Systems",1,1
"Varun Verma","Power Systems",1,1
"Varun Kapoor","Power Systems",1,2
"Priya Das","Power Systems",1,1
"Yash Khanna","Power Systems",1,1
"Aditi Kapoor","Power Systems",1,1
"Deepak Patel","Power Systems",0,1
"Ritika Ghosh","Power Systems",1,1
"Meera Menon","Power Systems",1,1
"Vivaan Thakur","Power Systems",1,1
"Manav Verma","Power Systems",1,1
"Aditya Pandey","Power Systems",0,1
"Pooja Pandey","Power Systems",1,1
"Krishna Choudhary","Power Systems",1,1
"Diya Kapoor","Power Systems",1,1
"Kunal Sinha","Power Systems",0,1
"Yash Joshi","Power Systems",0,1
"Meera Kapoor","Power Systems",0,1
"Dev Dubey","Power Systems",2,2
"Manav Nair","Power Systems",1,1
"Deepak Khanna","Power Systems",1,1
"Ritesh Thakur","Power Systems",1,1
"Rohan Sinha","Power Systems",1,1
"Aditya Verma","Power Systems",1,1
"Mohit Mehta","Power Systems",0,1
"Ishaan Gupta","Power Systems",0,1
"Kavya Jain","Power Systems",1,1
"Sneha Thakur","Power Systems",1,1
"Dev Thakur","Power Systems",1,1
"Harsh Pandey","Power Systems",1,1
"Vivaan Choudhary","Power Systems",0,1
"Ananya Nair","Power Systems",1,2
"Vivaan Menon","Power Systems",1,1
"Diya Agarwal","Power Systems",1,1
"Aman Sinha","Power Systems",1,1
"Manav Menon","Power Systems",0,1
"Aman Menon","Power Systems",0,1
"Arjun Gupta","Power Systems",0,1
"Rahul Rao","Power Systems",0,2
"Aman Patel","Power Systems",0,1
"Arjun Dubey","Power Systems",1,1
"Ishaan Choudhary","Power Systems",1,1
"Pooja Thakur","Power Systems",1,1
"Aarav Verma","Computer Networks",1,1
"Ritesh Iyer","Computer Networks",0,2
"Diya Sharma","Computer Networks",1,1
"Nikhil Nair","Computer Networks",1,1
"Manav Agarwal","Computer Networks",1,1
"Aman Ghosh","Computer Networks",0,1
"Ritika Mehta","Computer Networks",1,2
"Ritesh Ghosh","Computer Networks",0,1
"Manav Dubey","Computer Networks",1,1
"Priya Das","Computer Networks",1,1
"Vivaan Sharma","Computer Networks",0,1
"Rohan Patel","Computer Networks",0,2
"Kunal Das","Computer Networks",1,1
"Vivaan Jain","Computer Networks",1,1
"Ishaan Mehta","Computer Networks",0,1
"Ritika Nair","Computer Networks",2,2
"Ritesh Dubey","Computer Networks",1,1
"Priya Iyer","Computer Networks",0,1
"Arjun Choudhary","Computer Networks",1,1
"Aditi Sharma","Computer Networks",2,2
"Meera Das","Computer Networks",1,1
"Neha Agarwal","Computer Networks",2,3
"Sneha Das","Computer Networks",2,2
"Harsh Bansal","Computer Networks",1,1
"Arjun Nair","Computer Networks",1,1
"Sneha Gupta","Computer Networks",2,2
"Ritesh Rao","Computer Networks",0,1
"Tanmay Choudhary","Computer Networks",0,1
"Diya Kapoor","Computer Networks",0,1
"Nikhil Sinha","Computer Networks",1,1
"Pooja Patel","Computer Networks",1,1
"Arjun Agarwal","Computer Networks",0,1
"Aarav Nair","Computer Networks",1,1
"Pooja Mehta","Computer Networks",1,2
"Om Verma","Computer Networks",3,5
"Neha Pandey","Computer Networks",1,1
"Pooja Rao","Computer Networks",2,2
"Diya Choudhary","Computer Networks",1,1
"Arjun Patel","Computer Networks",1,1
"Yash Ghosh","Computer Networks",1,1
"Om Nair","Computer Networks",0,1
"Neha Dubey","Computer Networks",1,1
"Aman Verma","Computer Networks",1,1
"Harsh Choudhary","Computer Networks",0,1
"Pooja Dubey","Computer Networks",1,1
"Om Choudhary","Computer Networks",0,1
"Diya Patel","Computer Networks",1,1
"Aman Gupta","Computer Networks",1,1
"Priya Joshi","Computer Networks",1,1
"Om Mehta","Computer Networks",1,1
"Rohan Joshi","Computer Networks",1,1
"Dev Mehta","Computer Networks",2,2
"Aditya Rao","Computer Networks",1,1
"Priya Khanna","Computer Networks",1,1
"Aditya Das","Computer Networks",0,1
"Varun Sinha","Computer Networks",1,1
"Aditi Jain","Computer Networks",3,3
"Nikhil Menon","Computer Networks",0,1
"Aarav Das","Computer Networks",1,1
"Kunal Gupta","Computer Networks",1,1
"Sai Rao","Computer Networks",1,1
"Priya Mehta","Computer Networks",1,1
"Ritika Bansal","Computer Networks",1,1
"Sneha Joshi","Computer Networks",2,2
"Dev Sharma","Computer Networks",0,1
"Sneha Khanna","Computer Networks",3,3
"Om Thakur","Computer Networks",1,1
"Aditya Jain","Computer Networks",1,1
"Krishna Iyer","Computer Networks",0,1
"Aman Pandey","Computer Networks",1,1
"Arjun Mehta","Computer Networks",1,1
"Tanmay Gupta","Computer Networks",1,1
"Deepak Verma","Computer Networks",1,1
"Dev Verma","Computer Networks",0,1
"Siddharth Jain","Computer Networks",2,2
"Yash Thakur","Computer Networks",0,1
"Nikhil Dubey","Computer Networks",1,1
"Varun Khanna","Computer Networks",3,3
"Aman Iyer","Computer Networks",2,2
"Sai Bansal","Computer Networks",1,1
"Pooja Khanna","Computer Networks",1,1
"Varun Kapoor","Computer Networks",1,1
"Tanmay Agarwal","Computer Networks",0,1
"Ritesh Patel","Computer Networks",1,1
"Deepak Reddy","Computer Networks",0,1
"Rohan Nair","Computer Networks",0,1
"Mohit Das","Computer Networks",1,1
"Dev Menon","Computer Networks",1,1
"Manav Rao","Computer Networks",1,1
"Krishna Joshi","Computer Networks",1,1
"Harsh Pandey","Computer Networks",0,1
"Aditi Iyer","Computer Networks",1,1
"Varun Thakur","Computer Networks",1,1
"Pooja Iyer","Computer Networks",1,1
"Diya Menon","Computer Networks",3,3
"Ishaan Nair","Computer Networks",1,1
"Dev Nair","Computer Networks",0,1
"Vivaan Sinha","Computer Networks",1,1
"Ritika Iyer","Computer Networks",1,1
"Mohit Nair","Computer Networks",1,1
"Pooja Agarwal","Computer Networks",0,1
"Kavya Sinha","Computer Networks",0,1
"Ishaan Pandey","Computer Networks",1,1
"Vivaan Kapoor","Computer Networks",2,2
"Aditi Sinha","Computer Networks",2,2
"Tanmay Pandey","Computer Networks",1,1
"Om Khanna","Computer Networks",1,1
"Kavya Thakur","Computer Networks",0,1
"Dev Patel","Computer Networks",1,1
"Ishaan Jain","Computer Networks",1,1
"Aditi Bansal","Computer Networks",1,1
"Ananya Gupta","Computer Networks",1,1
"Vivaan Iyer","Computer Networks",1,1
"Vivaan Thakur","Computer Networks",0,1
"Diya Gupta","Computer Networks",1,1
"Meera Nair","Computer Networks",1,1
"Diya Bansal","Computer Networks",1,1
"Varun Menon","Computer Networks",0,1
"Aman Sinha","Computer Networks",0,1
"Meera Mehta","Computer Networks",1,1
"Siddharth Rao","Computer Networks",1,1
"Sneha Nair","Computer Networks",0,1
"Sneha Sharma","Computer Networks",1,1
"Priya Agarwal","Computer Networks",0,1
"Krishna Das","Computer Networks",1,1
"Arjun Reddy","Computer Networks",1,1
"Sneha Bansal","Computer Networks",1,1
"Ishaan Menon","Computer Networks",1,1
"Rahul Kapoor","Computer Networks",1,1
"Yash Joshi","Computer Networks",1,1
"Mohit Reddy","Computer Networks",1,1
"Ritika Choudhary","Computer Networks",1,1
"Siddharth Choudhary","Computer Networks",0,1
"Yash Pandey","Computer Networks",1,1
"Aman Reddy","Computer Networks",1,1
"Neha Sinha","Computer Networks",1,1
"Kunal Verma","Computer Networks",1,1
"Sai Jain","Data Warehousing",1,1
"Aarav Kapoor","Data Warehousing",0,1
"Aman Sinha","Data Warehousing",1,1
"Om Gupta","Data Warehousing",1,1
"Meera Joshi","Data Warehousing",1,2
"Mohit Bansal","Data Warehousing",2,2
"Kunal Nair","Data Warehousing",1,3
"Yash Menon","Data Warehousing",2,2
"Kunal Reddy","Data Warehousing",1,1
"Harsh Choudhary","Data Warehousing",0,1
"Mohit Iyer","Data Warehousing",1,1
"Yash Gupta","Data Warehousing",1,1
"Mohit Menon","Data Warehousing",1,1
"Pooja Pandey","Data Warehousing",3,3
"Rohan Khanna","Data Warehousing",2,2
"Dev Kapoor","Data Warehousing",1,1
"Aditi Choudhary","Data Warehousing",1,1
"Aditi Nair","Data Warehousing",1,1
"Diya Ghosh","Data Warehousing",1,2
"Rohan Sharma","Data Warehousing",0,1
"Dev Bansal","Data Warehousing",1,1
"Ritesh Gupta","Data Warehousing",1,1
"Manav Sharma","Data Warehousing",0,1
"Rahul Verma","Data Warehousing",0,1
"Varun Kapoor","Data Warehousing",1,1
"Priya Mehta","Data Warehousing",1,1
"Ananya Das","Data Warehousing",1,1
"Aditya Jain","Data Warehousing",1,1
"Arjun Das","Data Warehousing",0,1
"Dev Joshi","Data Warehousing",1,1
"Meera Rao","Data Warehousing",1,1
"Ananya Rao","Data Warehousing",1,2
"Pooja Jain","Data Warehousing",2,2
"Diya Patel","Data Warehousing",1,1
"Harsh Rao","Data Warehousing",2,2
"Ritika Kapoor","Data Warehousing",1,1
"Ishaan Mehta","Data Warehousing",0,1
"Ishaan Rao","Data Warehousing",1,1
"Yash Sharma","Data Warehousing",0,1
"Rahul Iyer","Data Warehousing",1,1
"Ritesh Rao","Data Warehousing",1,1
"Deepak Rao","Data Warehousing",1,1
"Nikhil Gupta","Data Warehousing",0,1
"Dev Nair","Data Warehousing",2,2
"Meera Menon","Data Warehousing",1,1
"Krishna Dubey","Data Warehousing",1,1
"Kavya Joshi","Data Warehousing",0,1
"Ananya Verma","Data Warehousing",1,1
"Dev Agarwal","Data Warehousing",2,2
"Krishna Sharma","Data Warehousing",2,2
"Aditya Nair","Data Warehousing",1,1
"Kunal Ghosh","Data Warehousing",2,2
"Sneha Nair","Data Warehousing",3,3
"Yash Joshi","Data Warehousing",1,1
"Ritika Patel","Data Warehousing",0,1
"Arjun Bansal","Data Warehousing",1,2
"Sneha Mehta","Data Warehousing",1,1
"Dev Verma","Data Warehousing",1,1
"Ritesh Patel","Data Warehousing",0,1
"Deepak Dubey","Data Warehousing",0,1
"Ishaan Thakur","Data Warehousing",1,1
"Ritesh Bansal","Data Warehousing",0,1
"Aarav Bansal","Data Warehousing",1,1
"Om Verma","Data Warehousing",1,1
"Deepak Reddy","Data Warehousing",1,1
"Krishna Bansal","Data Warehousing",1,1
"Deepak Verma","Data Warehousing",0,1
"Rahul Menon","Data Warehousing",1,1
"Dev Thakur","Data Warehousing",0,1
"Aditya Reddy","Data Warehousing",2,2
"Om Patel","Data Warehousing",1,1
"Dev Jain","Data Warehousing",1,1
"Rohan Pandey","Data Warehousing",1,1
"Sneha Agarwal","Data Warehousing",1,1
"Kunal Sharma","Data Warehousing",1,1
"Sneha Dubey","Data Warehousing",1,1
"Deepak Mehta","Data Warehousing",2,3
"Aman Sharma","Data Warehousing",2,3
"Ritesh Agarwal","Data Warehousing",1,1
"Sneha Das","Data Warehousing",1,1
"Vivaan Patel","Data Warehousing",1,1
"Aditi Thakur","Data Warehousing",1,1
"Sai Verma","Data Warehousing",1,1
"Yash Ghosh","Data Warehousing",1,1
"Meera Jain","Data Warehousing",1,1
"Tanmay Mehta","Data Warehousing",0,1
"Nikhil Mehta","Data Warehousing",2,2
"Sneha Ghosh","Data Warehousing",1,1
"Tanmay Rao","Data Warehousing",1,1
"Aman Mehta","Data Warehousing",0,1
"Priya Agarwal","Data Warehousing",1,1
"Rohan Bansal","Data Warehousing",1,1
"Ritesh Mehta","Data Warehousing",1,1
"Dev Iyer","Data Warehousing",1,1
"Ishaan Patel","Data Warehousing",1,1
"Aditi Agarwal","Data Warehousing",1,1
"Kavya Agarwal","Data Warehousing",1,1
"Harsh Verma","Data Warehousing",1,1
"Ishaan Reddy","Data Warehousing",1,1
"Om Das","Data Warehousing",1,1
"Yash Pandey","Data Warehousing",1,1
"Yash Choudhary","Data Warehousing",1,1
"Sai Das","Data Warehousing",1,1
"Sneha Jain","Data Warehousing",2,2
"Siddharth Gupta","Data Warehousing",1,1
"Aditya Khanna","Data Warehousing",1,1
"Harsh Sharma","Data Warehousing",1,1
"Rahul Khanna","Data Warehousing",0,1
"Priya Das","Data Warehousing",1,1
"Varun Patel","Data Warehousing",0,1
"Neha Khanna","Data Warehousing",1,1
"Yash Agarwal","Data Warehousing",1,1
"Harsh Iyer","Data Warehousing",1,1
"Pooja Reddy","Data Warehousing",1,1
"Arjun Pandey","Data Warehousing",1,1
"Nikhil Sharma","Data Warehousing",1,1
"Priya Thakur","Data Warehousing",0,1
"Tanmay Agarwal","Data Warehousing",1,1
"Vivaan Kapoor","Data Warehousing",0,1
"Yash Dubey","Data Warehousing",1,1
"Varun Sharma","Data Warehousing",1,1
"Siddharth Nair","Data Warehousing",1,1
"Tanmay Dubey","Data Warehousing",1,1
"Deepak Das","Data Warehousing",1,1
"Yash Jain","Data Warehousing",1,1
"Nikhil Sinha","Data Warehousing",1,1
"Manav Patel","Finite Element Analysis",2,2
"Varun Choudhary","Finite Element Analysis",2,3
"Harsh Nair","Finite Element Analysis",1,1
"Sai Ghosh","Finite Element Analysis",1,1
"Nikhil Sinha","Finite Element Analysis",1,1
"Siddharth Verma","Finite Element Analysis",2,2
"Mohit Jain","Finite Element Analysis",1,1
"Varun Pandey","Finite Element Analysis",1,1
"Deepak Jain","Finite Element Analysis",1,1
"Siddharth Sharma","Finite Element Analysis",1,1
"Ananya Joshi","Finite Element Analysis",2,2
"Rohan Joshi","Finite Element Analysis",1,1
"Deepak Dubey","Finite Element Analysis",2,2
"Mohit Das","Finite Element Analysis",1,1
"Rohan Pandey","Finite Element Analysis",1,1
"Aditi Ghosh","Finite Element Analysis",1,1
"Varun Iyer","Finite Element Analysis",1,1
"Pooja Rao","Finite Element Analysis",1,1
"Tanmay Jain","Finite Element Analysis",2,2
"Kunal Khanna","Finite Element Analysis",1,1
"Aman Rao","Finite Element Analysis",0,1
"Priya Patel","Finite Element Analysis",2,2
"Ishaan Nair","Finite Element Analysis",1,1
"Aman Reddy","Finite Element Analysis",3,3
"Rahul Reddy","Finite Element Analysis",0,1
"Rahul Kapoor","Finite Element Analysis",0,1
"Priya Ghosh","Finite Element Analysis",1,1
"Yash Gupta","Finite Element Analysis",1,1
"Arjun Bansal","Finite Element Analysis",1,1
"Ritesh Sharma","Finite Element Analysis",1,1
"Mohit Ghosh","Finite Element Analysis",0,1
"Deepak Bansal","Finite Element Analysis",1,1
"Diya Das","Finite Element Analysis",1,1
"Arjun Choudhary","Finite Element Analysis",1,1
"Rahul Agarwal","Finite Element Analysis",1,1
"Ananya Sinha","Finite Element Analysis",1,1
"Kavya Menon","Finite Element Analysis",0,1
"Aarav Sharma","Finite Element Analysis",1,2
"Vivaan Thakur","Finite Element Analysis",0,1
"Krishna Nair","Finite Element Analysis",1,1
"Meera Reddy","Finite Element Analysis",1,1
"Om Menon","Finite Element Analysis",1,1
"Rohan Patel","Finite Element Analysis",1,1
"Krishna Dubey","Finite Element Analysis",1,1
"Aditi Reddy","Finite Element Analysis",1,1
"Sneha Ghosh","Finite Element Analysis",1,1
"Aditi Thakur","Finite Element Analysis",1,2
"Aditi Iyer","Finite Element Analysis",1,1
"Rahul Bansal","Finite Element Analysis",2,2
"Nikhil Ghosh","Finite Element Analysis",0,1
"Rohan Rao","Finite Element Analysis",2,2
"Rahul Verma","Finite Element Analysis",1,1
"Nikhil Iyer","Finite Element Analysis",1,1
"Meera Bansal","Finite Element Analysis",2,2
"Ritesh Menon","Finite Element Analysis",1,1
"Aarav Gupta","Finite Element Analysis",0,1
"Ritika Ghosh","Finite Element Analysis",1,1
"Diya Gupta","Finite Element Analysis",1,1
"Krishna Verma","Finite Element Analysis",1,1
"Varun Menon","Finite Element Analysis",1,1
"Om Ghosh","Finite Element Analysis",1,1
"Yash Thakur","Finite Element Analysis",1,2
"Vivaan Nair","Finite Element Analysis",0,1
"Om Thakur","Finite Element Analysis",1,1
"Yash Ghosh","Finite Element Analysis",1,2
"Sneha Das","Finite Element Analysis",1,1
"Harsh Reddy","Finite Element Analysis",1,1
"Aditya Menon","Finite Element Analysis",1,1
"Aarav Dubey","Finite Element Analysis",1,1
"Kavya Thakur","Finite Element Analysis",2,2
"Arjun Khanna","Finite Element Analysis",0,1
"Yash Pandey","Finite Element Analysis",1,1
"Aman Choudhary","Finite Element Analysis",1,1
"Harsh Pandey","Finite Element Analysis",1,1
"Dev Rao","Finite Element Analysis",2,3
"Ritika Choudhary","Finite Element Analysis",2,2
"Priya Verma","Finite Element Analysis",1,1
"Varun Gupta","Finite Element Analysis",2,2
"Priya Kapoor","Finite Element Analysis",1,1
"Ishaan Choudhary","Finite Element Analysis",1,1
"Yash Khanna","Finite Element Analysis",1,1
"Dev Bansal","Finite Element Analysis",1,1
"Siddharth Menon","Finite Element Analysis",1,1
"Neha Khanna","Finite Element Analysis",0,1
"Siddharth Pandey","Finite Element Analysis",0,1
"Deepak Kapoor","Finite Element Analysis",1,1
"Nikhil Khanna","Finite Element Analysis",1,1
"Dev Gupta","Finite Element Analysis",0,1
"Sneha Menon","Finite Element Analysis",1,1
"Vivaan Sharma","Finite Element Analysis",0,1
"Nikhil Verma","Finite Element Analysis",1,1
"Deepak Nair","Finite Element Analysis",1,1
"Priya Iyer","Finite Element Analysis",1,1
"Meera Agarwal","Finite Element Analysis",1,1
"Tanmay Kapoor","Finite Element Analysis",1,1
"Deepak Mehta","Finite Element Analysis",0,1
"Kunal Sharma","Finite Element Analysis",0,1
"Tanmay Sinha","Finite Element Analysis",1,1
"Pooja Jain","Finite Element Analysis",1,1
"Yash Iyer","Finite Element Analysis",1,1
"Priya Gupta","Finite Element Analysis",1,1
"Rohan Reddy","Finite Element Analysis",1,1
"Nikhil Kapoor","Finite Element Analysis",0,1
"Neha Gupta","Finite Element Analysis",1,1
"Rohan Agarwal","Finite Element Analysis",0,1
"Krishna Ghosh","Finite Element Analysis",0,1
"Tanmay Dubey","Finite Element Analysis",0,1
"Sai Thakur","Finite Element Analysis",1,1
"Aarav Sinha","Finite Element Analysis",1,1
"Diya Menon","Finite Element Analysis",1,1
"Sai Rao","Finite Element Analysis",1,1
"Ananya Menon","Finite Element Analysis",0,1
"Ananya Kapoor","Finite Element Analysis",1,1
"Siddharth Kapoor","Finite Element Analysis",1,1
"Harsh Khanna","Finite Element Analysis",1,1
"Ishaan Kapoor","Finite Element Analysis",1,1
"Aman Menon","Finite Element Analysis",1,1
"Deepak Iyer","Finite Element Analysis",0,1
"Diya Pandey","Finite Element Analysis",0,1
"Tanmay Rao","Finite Element Analysis",0,1
"Kavya Bansal","Finite Element Analysis",0,1
"Ritika Khanna","Sensor Networks",1,1
"Dev Joshi","Sensor Networks",1,1
"Harsh Bansal","Sensor Networks",2,2
"Siddharth Nair","Sensor Networks",1,1
"Neha Bansal","Sensor Networks",1,1
"Siddharth Thakur","Sensor Networks",1,1
"Aditya Bansal","Sensor Networks",1,1
"Aman Gupta","Sensor Networks",1,1
"Siddharth Jain","Sensor Networks",1,1
"Sneha Patel","Sensor Networks",1,2
"Pooja Bansal","Sensor Networks",0,1
"Kavya Choudhary","Sensor Networks",2,2
"Aditya Joshi","Sensor Networks",1,2
"Aditi Choudhary","Sensor Networks",1,1
"Aditya Dubey","Sensor Networks",1,1
"Kunal Verma","Sensor Networks",2,3
"Om Gupta","Sensor Networks",1,1
"Aditya Choudhary","Sensor Networks",1,1
"Ritesh Verma","Sensor Networks",2,2
"Vivaan Nair","Sensor Networks",1,1
"Ishaan Verma","Sensor Networks",1,1
"Yash Bansal","Sensor Networks",1,1
"Manav Thakur","Sensor Networks",1,1
"Meera Menon","Sensor Networks",1,2
"Om Das","Sensor Networks",1,1
"Rahul Kapoor","Sensor Networks",1,1
"Varun Nair","Sensor Networks",1,2
"Priya Choudhary","Sensor Networks",2,2
"Kunal Thakur","Sensor Networks",2,2
"Rahul Gupta","Sensor Networks",1,1
"Aman Das","Sensor Networks",0,1
"Varun Menon","Sensor Networks",1,1
"Sneha Dubey","Sensor Networks",2,2
"Meera Kapoor","Sensor Networks",2,2
"Aarav Nair","Sensor Networks",1,1
"Tanmay Sharma","Sensor Networks",0,1
"Deepak Sinha","Sensor Networks",1,1
"Deepak Iyer","Sensor Networks",1,1
"Aditya Patel","Sensor Networks",1,1
"Pooja Ghosh","Sensor Networks",1,1
"Sneha Nair","Sensor Networks",2,2
"Rahul Khanna","Sensor Networks",1,1
"Deepak Rao","Sensor Networks",1,1
"Diya Thakur","Sensor Networks",1,1
"Priya Rao","Sensor Networks",1,1
"Aarav Jain","Sensor Networks",0,1
"Ritesh Gupta","Sensor Networks",1,1
"Manav Pandey","Sensor Networks",1,1
"Ananya Nair","Sensor Networks",1,1
"Kunal Ghosh","Sensor Networks",1,2
"Neha Thakur","Sensor Networks",1,1
"Sai Khanna","Sensor Networks",1,2
"Deepak Dubey","Sensor Networks",2,2
"Kunal Bansal","Sensor Networks",1,1
"Dev Bansal","Sensor Networks",1,2
"Rohan Agarwal","Sensor Networks",0,1
"Yash Jain","Sensor Networks",1,1
"Sai Bansal","Sensor Networks",1,1
"Deepak Kapoor","Sensor Networks",1,1
"Krishna Menon","Sensor Networks",1,1
"Kunal Dubey","Sensor Networks",1,1
"Siddharth Das","Sensor Networks",1,1
"Ananya Thakur","Sensor Networks",0,1
"Nikhil Reddy","Sensor Networks",2,2
"Vivaan Ghosh","Sensor Networks",1,1
"Siddharth Bansal","Sensor Networks",2,2
"Om Agarwal","Sensor Networks",0,1
"Rohan Thakur","Sensor Networks",0,1
"Ritika Pandey","Sensor Networks",1,1
"Pooja Dubey","Sensor Networks",1,1
"Ishaan Nair","Sensor Networks",0,1
"Diya Jain","Sensor Networks",1,1
"Varun Thakur","Sensor Networks",1,1
"Ananya Ghosh","Sensor Networks",1,1
"Aditya Khanna","Sensor Networks",1,1
"Rohan Gupta","Sensor Networks",0,1
"Aditya Iyer","Sensor Networks",1,1
"Ritika Agarwal","Sensor Networks",1,1
"Sai Choudhary","Sensor Networks",1,1
"Rohan Kapoor","Sensor Networks",0,1
"Arjun Thakur","Sensor Networks",1,1
"Rahul Bansal","Sensor Networks",1,1
"Diya Dubey","Sensor Networks",1,1
"Pooja Jain","Sensor Networks",1,1
"Arjun Dubey","Sensor Networks",1,1
"Kunal Agarwal","Sensor Networks",1,1
"Rohan Rao","Sensor Networks",1,1
"Ananya Pandey","Sensor Networks",1,2
"Om Rao","Sensor Networks",0,1
"Dev Ghosh","Sensor Networks",1,1
"Rohan Mehta","Sensor Networks",0,1
"Manav Sharma","Sensor Networks",1,1
"Arjun Kapoor","Sensor Networks",1,2
"Meera Gupta","Sensor Networks",1,1
"Sneha Menon","Sensor Networks",1,1
"Mohit Das","Sensor Networks",1,1
"Tanmay Joshi","Sensor Networks",1,1
"Mohit Patel","Sensor Networks",0,1
"Dev Iyer","Sensor Networks",1,1
"Meera Jain","Sensor Networks",1,1
"Aditi Mehta","Sensor Networks",2,2
"Vivaan Bansal","Sensor Networks",1,1
"Priya Das","Sensor Networks",1,1
"Mohit Verma","Sensor Networks",1,1
"Ritesh Iyer","Sensor Networks",1,1
"Pooja Agarwal","Sensor Networks",1,1
"Ritika Jain","Sensor Networks",0,1
"Tanmay Bansal","Sensor Networks",1,1
"Nikhil Pandey","Sensor Networks",1,1
"Meera Verma","Sensor Networks",1,1
"Meera Dubey","Sensor Networks",1,1
"Varun Iyer","Sensor Networks",0,1
"Aditya Jain","Sensor Networks",1,1
"Aarav Agarwal","Sensor Networks",1,1
"Diya Mehta","Sensor Networks",1,1
"Vivaan Iyer","Sensor Networks",1,1
"Vivaan Thakur","Sensor Networks",1,1
"Mohit Iyer","Sensor Networks",1,1
"Priya Reddy","Sensor Networks",1,1
"Priya Sharma","Sensor Networks",1,1
"Mohit Thakur","Sensor Networks",1,1
"Sneha Joshi","Advanced Java",1,1
"Rahul Gupta","Advanced Java",3,3
"Nikhil Thakur","Advanced Java",1,1
"Tanmay Joshi","Advanced Java",1,1
"Nikhil Agarwal","Advanced Java",1,2
"Nikhil Dubey","Advanced Java",1,3
"Ananya Bansal","Advanced Java",0,1
"Ananya Verma","Advanced Java",1,2
"Dev Rao","Advanced Java",2,2
"Siddharth Kapoor","Advanced Java",1,1
"Pooja Joshi","Advanced Java",0,1
"Pooja Rao","Advanced Java",0,1
"Vivaan Thakur","Advanced Java",1,1
"Ritesh Joshi","Advanced Java",2,2
"Sai Pandey","Advanced Java",1,1
"Sai Mehta","Advanced Java",1,2
"Ishaan Bansal","Advanced Java",1,1
"Aditya Choudhary","Advanced Java",1,1
"Deepak Menon","Advanced Java",2,2
"Sai Kapoor","Advanced Java",1,1
"Sneha Rao","Advanced Java",1,1
"Pooja Sinha","Advanced Java",1,1
"Ritika Mehta","Advanced Java",1,1
"Aditi Verma","Advanced Java",1,1
"Ritesh Sinha","Advanced Java",1,1
"Ananya Choudhary","Advanced Java",1,1
"Meera Mehta","Advanced Java",1,2
"Neha Patel","Advanced Java",0,1
"Neha Verma","Advanced Java",0,1
"Nikhil Choudhary","Advanced Java",1,1
"Diya Ghosh","Advanced Java",4,4
"Siddharth Rao","Advanced Java",1,1
"Varun Thakur","Advanced Java",1,1
"Varun Iyer","Advanced Java",2,3
"Diya Pandey","Advanced Java",1,2
"Kavya Dubey","Advanced Java",3,3
"Kavya Khanna","Advanced Java",1,1
"Ritesh Das","Advanced Java",1,1
"Harsh Sinha","Advanced Java",1,1
"Deepak Gupta","Advanced Java",1,1
"Manav Menon","Advanced Java",2,2
"Ritesh Patel","Advanced Java",1,1
"Sai Choudhary","Advanced Java",1,1
"Meera Rao","Advanced Java",1,1
"Rahul Mehta","Advanced Java",1,1
"Priya Sharma","Advanced Java",1,2
"Ritesh Iyer","Advanced Java",0,1
"Manav Pandey","Advanced Java",1,1
"Harsh Gupta","Advanced Java",1,1
"Aarav Joshi","Advanced Java",1,1
"Dev Gupta","Advanced Java",2,2
"Manav Ghosh","Advanced Java",1,1
"Meera Menon","Advanced Java",1,2
"Deepak Nair","Advanced Java",1,1
"Kavya Sinha","Advanced Java",1,1
"Kunal Das","Advanced Java",1,1
"Nikhil Pandey","Advanced Java",1,1
"Om Choudhary","Advanced Java",0,1
"Yash Gupta","Advanced Java",1,1
"Ritesh Pandey","Advanced Java",1,1
"Meera Ghosh","Advanced Java",1,1
"Siddharth Bansal","Advanced Java",1,2
"Aman Sharma","Advanced Java",1,1
"Siddharth Dubey","Advanced Java",1,1
"Sai Ghosh","Advanced Java",2,2
"Dev Joshi","Advanced Java",1,1
"Yash Thakur","Advanced Java",1,1
"Meera Khanna","Advanced Java",1,1
"Kavya Pandey","Advanced Java",1,1
"Sneha Menon","Advanced Java",1,1
"Ishaan Choudhary","Advanced Java",1,1
"Siddharth Iyer","Advanced Java",1,1
"Varun Jain","Advanced Java",1,1
"Manav Choudhary","Advanced Java",0,1
"Nikhil Rao","Advanced Java",1,1
"Aditya Agarwal","Advanced Java",1,1
"Aarav Sinha","Advanced Java",1,1
"Pooja Das","Advanced Java",1,2
"Meera Kapoor","Advanced Java",2,3
"Harsh Menon","Advanced Java",1,1
"Nikhil Khanna","Advanced Java",1,1
"Rohan Mehta","Advanced Java",0,1
"Nikhil Menon","Advanced Java",1,1
"Arjun Joshi","Advanced Java",2,3
"Priya Kapoor","Advanced Java",1,1
"Ishaan Mehta","Advanced Java",1,1
"Yash Reddy","Advanced Java",1,1
"Ritika Bansal","Advanced Java",1,1
"Vivaan Nair","Advanced Java",1,1
"Aditi Reddy","Advanced Java",1,1
"Sai Verma","Advanced Java",1,1
"Priya Iyer","Advanced Java",1,1
"Rohan Ghosh","Advanced Java",1,2
"Aarav Thakur","Advanced Java",0,1
"Neha Dubey","Advanced Java",1,1
"Yash Ghosh","Advanced Java",1,1
"Neha Mehta","Advanced Java",1,1
"Aarav Khanna","Advanced Java",0,1
"Aarav Menon","Advanced Java",1,1
"Deepak Rao","Advanced Java",1,1
"Yash Sharma","Advanced Java",1,1
"Priya Reddy","Advanced Java",1,1
"Nikhil Iyer","Advanced Java",1,1
"Dev Choudhary","Advanced Java",2,2
"Krishna Menon","Advanced Java",1,1
"Siddharth Thakur","Advanced Java",1,1
"Kavya Kapoor","Advanced Java",1,1
"Rahul Jain","Advanced Java",1,1
"Harsh Rao","Advanced Java",0,1
"Aditya Nair","Advanced Java",1,1
"Yash Iyer","Advanced Java",0,1
"Kavya Sharma","Advanced Java",2,2
"Rohan Reddy","Advanced Java",0,1
"Nikhil Reddy","Advanced Java",1,1
"Priya Das","Advanced Java",1,1
"Sneha Gupta","Advanced Java",1,2
"Krishna Iyer","Advanced Java",1,1
"Pooja Sharma","Advanced Java",0,1
"Pooja Choudhary","Advanced Java",1,1
"Krishna Dubey","Advanced Java",1,1
"Ananya Thakur","Advanced Java",1,1
"Mohit Agarwal","Advanced Java",1,1
"Diya Bansal","Advanced Java",1,1
"Sai Sharma","Advanced Java",0,1
"Ritesh Thakur","Advanced Java",0,1
"Ritika Pandey","Advanced Java",1,1
"Aarav Jain","Advanced Java",1,1
"Aman Dubey","Advanced Java",1,1
"Siddharth Mehta","Automobile Engineering",3,3
"Neha Rao","Automobile Engineering",0,1
"Rohan Menon","Automobile Engineering",1,1
"Aditya Choudhary","Automobile Engineering",1,2
"Pooja Kapoor","Automobile Engineering",1,1
"Kunal Sinha","Automobile Engineering",0,1
"Kunal Reddy","Automobile Engineering",1,1
"Ishaan Rao","Automobile Engineering",1,1
"Manav Das","Automobile Engineering",1,2
"Sai Kapoor","Automobile Engineering",1,1
"Yash Joshi","Automobile Engineering",1,1
"Meera Agarwal","Automobile Engineering",2,2
"Diya Agarwal","Automobile Engineering",0,1
"Ananya Thakur","Automobile Engineering",2,2
"Manav Sinha","Automobile Engineering",1,1
"Siddharth Das","Automobile Engineering",2,2
"Rohan Das","Automobile Engineering",1,1
"Rohan Rao","Automobile Engineering",1,1
"Aditi Dubey","Automobile Engineering",1,1
"Aman Pandey","Automobile Engineering",0,1
"Vivaan Rao","Automobile Engineering",1,2
"Rohan Dubey","Automobile Engineering",1,1
"Ritesh Sinha","Automobile Engineering",1,1
"Mohit Nair","Automobile Engineering",2,2
"Om Thakur","Automobile Engineering",2,2
"Vivaan Dubey","Automobile Engineering",1,1
"Rohan Jain","Automobile Engineering",2,2
"Harsh Sinha","Automobile Engineering",1,2
"Rahul Sharma","Automobile Engineering",1,1
"Diya Gupta","Automobile Engineering",1,1
"Mohit Das","Automobile Engineering",1,1
"Kunal Gupta","Automobile Engineering",1,2
"Dev Dubey","Automobile Engineering",1,1
"Diya Rao","Automobile Engineering",1,1
"Nikhil Agarwal","Automobile Engineering",1,2
"Neha Reddy","Automobile Engineering",1,1
"Varun Agarwal","Automobile Engineering",2,2
"Deepak Reddy","Automobile Engineering",2,2
"Deepak Nair","Automobile Engineering",1,1
"Pooja Gupta","Automobile Engineering",0,1
"Neha Ghosh","Automobile Engineering",0,1
"Aarav Kapoor","Automobile Engineering",1,1
"Krishna Jain","Automobile Engineering",1,1
"Ananya Patel","Automobile Engineering",2,2
"Pooja Mehta","Automobile Engineering",1,1
"Ishaan Menon","Automobile Engineering",1,1
"Kavya Menon","Automobile Engineering",1,1
"Krishna Gupta","Automobile Engineering",2,2
"Neha Choudhary","Automobile Engineering",1,1
"Aarav Mehta","Automobile Engineering",1,1
"Manav Bansal","Automobile Engineering",1,1
"Dev Sinha","Automobile Engineering",0,1
"Sai Verma","Automobile Engineering",1,1
"Rohan Mehta","Automobile Engineering",1,1
"Manav Choudhary","Automobile Engineering",1,1
"Nikhil Menon","Automobile Engineering",1,1
"Varun Das","Automobile Engineering",1,1
"Aditya Kapoor","Automobile Engineering",1,1
"Aditya Bansal","Automobile Engineering",1,1
"Ishaan Gupta","Automobile Engineering",1,1
"Ishaan Joshi","Automobile Engineering",1,1
"Diya Mehta","Automobile Engineering",2,2
"Nikhil Joshi","Automobile Engineering",1,1
"Meera Das","Automobile Engineering",1,1
"Meera Reddy","Automobile Engineering",1,1
"Tanmay Joshi","Automobile Engineering",1,1
"Aman Khanna","Automobile Engineering",2,2
"Dev Verma","Automobile Engineering",2,3
"Varun Thakur","Automobile Engineering",2,2
"Ritika Das","Automobile Engineering",1,1
"Ritika Thakur","Automobile Engineering",1,1
"Vivaan Sinha","Automobile Engineering",1,1
"Ritesh Choudhary","Automobile Engineering",1,1
"Meera Rao","Automobile Engineering",1,1
"Neha Patel","Automobile Engineering",1,1
"Aman Patel","Automobile Engineering",1,1
"Aditi Sharma","Automobile Engineering",1,1
"Meera Menon","Automobile Engineering",1,1
"Harsh Choudhary","Automobile Engineering",1,1
"Kavya Nair","Automobile Engineering",1,1
"Ishaan Sharma","Automobile Engineering",1,1
"Harsh Das","Automobile Engineering",1,1
"Priya Rao","Automobile Engineering",1,1
"Deepak Ghosh","Automobile Engineering",1,1
"Rahul Choudhary","Automobile Engineering",1,2
"Arjun Nair","Automobile Engineering",0,1
"Arjun Agarwal","Automobile Engineering",1,1
"Varun Pandey","Automobile Engineering",1,1
"Dev Thakur","Automobile Engineering",1,1
"Kavya Mehta","Automobile Engineering",2,2
"Nikhil Sharma","Automobile Engineering",1,1
"Deepak Khanna","Automobile Engineering",0,1
"Priya Choudhary","Automobile Engineering",2,2
"Rohan Joshi","Automobile Engineering",0,1
"Ritika Iyer","Automobile Engineering",1,1
"Aarav Das","Automobile Engineering",1,1
"Meera Thakur","Automobile Engineering",1,1
"Rohan Gupta","Automobile Engineering",1,1
"Manav Gupta","Automobile Engineering",1,1
"Neha Jain","Automobile Engineering",1,1
"Aarav Thakur","Automobile Engineering",0,1
"Arjun Bansal","Automobile Engineering",1,1
"Deepak Choudhary","Automobile Engineering",1,1
"Vivaan Agarwal","Automobile Engineering",0,1
"Deepak Pandey","Automobile Engineering",0,1
"Ananya Dubey","Automobile Engineering",0,1
"Ishaan Pandey","Automobile Engineering",1,1
"Siddharth Dubey","Automobile Engineering",1,1
"Ritesh Dubey","Automobile Engineering",1,1
"Krishna Ghosh","Automobile Engineering",0,1
"Nikhil Gupta","Automobile Engineering",2,2
"Ritika Nair","Automobile Engineering",0,1
"Rohan Khanna","Automobile Engineering",1,2
"Kavya Gupta","Automobile Engineering",0,1
"Rohan Patel","Automobile Engineering",2,2
"Dev Patel","Automobile Engineering",1,1
"Sneha Sharma","Automobile Engineering",0,1
"Aditi Nair","Automobile Engineering",0,1
"Deepak Iyer","Automobile Engineering",1,1
"Yash Sinha","Automobile Engineering",1,1
"Sneha Patel","Automobile Engineering",1,1
"Aarav Nair","Automobile Engineering",1,1
"Ishaan Patel","Automobile Engineering",1,1
"Ritika Khanna","Automobile Engineering",1,1
"Aarav Rao","Automobile Engineering",1,1
"Rahul Mehta","Automobile Engineering",1,1
"Nikhil Nair","Automobile Engineering",1,1
"Om Joshi","Automobile Engineering",1,1
"Kavya Reddy","Automobile Engineering",1,1
"Varun Gupta","Automobile Engineering",1,1
"Rahul Jain","Automobile Engineering",0,1
"Rahul Ghosh","Automobile Engineering",0,1
"Diya Dubey","Automobile Engineering",1,1
"Ishaan Thakur","Automobile Engineering",1,1
"Yash Thakur","Automobile Engineering",1,1
"Aditi Rao","Automobile Engineering",0,1
"Aman Reddy","Automobile Engineering",1,1
"Meera Verma","Human Computer Interaction",1,1
"Rohan Menon","Human Computer Interaction",1,1
"Vivaan Sinha","Human Computer Interaction",1,2
"Kunal Khanna","Human Computer Interaction",1,1
"Pooja Sharma","Human Computer Interaction",1,1
"Dev Agarwal","Human Computer Interaction",1,1
"Manav Nair","Human Computer Interaction",1,1
"Harsh Patel","Human Computer Interaction",2,2
"Harsh Nair","Human Computer Interaction",2,2
"Manav Pandey","Human Computer Interaction",2,2
"Aditi Iyer","Human Computer Interaction",2,2
"Ritesh Verma","Human Computer Interaction",0,1
"Varun Mehta","Human Computer Interaction",1,1
"Tanmay Sharma","Human Computer Interaction",1,1
"Pooja Gupta","Human Computer Interaction",1,2
"Rahul Nair","Human Computer Interaction",1,1
"Dev Ghosh","Human Computer Interaction",1,1
"Aman Sinha","Human Computer Interaction",0,1
"Meera Das","Human Computer Interaction",2,2
"Sneha Patel","Human Computer Interaction",0,1
"Harsh Sinha","Human Computer Interaction",2,2
"Aman Sharma","Human Computer Interaction",1,1
"Vivaan Nair","Human Computer Interaction",1,1
"Neha Menon","Human Computer Interaction",1,1
"Ananya Verma","Human Computer Interaction",1,1
"Priya Reddy","Human Computer Interaction",1,1
"Manav Rao","Human Computer Interaction",1,1
"Neha Joshi","Human Computer Interaction",1,1
"Sneha Jain","Human Computer Interaction",0,1
"Yash Iyer","Human Computer Interaction",1,1
"Neha Gupta","Human Computer Interaction",1,1
"Aman Reddy","Human Computer Interaction",1,1
"Krishna Joshi","Human Computer Interaction",1,2
"Aditya Menon","Human Computer Interaction",1,2
"Aarav Khanna","Human Computer Interaction",1,2
"Aditya Dubey","Human Computer Interaction",1,1
"Nikhil Khanna","Human Computer Interaction",1,1
"Sneha Reddy","Human Computer Interaction",1,2
"Kavya Sinha","Human Computer Interaction",2,2
"Krishna Dubey","Human Computer Interaction",0,1
"Priya Jain","Human Computer Interaction",0,2
"Arjun Jain","Human Computer Interaction",1,1
"Priya Kapoor","Human Computer Interaction",0,1
"Mohit Agarwal","Human Computer Interaction",2,2
"Arjun Reddy","Human Computer Interaction",1,1
"Rohan Sharma","Human Computer Interaction",1,2
"Aman Agarwal","Human Computer Interaction",1,1
"Om Agarwal","Human Computer Interaction",0,1
"Aditi Sinha","Human Computer Interaction",0,1
"Meera Pandey","Human Computer Interaction",1,1
"Siddharth Sinha","Human Computer Interaction",1,1
"Kavya Kapoor","Human Computer Interaction",1,1
"Aarav Dubey","Human Computer Interaction",1,1
"Aman Dubey","Human Computer Interaction",1,1
"Siddharth Gupta","Human Computer Interaction",1,1
"Sneha Das","Human Computer Interaction",2,2
"Nikhil Reddy","Human Computer Interaction",1,1
"Pooja Reddy","Human Computer Interaction",0,1
"Rohan Rao","Human Computer Interaction",1,2
"Tanmay Rao","Human Computer Interaction",2,2
"Neha Nair","Human Computer Interaction",1,1
"Ritesh Iyer","Human Computer Interaction",1,1
"Sneha Mehta","Human Computer Interaction",1,1
"Pooja Bansal","Human Computer Interaction",1,1
"Pooja Joshi","Human Computer Interaction",1,1
"Ritika Menon","Human Computer Interaction",1,1
"Meera Ghosh","Human Computer Interaction",1,1
"Dev Mehta","Human Computer Interaction",1,1
"Dev Joshi","Human Computer Interaction",1,1
"Rohan Dubey","Human Computer Interaction",1,1
"Siddharth Verma","Human Computer Interaction",1,1
"Sai Ghosh","Human Computer Interaction",1,1
"Ritika Jain","Human Computer Interaction",1,1
"Rahul Gupta","Human Computer Interaction",1,1
"Aman Mehta","Human Computer Interaction",1,2
"Diya Thakur","Human Computer Interaction",2,2
"Siddharth Pandey","Human Computer Interaction",1,1
"Aditi Menon","Human Computer Interaction",1,1
"Aarav Rao","Human Computer Interaction",1,1
"Rohan Bansal","Human Computer Interaction",1,1
"Ritesh Choudhary","Human Computer Interaction",1,1
"Sneha Verma","Human Computer Interaction",1,1
"Siddharth Rao","Human Computer Interaction",2,2
"Dev Nair","Human Computer Interaction",2,3
"Varun Joshi","Human Computer Interaction",1,1
"Ritika Khanna","Human Computer Interaction",1,1
"Tanmay Verma","Human Computer Interaction",1,1
"Yash Rao","Human Computer Interaction",2,2
"Siddharth Mehta","Human Computer Interaction",2,2
"Kunal Joshi","Human Computer Interaction",1,1
"Rahul Agarwal","Human Computer Interaction",1,1
"Ishaan Jain","Human Computer Interaction",1,1
"Meera Choudhary","Human Computer Interaction",1,1
"Kunal Reddy","Human Computer Interaction",1,1
"Om Nair","Human Computer Interaction",1,1
"Meera Agarwal","Human Computer Interaction",1,1
"Varun Bansal","Human Computer Interaction",1,1
"Diya Patel","Human Computer Interaction",2,2
"Sneha Sinha","Human Computer Interaction",1,1
"Kavya Thakur","Human Computer Interaction",1,1
"Siddharth Dubey","Human Computer Interaction",1,1
"Diya Kapoor","Human Computer Interaction",0,1
"Nikhil Pandey","Human Computer Interaction",0,1
"Om Khanna","Human Computer Interaction",1,1
"Tanmay Das","Human Computer Interaction",0,1
"Vivaan Thakur","Human Computer Interaction",2,2
"Aditya Verma","Human Computer Interaction",1,1
"Vivaan Iyer","Human Computer Interaction",0,1
"Aditi Patel","Human Computer Interaction",0,1
"Harsh Joshi","Human Computer Interaction",1,1
"Deepak Menon","Human Computer Interaction",1,1
"Harsh Verma","Human Computer Interaction",1,1
"Sai Nair","Human Computer Interaction",0,1
"Sneha Joshi","Human Computer Interaction",1,1
"Rohan Iyer","Human Computer Interaction",1,1
"Arjun Rao","Human Computer Interaction",1,1
"Yash Agarwal","Human Computer Interaction",1,1
"Kunal Choudhary","Human Computer Interaction",1,1
"Yash Choudhary","Human Computer Interaction",1,1
"Aman Das","Human Computer Interaction",0,1
"Aditya Jain","Human Computer Interaction",1,1
"Ritika Choudhary","Human Computer Interaction",1,1
"Aditi Ghosh","Human Computer Interaction",1,1
"Aman Menon","Human Computer Interaction",0,1
"Ritesh Choudhary","Energy Management",1,1
"Om Sinha","Energy Management",1,1
"Rahul Verma","Energy Management",1,1
"Aditi Rao","Energy Management",1,1
"Rohan Jain","Energy Management",2,3
"Dev Menon","Energy Management",1,2
"Ritika Reddy","Energy Management",1,1
"Krishna Agarwal","Energy Management",1,1
"Meera Bansal","Energy Management",2,3
"Om Rao","Energy Management",1,1
"Aarav Rao","Energy Management",2,2
"Aditi Dubey","Energy Management",1,1
"Manav Pandey","Energy Management",1,1
"Rahul Agarwal","Energy Management",2,2
"Aditi Bansal","Energy Management",1,1
"Sai Iyer","Energy Management",2,2
"Tanmay Rao","Energy Management",1,1
"Sneha Pandey","Energy Management",1,1
"Aditi Jain","Energy Management",1,1
"Deepak Das","Energy Management",4,4
"Ishaan Thakur","Energy Management",1,1
"Aditya Jain","Energy Management",0,1
"Varun Menon","Energy Management",1,1
"Rohan Agarwal","Energy Management",1,1
"Aditya Verma","Energy Management",1,1
"Ritesh Ghosh","Energy Management",1,1
"Vivaan Agarwal","Energy Management",1,1
"Siddharth Patel","Energy Management",2,2
"Arjun Ghosh","Energy Management",1,2
"Ananya Ghosh","Energy Management",1,1
"Dev Dubey","Energy Management",0,1
"Ritika Verma","Energy Management",1,1
"Krishna Reddy","Energy Management",0,1
"Rahul Das","Energy Management",1,1
"Aditi Mehta","Energy Management",1,1
"Neha Das","Energy Management",1,1
"Yash Choudhary","Energy Management",0,1
"Siddharth Mehta","Energy Management",1,1
"Kavya Patel","Energy Management",1,1
"Aarav Dubey","Energy Management",0,1
"Aditi Khanna","Energy Management",1,1
"Varun Mehta","Energy Management",1,1
"Vivaan Thakur","Energy Management",0,1
"Ananya Sharma","Energy Management",1,2
"Manav Khanna","Energy Management",1,1
"Pooja Ghosh","Energy Management",1,1
"Vivaan Kapoor","Energy Management",1,1
"Nikhil Patel","Energy Management",2,2
"Tanmay Ghosh","Energy Management",0,1
"Rahul Pandey","Energy Management",1,1
"Aditi Pandey","Energy Management",1,1
"Yash Pandey","Energy Management",1,1
"Mohit Jain","Energy Management",1,1
"Krishna Gupta","Energy Management",0,1
"Siddharth Agarwal","Energy Management",1,1
"Manav Mehta","Energy Management",1,1
"Aditya Choudhary","Energy Management",1,1
"Priya Iyer","Energy Management",1,1
"Ishaan Iyer","Energy Management",1,1
"Varun Patel","Energy Management",1,1
"Krishna Patel","Energy Management",1,1
"Sai Kapoor","Energy Management",1,1
"Yash Reddy","Energy Management",1,1
"Aarav Bansal","Energy Management",1,1
"Aditi Gupta","Energy Management",1,2
"Arjun Agarwal","Energy Management",2,2
"Tanmay Menon","Energy Management",2,2
"Om Dubey","Energy Management",1,1
"Pooja Menon","Energy Management",1,1
"Aditya Pandey","Energy Management",1,1
"Ishaan Agarwal","Energy Management",1,1
"Tanmay Sinha","Energy Management",1,1
"Mohit Nair","Energy Management",0,1
"Om Verma","Energy Management",1,1
"Kunal Bansal","Energy Management",1,1
"Diya Dubey","Energy Management",0,1
"Aditya Agarwal","Energy Management",0,1
"Ritesh Bansal","Energy Management",1,1
"Varun Sharma","Energy Management",1,1
"Yash Thakur","Energy Management",1,1
"Aditya Nair","Energy Management",0,1
"Harsh Ghosh","Energy Management",1,1
"Aman Jain","Energy Management",1,1
"Varun Verma","Energy Management",1,1
"Nikhil Das","Energy Management",1,1
"Ishaan Choudhary","Energy Management",1,1
"Aman Kapoor","Energy Management",1,1
"Yash Agarwal","Energy Management",1,2
"Sneha Iyer","Energy Management",1,1
"Neha Rao","Energy Management",1,1
"Tanmay Patel","Energy Management",2,2
"Ananya Verma","Energy Management",1,1
"Priya Patel","Energy Management",1,1
"Varun Jain","Energy Management",0,1
"Kunal Dubey","Energy Management",1,1
"Aman Gupta","Energy Management",1,1
"Aditi Nair","Energy Management",0,1
"Aditya Thakur","Energy Management",1,1
"Sai Patel","Energy Management",1,1
"Mohit Khanna","Energy Management",1,1
"Varun Kapoor","Energy Management",2,2
"Deepak Pandey","Energy Management",1,1
"Ananya Mehta","Energy Management",0,1
"Aditya Joshi","Energy Management",0,1
"Kavya Nair","Energy Management",1,1
"Aditya Iyer","Energy Management",1,1
"Yash Gupta","Energy Management",1,1
"Om Ghosh","Energy Management",1,1
"Om Mehta","Energy Management",1,1
"Sai Choudhary","Energy Management",1,1
"Meera Rao","Energy Management",1,1
"Aditi Verma","Energy Management",0,1
"Aarav Choudhary","Energy Management",1,1
"Priya Nair","Energy Management",1,1
"Neha Sinha","Energy Management",1,1
"Vivaan Nair","Energy Management",2,2
"Neha Pandey","Energy Management",1,1
"Aditya Patel","Energy Management",1,1
"Aarav Dubey","RF Engineering",2,2
"Nikhil Agarwal","RF Engineering",1,1
"Kunal Das","RF Engineering",1,1
"Aditi Nair","RF Engineering",2,2
"Aarav Sinha","RF Engineering",1,1
"Deepak Reddy","RF Engineering",0,1
"Krishna Pandey","RF Engineering",1,1
"Mohit Dubey","RF Engineering",1,1
"Aman Pandey","RF Engineering",0,1
"Mohit Jain","RF Engineering",1,1
"Ananya Reddy","RF Engineering",2,2
"Aarav Patel","RF Engineering",1,1
"Sneha Thakur","RF Engineering",0,1
"Arjun Nair","RF Engineering",2,2
"Meera Mehta","RF Engineering",1,1
"Dev Reddy","RF Engineering",0,1
"Sai Dubey","RF Engineering",1,1
"Vivaan Rao","RF Engineering",0,1
"Aditi Ghosh","RF Engineering",1,1
"Manav Joshi","RF Engineering",1,2
"Deepak Choudhary","RF Engineering",1,1
"Arjun Ghosh","RF Engineering",1,1
"Deepak Iyer","RF Engineering",1,1
"Mohit Agarwal","RF Engineering",2,2
"Siddharth Kapoor","RF Engineering",1,1
"Dev Thakur","RF Engineering",2,3
"Yash Mehta","RF Engineering",1,1
"Aditi Thakur","RF Engineering",0,1
"Tanmay Iyer","RF Engineering",0,1
"Vivaan Thakur","RF Engineering",1,1
"Aditya Patel","RF Engineering",1,1
"Ishaan Patel","RF Engineering",1,1
"Siddharth Sinha","RF Engineering",1,1
"Ritesh Das","RF Engineering",2,3
"Krishna Bansal","RF Engineering",1,1
"Deepak Khanna","RF Engineering",1,1
"Diya Ghosh","RF Engineering",1,1
"Arjun Sinha","RF Engineering",1,1
"Ritesh Iyer","RF Engineering",0,1
"Ritesh Rao","RF Engineering",1,1
"Krishna Das","RF Engineering",1,1
"Sai Jain","RF Engineering",1,1
"Vivaan Reddy","RF Engineering",1,1
"Rohan Sharma","RF Engineering",1,1
"Manav Bansal","RF Engineering",1,1
"Rohan Nair","RF Engineering",1,1
"Krishna Kapoor","RF Engineering",0,1
"Aditya Sharma","RF Engineering",1,1
"Ishaan Iyer","RF Engineering",1,1
"Priya Bansal","RF Engineering",1,2
"Ritesh Jain","RF Engineering",1,1
"Nikhil Menon","RF Engineering",1,1
"Deepak Dubey","RF Engineering",1,1
"Ritesh Ghosh","RF Engineering",1,1
"Rahul Thakur","RF Engineering",1,1
"Sneha Choudhary","RF Engineering",1,1
"Harsh Bansal","RF Engineering",2,2
"Kunal Sharma","RF Engineering",1,1
"Sai Sinha","RF Engineering",1,1
"Kavya Ghosh","RF Engineering",2,2
"Nikhil Rao","RF Engineering",1,1
"Kavya Nair","RF Engineering",1,1
"Ananya Patel","RF Engineering",1,1
"Ishaan Bansal","RF Engineering",1,1
"Kunal Pandey","RF Engineering",1,1
"Aarav Mehta","RF Engineering",1,1
"Rohan Dubey","RF Engineering",2,2
"Vivaan Mehta","RF Engineering",1,1
"Deepak Sinha","RF Engineering",1,1
"Kunal Agarwal","RF Engineering",1,1
"Priya Khanna","RF Engineering",1,1
"Siddharth Khanna","RF Engineering",1,1
"Manav Sharma","RF Engineering",1,1
"Sneha Gupta","RF Engineering",1,1
"Pooja Khanna","RF Engineering",1,1
"Sai Sharma","RF Engineering",1,1
"Mohit Khanna","RF Engineering",1,1
"Varun Patel","RF Engineering",1,1
"Ritesh Choudhary","RF Engineering",1,1
"Siddharth Joshi","RF Engineering",1,1
"Tanmay Ghosh","RF Engineering",1,1
"Priya Pandey","RF Engineering",1,1
"Deepak Rao","RF Engineering",1,2
"Aditi Menon","RF Engineering",1,1
"Ritesh Dubey","RF Engineering",1,1
"Rohan Agarwal","RF Engineering",1,1
"Neha Sinha","RF Engineering",2,2
"Sneha Sharma","RF Engineering",0,1
"Ritika Reddy","RF Engineering",2,2
"Aman Patel","RF Engineering",1,1
"Ananya Kapoor","RF Engineering",1,1
"Om Sinha","RF Engineering",2,2
"Ananya Ghosh","RF Engineering",0,1
"Aditya Khanna","RF Engineering",2,2
"Ishaan Mehta","RF Engineering",1,1
"Ritesh Patel","RF Engineering",1,1
"Om Agarwal","RF Engineering",0,1
"Aman Mehta","RF Engineering",2,2
"Aditya Choudhary","RF Engineering",1,2
"Aditya Gupta","RF Engineering",1,1
"Ishaan Joshi","RF Engineering",1,1
"Aditya Jain","RF Engineering",1,1
"Kavya Bansal","RF Engineering",1,1
"Pooja Dubey","RF Engineering",1,1
"Yash Dubey","RF Engineering",1,1
"Yash Reddy","RF Engineering",0,1
"Sai Joshi","RF Engineering",1,1
"Neha Gupta","RF Engineering",1,1
"Siddharth Bansal","RF Engineering",1,3
"Sneha Verma","RF Engineering",1,1
"Yash Sinha","RF Engineering",1,1
"Arjun Choudhary","RF Engineering",0,1
"Siddharth Nair","RF Engineering",0,1
"Meera Gupta","RF Engineering",1,1
"Sai Das","RF Engineering",1,1
"Ananya Joshi","RF Engineering",1,1
"Mohit Choudhary","RF Engineering",1,1
"Om Mehta","RF Engineering",1,1
"Om Verma","RF Engineering",0,1
"Kunal Reddy","RF Engineering",2,2
"Priya Verma","RF Engineering",0,1
"Ritika Sharma","RF Engineering",1,1
"Aman Jain","RF Engineering",1,1
"Dev Pandey","RF Engineering",1,1
"Kunal Dubey","RF Engineering",1,1
"Aditya Rao","RF Engineering",1,1
"Tanmay Nair","RF Engineering",1,1
"Aditi Gupta","RF Engineering",1,1
"Ananya Bansal","RF Engineering",1,1
"Aman Sharma","RF Engineering",1,1
"Sai Nair","RF Engineering",1,1
"Kavya Menon","RF Engineering",1,1
"Rahul Mehta","RF Engineering",1,1
"Priya Das","RF Engineering",0,1
"Aarav Reddy","RF Engineering",1,1
"Aditya Reddy","RF Engineering",1,1
"Nikhil Iyer","RF Engineering",1,1
"Kavya Pandey","Big Data Analytics",2,2
"Dev Patel","Big Data Analytics",1,2
"Rahul Ghosh","Big Data Analytics",0,2
"Aarav Das","Big Data Analytics",1,2
"Ritika Menon","Big Data Analytics",1,1
"Manav Rao","Big Data Analytics",2,2
"Aditya Verma","Big Data Analytics",1,1
"Kunal Menon","Big Data Analytics",2,2
"Siddharth Khanna","Big Data Analytics",0,1
"Neha Gupta","Big Data Analytics",2,2
"Kunal Agarwal","Big Data Analytics",1,1
"Nikhil Sharma","Big Data Analytics",1,1
"Aman Nair","Big Data Analytics",2,3
"Nikhil Mehta","Big Data Analytics",0,1
"Aditya Nair","Big Data Analytics",1,1
"Rohan Kapoor","Big Data Analytics",1,1
"Nikhil Agarwal","Big Data Analytics",1,1
"Siddharth Thakur","Big Data Analytics",1,1
"Dev Joshi","Big Data Analytics",1,1
"Harsh Iyer","Big Data Analytics",1,1
"Aarav Khanna","Big Data Analytics",2,2
"Aarav Gupta","Big Data Analytics",1,1
"Nikhil Ghosh","Big Data Analytics",1,1
"Tanmay Khanna","Big Data Analytics",1,1
"Priya Pandey","Big Data Analytics",1,1
"Yash Pandey","Big Data Analytics",1,1
"Aditya Rao","Big Data Analytics",1,1
"Krishna Jain","Big Data Analytics",2,3
"Tanmay Ghosh","Big Data Analytics",2,2
"Ananya Rao","Big Data Analytics",0,1
"Rahul Mehta","Big Data Analytics",1,1
"Diya Mehta","Big Data Analytics",1,1
"Diya Khanna","Big Data Analytics",0,1
"Priya Das","Big Data Analytics",1,1
"Siddharth Sinha","Big Data Analytics",1,1
"Neha Thakur","Big Data Analytics",0,1
"Ritesh Choudhary","Big Data Analytics",1,1
"Manav Choudhary","Big Data Analytics",1,2
"Aman Ghosh","Big Data Analytics",2,2
"Krishna Khanna","Big Data Analytics",2,2
"Ritesh Pandey","Big Data Analytics",2,2
"Priya Kapoor","Big Data Analytics",1,2
"Om Ghosh","Big Data Analytics",1,1
"Sai Sharma","Big Data Analytics",1,1
"Kavya Sharma","Big Data Analytics",0,1
"Ishaan Khanna","Big Data Analytics",1,1
"Krishna Dubey","Big Data Analytics",1,1
"Aman Thakur","Big Data Analytics",1,1
"Priya Agarwal","Big Data Analytics",2,2
"Neha Choudhary","Big Data Analytics",1,1
"Rahul Choudhary","Big Data Analytics",1,1
"Sneha Gupta","Big Data Analytics",1,1
"Sneha Verma","Big Data Analytics",1,1
"Om Dubey","Big Data Analytics",1,1
"Mohit Nair","Big Data Analytics",1,1
"Kunal Rao","Big Data Analytics",1,1
"Varun Agarwal","Big Data Analytics",1,1
"Aarav Dubey","Big Data Analytics",0,1
"Aditya Mehta","Big Data Analytics",2,2
"Mohit Mehta","Big Data Analytics",1,1
"Arjun Thakur","Big Data Analytics",1,1
"Aman Sharma","Big Data Analytics",0,1
"Neha Joshi","Big Data Analytics",1,1
"Pooja Joshi","Big Data Analytics",1,1
"Rohan Joshi","Big Data Analytics",1,1
"Sai Mehta","Big Data Analytics",1,1
"Manav Jain","Big Data Analytics",1,1
"Aditya Kapoor","Big Data Analytics",0,1
"Ritesh Khanna","Big Data Analytics",1,1
"Neha Pandey","Big Data Analytics",0,1
"Vivaan Choudhary","Big Data Analytics",0,1
"Krishna Joshi","Big Data Analytics",1,1
"Vivaan Sinha","Big Data Analytics",1,1
"Diya Bansal","Big Data Analytics",1,1
"Harsh Choudhary","Big Data Analytics",2,2
"Aditya Iyer","Big Data Analytics",2,2
"Ananya Dubey","Big Data Analytics",0,1
"Ananya Gupta","Big Data Analytics",1,1
"Aditya Gupta","Big Data Analytics",1,1
"Varun Patel","Big Data Analytics",0,1
"Sneha Mehta","Big Data Analytics",1,1
"Sai Ghosh","Big Data Analytics",2,2
"Ananya Pandey","Big Data Analytics",2,2
"Krishna Reddy","Big Data Analytics",1,1
"Diya Kapoor","Big Data Analytics",1,1
"Manav Reddy","Big Data Analytics",1,1
"Harsh Bansal","Big Data Analytics",1,1
"Pooja Khanna","Big Data Analytics",1,1
"Sai Kapoor","Big Data Analytics",1,1
"Vivaan Sharma","Big Data Analytics",0,1
"Yash Agarwal","Big Data Analytics",1,1
"Siddharth Gupta","Big Data Analytics",1,1
"Harsh Thakur","Big Data Analytics",0,1
"Sneha Thakur","Big Data Analytics",0,1
"Varun Bansal","Big Data Analytics",0,1
"Aman Sinha","Big Data Analytics",1,2
"Ishaan Thakur","Big Data Analytics",0,1
"Siddharth Dubey","Big Data Analytics",1,1
"Vivaan Reddy","Big Data Analytics",0,1
"Arjun Joshi","Big Data Analytics",1,1
"Deepak Sinha","Big Data Analytics",1,1
"Kavya Choudhary","Big Data Analytics",1,1
"Deepak Agarwal","Big Data Analytics",1,1
"Om Sharma","Big Data Analytics",1,1
"Nikhil Nair","Big Data Analytics",1,1
"Sai Nair","Big Data Analytics",1,1
"Ritika Khanna","Big Data Analytics",1,1
"Aditya Sharma","Big Data Analytics",1,1
"Ritesh Iyer","Big Data Analytics",1,1
"Nikhil Choudhary","Big Data Analytics",1,1
"Aditya Khanna","Big Data Analytics",1,1
"Meera Bansal","Big Data Analytics",0,1
"Neha Menon","Big Data Analytics",1,1
"Rohan Patel","Big Data Analytics",1,1
"Meera Gupta","Recommendation Systems",1,2
"Meera Dubey","Recommendation Systems",0,1
"Mohit Kapoor","Recommendation Systems",1,1
"Kunal Choudhary","Recommendation Systems",1,1
"Mohit Menon","Recommendation Systems",1,2
"Nikhil Thakur","Recommendation Systems",1,1
"Yash Nair","Recommendation Systems",1,1
"Ishaan Bansal","Recommendation Systems",1,2
"Sneha Khanna","Recommendation Systems",2,2
"Ananya Kapoor","Recommendation Systems",1,1
"Pooja Dubey","Recommendation Systems",1,1
"Aditi Das","Recommendation Systems",1,1
"Dev Pandey","Recommendation Systems",1,1
"Nikhil Das","Recommendation Systems",1,1
"Pooja Jain","Recommendation Systems",1,1
"Siddharth Ghosh","Recommendation Systems",0,1
"Dev Nair","Recommendation Systems",1,1
"Rahul Gupta","Recommendation Systems",0,1
"Kavya Jain","Recommendation Systems",1,1
"Ritika Choudhary","Recommendation Systems",1,1
"Arjun Bansal","Recommendation Systems",1,1
"Yash Sharma","Recommendation Systems",2,3
"Kunal Verma","Recommendation Systems",1,1
"Priya Dubey","Recommendation Systems",1,1
"Harsh Pandey","Recommendation Systems",1,1
"Vivaan Thakur","Recommendation Systems",0,1
"Yash Mehta","Recommendation Systems",1,1
"Sai Ghosh","Recommendation Systems",1,1
"Om Thakur","Recommendation Systems",1,1
"Aditya Rao","Recommendation Systems",2,2
"Pooja Verma","Recommendation Systems",1,1
"Tanmay Gupta","Recommendation Systems",1,2
"Kunal Gupta","Recommendation Systems",1,1
"Rohan Gupta","Recommendation Systems",1,1
"Sneha Bansal","Recommendation Systems",1,1
"Ananya Iyer","Recommendation Systems",2,2
"Manav Rao","Recommendation Systems",1,1
"Rahul Ghosh","Recommendation Systems",1,1
"Sneha Patel","Recommendation Systems",1,1
"Rohan Dubey","Recommendation Systems",2,2
"Ishaan Menon","Recommendation Systems",1,1
"Sneha Verma","Recommendation Systems",0,1
"Krishna Ghosh","Recommendation Systems",1,1
"Aditya Verma","Recommendation Systems",0,1
"Neha Gupta","Recommendation Systems",1,1
"Aditi Ghosh","Recommendation Systems",1,1
"Varun Iyer","Recommendation Systems",2,2
"Neha Rao","Recommendation Systems",1,1
"Manav Iyer","Recommendation Systems",1,1
"Manav Dubey","Recommendation Systems",2,2
"Sai Reddy","Recommendation Systems",1,1
"Diya Choudhary","Recommendation Systems",1,1
"Kunal Iyer","Recommendation Systems",1,1
"Harsh Dubey","Recommendation Systems",0,1
"Priya Kapoor","Recommendation Systems",1,1
"Om Patel","Recommendation Systems",1,1
"Priya Choudhary","Recommendation Systems",1,1
"Nikhil Sinha","Recommendation Systems",1,1
"Aarav Choudhary","Recommendation Systems",1,1
"Om Bansal","Recommendation Systems",1,1
"Sneha Gupta","Recommendation Systems",1,1
"Ritika Bansal","Recommendation Systems",1,2
"Harsh Nair","Recommendation Systems",1,1
"Arjun Sharma","Recommendation Systems",0,1
"Aditya Nair","Recommendation Systems",1,1
"Kavya Thakur","Recommendation Systems",1,1
"Dev Jain","Recommendation Systems",1,1
"Neha Khanna","Recommendation Systems",1,1
"Dev Das","Recommendation Systems",1,1
"Ritika Jain","Recommendation Systems",1,1
"Neha Choudhary","Recommendation Systems",2,2
"Yash Kapoor","Recommendation Systems",0,1
"Ritika Ghosh","Recommendation Systems",0,1
"Varun Gupta","Recommendation Systems",0,1
"Aditi Patel","Recommendation Systems",1,1
"Nikhil Reddy","Recommendation Systems",0,1
"Aman Reddy","Recommendation Systems",1,1
"Rohan Sinha","Recommendation Systems",1,1
"Neha Ghosh","Recommendation Systems",1,1
"Vivaan Choudhary","Recommendation Systems",2,2
"Neha Agarwal","Recommendation Systems",0,1
"Siddharth Sinha","Recommendation Systems",1,1
"Aarav Sharma","Recommendation Systems",1,1
"Kavya Joshi","Recommendation Systems",1,1
"Mohit Sinha","Recommendation Systems",1,1
"Yash Reddy","Recommendation Systems",1,1
"Kavya Nair","Recommendation Systems",1,1
"Meera Nair","Recommendation Systems",1,1
"Priya Sinha","Recommendation Systems",1,1
"Mohit Rao","Recommendation Systems",1,1
"Pooja Sharma","Recommendation Systems",0,1
"Rohan Pandey","Recommendation Systems",1,1
"Pooja Rao","Recommendation Systems",1,1
"Dev Menon","Recommendation Systems",1,1
"Nikhil Patel","Recommendation Systems",1,1
"Ritika Kapoor","Recommendation Systems",1,1
"Rohan Ghosh","Recommendation Systems",1,2
"Sneha Reddy","Recommendation Systems",1,1
"Siddharth Bansal","Recommendation Systems",1,1
"Neha Bansal","Recommendation Systems",1,1
"Krishna Reddy","Recommendation Systems",1,1
"Ritika Joshi","Recommendation Systems",0,1
"Aman Agarwal","Recommendation Systems",0,1
"Aarav Ghosh","Recommendation Systems",1,1
"Pooja Das","Recommendation Systems",2,2
"Diya Das","Recommendation Systems",1,1
"Aman Jain","Recommendation Systems",0,1
"Krishna Dubey","Recommendation Systems",1,1
"Om Ghosh","Recommendation Systems",1,1
"Om Iyer","Recommendation Systems",1,1
"Om Das","Recommendation Systems",1,1
"Kunal Dubey","Recommendation Systems",1,1
"Rohan Jain","Recommendation Systems",1,1
"Siddharth Khanna","Recommendation Systems",1,1
"Aditya Kapoor","Recommendation Systems",1,1
"Nikhil Nair","Recommendation Systems",0,1
"Yash Thakur","Recommendation Systems",0,1
"Sneha Joshi","Recommendation Systems",0,1
"Manav Ghosh","Recommendation Systems",1,1
"Harsh Iyer","Recommendation Systems",1,1
"Kavya Choudhary","Recommendation Systems",1,1
"Rahul Verma","Recommendation Systems",0,1
"Rohan Agarwal","Recommendation Systems",0,1
"Kunal Joshi","Recommendation Systems",1,1
"Aman Pandey","Recommendation Systems",1,1
"Kavya Sharma","Recommendation Systems",0,1
"Tanmay Reddy","Recommendation Systems",1,1
"Priya Jain","Recommendation Systems",1,1
"Ishaan Rao","Refrigeration and AC",1,1
"Ananya Kapoor","Refrigeration and AC",0,1
"Ananya Gupta","Refrigeration and AC",1,1
"Siddharth Reddy","Refrigeration and AC",2,2
"Aditi Pandey","Refrigeration and AC",1,1
"Tanmay Choudhary","Refrigeration and AC",1,1
"Kavya Sharma","Refrigeration and AC",2,3
"Diya Sinha","Refrigeration and AC",1,1
"Ritesh Sinha","Refrigeration and AC",1,1
"Aman Dubey","Refrigeration and AC",1,1
"Pooja Rao","Refrigeration and AC",1,1
"Kunal Das","Refrigeration and AC",1,1
"Sai Agarwal","Refrigeration and AC",2,2
"Siddharth Verma","Refrigeration and AC",2,2
"Krishna Patel","Refrigeration and AC",1,1
"Tanmay Rao","Refrigeration and AC",1,2
"Kavya Dubey","Refrigeration and AC",1,1
"Diya Sharma","Refrigeration and AC",1,1
"Arjun Thakur","Refrigeration and AC",1,1
"Sai Thakur","Refrigeration and AC",0,1
"Aditya Ghosh","Refrigeration and AC",1,1
"Ritika Sharma","Refrigeration and AC",0,1
"Neha Sinha","Refrigeration and AC",2,2
"Rohan Choudhary","Refrigeration and AC",2,2
"Siddharth Sinha","Refrigeration and AC",1,1
"Pooja Kapoor","Refrigeration and AC",1,1
"Ritesh Agarwal","Refrigeration and AC",1,1
"Varun Choudhary","Refrigeration and AC",0,1
"Ritika Das","Refrigeration and AC",1,1
"Yash Sharma","Refrigeration and AC",1,1
"Nikhil Joshi","Refrigeration and AC",1,1
"Rahul Gupta","Refrigeration and AC",0,1
"Sai Gupta","Refrigeration and AC",1,1
"Ritika Mehta","Refrigeration and AC",0,1
"Aditi Thakur","Refrigeration and AC",1,1
"Tanmay Thakur","Refrigeration and AC",1,1
"Neha Sharma","Refrigeration and AC",1,2
"Arjun Menon","Refrigeration and AC",1,1
"Aditi Dubey","Refrigeration and AC",1,1
"Pooja Choudhary","Refrigeration and AC",1,1
"Rahul Pandey","Refrigeration and AC",2,2
"Mohit Reddy","Refrigeration and AC",2,2
"Kunal Dubey","Refrigeration and AC",2,2
"Rohan Jain","Refrigeration and AC",1,1
"Sai Verma","Refrigeration and AC",1,1
"Kavya Mehta","Refrigeration and AC",1,3
"Ritika Choudhary","Refrigeration and AC",1,2
"Siddharth Joshi","Refrigeration and AC",1,1
"Deepak Iyer","Refrigeration and AC",2,2
"Sai Iyer","Refrigeration and AC",0,1
"Kunal Jain","Refrigeration and AC",2,2
"Dev Reddy","Refrigeration and AC",2,2
"Dev Gupta","Refrigeration and AC",3,3
"Varun Jain","Refrigeration and AC",1,1
"Neha Joshi","Refrigeration and AC",1,1
"Neha Menon","Refrigeration and AC",1,1
"Neha Verma","Refrigeration and AC",2,2
"Om Thakur","Refrigeration and AC",1,1
"Ananya Patel","Refrigeration and AC",0,1
"Aman Pandey","Refrigeration and AC",1,1
"Ritika Verma","Refrigeration and AC",1,1
"Meera Reddy","Refrigeration and AC",1,1
"Nikhil Mehta","Refrigeration and AC",1,1
"Meera Gupta","Refrigeration and AC",0,1
"Ritika Nair","Refrigeration and AC",1,1
"Ishaan Mehta","Refrigeration and AC",2,2
"Arjun Choudhary","Refrigeration and AC",1,1
"Arjun Bansal","Refrigeration and AC",1,1
"Kunal Sinha","Refrigeration and AC",2,2
"Rohan Patel","Refrigeration and AC",1,1
"Siddharth Menon","Refrigeration and AC",1,1
"Ananya Verma","Refrigeration and AC",1,1
"Priya Agarwal","Refrigeration and AC",0,1
"Harsh Sinha","Refrigeration and AC",1,1
"Kavya Jain","Refrigeration and AC",1,1
"Vivaan Thakur","Refrigeration and AC",1,1
"Kunal Gupta","Refrigeration and AC",1,1
"Manav Thakur","Refrigeration and AC",0,1
"Deepak Thakur","Refrigeration and AC",1,1
"Yash Bansal","Refrigeration and AC",0,1
"Neha Agarwal","Refrigeration and AC",1,1
"Vivaan Joshi","Refrigeration and AC",1,1
"Varun Menon","Refrigeration and AC",2,2
"Kunal Joshi","Refrigeration and AC",2,2
"Ritika Thakur","Refrigeration and AC",1,1
"Priya Iyer","Refrigeration and AC",0,1
"Siddharth Mehta","Refrigeration and AC",0,1
"Krishna Gupta","Refrigeration and AC",1,1
"Harsh Verma","Refrigeration and AC",1,1
"Nikhil Nair","Refrigeration and AC",1,1
"Aman Reddy","Refrigeration and AC",1,1
"Ananya Agarwal","Refrigeration and AC",2,2
"Kavya Verma","Refrigeration and AC",2,2
"Priya Patel","Refrigeration and AC",1,1
"Yash Reddy","Refrigeration and AC",1,1
"Ritika Reddy","Refrigeration and AC",0,1
"Siddharth Thakur","Refrigeration and AC",1,1
"Arjun Verma","Refrigeration and AC",1,1
"Varun Pandey","Refrigeration and AC",1,1
"Ritesh Kapoor","Refrigeration and AC",1,1
"Manav Joshi","Refrigeration and AC",1,1
"Sai Ghosh","Refrigeration and AC",1,2
"Om Das","Refrigeration and AC",1,1
"Varun Patel","Refrigeration and AC",2,2
"Deepak Verma","Refrigeration and AC",1,1
"Aditya Sharma","Refrigeration and AC",1,1
"Diya Pandey","Refrigeration and AC",1,1
"Ishaan Jain","Refrigeration and AC",1,1
"Krishna Choudhary","Refrigeration and AC",0,1
"Rahul Agarwal","Refrigeration and AC",0,1
"Dev Bansal","Refrigeration and AC",1,1
"Aditya Pandey","Refrigeration and AC",1,1
"Priya Ghosh","Refrigeration and AC",1,1
"Om Iyer","Refrigeration and AC",0,1
"Sai Das","Refrigeration and AC",1,1
"Sneha Kapoor","Refrigeration and AC",1,1
"Rahul Menon","Refrigeration and AC",1,1
"Rahul Joshi","Refrigeration and AC",1,1
"Krishna Rao","Refrigeration and AC",1,1
"Ritika Pandey","Refrigeration and AC",1,1
"Tanmay Kapoor","Refrigeration and AC",1,1
"Dev Sharma","Refrigeration and AC",0,1
"Mohit Mehta","Refrigeration and AC",1,1
"Aarav Dubey","Refrigeration and AC",0,1
"Nikhil Rao","Refrigeration and AC",1,1
"Meera Bansal","Refrigeration and AC",0,1
"Siddharth Mehta","Computer Vision",1,1
"Harsh Khanna","Computer Vision",2,2
"Varun Joshi","Computer Vision",2,2
"Aditya Sinha","Computer Vision",2,2
"Manav Khanna","Computer Vision",3,3
"Rohan Jain","Computer Vision",0,1
"Tanmay Pandey","Computer Vision",2,3
"Rohan Rao","Computer Vision",1,1
"Aditya Khanna","Computer Vision",2,2
"Kunal Agarwal","Computer Vision",1,1
"Sai Pandey","Computer Vision",1,1
"Aarav Dubey","Computer Vision",1,1
"Rahul Sinha","Computer Vision",3,3
"Ritesh Das","Computer Vision",1,1
"Aditi Nair","Computer Vision",3,3
"Sneha Mehta","Computer Vision",1,1
"Om Iyer","Computer Vision",1,1
"Arjun Sharma","Computer Vision",2,2
"Varun Menon","Computer Vision",1,1
"Kavya Pandey","Computer Vision",1,1
"Priya Choudhary","Computer Vision",0,1
"Vivaan Thakur","Computer Vision",1,1
"Meera Agarwal","Computer Vision",1,1
"Aditi Ghosh","Computer Vision",1,1
"Sai Dubey","Computer Vision",1,1
"Tanmay Nair","Computer Vision",1,1
"Aditya Gupta","Computer Vision",1,1
"Yash Sharma","Computer Vision",1,1
"Harsh Nair","Computer Vision",1,1
"Aarav Mehta","Computer Vision",1,1
"Vivaan Sharma","Computer Vision",1,1
"Harsh Patel","Computer Vision",1,1
"Dev Menon","Computer Vision",1,2
"Ritesh Menon","Computer Vision",1,1
"Aditya Patel","Computer Vision",1,1
"Rohan Kapoor","Computer Vision",4,4
"Dev Dubey","Computer Vision",1,1
"Neha Jain","Computer Vision",3,3
"Priya Patel","Computer Vision",0,1
"Sneha Pandey","Computer Vision",1,1
"Rohan Khanna","Computer Vision",0,1
"Nikhil Thakur","Computer Vision",1,1
"Deepak Reddy","Computer Vision",1,1
"Deepak Verma","Computer Vision",1,1
"Mohit Das","Computer Vision",1,3
"Aarav Rao","Computer Vision",1,1
"Varun Reddy","Computer Vision",1,1
"Yash Verma","Computer Vision",1,1
"Siddharth Nair","Computer Vision",3,3
"Nikhil Mehta","Computer Vision",1,1
"Rahul Reddy","Computer Vision",1,1
"Priya Agarwal","Computer Vision",1,1
"Sneha Bansal","Computer Vision",1,1
"Deepak Pandey","Computer Vision",1,1
"Kunal Kapoor","Computer Vision",1,1
"Priya Khanna","Computer Vision",2,2
"Pooja Pandey","Computer Vision",1,1
"Vivaan Jain","Computer Vision",1,1
"Pooja Verma","Computer Vision",1,2
"Rohan Patel","Computer Vision",1,1
"Kunal Das","Computer Vision",0,1
"Deepak Nair","Computer Vision",1,1
"Diya Sinha","Computer Vision",1,2
"Sneha Reddy","Computer Vision",1,2
"Rohan Dubey","Computer Vision",1,2
"Aditya Nair","Computer Vision",3,3
"Tanmay Jain","Computer Vision",1,1
"Priya Pandey","Computer Vision",1,2
"Pooja Mehta","Computer Vision",1,1
"Kunal Reddy","Computer Vision",2,2
"Siddharth Rao","Computer Vision",1,2
"Kavya Reddy","Computer Vision",1,1
"Diya Kapoor","Computer Vision",1,1
"Aarav Bansal","Computer Vision",0,1
"Tanmay Dubey","Computer Vision",1,2
"Meera Pandey","Computer Vision",0,1
"Ritesh Joshi","Computer Vision",2,3
"Aarav Iyer","Computer Vision",1,1
"Nikhil Iyer","Computer Vision",1,1
"Pooja Patel","Computer Vision",1,1
"Kunal Menon","Computer Vision",0,1
"Om Bansal","Computer Vision",1,1
"Rohan Menon","Computer Vision",1,1
"Aditi Pandey","Computer Vision",1,1
"Arjun Nair","Computer Vision",1,1
"Kavya Menon","Computer Vision",1,2
"Dev Verma","Computer Vision",1,2
"Om Nair","Computer Vision",1,1
"Harsh Choudhary","Computer Vision",1,1
"Priya Verma","Computer Vision",1,1
"Aditya Reddy","Computer Vision",1,1
"Priya Dubey","Computer Vision",1,1
"Siddharth Dubey","Computer Vision",0,1
"Yash Iyer","Computer Vision",0,1
"Aditi Verma","Computer Vision",1,1
"Meera Rao","Computer Vision",1,1
"Kavya Bansal","Computer Vision",1,1
"Ritesh Ghosh","Computer Vision",2,2
"Manav Sharma","Computer Vision",1,1
"Ishaan Khanna","Computer Vision",2,2
"Krishna Kapoor","Computer Vision",1,1
"Meera Reddy","Computer Vision",0,1
"Krishna Reddy","Computer Vision",1,1
"Krishna Choudhary","Computer Vision",1,1
"Nikhil Pandey","Computer Vision",1,1
"Sai Rao","Computer Vision",1,1
"Harsh Pandey","Computer Vision",1,1
"Kunal Ghosh","Computer Vision",1,1
"Mohit Gupta","Computer Vision",1,1
"Arjun Verma","Computer Vision",2,2
"Neha Sharma","Computer Vision",0,1
"Harsh Joshi","Computer Vision",1,1
"Ishaan Verma","Computer Vision",1,1
"Aarav Jain","Computer Vision",1,1
"Meera Verma","Computer Vision",1,1
"Ritesh Choudhary","Computer Vision",1,1
"Rohan Das","Computer Vision",1,1
"Ritesh Agarwal","Computer Vision",1,1
"Krishna Sharma","Computer Vision",1,1
"Nikhil Sharma","Computer Vision",1,1
"Yash Sinha","Computer Vision",1,1
"Kunal Patel","Computer Vision",1,1
"Pooja Sharma","Computer Vision",1,1
"Deepak Joshi","Computer Vision",0,1
"Mohit Nair","Computer Vision",0,1
"Nikhil Verma","Computer Vision",1,1
"Krishna Menon","Computer Vision",1,1
"Aarav Kapoor","Computer Vision",1,1
"Ananya Mehta","Computer Vision",1,1
"Aditi Sharma","Computer Vision",1,1
"Diya Mehta","Computer Vision",1,1
"Manav Agarwal","Computer Vision",1,1
"Arjun Rao","Welding Technology",1,1
"Pooja Verma","Welding Technology",2,2
"Ananya Reddy","Welding Technology",2,2
"Arjun Dubey","Welding Technology",1,1
"Nikhil Agarwal","Welding Technology",2,2
"Aman Patel","Welding Technology",1,1
"Om Rao","Welding Technology",1,1
"Tanmay Mehta","Welding Technology",1,1
"Ritesh Verma","Welding Technology",1,1
"Harsh Gupta","Welding Technology",1,1
"Tanmay Pandey","Welding Technology",1,1
"Pooja Das","Welding Technology",2,2
"Nikhil Joshi","Welding Technology",2,2
"Priya Mehta","Welding Technology",1,1
"Aarav Gupta","Welding Technology",1,1
"Kavya Joshi","Welding Technology",1,2
"Diya Agarwal","Welding Technology",1,1
"Harsh Kapoor","Welding Technology",0,1
"Deepak Reddy","Welding Technology",1,1
"Nikhil Iyer","Welding Technology",1,1
"Manav Pandey","Welding Technology",1,1
"Om Joshi","Welding Technology",1,1
"Tanmay Jain","Welding Technology",2,2
"Sai Verma","Welding Technology",1,1
"Mohit Joshi","Welding Technology",1,2
"Krishna Ghosh","Welding Technology",2,2
"Rahul Dubey","Welding Technology",1,1
"Arjun Joshi","Welding Technology",0,1
"Sai Iyer","Welding Technology",1,1
"Ritika Jain","Welding Technology",2,2
"Siddharth Patel","Welding Technology",0,1
"Om Sinha","Welding Technology",1,1
"Yash Joshi","Welding Technology",1,1
"Harsh Thakur","Welding Technology",2,2
"Kunal Choudhary","Welding Technology",1,1
"Dev Das","Welding Technology",2,2
"Dev Sharma","Welding Technology",2,2
"Aditi Ghosh","Welding Technology",2,2
"Vivaan Mehta","Welding Technology",2,2
"Ritesh Iyer","Welding Technology",4,4
"Sai Reddy","Welding Technology",1,1
"Ritesh Rao","Welding Technology",1,2
"Diya Choudhary","Welding Technology",1,1
"Neha Verma","Welding Technology",0,1
"Krishna Iyer","Welding Technology",2,2
"Sneha Das","Welding Technology",1,1
"Yash Pandey","Welding Technology",1,1
"Kavya Nair","Welding Technology",1,1
"Ishaan Das","Welding Technology",1,1
"Aarav Ghosh","Welding Technology",1,1
"Deepak Choudhary","Welding Technology",0,1
"Pooja Pandey","Welding Technology",1,1
"Sai Das","Welding Technology",1,1
"Tanmay Rao","Welding Technology",2,2
"Varun Verma","Welding Technology",1,1
"Pooja Gupta","Welding Technology",2,2
"Meera Bansal","Welding Technology",1,1
"Krishna Pandey","Welding Technology",1,1
"Vivaan Thakur","Welding Technology",1,1
"Harsh Choudhary","Welding Technology",1,1
"Pooja Choudhary","Welding Technology",1,1
"Dev Verma","Welding Technology",1,2
"Mohit Thakur","Welding Technology",1,1
"Om Choudhary","Welding Technology",1,3
"Tanmay Thakur","Welding Technology",1,2
"Aman Ghosh","Welding Technology",1,1
"Yash Dubey","Welding Technology",1,1
"Sneha Sharma","Welding Technology",1,1
"Rahul Gupta","Welding Technology",2,2
"Om Dubey","Welding Technology",0,1
"Priya Das","Welding Technology",1,2
"Deepak Das","Welding Technology",1,1
"Aditya Das","Welding Technology",3,3
"Rohan Pandey","Welding Technology",1,1
"Aman Menon","Welding Technology",1,1
"Pooja Mehta","Welding Technology",1,1
"Aditya Joshi","Welding Technology",1,1
"Nikhil Reddy","Welding Technology",1,1
"Manav Mehta","Welding Technology",1,1
"Om Iyer","Welding Technology",1,1
"Manav Rao","Welding Technology",1,1
"Yash Reddy","Welding Technology",1,1
"Ishaan Thakur","Welding Technology",1,1
"Aman Reddy","Welding Technology",1,1
"Sneha Ghosh","Welding Technology",1,1
"Neha Ghosh","Welding Technology",1,1
"Aarav Mehta","Welding Technology",1,1
"Kavya Bansal","Welding Technology",1,2
"Mohit Nair","Welding Technology",0,1
"Sneha Choudhary","Welding Technology",1,1
"Deepak Rao","Welding Technology",1,1
"Neha Sinha","Welding Technology",1,1
"Rohan Patel","Welding Technology",1,1
"Ananya Sinha","Welding Technology",0,1
"Manav Nair","Welding Technology",1,1
"Deepak Verma","Welding Technology",1,1
"Varun Das","Welding Technology",1,1
"Rohan Ghosh","Welding Technology",1,1
"Nikhil Das","Welding Technology",1,1
"Aditi Patel","Welding Technology",1,1
"Ritesh Kapoor","Welding Technology",0,1
"Om Thakur","Welding Technology",1,1
"Mohit Sharma","Welding Technology",2,2
"Vivaan Patel","Welding Technology",0,1
"Neha Choudhary","Welding Technology",1,1
"Vivaan Nair","Welding Technology",0,1
"Priya Jain","Welding Technology",2,2
"Rahul Das","Welding Technology",1,1
"Kunal Reddy","Welding Technology",1,1
"Rohan Sharma","Welding Technology",0,1
"Aditi Kapoor","Welding Technology",1,1
"Sai Sinha","Welding Technology",1,1
"Krishna Agarwal","Welding Technology",1,1
"Varun Dubey","Welding Technology",0,1
"Harsh Nair","Welding Technology",1,1
"Ritesh Das","Welding Technology",1,1
"Ritika Iyer","Welding Technology",2,2
"Sai Ghosh","Welding Technology",1,1
"Aarav Kapoor","Welding Technology",0,1
"Tanmay Gupta","Welding Technology",1,1
"Pooja Jain","Welding Technology",1,1
"Ritika Dubey","Welding Technology",1,1
"Krishna Nair","Welding Technology",1,1
"Aarav Joshi","Welding Technology",0,1
"Meera Joshi","Welding Technology",1,1
"Manav Joshi","Welding Technology",1,1
"Siddharth Nair","Transmission Systems",3,3
"Sneha Agarwal","Transmission Systems",1,1
"Dev Rao","Transmission Systems",3,3
"Neha Ghosh","Transmission Systems",1,1
"Ritesh Jain","Transmission Systems",2,2
"Om Sharma","Transmission Systems",1,1
"Om Joshi","Transmission Systems",1,1
"Nikhil Joshi","Transmission Systems",2,2
"Ishaan Sinha","Transmission Systems",1,1
"Ritesh Menon","Transmission Systems",1,1
"Nikhil Reddy","Transmission Systems",1,1
"Sneha Das","Transmission Systems",2,2
"Nikhil Menon","Transmission Systems",1,1
"Vivaan Sharma","Transmission Systems",1,1
"Rahul Mehta","Transmission Systems",1,1
"Siddharth Joshi","Transmission Systems",1,1
"Siddharth Thakur","Transmission Systems",1,2
"Pooja Menon","Transmission Systems",0,1
"Kavya Reddy","Transmission Systems",2,2
"Ishaan Thakur","Transmission Systems",1,1
"Mohit Das","Transmission Systems",2,2
"Manav Choudhary","Transmission Systems",1,2
"Priya Agarwal","Transmission Systems",2,2
"Om Rao","Transmission Systems",1,1
"Priya Pandey","Transmission Systems",2,3
"Diya Joshi","Transmission Systems",1,1
"Kunal Gupta","Transmission Systems",2,2
"Diya Gupta","Transmission Systems",0,1
"Kavya Thakur","Transmission Systems",1,1
"Aditya Thakur","Transmission Systems",1,1
"Priya Sharma","Transmission Systems",1,1
"Vivaan Menon","Transmission Systems",1,1
"Aditya Verma","Transmission Systems",1,1
"Yash Patel","Transmission Systems",0,1
"Dev Verma","Transmission Systems",2,2
"Neha Reddy","Transmission Systems",0,1
"Ananya Patel","Transmission Systems",1,1
"Dev Reddy","Transmission Systems",1,1
"Aditya Gupta","Transmission Systems",1,1
"Varun Agarwal","Transmission Systems",1,1
"Kavya Agarwal","Transmission Systems",1,1
"Rahul Pandey","Transmission Systems",1,1
"Krishna Khanna","Transmission Systems",2,2
"Meera Menon","Transmission Systems",0,1
"Ishaan Menon","Transmission Systems",0,1
"Nikhil Kapoor","Transmission Systems",1,1
"Rohan Agarwal","Transmission Systems",0,1
"Krishna Verma","Transmission Systems",1,1
"Tanmay Patel","Transmission Systems",1,1
"Neha Khanna","Transmission Systems",1,1
"Aarav Khanna","Transmission Systems",2,2
"Pooja Agarwal","Transmission Systems",2,2
"Deepak Sharma","Transmission Systems",1,1
"Om Sinha","Transmission Systems",0,1
"Deepak Kapoor","Transmission Systems",0,1
"Arjun Das","Transmission Systems",1,1
"Tanmay Kapoor","Transmission Systems",1,1
"Varun Choudhary","Transmission Systems",1,1
"Aditi Sinha","Transmission Systems",1,1
"Tanmay Gupta","Transmission Systems",1,1
"Priya Iyer","Transmission Systems",1,1
"Yash Pandey","Transmission Systems",0,1
"Pooja Das","Transmission Systems",1,2
"Krishna Joshi","Transmission Systems",1,1
"Harsh Das","Transmission Systems",2,2
"Dev Khanna","Transmission Systems",1,1
"Pooja Iyer","Transmission Systems",0,1
"Manav Ghosh","Transmission Systems",1,1
"Pooja Gupta","Transmission Systems",0,1
"Sneha Nair","Transmission Systems",1,1
"Sneha Dubey","Transmission Systems",1,1
"Harsh Nair","Transmission Systems",1,1
"Pooja Mehta","Transmission Systems",1,1
"Kunal Iyer","Transmission Systems",0,1
"Arjun Patel","Transmission Systems",1,1
"Yash Gupta","Transmission Systems",1,1
"Arjun Dubey","Transmission Systems",1,1
"Aditi Gupta","Transmission Systems",1,1
"Rahul Reddy","Transmission Systems",1,1
"Aarav Sharma","Transmission Systems",1,1
"Nikhil Verma","Transmission Systems",3,3
"Ananya Verma","Transmission Systems",1,1
"Rahul Agarwal","Transmission Systems",1,1
"Aarav Joshi","Transmission Systems",1,1
"Aman Choudhary","Transmission Systems",1,1
"Sai Rao","Transmission Systems",1,1
"Deepak Dubey","Transmission Systems",0,1
"Pooja Kapoor","Transmission Systems",1,1
"Varun Menon","Transmission Systems",1,1
"Aarav Ghosh","Transmission Systems",1,1
"Rahul Khanna","Transmission Systems",1,1
"Ritesh Agarwal","Transmission Systems",2,2
"Nikhil Mehta","Transmission Systems",0,1
"Siddharth Rao","Transmission Systems",1,1
"Yash Rao","Transmission Systems",2,2
"Varun Jain","Transmission Systems",1,1
"Ritika Pandey","Transmission Systems",1,1
"Nikhil Pandey","Transmission Systems",1,1
"Ananya Sharma","Transmission Systems",0,1
"Mohit Sharma","Transmission Systems",1,1
"Siddharth Choudhary","Transmission Systems",1,1
"Meera Das","Transmission Systems",2,2
"Diya Mehta","Transmission Systems",2,2
"Aditi Choudhary","Transmission Systems",1,1
"Nikhil Rao","Transmission Systems",1,1
"Deepak Iyer","Transmission Systems",1,1
"Vivaan Choudhary","Transmission Systems",1,1
"Diya Jain","Transmission Systems",0,1
"Mohit Rao","Transmission Systems",1,1
"Ritesh Khanna","Transmission Systems",1,1
"Rahul Rao","Transmission Systems",1,1
"Varun Thakur","Transmission Systems",1,1
"Pooja Menon","Natural Language Processing",2,2
"Aditi Thakur","Natural Language Processing",2,2
"Kunal Menon","Natural Language Processing",0,1
"Priya Ghosh","Natural Language Processing",1,1
"Harsh Rao","Natural Language Processing",0,1
"Aman Khanna","Natural Language Processing",0,2
"Yash Reddy","Natural Language Processing",2,2
"Tanmay Bansal","Natural Language Processing",2,2
"Diya Kapoor","Natural Language Processing",0,1
"Rohan Sinha","Natural Language Processing",2,2
"Arjun Jain","Natural Language Processing",3,3
"Mohit Das","Natural Language Processing",2,3
"Siddharth Verma","Natural Language Processing",2,2
"Kunal Bansal","Natural Language Processing",1,1
"Yash Pandey","Natural Language Processing",1,1
"Rahul Dubey","Natural Language Processing",2,2
"Meera Mehta","Natural Language Processing",1,2
"Sai Das","Natural Language Processing",3,3
"Nikhil Bansal","Natural Language Processing",0,1
"Manav Patel","Natural Language Processing",0,1
"Siddharth Gupta","Natural Language Processing",0,1
"Rahul Reddy","Natural Language Processing",2,2
"Om Dubey","Natural Language Processing",1,1
"Manav Pandey","Natural Language Processing",1,1
"Krishna Reddy","Natural Language Processing",0,1
"Om Gupta","Natural Language Processing",1,1
"Aditi Nair","Natural Language Processing",2,2
"Priya Choudhary","Natural Language Processing",1,1
"Vivaan Das","Natural Language Processing",0,2
"Priya Reddy","Natural Language Processing",0,1
"Vivaan Ghosh","Natural Language Processing",1,1
"Ritika Nair","Natural Language Processing",1,1
"Nikhil Khanna","Natural Language Processing",1,1
"Om Ghosh","Natural Language Processing",1,1
"Dev Reddy","Natural Language Processing",1,1
"Pooja Rao","Natural Language Processing",1,1
"Pooja Nair","Natural Language Processing",1,1
"Om Menon","Natural Language Processing",1,1
"Meera Rao","Natural Language Processing",1,1
"Vivaan Sharma","Natural Language Processing",1,1
"Kunal Agarwal","Natural Language Processing",1,1
"Aarav Kapoor","Natural Language Processing",2,2
"Kavya Joshi","Natural Language Processing",1,1
"Ritika Reddy","Natural Language Processing",2,2
"Sai Mehta","Natural Language Processing",1,1
"Aditya Sharma","Natural Language Processing",1,1
"Krishna Verma","Natural Language Processing",1,1
"Ishaan Sharma","Natural Language Processing",1,1
"Aman Verma","Natural Language Processing",2,2
"Diya Mehta","Natural Language Processing",1,1
"Aman Dubey","Natural Language Processing",1,1
"Pooja Khanna","Natural Language Processing",1,1
"Neha Choudhary","Natural Language Processing",1,1
"Aarav Dubey","Natural Language Processing",1,1
"Aarav Khanna","Natural Language Processing",4,4
"Aarav Jain","Natural Language Processing",0,1
"Arjun Sinha","Natural Language Processing",1,2
"Manav Dubey","Natural Language Processing",0,1
"Rahul Choudhary","Natural Language Processing",1,1
"Neha Nair","Natural Language Processing",0,1
"Pooja Gupta","Natural Language Processing",1,1
"Krishna Gupta","Natural Language Processing",1,1
"Pooja Bansal","Natural Language Processing",0,1
"Aarav Mehta","Natural Language Processing",1,1
"Arjun Sharma","Natural Language Processing",1,1
"Rohan Choudhary","Natural Language Processing",1,1
"Priya Iyer","Natural Language Processing",1,1
"Nikhil Sharma","Natural Language Processing",1,1
"Aarav Gupta","Natural Language Processing",1,1
"Sai Verma","Natural Language Processing",1,1
"Yash Bansal","Natural Language Processing",1,1
"Rohan Verma","Natural Language Processing",1,1
"Aman Reddy","Natural Language Processing",1,1
"Krishna Choudhary","Natural Language Processing",1,1
"Neha Das","Natural Language Processing",1,1
"Varun Nair","Natural Language Processing",1,1
"Rohan Bansal","Natural Language Processing",1,1
"Yash Choudhary","Natural Language Processing",1,1
"Deepak Thakur","Natural Language Processing",1,1
"Aditi Gupta","Natural Language Processing",1,1
"Rohan Khanna","Natural Language Processing",1,1
"Neha Ghosh","Natural Language Processing",1,1
"Diya Verma","Natural Language Processing",1,2
"Ishaan Dubey","Natural Language Processing",1,1
"Sneha Jain","Natural Language Processing",2,2
"Priya Menon","Natural Language Processing",1,1
"Varun Kapoor","Natural Language Processing",1,1
"Deepak Reddy","Natural Language Processing",1,1
"Ritesh Joshi","Natural Language Processing",1,1
"Sai Gupta","Natural Language Processing",0,1
"Varun Pandey","Natural Language Processing",1,1
"Sai Bansal","Natural Language Processing",1,2
"Aman Pandey","Natural Language Processing",1,1
"Ritika Menon","Natural Language Processing",1,1
"Rohan Kapoor","Natural Language Processing",1,1
"Aditi Patel","Natural Language Processing",0,1
"Sai Nair","Natural Language Processing",1,1
"Ananya Rao","Natural Language Processing",1,1
"Nikhil Nair","Natural Language Processing",1,1
"Meera Bansal","Natural Language Processing",1,1
"Kunal Das","Natural Language Processing",1,1
"Rohan Thakur","Natural Language Processing",1,1
"Harsh Bansal","Natural Language Processing",1,1
"Sneha Dubey","Natural Language Processing",0,1
"Om Agarwal","Natural Language Processing",1,1
"Krishna Thakur","Natural Language Processing",0,1
"Mohit Dubey","Natural Language Processing",1,1
"Tanmay Dubey","Natural Language Processing",1,1
"Aman Agarwal",Cryptography,1,1
"Aarav Patel",Cryptography,1,1
"Tanmay Verma",Cryptography,1,2
"Varun Joshi",Cryptography,0,1
"Varun Patel",Cryptography,1,1
"Kavya Dubey",Cryptography,0,1
"Aman Iyer",Cryptography,2,2
"Manav Ghosh",Cryptography,0,1
"Tanmay Menon",Cryptography,0,1
"Nikhil Iyer",Cryptography,0,1
"Siddharth Dubey",Cryptography,1,1
"Ishaan Agarwal",Cryptography,0,1
"Rohan Agarwal",Cryptography,1,1
"Krishna Jain",Cryptography,2,2
"Priya Jain",Cryptography,2,2
"Aman Khanna",Cryptography,1,1
"Aditya Sharma",Cryptography,1,1
"Krishna Verma",Cryptography,3,3
"Om Thakur",Cryptography,0,1
"Aditi Patel",Cryptography,1,1
"Krishna Gupta",Cryptography,3,3
"Aman Menon",Cryptography,1,2
"Rohan Reddy",Cryptography,1,2
"Ananya Sharma",Cryptography,1,1
"Vivaan Iyer",Cryptography,1,3
"Pooja Agarwal",Cryptography,1,1
"Om Verma",Cryptography,2,2
"Ritesh Gupta",Cryptography,2,2
"Deepak Rao",Cryptography,1,1
"Manav Patel",Cryptography,1,1
"Kunal Jain",Cryptography,1,1
"Mohit Menon",Cryptography,2,2
"Ritika Das",Cryptography,2,3
"Om Sharma",Cryptography,1,1
"Ananya Reddy",Cryptography,1,1
"Sai Menon",Cryptography,1,1
"Kunal Patel",Cryptography,1,1
"Dev Ghosh",Cryptography,1,1
"Aman Gupta",Cryptography,0,1
"Manav Bansal",Cryptography,2,2
"Aditya Das",Cryptography,1,1
"Nikhil Sinha",Cryptography,1,2
"Ishaan Khanna",Cryptography,1,1
"Manav Dubey",Cryptography,2,3
"Aman Thakur",Cryptography,1,1
"Kunal Reddy",Cryptography,1,1
"Pooja Iyer",Cryptography,1,1
"Rohan Mehta",Cryptography,1,1
"Diya Mehta",Cryptography,1,1
"Aditi Dubey",Cryptography,1,1
"Krishna Sinha",Cryptography,1,1
"Ritesh Sharma",Cryptography,1,1
"Meera Verma",Cryptography,1,1
"Nikhil Khanna",Cryptography,1,1
"Rohan Joshi",Cryptography,1,1
"Dev Verma",Cryptography,1,1
"Ritesh Bansal",Cryptography,0,1
"Neha Gupta",Cryptography,1,1
"Sneha Mehta",Cryptography,1,1
"Vivaan Pandey",Cryptography,1,1
"Dev Agarwal",Cryptography,1,1
"Tanmay Gupta",Cryptography,1,1
"Varun Sinha",Cryptography,1,2
"Dev Sinha",Cryptography,0,1
"Rahul Nair",Cryptography,1,1
"Rohan Khanna",Cryptography,0,2
"Kunal Mehta",Cryptography,1,1
"Manav Nair",Cryptography,1,1
"Om Agarwal",Cryptography,1,1
"Diya Agarwal",Cryptography,1,1
"Mohit Das",Cryptography,0,1
"Ishaan Nair",Cryptography,1,1
"Om Jain",Cryptography,1,1
"Harsh Joshi",Cryptography,1,2
"Om Joshi",Cryptography,0,1
"Deepak Gupta",Cryptography,0,1
"Pooja Rao",Cryptography,1,1
"Aditya Pandey",Cryptography,1,1
"Ritika Reddy",Cryptography,1,1
"Ritesh Dubey",Cryptography,1,1
"Rahul Kapoor",Cryptography,0,1
"Aditya Choudhary",Cryptography,0,1
"Manav Joshi",Cryptography,1,1
"Neha Sharma",Cryptography,1,1
"Sneha Patel",Cryptography,1,1
"Pooja Jain",Cryptography,1,1
"Aarav Thakur",Cryptography,1,1
"Vivaan Sinha",Cryptography,1,1
"Kunal Joshi",Cryptography,0,1
"Aditya Ghosh",Cryptography,1,1
"Rohan Bansal",Cryptography,0,1
"Meera Iyer",Cryptography,1,1
"Yash Choudhary",Cryptography,1,1
"Meera Reddy",Cryptography,1,2
"Sneha Rao",Cryptography,1,1
"Aditi Das",Cryptography,1,1
"Ritesh Sinha",Cryptography,1,1
"Meera Dubey",Cryptography,1,1
"Krishna Pandey",Cryptography,1,1
"Ritesh Kapoor",Cryptography,1,1
"Siddharth Bansal",Cryptography,0,1
"Varun Dubey",Cryptography,1,1
"Dev Patel",Cryptography,0,1
"Krishna Nair",Cryptography,1,1
"Pooja Das",Cryptography,1,1
"Yash Pandey",Cryptography,1,1
"Meera Agarwal",Cryptography,1,1
"Kavya Patel",Cryptography,0,1
"Varun Kapoor",Cryptography,1,1
"Varun Sharma",Cryptography,0,1
"Vivaan Sharma",Cryptography,1,1
"Ishaan Reddy",Cryptography,1,1
"Manav Rao",Cryptography,1,1
"Ritesh Das",Cryptography,0,1
"Krishna Pandey","Radar Systems",2,2
"Ritesh Reddy","Radar Systems",1,1
"Ishaan Khanna","Radar Systems",0,1
"Kunal Joshi","Radar Systems",1,1
"Priya Reddy","Radar Systems",1,2
"Ritika Iyer","Radar Systems",2,3
"Aarav Kapoor","Radar Systems",1,1
"Nikhil Patel","Radar Systems",1,2
"Meera Pandey","Radar Systems",1,1
"Rahul Reddy","Radar Systems",1,2
"Harsh Sharma","Radar Systems",1,1
"Aditi Pandey","Radar Systems",0,1
"Aarav Iyer","Radar Systems",1,1
"Sneha Nair","Radar Systems",2,2
"Kavya Ghosh","Radar Systems",2,2
"Aditya Ghosh","Radar Systems",1,1
"Arjun Nair","Radar Systems",1,1
"Sai Agarwal","Radar Systems",1,1
"Kavya Das","Radar Systems",1,1
"Kavya Khanna","Radar Systems",1,1
"Ritesh Gupta","Radar Systems",1,1
"Nikhil Das","Radar Systems",1,1
"Varun Patel","Radar Systems",1,1
"Harsh Rao","Radar Systems",1,1
"Sai Reddy","Radar Systems",1,1
"Aarav Joshi","Radar Systems",2,2
"Sneha Rao","Radar Systems",0,1
"Pooja Menon","Radar Systems",1,1
"Aarav Reddy","Radar Systems",1,2
"Siddharth Agarwal","Radar Systems",1,1
"Pooja Das","Radar Systems",2,2
"Sneha Sharma","Radar Systems",1,1
"Priya Kapoor","Radar Systems",2,2
"Aditi Menon","Radar Systems",1,1
"Neha Reddy","Radar Systems",1,1
"Dev Thakur","Radar Systems",1,1
"Krishna Verma","Radar Systems",1,1
"Manav Nair","Radar Systems",0,1
"Rohan Choudhary","Radar Systems",1,1
"Neha Iyer","Radar Systems",0,1
"Aditya Mehta","Radar Systems",1,1
"Mohit Pandey","Radar Systems",2,2
"Neha Agarwal","Radar Systems",1,1
"Harsh Nair","Radar Systems",1,1
"Aditya Sharma","Radar Systems",1,1
"Tanmay Nair","Radar Systems",1,1
"Kavya Bansal","Radar Systems",1,1
"Sai Nair","Radar Systems",2,2
"Aarav Menon","Radar Systems",1,1
"Aditi Sinha","Radar Systems",1,1
"Yash Thakur","Radar Systems",1,1
"Aarav Ghosh","Radar Systems",1,1
"Om Joshi","Radar Systems",1,1
"Nikhil Rao","Radar Systems",1,1
"Varun Sinha","Radar Systems",0,1
"Yash Menon","Radar Systems",1,1
"Kunal Agarwal","Radar Systems",1,1
"Rahul Sinha","Radar Systems",1,1
"Deepak Agarwal","Radar Systems",1,1
"Dev Sinha","Radar Systems",1,1
"Rohan Iyer","Radar Systems",1,1
"Arjun Rao","Radar Systems",1,1
"Dev Sharma","Radar Systems",1,2
"Aman Pandey","Radar Systems",1,2
"Varun Dubey","Radar Systems",1,1
"Aman Sharma","Radar Systems",1,2
"Manav Khanna","Radar Systems",2,2
"Dev Gupta","Radar Systems",1,1
"Siddharth Das","Radar Systems",1,1
"Ananya Rao","Radar Systems",1,1
"Krishna Nair","Radar Systems",1,1
"Neha Nair","Radar Systems",1,1
"Rohan Agarwal","Radar Systems",0,1
"Krishna Sinha","Radar Systems",1,1
"Yash Verma","Radar Systems",1,1
"Krishna Choudhary","Radar Systems",1,1
"Ritika Menon","Radar Systems",0,1
"Rahul Joshi","Radar Systems",1,1
"Varun Rao","Radar Systems",1,1
"Aditya Choudhary","Radar Systems",0,1
"Manav Dubey","Radar Systems",1,1
"Meera Ghosh","Radar Systems",1,1
"Yash Das","Radar Systems",1,1
"Manav Mehta","Radar Systems",1,1
"Arjun Dubey","Radar Systems",0,1
"Neha Joshi","Radar Systems",1,1
"Mohit Bansal","Radar Systems",0,1
"Manav Pandey","Radar Systems",1,1
"Meera Verma","Radar Systems",2,2
"Ananya Verma","Radar Systems",1,1
"Aditi Agarwal","Radar Systems",1,1
"Meera Dubey","Radar Systems",1,1
"Sai Rao","Radar Systems",1,1
"Priya Verma","Radar Systems",0,1
"Diya Kapoor","Radar Systems",1,1
"Aman Nair","Radar Systems",1,1
"Arjun Gupta","Radar Systems",1,1
"Nikhil Reddy","Radar Systems",0,1
"Pooja Rao","Radar Systems",1,2
"Deepak Choudhary","Radar Systems",1,1
"Nikhil Menon","Radar Systems",1,1
"Aditi Sharma","Radar Systems",1,1
"Krishna Kapoor","Radar Systems",0,1
"Ananya Thakur","Radar Systems",1,1
"Rohan Rao","Radar Systems",0,1
"Arjun Jain","Radar Systems",1,1
"Vivaan Menon","Radar Systems",1,1
"Tanmay Patel","Radar Systems",0,1
"Aman Gupta","Radar Systems",0,1
"Yash Dubey","Radar Systems",1,1
"Rahul Choudhary","Radar Systems",1,1
"Ritesh Khanna","Radar Systems",1,1
"Rohan Thakur","Radar Systems",1,1
"Vivaan Reddy","Radar Systems",1,1
"Tanmay Agarwal","Radar Systems",1,1
"Pooja Joshi","Radar Systems",1,1
"Tanmay Khanna","Radar Systems",1,1
"Aman Menon","API Development",1,1
"Om Choudhary","API Development",2,2
"Meera Thakur","API Development",2,2
"Diya Jain","API Development",1,1
"Deepak Ghosh","API Development",1,1
"Kunal Bansal","API Development",2,2
"Sneha Das","API Development",3,3
"Rahul Das","API Development",1,1
"Aditya Pandey","API Development",0,1
"Manav Iyer","API Development",1,1
"Sai Thakur","API Development",3,3
"Sai Nair","API Development",1,2
"Kunal Kapoor","API Development",0,1
"Aarav Khanna","API Development",1,1
"Om Patel","API Development",0,1
"Diya Dubey","API Development",1,1
"Sneha Iyer","API Development",2,3
"Ishaan Patel","API Development",1,2
"Aman Pandey","API Development",2,2
"Dev Ghosh","API Development",1,1
"Manav Patel","API Development",1,2
"Tanmay Sinha","API Development",0,1
"Priya Pandey","API Development",1,1
"Om Thakur","API Development",1,1
"Krishna Gupta","API Development",1,1
"Mohit Rao","API Development",2,2
"Harsh Sinha","API Development",1,1
"Meera Patel","API Development",1,2
"Rohan Das","API Development",2,2
"Ritesh Mehta","API Development",0,1
"Kavya Das","API Development",0,1
"Manav Pandey","API Development",1,1
"Dev Reddy","API Development",1,1
"Nikhil Menon","API Development",1,1
"Sneha Joshi","API Development",1,1
"Aman Khanna","API Development",1,1
"Aarav Rao","API Development",1,1
"Meera Verma","API Development",3,3
"Sneha Verma","API Development",1,1
"Rohan Ghosh","API Development",1,1
"Sneha Menon","API Development",1,1
"Om Joshi","API Development",2,2
"Aditi Gupta","API Development",2,2
"Deepak Patel","API Development",1,1
"Priya Mehta","API Development",1,1
"Meera Das","API Development",1,1
"Mohit Agarwal","API Development",0,1
"Tanmay Mehta","API Development",1,1
"Pooja Gupta","API Development",1,1
"Arjun Nair","API Development",0,1
"Pooja Ghosh","API Development",1,1
"Manav Khanna","API Development",1,1
"Diya Patel","API Development",1,1
"Aditya Patel","API Development",1,1
"Deepak Kapoor","API Development",1,1
"Pooja Joshi","API Development",0,1
"Sneha Nair","API Development",1,1
"Pooja Khanna","API Development",1,1
"Ritesh Nair","API Development",2,2
"Ishaan Jain","API Development",2,2
"Ritika Patel","API Development",0,1
"Rohan Khanna","API Development",1,1
"Dev Verma","API Development",1,1
"Aditi Kapoor","API Development",1,1
"Aarav Patel","API Development",1,1
"Aditya Mehta","API Development",1,1
"Rohan Jain","API Development",1,1
"Pooja Bansal","API Development",1,1
"Diya Ghosh","API Development",1,1
"Pooja Jain","API Development",1,1
"Deepak Gupta","API Development",0,1
"Mohit Nair","API Development",2,2
"Mohit Khanna","API Development",2,2
"Aarav Nair","API Development",1,1
"Varun Gupta","API Development",1,1
"Aman Nair","API Development",1,1
"Kavya Pandey","API Development",1,2
"Priya Kapoor","API Development",1,1
"Siddharth Choudhary","API Development",1,1
"Sai Bansal","API Development",3,3
"Meera Nair","API Development",0,1
"Arjun Dubey","API Development",1,1
"Krishna Choudhary","API Development",0,1
"Neha Nair","API Development",1,1
"Kavya Reddy","API Development",1,1
"Sneha Ghosh","API Development",1,2
"Ishaan Thakur","API Development",1,1
"Ananya Das","API Development",0,1
"Sneha Sinha","API Development",1,1
"Varun Iyer","API Development",1,1
"Aditya Menon","API Development",1,1
"Diya Reddy","API Development",1,2
"Rohan Verma","API Development",1,1
"Kavya Agarwal","API Development",1,1
"Sneha Dubey","API Development",0,1
"Arjun Agarwal","API Development",0,1
"Neha Sinha","API Development",0,1
"Ishaan Iyer","API Development",1,1
"Ritesh Ghosh","API Development",0,1
"Manav Menon","API Development",1,1
"Nikhil Iyer","API Development",1,1
"Sai Das","API Development",0,1
"Rahul Kapoor","API Development",0,1
"Deepak Mehta","API Development",1,1
"Om Das","API Development",1,1
"Aditi Thakur","API Development",0,1
"Aditya Kapoor","API Development",1,1
"Ananya Ghosh","API Development",2,2
"Kunal Menon","API Development",1,1
"Siddharth Kapoor","API Development",1,1
"Tanmay Choudhary","API Development",0,1
"Aarav Mehta","API Development",1,1
"Diya Thakur","API Development",1,1
"Pooja Sharma","API Development",1,1
"Rahul Joshi","API Development",1,1
"Sai Jain","API Development",1,1
"Aditya Bansal","API Development",1,1
"Ananya Gupta","API Development",1,1
"Kunal Gupta","API Development",1,1
"Priya Agarwal","API Development",1,1
"Ritika Pandey","API Development",1,1
"Yash Sharma","API Development",1,1
"Dev Gupta","API Development",1,1
"Rahul Ghosh","API Development",0,1
"Kunal Pandey","IT Infrastructure Management",1,2
"Arjun Ghosh","IT Infrastructure Management",1,1
"Kunal Sharma","IT Infrastructure Management",1,1
"Yash Choudhary","IT Infrastructure Management",2,3
"Diya Gupta","IT Infrastructure Management",1,2
"Aarav Agarwal","IT Infrastructure Management",2,2
"Aarav Das","IT Infrastructure Management",1,1
"Neha Sinha","IT Infrastructure Management",1,1
"Varun Pandey","IT Infrastructure Management",0,1
"Mohit Dubey","IT Infrastructure Management",1,1
"Rohan Khanna","IT Infrastructure Management",1,1
"Varun Patel","IT Infrastructure Management",2,2
"Neha Gupta","IT Infrastructure Management",1,1
"Meera Thakur","IT Infrastructure Management",1,1
"Aman Das","IT Infrastructure Management",1,1
"Om Mehta","IT Infrastructure Management",2,2
"Deepak Choudhary","IT Infrastructure Management",1,1
"Meera Mehta","IT Infrastructure Management",1,1
"Pooja Verma","IT Infrastructure Management",2,2
"Siddharth Rao","IT Infrastructure Management",1,1
"Neha Patel","IT Infrastructure Management",1,3
"Neha Pandey","IT Infrastructure Management",1,1
"Deepak Ghosh","IT Infrastructure Management",0,1
"Rohan Das","IT Infrastructure Management",1,2
"Sai Choudhary","IT Infrastructure Management",0,2
"Ananya Bansal","IT Infrastructure Management",1,1
"Diya Iyer","IT Infrastructure Management",0,1
"Krishna Rao","IT Infrastructure Management",1,2
"Yash Dubey","IT Infrastructure Management",1,2
"Rohan Choudhary","IT Infrastructure Management",2,2
"Aditi Khanna","IT Infrastructure Management",1,1
"Siddharth Mehta","IT Infrastructure Management",1,1
"Harsh Jain","IT Infrastructure Management",1,1
"Yash Sinha","IT Infrastructure Management",2,3
"Ishaan Jain","IT Infrastructure Management",1,1
"Vivaan Rao","IT Infrastructure Management",1,1
"Ritesh Agarwal","IT Infrastructure Management",1,2
"Kavya Bansal","IT Infrastructure Management",1,1
"Krishna Gupta","IT Infrastructure Management",1,1
"Vivaan Pandey","IT Infrastructure Management",1,1
"Dev Rao","IT Infrastructure Management",1,1
"Harsh Iyer","IT Infrastructure Management",1,1
"Nikhil Gupta","IT Infrastructure Management",1,1
"Kavya Choudhary","IT Infrastructure Management",1,1
"Priya Kapoor","IT Infrastructure Management",1,1
"Diya Kapoor","IT Infrastructure Management",1,1
"Vivaan Joshi","IT Infrastructure Management",1,1
"Arjun Agarwal","IT Infrastructure Management",0,1
"Pooja Reddy","IT Infrastructure Management",1,1
"Mohit Khanna","IT Infrastructure Management",1,1
"Neha Joshi","IT Infrastructure Management",2,2
"Dev Ghosh","IT Infrastructure Management",2,2
"Varun Jain","IT Infrastructure Management",2,2
"Mohit Sinha","IT Infrastructure Management",1,1
"Siddharth Bansal","IT Infrastructure Management",1,2
"Sai Iyer","IT Infrastructure Management",1,1
"Ananya Iyer","IT Infrastructure Management",2,2
"Aman Sharma","IT Infrastructure Management",1,1
"Harsh Joshi","IT Infrastructure Management",1,1
"Neha Iyer","IT Infrastructure Management",0,1
"Pooja Sharma","IT Infrastructure Management",1,1
"Yash Agarwal","IT Infrastructure Management",1,1
"Kunal Agarwal","IT Infrastructure Management",0,1
"Vivaan Das","IT Infrastructure Management",1,1
"Mohit Nair","IT Infrastructure Management",2,2
"Rahul Reddy","IT Infrastructure Management",1,1
"Tanmay Gupta","IT Infrastructure Management",1,1
"Sai Mehta","IT Infrastructure Management",0,1
"Siddharth Thakur","IT Infrastructure Management",1,1
"Priya Agarwal","IT Infrastructure Management",1,1
"Deepak Reddy","IT Infrastructure Management",1,1
"Aman Jain","IT Infrastructure Management",0,1
"Siddharth Dubey","IT Infrastructure Management",1,1
"Mohit Kapoor","IT Infrastructure Management",1,1
"Sneha Iyer","IT Infrastructure Management",1,1
"Ananya Nair","IT Infrastructure Management",1,1
"Deepak Iyer","IT Infrastructure Management",1,1
"Mohit Pandey","IT Infrastructure Management",1,1
"Varun Sharma","IT Infrastructure Management",1,1
"Aarav Ghosh","IT Infrastructure Management",0,1
"Ritika Mehta","IT Infrastructure Management",1,1
"Sai Das","IT Infrastructure Management",1,1
"Arjun Rao","IT Infrastructure Management",1,1
"Aditya Thakur","IT Infrastructure Management",1,1
"Meera Bansal","IT Infrastructure Management",1,1
"Priya Ghosh","IT Infrastructure Management",1,1
"Sneha Menon","IT Infrastructure Management",1,1
"Rohan Agarwal","IT Infrastructure Management",1,1
"Sneha Joshi","IT Infrastructure Management",1,1
"Diya Dubey","IT Infrastructure Management",1,1
"Aman Verma","IT Infrastructure Management",1,1
"Arjun Jain","IT Infrastructure Management",1,1
"Yash Das","IT Infrastructure Management",0,2
"Nikhil Choudhary","IT Infrastructure Management",1,1
"Krishna Das","IT Infrastructure Management",1,1
"Vivaan Khanna","IT Infrastructure Management",1,1
"Rahul Khanna","IT Infrastructure Management",1,1
"Yash Rao","IT Infrastructure Management",1,1
"Rohan Mehta","IT Infrastructure Management",0,1
"Sneha Kapoor","IT Infrastructure Management",0,1
"Aman Gupta","IT Infrastructure Management",1,1
"Priya Sharma","IT Infrastructure Management",1,1
"Meera Rao","IT Infrastructure Management",1,1
"Manav Agarwal","IT Infrastructure Management",1,1
"Ishaan Kapoor","IT Infrastructure Management",1,1
"Aman Patel","IT Infrastructure Management",0,1
"Rohan Ghosh","IT Infrastructure Management",1,1
"Meera Reddy","IT Infrastructure Management",1,1
"Pooja Jain","IT Infrastructure Management",1,1
"Deepak Patel","IT Infrastructure Management",1,1
"Om Nair","IT Infrastructure Management",1,1
"Dev Choudhary","IT Infrastructure Management",1,1
"Pooja Gupta","IT Infrastructure Management",1,1
"Aarav Mehta","IT Infrastructure Management",1,1
"Kavya Rao","IT Infrastructure Management",1,1
"Aarav Dubey","IT Infrastructure Management",1,1
"Nikhil Mehta","IT Infrastructure Management",1,1
"Pooja Khanna","IT Infrastructure Management",1,1
"Neha Choudhary","IT Infrastructure Management",0,1
"Meera Patel","IT Infrastructure Management",1,1
"Ishaan Rao","IT Infrastructure Management",1,1
"Aman Agarwal","Internet of Things",1,1
"Arjun Verma","Internet of Things",0,1
"Aditi Joshi","Internet of Things",1,2
"Deepak Choudhary","Internet of Things",1,1
"Priya Dubey","Internet of Things",1,2
"Priya Verma","Internet of Things",1,1
"Aditya Verma","Internet of Things",1,1
"Neha Menon","Internet of Things",1,1
"Diya Ghosh","Internet of Things",0,1
"Aditi Rao","Internet of Things",1,1
"Pooja Agarwal","Internet of Things",3,3
"Yash Thakur","Internet of Things",1,2
"Rohan Sinha","Internet of Things",0,1
"Tanmay Kapoor","Internet of Things",1,1
"Siddharth Agarwal","Internet of Things",1,1
"Om Kapoor","Internet of Things",1,1
"Yash Joshi","Internet of Things",3,4
"Dev Patel","Internet of Things",2,2
"Ananya Joshi","Internet of Things",2,2
"Aditi Sharma","Internet of Things",1,2
"Yash Sharma","Internet of Things",0,1
"Mohit Jain","Internet of Things",1,1
"Kavya Menon","Internet of Things",1,2
"Ritesh Sharma","Internet of Things",1,1
"Deepak Pandey","Internet of Things",2,2
"Ishaan Menon","Internet of Things",1,1
"Ritesh Sinha","Internet of Things",0,1
"Yash Rao","Internet of Things",1,1
"Nikhil Sharma","Internet of Things",0,1
"Kavya Khanna","Internet of Things",1,1
"Rohan Choudhary","Internet of Things",1,1
"Arjun Das","Internet of Things",1,1
"Yash Das","Internet of Things",1,1
"Deepak Jain","Internet of Things",1,1
"Tanmay Khanna","Internet of Things",1,1
"Aman Patel","Internet of Things",1,1
"Neha Choudhary","Internet of Things",1,1
"Arjun Dubey","Internet of Things",1,1
"Aarav Rao","Internet of Things",1,1
"Neha Bansal","Internet of Things",3,3
"Meera Khanna","Internet of Things",0,1
"Meera Menon","Internet of Things",1,1
"Manav Khanna","Internet of Things",1,1
"Sai Iyer","Internet of Things",2,2
"Manav Agarwal","Internet of Things",1,1
"Diya Das","Internet of Things",1,1
"Ritesh Choudhary","Internet of Things",1,2
"Pooja Kapoor","Internet of Things",1,1
"Sai Rao","Internet of Things",1,1
"Krishna Iyer","Internet of Things",1,1
"Neha Gupta","Internet of Things",1,1
"Priya Jain","Internet of Things",1,2
"Aman Gupta","Internet of Things",1,1
"Kunal Bansal","Internet of Things",1,1
"Mohit Menon","Internet of Things",2,2
"Aarav Bansal","Internet of Things",1,1
"Pooja Pandey","Internet of Things",1,1
"Ritika Bansal","Internet of Things",1,1
"Rahul Nair","Internet of Things",2,2
"Aarav Choudhary","Internet of Things",1,1
"Aarav Jain","Internet of Things",1,1
"Pooja Iyer","Internet of Things",2,3
"Meera Verma","Internet of Things",3,3
"Aarav Pandey","Internet of Things",1,1
"Rohan Patel","Internet of Things",1,1
"Deepak Mehta","Internet of Things",1,1
"Ritika Menon","Internet of Things",1,1
"Neha Sharma","Internet of Things",1,2
"Kunal Verma","Internet of Things",1,1
"Rahul Das","Internet of Things",1,1
"Aarav Patel","Internet of Things",2,2
"Meera Bansal","Internet of Things",1,1
"Aman Nair","Internet of Things",1,1
"Pooja Rao","Internet of Things",1,1
"Ishaan Gupta","Internet of Things",1,1
"Varun Joshi","Internet of Things",2,2
"Vivaan Reddy","Internet of Things",2,2
"Priya Agarwal","Internet of Things",0,1
"Rahul Gupta","Internet of Things",0,1
"Vivaan Iyer","Internet of Things",1,1
"Ritesh Khanna","Internet of Things",1,1
"Varun Sinha","Internet of Things",1,1
"Ritika Jain","Internet of Things",1,1
"Aditi Patel","Internet of Things",1,1
"Arjun Khanna","Internet of Things",1,2
"Kunal Khanna","Internet of Things",1,1
"Sneha Dubey","Internet of Things",1,1
"Pooja Sharma","Internet of Things",1,1
"Kavya Dubey","Internet of Things",1,1
"Aarav Kapoor","Internet of Things",1,1
"Vivaan Mehta","Internet of Things",1,1
"Neha Jain","Internet of Things",1,1
"Siddharth Gupta","Internet of Things",1,1
"Aarav Sharma","Internet of Things",1,1
"Dev Jain","Internet of Things",2,2
"Ishaan Thakur","Internet of Things",1,1
"Aditi Bansal","Internet of Things",1,1
"Varun Rao","Internet of Things",1,1
"Siddharth Sharma","Internet of Things",1,1
"Rohan Gupta","Internet of Things",1,1
"Neha Mehta","Internet of Things",1,1
"Mohit Bansal","Internet of Things",1,1
"Priya Sharma","Internet of Things",0,1
"Ishaan Joshi","Internet of Things",1,1
"Kavya Das","Internet of Things",1,1
"Sai Jain","Internet of Things",1,1
"Vivaan Patel","Internet of Things",0,1
"Ananya Kapoor","Internet of Things",1,1
"Neha Dubey","Internet of Things",1,1
"Harsh Choudhary","Internet of Things",1,1
"Kunal Ghosh","Internet of Things",0,1
"Nikhil Mehta","Internet of Things",1,1
"Kunal Nair","Internet of Things",1,1
"Aarav Khanna","Internet of Things",1,1
"Krishna Mehta","Internet of Things",1,1
"Aditya Iyer","Internet of Things",1,1
"Dev Menon","Internet of Things",1,1
"Diya Iyer","Internet of Things",1,1
"Diya Verma","Internet of Things",1,1
"Rohan Jain","Internet of Things",1,1
"Harsh Khanna","Internet of Things",1,1
"Diya Mehta","Internet of Things",2,2
"Ishaan Rao","Internet of Things",1,1
"Neha Iyer","Internet of Things",1,1
"Nikhil Sinha","Internet of Things",0,1
"Nikhil Das","Internet of Things",1,1
"Aditi Sinha","Internet of Things",1,1
"Sai Kapoor","Operating Systems",0,1
"Manav Kapoor","Operating Systems",1,1
"Arjun Das","Operating Systems",1,1
"Siddharth Pandey","Operating Systems",1,1
"Sai Das","Operating Systems",1,2
"Aditi Gupta","Operating Systems",1,1
"Sneha Mehta","Operating Systems",1,1
"Aditya Verma","Operating Systems",1,1
"Sneha Sinha","Operating Systems",3,3
"Mohit Pandey","Operating Systems",1,2
"Aditya Dubey","Operating Systems",1,1
"Deepak Iyer","Operating Systems",2,2
"Kunal Mehta","Operating Systems",1,2
"Yash Joshi","Operating Systems",1,1
"Aman Menon","Operating Systems",1,2
"Manav Agarwal","Operating Systems",1,2
"Diya Sinha","Operating Systems",1,1
"Arjun Verma","Operating Systems",1,1
"Ishaan Patel","Operating Systems",1,1
"Arjun Agarwal","Operating Systems",1,1
"Yash Verma","Operating Systems",2,2
"Aditya Thakur","Operating Systems",0,1
"Ananya Sinha","Operating Systems",3,3
"Pooja Choudhary","Operating Systems",2,2
"Harsh Sharma","Operating Systems",1,1
"Ananya Verma","Operating Systems",1,1
"Aarav Pandey","Operating Systems",1,1
"Ishaan Pandey","Operating Systems",1,1
"Dev Gupta","Operating Systems",1,1
"Pooja Rao","Operating Systems",1,1
"Aarav Jain","Operating Systems",1,1
"Yash Khanna","Operating Systems",1,1
"Ananya Joshi","Operating Systems",1,1
"Ritesh Menon","Operating Systems",2,2
"Dev Iyer","Operating Systems",1,1
"Kavya Mehta","Operating Systems",1,1
"Manav Gupta","Operating Systems",1,1
"Krishna Mehta","Operating Systems",1,1
"Aman Mehta","Operating Systems",0,1
"Harsh Mehta","Operating Systems",2,3
"Priya Kapoor","Operating Systems",0,1
"Ananya Thakur","Operating Systems",2,2
"Aditya Reddy","Operating Systems",2,3
"Tanmay Rao","Operating Systems",1,1
"Aditya Joshi","Operating Systems",1,1
"Krishna Jain","Operating Systems",0,1
"Manav Jain","Operating Systems",5,5
"Ananya Choudhary","Operating Systems",1,1
"Neha Mehta","Operating Systems",1,1
"Varun Dubey","Operating Systems",1,1
"Krishna Agarwal","Operating Systems",1,1
"Kunal Choudhary","Operating Systems",2,2
"Pooja Thakur","Operating Systems",1,1
"Rohan Mehta","Operating Systems",1,1
"Ritika Khanna","Operating Systems",1,1
"Tanmay Iyer","Operating Systems",1,1
"Dev Menon","Operating Systems",0,1
"Deepak Reddy","Operating Systems",1,2
"Ritika Dubey","Operating Systems",1,1
"Vivaan Nair","Operating Systems",0,1
"Dev Thakur","Operating Systems",4,4
"Aditi Bansal","Operating Systems",0,1
"Rohan Das","Operating Systems",2,3
"Harsh Joshi","Operating Systems",1,1
"Aarav Sinha","Operating Systems",0,1
"Ritika Pandey","Operating Systems",0,1
"Pooja Bansal","Operating Systems",1,1
"Kavya Thakur","Operating Systems",1,1
"Kavya Bansal","Operating Systems",1,2
"Ritesh Rao","Operating Systems",2,2
"Tanmay Patel","Operating Systems",1,1
"Aditya Mehta","Operating Systems",1,1
"Om Mehta","Operating Systems",1,1
"Arjun Sharma","Operating Systems",1,1
"Om Das","Operating Systems",2,2
"Mohit Reddy","Operating Systems",1,1
"Krishna Sharma","Operating Systems",1,1
"Meera Das","Operating Systems",1,1
"Om Nair","Operating Systems",0,1
"Krishna Patel","Operating Systems",1,1
"Kavya Dubey","Operating Systems",1,1
"Siddharth Das","Operating Systems",2,2
"Kunal Agarwal","Operating Systems",0,1
"Sneha Jain","Operating Systems",1,1
"Meera Mehta","Operating Systems",1,1
"Tanmay Nair","Operating Systems",0,1
"Tanmay Pandey","Operating Systems",1,1
"Rohan Choudhary","Operating Systems",1,1
"Rahul Choudhary","Operating Systems",0,1
"Ritesh Joshi","Operating Systems",1,1
"Ritika Verma","Operating Systems",1,1
"Yash Sharma","Operating Systems",0,2
"Aditi Joshi","Operating Systems",1,1
"Ritesh Iyer","Operating Systems",1,1
"Diya Choudhary","Operating Systems",2,2
"Sneha Choudhary","Operating Systems",1,1
"Priya Bansal","Operating Systems",1,1
"Sai Reddy","Operating Systems",1,1
"Kavya Reddy","Operating Systems",0,1
"Ritika Bansal","Operating Systems",2,2
"Ritika Jain","Operating Systems",0,1
"Aarav Sharma","Operating Systems",1,1
"Ananya Khanna","Operating Systems",0,1
"Deepak Rao","Operating Systems",1,1
"Krishna Bansal","Operating Systems",1,1
"Nikhil Ghosh","Operating Systems",2,2
"Harsh Sinha","Operating Systems",2,2
"Yash Das","Operating Systems",1,1
"Ananya Reddy","Operating Systems",0,1
"Ritesh Choudhary","Operating Systems",1,1
"Diya Patel","Operating Systems",1,1
"Ishaan Verma","Operating Systems",1,1
"Yash Agarwal","Operating Systems",1,1
"Meera Reddy","Operating Systems",0,1
"Dev Nair","Operating Systems",1,1
"Vivaan Das","Operating Systems",1,1
"Aman Thakur","Operating Systems",1,1
"Sai Ghosh","Operating Systems",1,1
"Yash Pandey","Operating Systems",1,1
"Dev Joshi","Operating Systems",0,1
"Neha Gupta","Operating Systems",1,1
"Aman Rao","IT Auditing",1,1
"Yash Agarwal","IT Auditing",1,1
"Meera Khanna","IT Auditing",1,1
"Rahul Choudhary","IT Auditing",1,1
"Rohan Rao","IT Auditing",1,1
"Varun Joshi","IT Auditing",1,1
"Priya Kapoor","IT Auditing",1,1
"Neha Thakur","IT Auditing",1,2
"Manav Ghosh","IT Auditing",2,2
"Pooja Pandey","IT Auditing",2,2
"Ananya Ghosh","IT Auditing",1,1
"Krishna Verma","IT Auditing",1,1
"Rahul Verma","IT Auditing",1,1
"Siddharth Mehta","IT Auditing",2,3
"Siddharth Nair","IT Auditing",1,1
"Tanmay Nair","IT Auditing",1,1
"Vivaan Sinha","IT Auditing",0,1
"Ishaan Nair","IT Auditing",0,2
"Tanmay Bansal","IT Auditing",0,1
"Kunal Dubey","IT Auditing",1,1
"Aman Iyer","IT Auditing",1,1
"Siddharth Ghosh","IT Auditing",1,1
"Harsh Sharma","IT Auditing",1,1
"Aman Khanna","IT Auditing",1,1
"Sneha Kapoor","IT Auditing",2,2
"Meera Menon","IT Auditing",0,1
"Ritika Jain","IT Auditing",1,1
"Ritika Nair","IT Auditing",2,2
"Varun Verma","IT Auditing",1,1
"Siddharth Thakur","IT Auditing",1,1
"Deepak Gupta","IT Auditing",0,1
"Ritika Mehta","IT Auditing",3,3
"Sai Nair","IT Auditing",0,1
"Manav Menon","IT Auditing",1,1
"Tanmay Mehta","IT Auditing",1,1
"Kavya Thakur","IT Auditing",2,2
"Varun Jain","IT Auditing",1,1
"Neha Kapoor","IT Auditing",2,2
"Aarav Jain","IT Auditing",1,1
"Aditi Nair","IT Auditing",2,2
"Pooja Khanna","IT Auditing",1,1
"Ananya Choudhary","IT Auditing",0,1
"Arjun Gupta","IT Auditing",1,2
"Priya Nair","IT Auditing",1,1
"Mohit Rao","IT Auditing",1,1
"Siddharth Reddy","IT Auditing",1,1
"Arjun Agarwal","IT Auditing",1,1
"Tanmay Menon","IT Auditing",2,2
"Aman Choudhary","IT Auditing",1,1
"Sai Choudhary","IT Auditing",0,1
"Meera Thakur","IT Auditing",1,1
"Aditya Thakur","IT Auditing",1,1
"Meera Pandey","IT Auditing",0,2
"Neha Agarwal","IT Auditing",2,2
"Aman Das","IT Auditing",2,2
"Aarav Sinha","IT Auditing",2,2
"Sneha Sinha","IT Auditing",1,1
"Aditi Jain","IT Auditing",1,1
"Vivaan Kapoor","IT Auditing",1,3
"Krishna Joshi","IT Auditing",2,2
"Siddharth Dubey","IT Auditing",1,1
"Dev Verma","IT Auditing",0,1
"Priya Reddy","IT Auditing",1,1
"Rahul Das","IT Auditing",1,1
"Aditya Dubey","IT Auditing",1,1
"Deepak Iyer","IT Auditing",1,1
"Deepak Das","IT Auditing",2,2
"Ishaan Verma","IT Auditing",1,1
"Yash Patel","IT Auditing",2,2
"Ishaan Ghosh","IT Auditing",1,2
"Vivaan Ghosh","IT Auditing",1,1
"Rahul Agarwal","IT Auditing",1,1
"Mohit Ghosh","IT Auditing",2,2
"Aditi Agarwal","IT Auditing",1,1
"Siddharth Jain","IT Auditing",1,1
"Rohan Jain","IT Auditing",0,1
"Manav Joshi","IT Auditing",0,1
"Aditi Pandey","IT Auditing",2,2
"Neha Rao","IT Auditing",1,1
"Om Reddy","IT Auditing",1,2
"Om Joshi","IT Auditing",0,1
"Meera Jain","IT Auditing",1,2
"Deepak Khanna","IT Auditing",1,1
"Pooja Dubey","IT Auditing",1,1
"Harsh Joshi","IT Auditing",1,1
"Varun Khanna","IT Auditing",2,2
"Kunal Das","IT Auditing",1,1
"Tanmay Agarwal","IT Auditing",1,2
"Dev Gupta","IT Auditing",1,1
"Sai Das","IT Auditing",1,1
"Aarav Kapoor","IT Auditing",1,1
"Dev Menon","IT Auditing",2,2
"Om Choudhary","IT Auditing",1,1
"Yash Reddy","IT Auditing",1,1
"Sai Verma","IT Auditing",0,1
"Tanmay Reddy","IT Auditing",0,1
"Aditi Bansal","IT Auditing",1,1
"Neha Reddy","IT Auditing",1,1
"Harsh Khanna","IT Auditing",1,1
"Meera Gupta","IT Auditing",0,1
"Manav Sharma","IT Auditing",1,1
"Siddharth Pandey","IT Auditing",1,1
"Ishaan Patel","IT Auditing",1,1
"Nikhil Agarwal","IT Auditing",1,1
"Dev Joshi","IT Auditing",1,1
"Kunal Choudhary","IT Auditing",1,1
"Aditya Choudhary","IT Auditing",1,1
"Ritesh Iyer","IT Auditing",1,1
"Nikhil Kapoor","IT Auditing",1,1
"Dev Sharma","IT Auditing",1,1
"Ritika Thakur","IT Auditing",0,1
"Siddharth Sinha","IT Auditing",1,1
"Dev Mehta","IT Auditing",1,1
"Arjun Pandey","IT Auditing",0,1
"Ritesh Joshi","IT Auditing",0,1
"Kunal Joshi","IT Auditing",1,1
"Harsh Iyer","IT Auditing",1,1
"Pooja Menon","IT Auditing",1,1
"Siddharth Kapoor","IT Auditing",1,1
"Deepak Sinha","IT Auditing",1,1
"Ananya Khanna","IT Auditing",0,1
"Ananya Gupta","IT Auditing",1,1
"Manav Khanna","IT Auditing",1,1
"Ritesh Verma","IT Auditing",1,1
"Deepak Agarwal","IT Auditing",1,1
"Krishna Ghosh","IT Auditing",0,1
"Ritesh Menon","IT Auditing",1,1
"Deepak Ghosh","IT Auditing",1,1
"Priya Das","IT Auditing",1,1
"Ritesh Choudhary","IT Auditing",1,1
"Meera Mehta","IT Auditing",1,1
"Yash Menon","Web Technologies",1,1
"Ritika Das","Web Technologies",0,1
"Om Sinha","Web Technologies",1,1
"Om Menon","Web Technologies",1,1
"Aman Ghosh","Web Technologies",3,3
"Tanmay Dubey","Web Technologies",2,2
"Nikhil Gupta","Web Technologies",2,2
"Ritika Kapoor","Web Technologies",1,1
"Siddharth Bansal","Web Technologies",2,2
"Manav Dubey","Web Technologies",1,1
"Rohan Choudhary","Web Technologies",1,1
"Aditya Agarwal","Web Technologies",1,1
"Aarav Ghosh","Web Technologies",1,1
"Pooja Joshi","Web Technologies",2,3
"Harsh Kapoor","Web Technologies",2,2
"Vivaan Iyer","Web Technologies",1,1
"Ananya Iyer","Web Technologies",1,1
"Varun Patel","Web Technologies",2,2
"Om Patel","Web Technologies",0,1
"Aarav Agarwal","Web Technologies",1,1
"Rohan Das","Web Technologies",1,1
"Siddharth Rao","Web Technologies",1,1
"Ritika Khanna","Web Technologies",2,3
"Manav Gupta","Web Technologies",1,1
"Sai Patel","Web Technologies",0,1
"Priya Nair","Web Technologies",1,1
"Sneha Thakur","Web Technologies",2,2
"Tanmay Nair","Web Technologies",1,1
"Neha Verma","Web Technologies",1,2
"Varun Rao","Web Technologies",0,1
"Yash Jain","Web Technologies",1,1
"Ritika Jain","Web Technologies",1,1
"Aditi Das","Web Technologies",2,2
"Vivaan Reddy","Web Technologies",1,1
"Yash Dubey","Web Technologies",2,2
"Rohan Reddy","Web Technologies",1,2
"Kunal Thakur","Web Technologies",1,1
"Deepak Jain","Web Technologies",0,1
"Priya Verma","Web Technologies",1,1
"Rahul Nair","Web Technologies",1,1
"Deepak Dubey","Web Technologies",1,1
"Ishaan Jain","Web Technologies",1,1
"Priya Agarwal","Web Technologies",1,2
"Aditi Patel","Web Technologies",1,1
"Nikhil Rao","Web Technologies",1,1
"Aditi Mehta","Web Technologies",1,1
"Ishaan Verma","Web Technologies",1,1
"Priya Das","Web Technologies",1,1
"Rohan Rao","Web Technologies",2,2
"Yash Agarwal","Web Technologies",1,1
"Neha Nair","Web Technologies",1,1
"Ritesh Verma","Web Technologies",3,3
"Ritika Verma","Web Technologies",0,1
"Dev Iyer","Web Technologies",0,1
"Ritika Patel","Web Technologies",0,1
"Sai Sinha","Web Technologies",1,1
"Manav Das","Web Technologies",1,1
"Sneha Sinha","Web Technologies",1,1
"Harsh Verma","Web Technologies",0,1
"Priya Iyer","Web Technologies",1,1
"Aman Dubey","Web Technologies",1,1
"Neha Ghosh","Web Technologies",1,1
"Aman Verma","Web Technologies",1,1
"Diya Kapoor","Web Technologies",2,2
"Om Bansal","Web Technologies",1,1
"Sai Mehta","Web Technologies",2,2
"Sai Menon","Web Technologies",0,1
"Aarav Dubey","Web Technologies",1,1
"Sneha Rao","Web Technologies",1,1
"Mohit Nair","Web Technologies",0,1
"Siddharth Kapoor","Web Technologies",1,1
"Deepak Khanna","Web Technologies",1,1
"Mohit Pandey","Web Technologies",1,1
"Kunal Dubey","Web Technologies",1,1
"Pooja Rao","Web Technologies",1,2
"Kavya Sharma","Web Technologies",1,1
"Diya Verma","Web Technologies",0,1
"Ananya Rao","Web Technologies",1,1
"Om Thakur","Web Technologies",1,1
"Pooja Jain","Web Technologies",0,1
"Pooja Sharma","Web Technologies",1,1
"Rahul Bansal","Web Technologies",0,1
"Om Nair","Web Technologies",1,1
"Kavya Reddy","Web Technologies",1,1
"Manav Nair","Web Technologies",1,1
"Siddharth Reddy","Web Technologies",1,1
"Kavya Ghosh","Web Technologies",2,2
"Yash Reddy","Web Technologies",1,1
"Dev Patel","Web Technologies",1,1
"Ishaan Nair","Web Technologies",1,1
"Arjun Sharma","Web Technologies",0,1
"Meera Iyer","Web Technologies",1,2
"Siddharth Mehta","Web Technologies",1,1
"Sneha Iyer","Web Technologies",1,1
"Vivaan Sinha","Web Technologies",1,1
"Vivaan Ghosh","Web Technologies",1,1
"Kunal Sinha","Web Technologies",1,1
"Rahul Iyer","Web Technologies",1,1
"Varun Sinha","Web Technologies",0,1
"Krishna Iyer","Web Technologies",1,1
"Aditi Kapoor","Web Technologies",1,1
"Harsh Mehta","Web Technologies",0,1
"Nikhil Mehta","Web Technologies",1,1
"Tanmay Reddy","Web Technologies",1,1
"Sneha Dubey","Web Technologies",0,1
"Harsh Sharma","Web Technologies",0,1
"Kunal Menon","Web Technologies",1,1
"Neha Patel","Web Technologies",2,2
"Sneha Gupta","Web Technologies",1,1
"Krishna Sharma","Web Technologies",1,1
"Ritesh Menon","Web Technologies",0,1
"Manav Thakur","Web Technologies",1,1
"Siddharth Jain","Web Technologies",0,1
"Mohit Choudhary","Web Technologies",1,1
"Harsh Sinha","Web Technologies",1,1
"Aditi Khanna","Web Technologies",1,1
"Priya Kapoor","Web Technologies",1,1
"Yash Das","Web Technologies",1,1
"Harsh Dubey","Web Technologies",1,1
"Krishna Joshi","Web Technologies",2,2
"Arjun Menon","Web Technologies",1,1
"Ritika Menon","Web Technologies",0,1
"Tanmay Kapoor","Web Technologies",1,1
"Varun Verma","Web Technologies",1,1
"Mohit Das","Web Technologies",1,1
"Aditi Rao","Web Technologies",0,1
"Harsh Nair","Web Technologies",1,1
"Krishna Dubey","Web Technologies",1,1
"Aarav Patel","Web Technologies",1,1
"Om Kapoor","Web Technologies",0,1
"Meera Menon","Web Technologies",1,1
"Pooja Mehta","Web Technologies",1,1
"Krishna Pandey","Web Technologies",0,1
"Deepak Choudhary","Web Technologies",0,1
"Siddharth Sinha","Technology Consulting",1,1
"Ritesh Nair","Technology Consulting",0,1
"Aditya Bansal","Technology Consulting",1,1
"Ananya Thakur","Technology Consulting",1,1
"Aditi Das","Technology Consulting",1,1
"Harsh Reddy","Technology Consulting",2,2
"Sai Pandey","Technology Consulting",1,1
"Aditi Khanna","Technology Consulting",1,1
"Ananya Rao","Technology Consulting",1,1
"Krishna Sharma","Technology Consulting",1,1
"Rahul Pandey","Technology Consulting",1,1
"Tanmay Kapoor","Technology Consulting",1,1
"Om Rao","Technology Consulting",1,1
"Yash Reddy","Technology Consulting",1,1
"Aditi Iyer","Technology Consulting",1,1
"Aman Sharma","Technology Consulting",2,2
"Sneha Choudhary","Technology Consulting",1,1
"Varun Das","Technology Consulting",1,1
"Ritesh Khanna","Technology Consulting",1,2
"Ishaan Choudhary","Technology Consulting",1,1
"Ritika Reddy","Technology Consulting",2,2
"Meera Nair","Technology Consulting",1,1
"Sai Jain","Technology Consulting",1,1
"Aditi Thakur","Technology Consulting",1,1
"Ishaan Jain","Technology Consulting",1,1
"Ishaan Joshi","Technology Consulting",1,1
"Kunal Rao","Technology Consulting",1,1
"Aditi Reddy","Technology Consulting",1,1
"Ananya Iyer","Technology Consulting",1,1
"Vivaan Ghosh","Technology Consulting",1,1
"Mohit Agarwal","Technology Consulting",1,1
"Ritesh Verma","Technology Consulting",0,1
"Ritika Patel","Technology Consulting",0,1
"Rohan Sharma","Technology Consulting",1,1
"Kavya Pandey","Technology Consulting",1,1
"Dev Khanna","Technology Consulting",1,1
"Aditya Gupta","Technology Consulting",1,1
"Manav Nair","Technology Consulting",2,2
"Vivaan Iyer","Technology Consulting",1,1
"Dev Pandey","Technology Consulting",1,1
"Yash Bansal","Technology Consulting",1,1
"Mohit Nair","Technology Consulting",1,1
"Aditya Nair","Technology Consulting",1,1
"Meera Choudhary","Technology Consulting",0,1
"Priya Joshi","Technology Consulting",0,1
"Priya Kapoor","Technology Consulting",1,1
"Deepak Ghosh","Technology Consulting",1,1
"Aditi Pandey","Technology Consulting",1,1
"Aman Thakur","Technology Consulting",0,1
"Yash Pandey","Technology Consulting",2,2
"Krishna Mehta","Technology Consulting",0,1
"Manav Ghosh","Technology Consulting",1,1
"Rohan Sinha","Technology Consulting",1,1
"Aman Sinha","Technology Consulting",1,1
"Arjun Agarwal","Technology Consulting",1,1
"Aarav Agarwal","Technology Consulting",1,1
"Siddharth Ghosh","Technology Consulting",1,1
"Aarav Jain","Technology Consulting",1,1
"Manav Sinha","Technology Consulting",1,1
"Deepak Joshi","Technology Consulting",1,1
"Krishna Rao","Technology Consulting",1,1
"Deepak Das","Technology Consulting",1,1
"Manav Patel","Technology Consulting",0,1
"Om Gupta","Technology Consulting",1,1
"Krishna Patel","Technology Consulting",1,1
"Meera Agarwal","Technology Consulting",1,2
"Harsh Verma","Technology Consulting",2,2
"Kavya Reddy","Technology Consulting",1,1
"Krishna Verma","Technology Consulting",1,1
"Meera Sinha","Technology Consulting",1,1
"Dev Ghosh","Technology Consulting",0,1
"Ritika Kapoor","Technology Consulting",1,1
"Aditi Patel","Technology Consulting",2,2
"Dev Menon","Technology Consulting",0,1
"Meera Sharma","Technology Consulting",1,1
"Tanmay Reddy","Technology Consulting",1,1
"Kavya Agarwal","Technology Consulting",0,1
"Kavya Kapoor","Technology Consulting",1,1
"Kavya Ghosh","Technology Consulting",1,1
"Ritesh Bansal","Technology Consulting",1,1
"Kavya Dubey","Technology Consulting",1,1
"Pooja Pandey","Technology Consulting",1,1
"Om Verma","Technology Consulting",1,1
"Ananya Sinha","Technology Consulting",1,1
"Ritesh Joshi","Technology Consulting",1,1
"Neha Jain","Technology Consulting",1,1
"Rohan Das","Technology Consulting",1,1
"Neha Pandey","Technology Consulting",0,1
"Ritesh Jain","Technology Consulting",1,2
"Ishaan Mehta","Technology Consulting",1,1
"Harsh Nair","Technology Consulting",1,1
"Aditya Jain","Technology Consulting",1,1
"Vivaan Joshi","Technology Consulting",1,1
"Krishna Thakur","Technology Consulting",1,1
"Varun Patel","Technology Consulting",1,1
"Arjun Choudhary","Technology Consulting",1,1
"Ritesh Iyer","Technology Consulting",1,1
"Aarav Khanna","Technology Consulting",1,1
"Aditi Bansal","Technology Consulting",0,1
"Yash Rao","Technology Consulting",0,1
"Meera Joshi","Technology Consulting",1,1
"Nikhil Reddy","Technology Consulting",0,1
"Mohit Verma","Technology Consulting",0,1
"Krishna Choudhary","Technology Consulting",1,1
"Nikhil Sinha","Technology Consulting",1,1
"Kavya Choudhary","Technology Consulting",1,1
"Deepak Dubey","Technology Consulting",1,1
"Neha Nair","Technology Consulting",1,1
"Rahul Gupta","Mobile Computing",3,3
"Ritesh Sinha","Mobile Computing",1,1
"Varun Rao","Mobile Computing",0,1
"Rohan Sinha","Mobile Computing",1,1
"Om Kapoor","Mobile Computing",1,1
"Ananya Kapoor","Mobile Computing",2,2
"Dev Das","Mobile Computing",1,1
"Mohit Jain","Mobile Computing",1,1
"Krishna Gupta","Mobile Computing",1,1
"Mohit Ghosh","Mobile Computing",0,1
"Deepak Ghosh","Mobile Computing",1,1
"Varun Pandey","Mobile Computing",1,1
"Aman Choudhary","Mobile Computing",2,2
"Rohan Dubey","Mobile Computing",1,2
"Aditi Nair","Mobile Computing",1,1
"Tanmay Sinha","Mobile Computing",1,1
"Kunal Khanna","Mobile Computing",1,1
"Rohan Joshi","Mobile Computing",2,2
"Kunal Gupta","Mobile Computing",1,1
"Priya Ghosh","Mobile Computing",1,1
"Mohit Rao","Mobile Computing",1,1
"Aditya Das","Mobile Computing",0,1
"Aditi Patel","Mobile Computing",1,1
"Aditi Khanna","Mobile Computing",1,1
"Varun Sinha","Mobile Computing",1,3
"Neha Agarwal","Mobile Computing",1,2
"Meera Thakur","Mobile Computing",1,2
"Mohit Kapoor","Mobile Computing",1,1
"Tanmay Choudhary","Mobile Computing",1,1
"Nikhil Bansal","Mobile Computing",1,1
"Tanmay Gupta","Mobile Computing",1,1
"Kavya Patel","Mobile Computing",2,2
"Manav Ghosh","Mobile Computing",1,1
"Om Verma","Mobile Computing",1,1
"Aditi Thakur","Mobile Computing",1,1
"Arjun Iyer","Mobile Computing",1,1
"Tanmay Dubey","Mobile Computing",2,2
"Arjun Mehta","Mobile Computing",1,2
"Ritesh Reddy","Mobile Computing",1,1
"Dev Verma","Mobile Computing",2,2
"Meera Choudhary","Mobile Computing",1,1
"Varun Sharma","Mobile Computing",1,3
"Sneha Ghosh","Mobile Computing",0,1
"Priya Kapoor","Mobile Computing",1,1
"Ritesh Menon","Mobile Computing",1,1
"Ishaan Thakur","Mobile Computing",1,1
"Dev Ghosh","Mobile Computing",1,2
"Diya Menon","Mobile Computing",1,1
"Rohan Sharma","Mobile Computing",2,2
"Aman Khanna","Mobile Computing",1,1
"Ishaan Bansal","Mobile Computing",1,1
"Nikhil Pandey","Mobile Computing",1,1
"Krishna Verma","Mobile Computing",0,1
"Krishna Dubey","Mobile Computing",1,1
"Manav Iyer","Mobile Computing",2,2
"Diya Mehta","Mobile Computing",0,1
"Meera Iyer","Mobile Computing",1,1
"Sneha Sharma","Mobile Computing",1,1
"Aditya Joshi","Mobile Computing",1,1
"Ananya Nair","Mobile Computing",1,1
"Vivaan Reddy","Mobile Computing",0,1
"Mohit Agarwal","Mobile Computing",1,1
"Varun Patel","Mobile Computing",1,1
"Yash Bansal","Mobile Computing",0,1
"Meera Ghosh","Mobile Computing",1,1
"Pooja Bansal","Mobile Computing",2,2
"Neha Das","Mobile Computing",0,1
"Mohit Iyer","Mobile Computing",1,1
"Harsh Sinha","Mobile Computing",1,1
"Kunal Agarwal","Mobile Computing",1,1
"Yash Khanna","Mobile Computing",0,1
"Ritika Choudhary","Mobile Computing",1,1
"Aditi Rao","Mobile Computing",0,1
"Manav Kapoor","Mobile Computing",1,1
"Om Sharma","Mobile Computing",1,1
"Nikhil Dubey","Mobile Computing",2,2
"Sneha Das","Mobile Computing",2,2
"Meera Patel","Mobile Computing",1,1
"Ritesh Das","Mobile Computing",1,1
"Diya Iyer","Mobile Computing",1,1
"Yash Das","Mobile Computing",2,2
"Manav Gupta","Mobile Computing",1,1
"Vivaan Das","Mobile Computing",1,1
"Aditya Khanna","Mobile Computing",1,1
"Rohan Bansal","Mobile Computing",1,1
"Manav Patel","Mobile Computing",1,1
"Aditya Agarwal","Mobile Computing",1,2
"Aditya Choudhary","Mobile Computing",1,1
"Diya Jain","Mobile Computing",1,1
"Neha Sinha","Mobile Computing",2,2
"Sneha Rao","Mobile Computing",1,1
"Ananya Jain","Mobile Computing",1,1
"Sneha Joshi","Mobile Computing",1,1
"Neha Thakur","Mobile Computing",1,1
"Aditi Das","Mobile Computing",1,1
"Ritika Iyer","Mobile Computing",0,1
"Harsh Patel","Mobile Computing",1,1
"Kunal Rao","Mobile Computing",1,1
"Aditya Sharma","Mobile Computing",1,1
"Vivaan Ghosh","Mobile Computing",0,1
"Om Sinha","Mobile Computing",0,1
"Harsh Reddy","Mobile Computing",1,1
"Priya Choudhary","Mobile Computing",1,1
"Manav Pandey","Mobile Computing",1,1
"Ritesh Gupta","Mobile Computing",1,1
"Meera Menon","Mobile Computing",1,1
"Sai Jain","Mobile Computing",0,1
"Aditi Choudhary","Mobile Computing",1,1
"Sai Khanna","Mobile Computing",1,1
"Sai Nair","Mobile Computing",1,1
"Neha Choudhary","Mobile Computing",0,1
"Nikhil Nair","Mobile Computing",1,1
"Aditi Joshi","Mobile Computing",1,1
"Ritika Thakur","Mobile Computing",1,1
"Ritesh Jain","Mobile Computing",1,1
"Vivaan Mehta","Mobile Computing",1,1
"Om Pandey","Mobile Computing",0,1
"Sneha Patel","Mobile Computing",1,1
"Ananya Sinha","Mobile Computing",1,1
"Harsh Khanna","Mobile Computing",0,1
"Sneha Jain","Mobile Computing",1,1
"Ritika Kapoor","Mobile Computing",1,1
"Aarav Das","Mobile Computing",1,1
"Sai Das","Mobile Computing",1,1
"Kavya Dubey","Mobile Computing",1,1
"Kunal Menon","Mobile Computing",1,1
"Neha Verma","Production Planning",2,2
"Vivaan Patel","Production Planning",1,1
"Pooja Agarwal","Production Planning",0,1
"Krishna Choudhary","Production Planning",1,1
"Neha Patel","Production Planning",1,1
"Siddharth Sinha","Production Planning",1,1
"Rohan Choudhary","Production Planning",1,1
"Harsh Nair","Production Planning",2,2
"Ritesh Bansal","Production Planning",0,1
"Nikhil Patel","Production Planning",1,1
"Siddharth Gupta","Production Planning",1,1
"Ananya Das","Production Planning",2,3
"Rahul Bansal","Production Planning",1,2
"Aarav Reddy","Production Planning",0,2
"Priya Rao","Production Planning",1,2
"Manav Agarwal","Production Planning",1,1
"Mohit Iyer","Production Planning",1,1
"Ishaan Verma","Production Planning",2,2
"Meera Bansal","Production Planning",1,1
"Aarav Joshi","Production Planning",0,1
"Mohit Joshi","Production Planning",1,1
"Yash Verma","Production Planning",1,1
"Sai Thakur","Production Planning",1,1
"Diya Jain","Production Planning",1,1
"Om Menon","Production Planning",1,1
"Sneha Agarwal","Production Planning",0,1
"Siddharth Pandey","Production Planning",2,2
"Aditi Kapoor","Production Planning",1,1
"Vivaan Pandey","Production Planning",0,1
"Yash Rao","Production Planning",2,2
"Nikhil Ghosh","Production Planning",1,1
"Ritesh Kapoor","Production Planning",1,1
"Priya Reddy","Production Planning",1,1
"Sai Mehta","Production Planning",2,2
"Priya Mehta","Production Planning",1,1
"Ananya Ghosh","Production Planning",2,2
"Vivaan Verma","Production Planning",1,1
"Mohit Nair","Production Planning",0,1
"Om Thakur","Production Planning",1,1
"Aarav Mehta","Production Planning",0,1
"Tanmay Nair","Production Planning",0,1
"Meera Khanna","Production Planning",1,2
"Manav Patel","Production Planning",1,1
"Arjun Menon","Production Planning",0,1
"Pooja Kapoor","Production Planning",1,2
"Krishna Rao","Production Planning",1,1
"Vivaan Choudhary","Production Planning",2,2
"Om Verma","Production Planning",1,3
"Ishaan Choudhary","Production Planning",0,1
"Sai Gupta","Production Planning",1,1
"Nikhil Agarwal","Production Planning",1,2
"Nikhil Nair","Production Planning",2,2
"Neha Reddy","Production Planning",1,1
"Manav Mehta","Production Planning",1,1
"Mohit Khanna","Production Planning",2,2
"Diya Agarwal","Production Planning",1,1
"Dev Reddy","Production Planning",1,1
"Ritika Patel","Production Planning",1,1
"Rahul Menon","Production Planning",1,1
"Harsh Joshi","Production Planning",1,1
"Rahul Reddy","Production Planning",1,2
"Manav Thakur","Production Planning",1,2
"Siddharth Mehta","Production Planning",1,1
"Siddharth Iyer","Production Planning",0,1
"Rohan Reddy","Production Planning",1,1
"Sneha Iyer","Production Planning",1,1
"Tanmay Menon","Production Planning",2,2
"Om Nair","Production Planning",1,1
"Priya Sharma","Production Planning",1,1
"Pooja Jain","Production Planning",0,1
"Neha Das","Production Planning",1,1
"Meera Nair","Production Planning",2,2
"Ritika Verma","Production Planning",1,1
"Nikhil Choudhary","Production Planning",0,1
"Kavya Agarwal","Production Planning",1,1
"Rahul Agarwal","Production Planning",1,1
"Ishaan Agarwal","Production Planning",1,1
"Pooja Sharma","Production Planning",1,1
"Mohit Das","Production Planning",1,1
"Arjun Sinha","Production Planning",1,1
"Tanmay Agarwal","Production Planning",2,2
"Pooja Khanna","Production Planning",1,1
"Manav Nair","Production Planning",1,1
"Meera Iyer","Production Planning",0,1
"Vivaan Khanna","Production Planning",0,1
"Aditya Iyer","Production Planning",1,1
"Varun Iyer","Production Planning",1,1
"Kunal Reddy","Production Planning",1,1
"Kavya Ghosh","Production Planning",1,1
"Aditi Patel","Production Planning",0,1
"Om Gupta","Production Planning",1,1
"Manav Sharma","Production Planning",0,1
"Dev Patel","Production Planning",0,1
"Kunal Patel","Production Planning",1,1
"Meera Agarwal","Production Planning",1,1
"Siddharth Thakur","Production Planning",1,1
"Ritesh Khanna","Production Planning",0,1
"Nikhil Mehta","Production Planning",1,1
"Manav Pandey","Production Planning",0,1
"Ritesh Choudhary","Production Planning",1,1
"Krishna Menon","Production Planning",1,1
"Rohan Pandey","Production Planning",1,1
"Rohan Dubey","Production Planning",1,1
"Varun Jain","Production Planning",1,1
"Vivaan Bansal","Production Planning",0,1
"Pooja Reddy","Production Planning",1,1
"Nikhil Iyer","Production Planning",1,1
"Ishaan Jain","Production Planning",0,1
"Yash Reddy","Production Planning",0,1
"Diya Rao","Production Planning",1,1
"Deepak Verma","Production Planning",1,1
"Rahul Thakur","Production Planning",0,1
"Diya Ghosh","Production Planning",1,1
"Sai Nair","Production Planning",1,1
"Sneha Bansal","Production Planning",1,1
"Kunal Pandey","Production Planning",1,1
"Sneha Rao","Production Planning",1,1
"Yash Thakur","Production Planning",1,1
"Harsh Bansal","Production Planning",2,2
"Sai Iyer","Production Planning",1,1
"Deepak Menon","Production Planning",0,1
"Mohit Menon","Production Planning",1,1
"Aditya Patel","Production Planning",0,1
"Priya Patel","Production Planning",1,1
"Neha Bansal","Production Planning",0,1
"Vivaan Joshi","Production Planning",1,1
"Tanmay Jain","Production Planning",1,1
"Aarav Jain","Production Planning",1,1
"Kunal Dubey","Production Planning",0,1
"Yash Das","Production Planning",1,1
"Om Mehta","Production Planning",0,1
"Harsh Menon","Production Planning",1,1
"Priya Sinha","Production Planning",1,1
"Arjun Pandey","Production Planning",1,1
"Tanmay Joshi","Production Planning",1,1
"Ritesh Iyer","Production Planning",1,1
"Ananya Dubey","Production Planning",2,2
"Harsh Agarwal","Production Planning",1,1
"Aman Jain","Production Planning",0,1
"Arjun Bansal","Production Planning",1,1
"Rohan Sharma","Production Planning",1,1
"Aditi Thakur","Production Planning",1,1
"Siddharth Verma","Production Planning",0,1
"Harsh Sinha","Production Planning",1,1
"Neha Kapoor","Production Planning",1,1
"Krishna Pandey","Production Planning",1,1
"Aarav Pandey","Production Planning",0,1
"Aditi Khanna","Production Planning",1,1
"Dev Sharma","Production Planning",1,1
"Aarav Thakur","Production Planning",1,1
"Rohan Patel","Production Planning",1,1
"Deepak Agarwal","Substation Engineering",1,1
"Deepak Iyer","Substation Engineering",1,1
"Tanmay Bansal","Substation Engineering",1,1
"Kunal Das","Substation Engineering",1,1
"Vivaan Reddy","Substation Engineering",1,2
"Ritesh Rao","Substation Engineering",1,2
"Aditya Mehta","Substation Engineering",2,2
"Yash Sinha","Substation Engineering",1,1
"Manav Menon","Substation Engineering",3,3
"Pooja Patel","Substation Engineering",1,1
"Meera Patel","Substation Engineering",1,2
"Arjun Gupta","Substation Engineering",1,1
"Aditya Choudhary","Substation Engineering",1,2
"Siddharth Das","Substation Engineering",1,1
"Om Ghosh","Substation Engineering",1,1
"Ritesh Khanna","Substation Engineering",1,1
"Krishna Choudhary","Substation Engineering",1,1
"Ritika Menon","Substation Engineering",2,2
"Varun Sharma","Substation Engineering",1,1
"Kunal Bansal","Substation Engineering",5,5
"Om Patel","Substation Engineering",0,1
"Om Joshi","Substation Engineering",1,1
"Meera Choudhary","Substation Engineering",1,1
"Aditi Pandey","Substation Engineering",1,1
"Pooja Sharma","Substation Engineering",2,2
"Kunal Kapoor","Substation Engineering",1,1
"Diya Agarwal","Substation Engineering",1,1
"Harsh Choudhary","Substation Engineering",1,1
"Nikhil Nair","Substation Engineering",0,2
"Tanmay Menon","Substation Engineering",1,1
"Meera Gupta","Substation Engineering",1,1
"Kunal Verma","Substation Engineering",2,2
"Meera Joshi","Substation Engineering",1,1
"Aarav Rao","Substation Engineering",2,2
"Ishaan Dubey","Substation Engineering",1,1
"Om Verma","Substation Engineering",1,1
"Varun Joshi","Substation Engineering",1,1
"Ritika Rao","Substation Engineering",1,1
"Siddharth Menon","Substation Engineering",0,1
"Ritesh Sharma","Substation Engineering",1,1
"Rahul Gupta","Substation Engineering",1,1
"Aarav Jain","Substation Engineering",1,1
"Dev Verma","Substation Engineering",1,1
"Aditi Dubey","Substation Engineering",2,2
"Ananya Gupta","Substation Engineering",1,1
"Dev Sharma","Substation Engineering",1,1
"Manav Rao","Substation Engineering",2,2
"Kavya Joshi","Substation Engineering",1,1
"Aditya Khanna","Substation Engineering",1,1
"Varun Menon","Substation Engineering",1,1
"Ritesh Patel","Substation Engineering",1,1
"Manav Choudhary","Substation Engineering",1,1
"Vivaan Patel","Substation Engineering",1,1
"Kavya Pandey","Substation Engineering",3,3
"Ishaan Thakur","Substation Engineering",2,2
"Neha Jain","Substation Engineering",2,2
"Om Jain","Substation Engineering",1,2
"Ritesh Nair","Substation Engineering",0,1
"Ananya Mehta","Substation Engineering",1,1
"Manav Sinha","Substation Engineering",1,1
"Siddharth Mehta","Substation Engineering",1,1
"Ananya Khanna","Substation Engineering",1,1
"Dev Kapoor","Substation Engineering",0,1
"Rahul Choudhary","Substation Engineering",1,1
"Diya Sharma","Substation Engineering",2,3
"Siddharth Dubey","Substation Engineering",1,1
"Rohan Nair","Substation Engineering",1,1
"Rohan Jain","Substation Engineering",2,2
"Ananya Jain","Substation Engineering",1,1
"Dev Khanna","Substation Engineering",1,1
"Nikhil Jain","Substation Engineering",1,1
"Aditya Reddy","Substation Engineering",0,1
"Sneha Thakur","Substation Engineering",1,1
"Rahul Reddy","Substation Engineering",1,1
"Harsh Jain","Substation Engineering",1,1
"Aditi Verma","Substation Engineering",1,2
"Pooja Mehta","Substation Engineering",1,1
"Kavya Patel","Substation Engineering",1,1
"Harsh Sharma","Substation Engineering",0,1
"Deepak Jain","Substation Engineering",1,1
"Sneha Verma","Substation Engineering",1,1
"Ritesh Thakur","Substation Engineering",1,1
"Dev Gupta","Substation Engineering",2,2
"Dev Menon","Substation Engineering",1,1
"Kunal Choudhary","Substation Engineering",2,2
"Siddharth Verma","Substation Engineering",1,1
"Harsh Sinha","Substation Engineering",0,1
"Nikhil Ghosh","Substation Engineering",1,1
"Kunal Joshi","Substation Engineering",1,1
"Kunal Nair","Substation Engineering",1,1
"Kunal Sinha","Substation Engineering",1,2
"Ritika Jain","Substation Engineering",0,1
"Rahul Khanna","Substation Engineering",0,1
"Siddharth Bansal","Substation Engineering",0,1
"Kunal Dubey","Substation Engineering",1,1
"Vivaan Mehta","Substation Engineering",1,1
"Meera Agarwal","Substation Engineering",1,1
"Manav Verma","Substation Engineering",0,1
"Vivaan Rao","Substation Engineering",1,1
"Tanmay Dubey","Substation Engineering",0,1
"Tanmay Khanna","Substation Engineering",1,1
"Om Sharma","Substation Engineering",1,1
"Siddharth Thakur","Substation Engineering",1,1
"Nikhil Iyer","Substation Engineering",1,1
"Mohit Thakur","Substation Engineering",1,2
"Yash Thakur","Substation Engineering",0,1
"Mohit Sharma","Substation Engineering",2,2
"Mohit Gupta","Substation Engineering",1,1
"Priya Choudhary","Substation Engineering",1,1
"Rahul Mehta","Substation Engineering",1,1
"Aditya Thakur","Substation Engineering",1,1
"Aditi Choudhary","Substation Engineering",0,1
"Manav Bansal","Substation Engineering",0,1
"Kavya Sharma","Substation Engineering",1,1
"Priya Nair","Substation Engineering",1,1
"Yash Mehta","Substation Engineering",1,1
"Tanmay Pandey","Substation Engineering",0,1
"Manav Thakur","Substation Engineering",0,1
"Diya Verma","Substation Engineering",1,1
"Varun Gupta","Substation Engineering",1,1
"Aditya Agarwal","Substation Engineering",2,2
"Mohit Verma","Substation Engineering",2,2
"Kavya Das","Substation Engineering",1,1
"Vivaan Agarwal","Substation Engineering",1,1
"Vivaan Khanna","Substation Engineering",1,1
"Ishaan Sinha","Substation Engineering",1,1
"Sneha Dubey","Substation Engineering",0,1
"Sai Iyer","Substation Engineering",1,1
"Manav Dubey","Substation Engineering",0,1
"Aarav Iyer","Substation Engineering",1,1
"Rohan Choudhary","Substation Engineering",1,1
"Pooja Jain","Substation Engineering",0,1
"Pooja Menon","Substation Engineering",1,1
"Rohan Pandey","Substation Engineering",1,1
"Aditya Patel","Substation Engineering",0,1
"Dev Nair","Substation Engineering",1,1
"Neha Bansal","Substation Engineering",0,1
"Ritesh Choudhary","Substation Engineering",1,1
"Tanmay Jain","Substation Engineering",1,1
"Sneha Jain","Substation Engineering",1,1
"Yash Das","Substation Engineering",1,1
"Yash Reddy","Automation Engineering",1,1
"Tanmay Thakur","Automation Engineering",1,2
"Aman Joshi","Automation Engineering",1,1
"Deepak Thakur","Automation Engineering",1,1
"Aarav Nair","Automation Engineering",1,2
"Ishaan Iyer","Automation Engineering",1,1
"Om Kapoor","Automation Engineering",1,1
"Aman Ghosh","Automation Engineering",0,1
"Ishaan Nair","Automation Engineering",1,1
"Kavya Mehta","Automation Engineering",0,1
"Ananya Choudhary","Automation Engineering",1,1
"Aditya Sharma","Automation Engineering",0,1
"Rahul Nair","Automation Engineering",2,2
"Rohan Choudhary","Automation Engineering",1,2
"Arjun Menon","Automation Engineering",1,1
"Diya Mehta","Automation Engineering",1,1
"Ritesh Sharma","Automation Engineering",2,2
"Ishaan Reddy","Automation Engineering",0,1
"Aditi Pandey","Automation Engineering",0,1
"Aditi Choudhary","Automation Engineering",1,1
"Harsh Choudhary","Automation Engineering",1,1
"Arjun Das","Automation Engineering",1,1
"Yash Patel","Automation Engineering",1,1
"Arjun Khanna","Automation Engineering",2,2
"Dev Reddy","Automation Engineering",2,2
"Sai Das","Automation Engineering",1,1
"Rohan Iyer","Automation Engineering",0,1
"Pooja Agarwal","Automation Engineering",1,1
"Manav Dubey","Automation Engineering",1,1
"Kunal Das","Automation Engineering",1,2
"Ishaan Mehta","Automation Engineering",1,1
"Arjun Jain","Automation Engineering",1,1
"Ritesh Dubey","Automation Engineering",1,2
"Dev Ghosh","Automation Engineering",0,1
"Nikhil Menon","Automation Engineering",1,1
"Ritesh Choudhary","Automation Engineering",0,1
"Aditi Verma","Automation Engineering",1,1
"Nikhil Choudhary","Automation Engineering",1,1
"Manav Ghosh","Automation Engineering",1,2
"Aditi Dubey","Automation Engineering",1,2
"Harsh Patel","Automation Engineering",1,1
"Ritesh Gupta","Automation Engineering",1,1
"Aman Choudhary","Automation Engineering",1,2
"Ritesh Verma","Automation Engineering",2,2
"Deepak Nair","Automation Engineering",1,1
"Priya Jain","Automation Engineering",0,2
"Kavya Reddy","Automation Engineering",1,1
"Arjun Sinha","Automation Engineering",1,1
"Rohan Rao","Automation Engineering",2,2
"Ritesh Rao","Automation Engineering",1,1
"Pooja Pandey","Automation Engineering",1,1
"Om Reddy","Automation Engineering",1,1
"Siddharth Jain","Automation Engineering",2,2
"Harsh Sharma","Automation Engineering",1,1
"Aditya Patel","Automation Engineering",1,1
"Nikhil Joshi","Automation Engineering",1,1
"Mohit Pandey","Automation Engineering",1,1
"Arjun Nair","Automation Engineering",1,1
"Yash Sharma","Automation Engineering",1,1
"Deepak Iyer","Automation Engineering",1,1
"Meera Verma","Automation Engineering",1,1
"Manav Mehta","Automation Engineering",1,1
"Tanmay Jain","Automation Engineering",0,1
"Pooja Dubey","Automation Engineering",2,2
"Diya Dubey","Automation Engineering",1,1
"Yash Jain","Automation Engineering",1,1
"Sai Choudhary","Automation Engineering",1,1
"Deepak Das","Automation Engineering",1,1
"Siddharth Verma","Automation Engineering",1,1
"Arjun Joshi","Automation Engineering",1,1
"Priya Gupta","Automation Engineering",2,2
"Kunal Ghosh","Automation Engineering",1,1
"Aman Agarwal","Automation Engineering",1,1
"Ananya Mehta","Automation Engineering",1,1
"Aman Nair","Automation Engineering",1,1
"Dev Menon","Automation Engineering",1,1
"Aditya Jain","Automation Engineering",1,1
"Aarav Khanna","Automation Engineering",1,1
"Arjun Iyer","Automation Engineering",0,1
"Harsh Nair","Automation Engineering",1,1
"Ritesh Agarwal","Automation Engineering",1,1
"Meera Gupta","Automation Engineering",1,1
"Pooja Gupta","Automation Engineering",1,1
"Vivaan Rao","Automation Engineering",0,1
"Siddharth Joshi","Automation Engineering",2,2
"Dev Mehta","Automation Engineering",1,1
"Mohit Jain","Automation Engineering",1,2
"Neha Reddy","Automation Engineering",1,2
"Aarav Mehta","Automation Engineering",0,1
"Diya Pandey","Automation Engineering",0,1
"Diya Verma","Automation Engineering",2,2
"Harsh Menon","Automation Engineering",1,1
"Sneha Jain","Automation Engineering",1,1
"Ritika Khanna","Automation Engineering",1,1
"Aman Khanna","Automation Engineering",0,1
"Vivaan Das","Automation Engineering",1,1
"Rahul Gupta","Automation Engineering",1,2
"Ananya Nair","Automation Engineering",1,1
"Om Menon","Automation Engineering",0,1
"Yash Iyer","Automation Engineering",1,1
"Varun Rao","Automation Engineering",2,2
"Rohan Dubey","Automation Engineering",0,1
"Vivaan Sinha","Automation Engineering",1,1
"Sai Gupta","Automation Engineering",1,1
"Dev Sharma","Automation Engineering",1,1
"Aditya Nair","Automation Engineering",1,1
"Om Thakur","Automation Engineering",2,2
"Priya Rao","Automation Engineering",1,1
"Rohan Kapoor","Automation Engineering",1,1
"Aman Patel","Automation Engineering",2,2
"Vivaan Kapoor","Automation Engineering",1,1
"Sneha Patel","Automation Engineering",1,1
"Manav Agarwal","Automation Engineering",1,1
"Dev Joshi","Automation Engineering",1,1
"Ishaan Khanna","Automation Engineering",1,1
"Harsh Khanna","Automation Engineering",1,1
"Siddharth Menon","Automation Engineering",1,1
"Arjun Ghosh","Automation Engineering",0,1
"Krishna Bansal","Automation Engineering",1,1
"Kavya Choudhary","Automation Engineering",1,1
"Ananya Dubey","Automation Engineering",1,1
"Sneha Verma","Automation Engineering",1,1
"Manav Das","Automation Engineering",1,1
"Krishna Verma","Automation Engineering",1,1
"Pooja Bansal","Automation Engineering",2,2
"Manav Thakur","Automation Engineering",2,2
"Varun Kapoor","Automation Engineering",1,1
"Arjun Choudhary","Automation Engineering",0,1
"Varun Mehta","Automation Engineering",1,1
"Aditi Rao","Automation Engineering",1,1
"Rahul Gupta","Satellite Communication",2,2
"Vivaan Thakur","Satellite Communication",2,2
"Dev Sharma","Satellite Communication",0,1
"Ritika Choudhary","Satellite Communication",1,1
"Aditi Sharma","Satellite Communication",1,2
"Diya Gupta","Satellite Communication",1,1
"Dev Verma","Satellite Communication",2,3
"Ananya Bansal","Satellite Communication",1,1
"Vivaan Iyer","Satellite Communication",2,2
"Kavya Rao","Satellite Communication",1,1
"Kavya Reddy","Satellite Communication",1,1
"Siddharth Mehta","Satellite Communication",1,2
"Yash Pandey","Satellite Communication",0,1
"Om Choudhary","Satellite Communication",0,1
"Meera Ghosh","Satellite Communication",1,1
"Rohan Rao","Satellite Communication",1,1
"Priya Das","Satellite Communication",1,1
"Om Ghosh","Satellite Communication",1,1
"Aarav Kapoor","Satellite Communication",1,1
"Aarav Nair","Satellite Communication",1,1
"Aditi Rao","Satellite Communication",2,2
"Kavya Verma","Satellite Communication",1,1
"Varun Menon","Satellite Communication",3,3
"Aman Menon","Satellite Communication",1,1
"Ishaan Khanna","Satellite Communication",1,1
"Siddharth Nair","Satellite Communication",2,2
"Tanmay Gupta","Satellite Communication",1,1
"Kavya Agarwal","Satellite Communication",1,1
"Aman Ghosh","Satellite Communication",0,1
"Dev Nair","Satellite Communication",2,2
"Vivaan Choudhary","Satellite Communication",1,1
"Dev Rao","Satellite Communication",0,1
"Siddharth Kapoor","Satellite Communication",3,3
"Rohan Choudhary","Satellite Communication",1,2
"Arjun Choudhary","Satellite Communication",1,1
"Rohan Patel","Satellite Communication",2,2
"Ananya Dubey","Satellite Communication",1,1
"Kunal Kapoor","Satellite Communication",1,1
"Arjun Joshi","Satellite Communication",1,1
"Kavya Das","Satellite Communication",1,1
"Aman Kapoor","Satellite Communication",0,1
"Rohan Pandey","Satellite Communication",1,1
"Ritesh Dubey","Satellite Communication",1,1
"Ananya Jain","Satellite Communication",1,1
"Om Kapoor","Satellite Communication",1,1
"Priya Sharma","Satellite Communication",0,1
"Neha Choudhary","Satellite Communication",1,1
"Neha Patel","Satellite Communication",1,1
"Meera Thakur","Satellite Communication",1,1
"Harsh Das","Satellite Communication",1,1
"Sneha Kapoor","Satellite Communication",2,2
"Harsh Pandey","Satellite Communication",0,1
"Kunal Choudhary","Satellite Communication",1,1
"Kunal Rao","Satellite Communication",1,1
"Priya Verma","Satellite Communication",0,1
"Meera Reddy","Satellite Communication",1,2
"Aarav Agarwal","Satellite Communication",1,1
"Arjun Khanna","Satellite Communication",0,1
"Neha Thakur","Satellite Communication",0,1
"Vivaan Nair","Satellite Communication",1,2
"Yash Mehta","Satellite Communication",0,1
"Yash Reddy","Satellite Communication",2,2
"Tanmay Thakur","Satellite Communication",1,2
"Sai Menon","Satellite Communication",1,1
"Aarav Jain","Satellite Communication",1,1
"Nikhil Nair","Satellite Communication",0,1
"Rahul Pandey","Satellite Communication",1,1
"Aman Sharma","Satellite Communication",3,3
"Ishaan Patel","Satellite Communication",1,1
"Pooja Menon","Satellite Communication",1,1
"Sneha Reddy","Satellite Communication",2,2
"Kavya Sharma","Satellite Communication",1,1
"Kavya Mehta","Satellite Communication",0,1
"Rahul Jain","Satellite Communication",0,1
"Aman Mehta","Satellite Communication",1,1
"Manav Dubey","Satellite Communication",2,2
"Nikhil Pandey","Satellite Communication",1,1
"Diya Verma","Satellite Communication",1,1
"Dev Khanna","Satellite Communication",1,1
"Aditya Khanna","Satellite Communication",1,1
"Diya Thakur","Satellite Communication",1,1
"Meera Mehta","Satellite Communication",0,1
"Sneha Joshi","Satellite Communication",1,1
"Siddharth Dubey","Satellite Communication",1,1
"Deepak Ghosh","Satellite Communication",2,2
"Aman Khanna","Satellite Communication",0,1
"Yash Khanna","Satellite Communication",1,1
"Ritika Dubey","Satellite Communication",0,1
"Nikhil Dubey","Satellite Communication",0,1
"Ishaan Rao","Satellite Communication",1,1
"Yash Choudhary","Satellite Communication",1,1
"Aditya Reddy","Satellite Communication",1,1
"Pooja Patel","Satellite Communication",1,1
"Ishaan Menon","Satellite Communication",1,1
"Pooja Gupta","Satellite Communication",1,1
"Harsh Kapoor","Satellite Communication",1,1
"Varun Iyer","Satellite Communication",1,1
"Arjun Rao","Satellite Communication",1,1
"Varun Pandey","Satellite Communication",1,1
"Ananya Nair","Satellite Communication",0,1
"Sai Ghosh","Satellite Communication",2,2
"Ananya Reddy","Satellite Communication",1,1
"Varun Agarwal","Satellite Communication",0,1
"Kunal Iyer","Satellite Communication",1,1
"Dev Pandey","Satellite Communication",3,3
"Mohit Nair","Satellite Communication",1,1
"Aarav Rao","Satellite Communication",1,1
"Mohit Gupta","Satellite Communication",2,2
"Meera Khanna","Satellite Communication",1,1
"Priya Iyer","Satellite Communication",0,1
"Meera Das","Satellite Communication",1,1
"Ishaan Choudhary","Satellite Communication",1,1
"Dev Ghosh","Satellite Communication",1,1
"Rahul Ghosh","Satellite Communication",0,1
"Aditi Pandey","Satellite Communication",0,1
"Aman Jain","Satellite Communication",1,1
"Om Das","Satellite Communication",1,1
"Varun Joshi","Satellite Communication",1,1
"Aditi Kapoor","Satellite Communication",1,1
"Rahul Agarwal","Satellite Communication",1,1
"Yash Das","Satellite Communication",0,1
"Krishna Iyer","Satellite Communication",1,1
"Pooja Pandey","Satellite Communication",1,1
"Krishna Nair","Satellite Communication",1,1
"Deepak Patel","Satellite Communication",0,1
"Deepak Iyer","Satellite Communication",1,1
"Yash Rao","Satellite Communication",0,1
"Meera Nair","Satellite Communication",1,1
"Rohan Choudhary","Data Governance",1,1
"Sai Agarwal","Data Governance",2,2
"Aman Jain","Data Governance",1,1
"Kunal Choudhary","Data Governance",1,1
"Ananya Dubey","Data Governance",1,1
"Aditya Choudhary","Data Governance",0,1
"Sai Jain","Data Governance",1,1
"Kavya Jain","Data Governance",2,2
"Neha Das","Data Governance",1,1
"Krishna Bansal","Data Governance",1,1
"Harsh Khanna","Data Governance",1,1
"Dev Verma","Data Governance",4,4
"Krishna Kapoor","Data Governance",1,1
"Arjun Nair","Data Governance",2,2
"Aarav Reddy","Data Governance",1,1
"Manav Patel","Data Governance",1,2
"Sai Ghosh","Data Governance",1,1
"Krishna Agarwal","Data Governance",1,1
"Kavya Das","Data Governance",0,1
"Meera Das","Data Governance",1,1
"Harsh Gupta","Data Governance",1,1
"Aman Sinha","Data Governance",2,2
"Kunal Patel","Data Governance",1,1
"Aditi Joshi","Data Governance",1,1
"Ishaan Rao","Data Governance",2,3
"Nikhil Ghosh","Data Governance",1,1
"Dev Gupta","Data Governance",2,2
"Aarav Bansal","Data Governance",1,1
"Neha Sharma","Data Governance",2,2
"Arjun Agarwal","Data Governance",0,1
"Sai Joshi","Data Governance",0,1
"Aman Agarwal","Data Governance",1,1
"Krishna Verma","Data Governance",1,1
"Sneha Nair","Data Governance",2,2
"Ishaan Verma","Data Governance",0,1
"Om Choudhary","Data Governance",1,1
"Siddharth Ghosh","Data Governance",1,2
"Om Iyer","Data Governance",1,2
"Ritika Pandey","Data Governance",2,2
"Varun Sinha","Data Governance",2,2
"Yash Sinha","Data Governance",0,1
"Ritika Patel","Data Governance",1,3
"Meera Gupta","Data Governance",1,1
"Siddharth Dubey","Data Governance",1,2
"Siddharth Joshi","Data Governance",2,2
"Mohit Agarwal","Data Governance",1,2
"Deepak Agarwal","Data Governance",1,1
"Ritesh Joshi","Data Governance",0,1
"Varun Sharma","Data Governance",1,1
"Ishaan Sharma","Data Governance",2,2
"Diya Rao","Data Governance",1,1
"Dev Dubey","Data Governance",1,1
"Dev Sharma","Data Governance",0,1
"Neha Ghosh","Data Governance",0,1
"Kunal Nair","Data Governance",1,1
"Ananya Sharma","Data Governance",3,3
"Vivaan Gupta","Data Governance",0,1
"Mohit Mehta","Data Governance",1,1
"Yash Das","Data Governance",1,1
"Tanmay Reddy","Data Governance",1,1
"Ananya Verma","Data Governance",1,1
"Sai Menon","Data Governance",0,1
"Priya Choudhary","Data Governance",1,1
"Manav Mehta","Data Governance",1,1
"Aman Sharma","Data Governance",4,4
"Ritika Agarwal","Data Governance",1,1
"Priya Das","Data Governance",0,1
"Arjun Sharma","Data Governance",1,1
"Deepak Verma","Data Governance",1,1
"Ritesh Patel","Data Governance",0,1
"Ritesh Rao","Data Governance",1,1
"Deepak Mehta","Data Governance",1,1
"Tanmay Menon","Data Governance",2,2
"Siddharth Pandey","Data Governance",2,2
"Kunal Dubey","Data Governance",1,1
"Om Rao","Data Governance",2,2
"Sai Dubey","Data Governance",1,1
"Yash Verma","Data Governance",0,1
"Tanmay Verma","Data Governance",1,1
"Diya Joshi","Data Governance",1,1
"Aarav Gupta","Data Governance",1,1
"Rahul Ghosh","Data Governance",2,2
"Harsh Dubey","Data Governance",0,1
"Neha Iyer","Data Governance",1,1
"Ananya Thakur","Data Governance",1,1
"Sneha Choudhary","Data Governance",1,1
"Om Thakur","Data Governance",1,1
"Rohan Thakur","Data Governance",0,1
"Vivaan Patel","Data Governance",1,1
"Vivaan Menon","Data Governance",1,2
"Arjun Iyer","Data Governance",1,1
"Diya Khanna","Data Governance",1,1
"Priya Joshi","Data Governance",1,1
"Yash Choudhary","Data Governance",1,1
"Manav Das","Data Governance",1,1
"Meera Nair","Data Governance",1,1
"Pooja Das","Data Governance",0,1
"Deepak Patel","Data Governance",1,1
"Aman Iyer","Data Governance",1,1
"Neha Nair","Data Governance",3,3
"Ishaan Jain","Data Governance",1,1
"Mohit Khanna","Data Governance",0,1
"Om Mehta","Data Governance",1,1
"Priya Rao","Data Governance",1,1
"Ananya Choudhary","Data Governance",1,1
"Sneha Reddy","Data Governance",1,1
"Tanmay Sharma","Data Governance",0,1
"Aditi Verma","Data Governance",1,1
"Kavya Sinha","Data Governance",1,1
"Pooja Verma","Data Governance",1,1
"Aman Patel","Data Governance",1,1
"Pooja Bansal","Data Governance",0,2
"Diya Reddy","Data Governance",1,1
"Arjun Dubey","Data Governance",1,1
"Rahul Agarwal","Data Governance",0,1
"Rohan Patel","Data Governance",1,1
"Om Kapoor","Data Governance",1,1
"Aarav Rao","Data Governance",0,1
"Varun Choudhary","Data Governance",0,1
"Siddharth Kapoor","Data Governance",0,1
"Diya Choudhary","Data Governance",1,1
"Manav Gupta","Data Governance",1,1
"Sneha Gupta","Data Governance",1,1
"Meera Agarwal","Data Governance",0,1
"Ritika Iyer","Data Governance",1,1
"Pooja Jain","Data Governance",0,1
"Ananya Joshi","Data Governance",1,1
"Arjun Joshi","Data Governance",1,1
"Ananya Das","Data Governance",1,1
"Sai Verma","Data Governance",1,1
"Ananya Rao","Data Governance",1,1
"Aarav Kapoor","Data Governance",0,1
"Manav Thakur","Data Governance",1,1
"Pooja Patel","Data Governance",0,1
"Varun Nair","Data Governance",1,1
"Aman Agarwal","VLSI Design",1,2
"Priya Verma","VLSI Design",1,1
"Rohan Ghosh","VLSI Design",0,1
"Neha Choudhary","VLSI Design",1,1
"Manav Ghosh","VLSI Design",1,1
"Ishaan Jain","VLSI Design",1,1
"Ritesh Dubey","VLSI Design",1,1
"Kavya Sinha","VLSI Design",0,1
"Aditi Ghosh","VLSI Design",3,3
"Rohan Thakur","VLSI Design",1,1
"Ritika Dubey","VLSI Design",2,2
"Mohit Gupta","VLSI Design",0,1
"Pooja Sharma","VLSI Design",2,2
"Rohan Bansal","VLSI Design",0,1
"Varun Nair","VLSI Design",2,2
"Neha Bansal","VLSI Design",1,1
"Siddharth Nair","VLSI Design",1,1
"Aditi Sinha","VLSI Design",2,2
"Nikhil Patel","VLSI Design",1,1
"Meera Mehta","VLSI Design",2,2
"Siddharth Pandey","VLSI Design",0,1
"Priya Sinha","VLSI Design",1,1
"Diya Pandey","VLSI Design",1,1
"Ishaan Mehta","VLSI Design",2,2
"Neha Mehta","VLSI Design",0,1
"Siddharth Gupta","VLSI Design",2,2
"Sneha Kapoor","VLSI Design",1,1
"Manav Khanna","VLSI Design",1,2
"Rahul Bansal","VLSI Design",1,1
"Arjun Bansal","VLSI Design",1,1
"Varun Kapoor","VLSI Design",1,1
"Priya Rao","VLSI Design",0,1
"Ritika Gupta","VLSI Design",1,1
"Kunal Jain","VLSI Design",1,1
"Ritesh Sharma","VLSI Design",0,1
"Ritesh Nair","VLSI Design",1,1
"Diya Ghosh","VLSI Design",1,1
"Aditi Gupta","VLSI Design",2,2
"Aditya Kapoor","VLSI Design",1,1
"Pooja Joshi","VLSI Design",1,1
"Priya Pandey","VLSI Design",4,4
"Sai Bansal","VLSI Design",1,1
"Krishna Iyer","VLSI Design",1,1
"Aman Sharma","VLSI Design",2,2
"Ananya Choudhary","VLSI Design",1,1
"Ritesh Choudhary","VLSI Design",1,1
"Deepak Patel","VLSI Design",2,2
"Yash Reddy","VLSI Design",1,1
"Yash Patel","VLSI Design",1,1
"Aditi Pandey","VLSI Design",1,1
"Nikhil Ghosh","VLSI Design",1,1
"Kunal Reddy","VLSI Design",1,1
"Aditya Rao","VLSI Design",1,1
"Yash Thakur","VLSI Design",1,1
"Harsh Joshi","VLSI Design",1,1
"Aditya Das","VLSI Design",1,2
"Rahul Das","VLSI Design",1,1
"Ananya Iyer","VLSI Design",1,1
"Kavya Dubey","VLSI Design",1,1
"Aarav Nair","VLSI Design",0,2
"Mohit Pandey","VLSI Design",1,1
"Varun Agarwal","VLSI Design",1,1
"Diya Joshi","VLSI Design",1,1
"Meera Choudhary","VLSI Design",1,1
"Kunal Kapoor","VLSI Design",1,1
"Rohan Agarwal","VLSI Design",1,1
"Nikhil Dubey","VLSI Design",0,1
"Siddharth Reddy","VLSI Design",2,3
"Ritesh Patel","VLSI Design",1,1
"Aditi Jain","VLSI Design",0,1
"Ritesh Mehta","VLSI Design",1,1
"Vivaan Thakur","VLSI Design",1,1
"Dev Agarwal","VLSI Design",0,1
"Mohit Joshi","VLSI Design",1,1
"Pooja Gupta","VLSI Design",1,2
"Pooja Sinha","VLSI Design",2,2
"Deepak Verma","VLSI Design",1,1
"Neha Agarwal","VLSI Design",2,2
"Sneha Reddy","VLSI Design",1,1
"Mohit Das","VLSI Design",1,1
"Vivaan Mehta","VLSI Design",2,2
"Rahul Mehta","VLSI Design",2,2
"Krishna Reddy","VLSI Design",1,1
"Neha Sharma","VLSI Design",0,1
"Aman Thakur","VLSI Design",0,1
"Deepak Bansal","VLSI Design",2,2
"Meera Reddy","VLSI Design",1,1
"Yash Sharma","VLSI Design",1,1
"Aditi Bansal","VLSI Design",0,1
"Meera Das","VLSI Design",0,1
"Aman Sinha","VLSI Design",1,1
"Mohit Dubey","VLSI Design",0,1
"Siddharth Choudhary","VLSI Design",1,1
"Mohit Reddy","VLSI Design",1,1
"Aditi Kapoor","VLSI Design",1,1
"Harsh Mehta","VLSI Design",2,2
"Krishna Mehta","VLSI Design",1,1
"Kavya Joshi","VLSI Design",1,1
"Vivaan Pandey","VLSI Design",1,1
"Rahul Nair","VLSI Design",0,1
"Aditya Iyer","VLSI Design",1,1
"Dev Joshi","VLSI Design",1,1
"Rahul Ghosh","VLSI Design",0,1
"Aman Pandey","VLSI Design",0,1
"Diya Khanna","VLSI Design",0,1
"Dev Menon","VLSI Design",2,2
"Siddharth Patel","VLSI Design",1,1
"Mohit Mehta","VLSI Design",1,1
"Tanmay Dubey","VLSI Design",1,1
"Sneha Bansal","VLSI Design",1,1
"Rohan Patel","VLSI Design",1,1
"Om Choudhary","VLSI Design",1,1
"Aditya Reddy","VLSI Design",1,1
"Manav Iyer","VLSI Design",1,1
"Aditya Khanna","VLSI Design",1,1
"Nikhil Verma","VLSI Design",1,1
"Diya Bansal","VLSI Design",0,1
"Tanmay Choudhary","VLSI Design",1,1
"Mohit Ghosh","VLSI Design",1,1
"Sai Kapoor","VLSI Design",1,1
"Meera Dubey","VLSI Design",0,1
"Sai Ghosh","VLSI Design",0,1
"Deepak Pandey","VLSI Design",1,1
"Sneha Patel","VLSI Design",1,1
"Aditya Patel","VLSI Design",1,1
"Pooja Choudhary","VLSI Design",2,2
"Neha Patel","VLSI Design",1,1
"Neha Verma","VLSI Design",1,1
"Manav Dubey","VLSI Design",1,1
"Pooja Rao","VLSI Design",1,1
"Aditya Nair","VLSI Design",1,1
"Priya Ghosh",Microprocessors,1,2
"Vivaan Reddy",Microprocessors,1,1
"Mohit Agarwal",Microprocessors,1,1
"Harsh Choudhary",Microprocessors,0,1
"Mohit Sharma",Microprocessors,2,2
"Diya Patel",Microprocessors,1,1
"Yash Joshi",Microprocessors,2,2
"Harsh Joshi",Microprocessors,1,1
"Siddharth Joshi",Microprocessors,1,1
"Rohan Pandey",Microprocessors,1,1
"Diya Kapoor",Microprocessors,1,1
"Mohit Menon",Microprocessors,1,1
"Krishna Dubey",Microprocessors,1,1
"Aditya Gupta",Microprocessors,3,3
"Yash Nair",Microprocessors,1,1
"Ritesh Agarwal",Microprocessors,1,1
"Priya Sinha",Microprocessors,1,2
"Meera Nair",Microprocessors,1,1
"Dev Sinha",Microprocessors,1,1
"Priya Choudhary",Microprocessors,1,1
"Ananya Das",Microprocessors,2,2
"Tanmay Thakur",Microprocessors,0,1
"Ananya Kapoor",Microprocessors,2,2
"Rohan Rao",Microprocessors,1,1
"Aditya Sinha",Microprocessors,1,1
"Vivaan Rao",Microprocessors,2,2
"Mohit Patel",Microprocessors,1,1
"Manav Pandey",Microprocessors,1,1
"Diya Iyer",Microprocessors,1,1
"Sai Bansal",Microprocessors,1,1
"Yash Verma",Microprocessors,2,2
"Deepak Sharma",Microprocessors,1,1
"Dev Agarwal",Microprocessors,1,1
"Ritesh Das",Microprocessors,1,1
"Aditya Joshi",Microprocessors,1,1
"Mohit Khanna",Microprocessors,0,2
"Rahul Thakur",Microprocessors,1,1
"Neha Nair",Microprocessors,1,1
"Kunal Thakur",Microprocessors,2,2
"Priya Reddy",Microprocessors,1,1
"Aarav Khanna",Microprocessors,1,1
"Krishna Joshi",Microprocessors,1,2
"Manav Joshi",Microprocessors,0,2
"Siddharth Thakur",Microprocessors,0,1
"Aman Das",Microprocessors,3,4
"Varun Sharma",Microprocessors,2,2
"Sneha Rao",Microprocessors,3,3
"Aman Mehta",Microprocessors,2,2
"Om Ghosh",Microprocessors,2,2
"Diya Verma",Microprocessors,1,1
"Kunal Mehta",Microprocessors,0,1
"Dev Dubey",Microprocessors,1,1
"Tanmay Mehta",Microprocessors,1,2
"Aarav Reddy",Microprocessors,1,1
"Arjun Rao",Microprocessors,1,1
"Rohan Thakur",Microprocessors,1,1
"Nikhil Mehta",Microprocessors,1,1
"Priya Iyer",Microprocessors,1,1
"Kunal Choudhary",Microprocessors,1,1
"Deepak Iyer",Microprocessors,2,2
"Diya Das",Microprocessors,1,1
"Om Agarwal",Microprocessors,1,1
"Sai Choudhary",Microprocessors,1,1
"Om Iyer",Microprocessors,2,2
"Aditi Choudhary",Microprocessors,0,1
"Ritika Agarwal",Microprocessors,1,1
"Varun Verma",Microprocessors,1,1
"Nikhil Khanna",Microprocessors,1,1
"Meera Agarwal",Microprocessors,1,1
"Siddharth Sharma",Microprocessors,2,2
"Tanmay Verma",Microprocessors,1,1
"Aman Agarwal",Microprocessors,0,1
"Deepak Nair",Microprocessors,0,1
"Vivaan Agarwal",Microprocessors,0,1
"Manav Sharma",Microprocessors,1,1
"Pooja Mehta",Microprocessors,1,2
"Sneha Agarwal",Microprocessors,1,1
"Yash Iyer",Microprocessors,1,1
"Krishna Rao",Microprocessors,1,1
"Sneha Patel",Microprocessors,2,2
"Kavya Nair",Microprocessors,1,1
"Manav Nair",Microprocessors,1,1
"Dev Nair",Microprocessors,1,1
"Neha Ghosh",Microprocessors,1,1
"Meera Jain",Microprocessors,1,1
"Aditi Menon",Microprocessors,1,1
"Ananya Patel",Microprocessors,0,1
"Diya Jain",Microprocessors,1,1
"Sai Verma",Microprocessors,1,1
"Harsh Patel",Microprocessors,1,1
"Sai Sinha",Microprocessors,2,2
"Nikhil Das",Microprocessors,1,1
"Dev Verma",Microprocessors,1,1
"Aditya Rao",Microprocessors,1,1
"Siddharth Iyer",Microprocessors,1,1
"Meera Mehta",Microprocessors,1,2
"Rahul Khanna",Microprocessors,1,1
"Om Patel",Microprocessors,1,1
"Siddharth Khanna",Microprocessors,1,1
"Arjun Choudhary",Microprocessors,2,2
"Priya Patel",Microprocessors,1,1
"Mohit Nair",Microprocessors,1,1
"Kunal Khanna",Microprocessors,0,1
"Tanmay Ghosh",Microprocessors,1,1
"Meera Ghosh",Microprocessors,1,1
"Arjun Ghosh",Microprocessors,1,1
"Rohan Choudhary",Microprocessors,1,1
"Arjun Agarwal",Microprocessors,1,1
"Ananya Rao",Microprocessors,0,1
"Vivaan Khanna",Microprocessors,1,1
"Meera Menon",Microprocessors,1,1
"Pooja Kapoor",Microprocessors,1,1
"Ishaan Pandey",Microprocessors,1,1
"Dev Das",Microprocessors,1,1
"Rahul Jain",Microprocessors,1,1
"Kunal Patel",Microprocessors,1,1
"Yash Sinha",Microprocessors,0,1
"Ananya Khanna",Microprocessors,2,2
"Pooja Joshi",Microprocessors,0,1
"Ishaan Sinha",Microprocessors,1,1
"Aman Joshi",Microprocessors,0,1
"Rahul Dubey",Microprocessors,1,1
"Harsh Mehta",Microprocessors,1,1
"Krishna Nair",Microprocessors,1,1
"Dev Mehta","Digital Electronics",1,2
"Mohit Reddy","Digital Electronics",0,1
"Kunal Choudhary","Digital Electronics",1,1
"Nikhil Bansal","Digital Electronics",1,1
"Meera Agarwal","Digital Electronics",1,1
"Ananya Patel","Digital Electronics",2,2
"Kavya Sinha","Digital Electronics",2,2
"Ananya Rao","Digital Electronics",1,1
"Om Kapoor","Digital Electronics",1,1
"Rahul Verma","Digital Electronics",1,2
"Sneha Ghosh","Digital Electronics",1,1
"Yash Ghosh","Digital Electronics",1,2
"Siddharth Bansal","Digital Electronics",1,1
"Neha Nair","Digital Electronics",1,1
"Sneha Jain","Digital Electronics",2,2
"Om Iyer","Digital Electronics",1,1
"Harsh Ghosh","Digital Electronics",2,2
"Krishna Dubey","Digital Electronics",2,2
"Manav Menon","Digital Electronics",1,1
"Vivaan Joshi","Digital Electronics",1,1
"Aditi Verma","Digital Electronics",0,1
"Kavya Reddy","Digital Electronics",1,1
"Vivaan Verma","Digital Electronics",2,2
"Kunal Reddy","Digital Electronics",1,1
"Rahul Patel","Digital Electronics",1,1
"Dev Ghosh","Digital Electronics",1,2
"Sai Iyer","Digital Electronics",0,1
"Nikhil Das","Digital Electronics",0,1
"Yash Sharma","Digital Electronics",1,2
"Nikhil Nair","Digital Electronics",1,1
"Sai Ghosh","Digital Electronics",3,3
"Neha Das","Digital Electronics",1,1
"Ishaan Dubey","Digital Electronics",2,2
"Sai Joshi","Digital Electronics",1,1
"Om Mehta","Digital Electronics",1,1
"Arjun Bansal","Digital Electronics",0,1
"Ananya Gupta","Digital Electronics",1,2
"Sneha Gupta","Digital Electronics",2,2
"Ritesh Menon","Digital Electronics",0,1
"Pooja Jain","Digital Electronics",1,1
"Tanmay Ghosh","Digital Electronics",0,1
"Krishna Nair","Digital Electronics",1,1
"Ritika Gupta","Digital Electronics",1,1
"Sneha Mehta","Digital Electronics",2,2
"Siddharth Gupta","Digital Electronics",1,1
"Rahul Menon","Digital Electronics",1,1
"Pooja Thakur","Digital Electronics",1,1
"Varun Sinha","Digital Electronics",1,1
"Nikhil Patel","Digital Electronics",1,1
"Siddharth Jain","Digital Electronics",0,1
"Vivaan Mehta","Digital Electronics",4,4
"Harsh Gupta","Digital Electronics",1,1
"Arjun Jain","Digital Electronics",1,1
"Tanmay Dubey","Digital Electronics",0,1
"Aditi Agarwal","Digital Electronics",1,1
"Vivaan Reddy","Digital Electronics",2,2
"Aditi Bansal","Digital Electronics",2,2
"Aarav Sharma","Digital Electronics",0,1
"Om Menon","Digital Electronics",0,1
"Dev Nair","Digital Electronics",2,2
"Pooja Mehta","Digital Electronics",1,1
"Aman Patel","Digital Electronics",1,1
"Varun Menon","Digital Electronics",1,1
"Kavya Agarwal","Digital Electronics",2,2
"Ishaan Pandey","Digital Electronics",0,1
"Neha Pandey","Digital Electronics",1,1
"Dev Agarwal","Digital Electronics",1,1
"Ishaan Mehta","Digital Electronics",1,1
"Om Gupta","Digital Electronics",1,1
"Tanmay Gupta","Digital Electronics",1,1
"Rohan Ghosh","Digital Electronics",1,1
"Krishna Choudhary","Digital Electronics",1,1
"Krishna Gupta","Digital Electronics",1,1
"Rahul Kapoor","Digital Electronics",2,2
"Kavya Jain","Digital Electronics",1,1
"Kavya Patel","Digital Electronics",1,1
"Pooja Khanna","Digital Electronics",1,1
"Varun Patel","Digital Electronics",1,1
"Siddharth Das","Digital Electronics",1,1
"Deepak Iyer","Digital Electronics",0,1
"Ritesh Jain","Digital Electronics",1,1
"Kavya Choudhary","Digital Electronics",0,1
"Aman Mehta","Digital Electronics",1,1
"Priya Das","Digital Electronics",1,1
"Ishaan Verma","Digital Electronics",1,2
"Krishna Iyer","Digital Electronics",1,1
"Aditya Das","Digital Electronics",0,1
"Arjun Dubey","Digital Electronics",1,1
"Meera Mehta","Digital Electronics",1,1
"Aman Iyer","Digital Electronics",0,1
"Om Bansal","Digital Electronics",1,1
"Rohan Verma","Digital Electronics",1,1
"Tanmay Sinha","Digital Electronics",1,1
"Krishna Bansal","Digital Electronics",0,1
"Om Thakur","Digital Electronics",1,1
"Aditi Reddy","Digital Electronics",1,1
"Krishna Sharma","Digital Electronics",1,1
"Aman Joshi","Digital Electronics",1,1
"Siddharth Reddy","Digital Electronics",1,1
"Priya Iyer","Digital Electronics",1,1
"Ritika Kapoor","Digital Electronics",1,1
"Aarav Agarwal","Digital Electronics",1,1
"Manav Rao","Digital Electronics",0,1
"Ishaan Patel","Digital Electronics",0,1
"Diya Agarwal","Digital Electronics",1,1
"Ananya Ghosh","Digital Electronics",1,1
"Om Dubey","Semiconductor Devices",1,1
"Kunal Patel","Semiconductor Devices",1,1
"Nikhil Gupta","Semiconductor Devices",1,1
"Aditya Choudhary","Semiconductor Devices",0,1
"Krishna Sharma","Semiconductor Devices",1,2
"Neha Gupta","Semiconductor Devices",1,1
"Sneha Kapoor","Semiconductor Devices",2,4
"Aman Iyer","Semiconductor Devices",0,1
"Ananya Verma","Semiconductor Devices",3,3
"Neha Khanna","Semiconductor Devices",0,1
"Rahul Mehta","Semiconductor Devices",1,1
"Aditya Verma","Semiconductor Devices",1,1
"Diya Bansal","Semiconductor Devices",1,1
"Ritika Joshi","Semiconductor Devices",0,1
"Sai Iyer","Semiconductor Devices",1,1
"Dev Sharma","Semiconductor Devices",1,1
"Kavya Patel","Semiconductor Devices",1,1
"Deepak Iyer","Semiconductor Devices",2,2
"Ritika Das","Semiconductor Devices",1,1
"Krishna Choudhary","Semiconductor Devices",1,1
"Siddharth Menon","Semiconductor Devices",2,2
"Aarav Pandey","Semiconductor Devices",0,1
"Sneha Khanna","Semiconductor Devices",2,2
"Sneha Dubey","Semiconductor Devices",2,3
"Siddharth Patel","Semiconductor Devices",1,1
"Siddharth Kapoor","Semiconductor Devices",0,1
"Aditya Agarwal","Semiconductor Devices",2,2
"Aditi Sharma","Semiconductor Devices",1,1
"Aarav Choudhary","Semiconductor Devices",0,1
"Om Sharma","Semiconductor Devices",1,1
"Dev Bansal","Semiconductor Devices",1,1
"Neha Pandey","Semiconductor Devices",0,1
"Nikhil Sharma","Semiconductor Devices",1,1
"Aditi Pandey","Semiconductor Devices",1,1
"Manav Agarwal","Semiconductor Devices",1,1
"Mohit Sinha","Semiconductor Devices",1,1
"Siddharth Agarwal","Semiconductor Devices",0,1
"Om Agarwal","Semiconductor Devices",1,1
"Ananya Rao","Semiconductor Devices",0,1
"Mohit Das","Semiconductor Devices",2,2
"Priya Patel","Semiconductor Devices",1,1
"Dev Reddy","Semiconductor Devices",0,1
"Om Rao","Semiconductor Devices",1,1
"Deepak Thakur","Semiconductor Devices",1,1
"Tanmay Bansal","Semiconductor Devices",1,1
"Krishna Ghosh","Semiconductor Devices",0,1
"Krishna Gupta","Semiconductor Devices",0,1
"Ritesh Kapoor","Semiconductor Devices",0,1
"Neha Joshi","Semiconductor Devices",1,2
"Kunal Ghosh","Semiconductor Devices",0,2
"Ananya Thakur","Semiconductor Devices",1,1
"Varun Choudhary","Semiconductor Devices",1,1
"Sneha Pandey","Semiconductor Devices",1,1
"Pooja Das","Semiconductor Devices",1,1
"Meera Verma","Semiconductor Devices",1,1
"Meera Menon","Semiconductor Devices",1,1
"Aditya Pandey","Semiconductor Devices",2,2
"Deepak Gupta","Semiconductor Devices",1,1
"Sai Bansal","Semiconductor Devices",1,1
"Neha Kapoor","Semiconductor Devices",1,1
"Dev Nair","Semiconductor Devices",0,1
"Krishna Patel","Semiconductor Devices",0,1
"Diya Sharma","Semiconductor Devices",1,1
"Vivaan Thakur","Semiconductor Devices",0,1
"Aman Menon","Semiconductor Devices",1,1
"Dev Iyer","Semiconductor Devices",1,1
"Aditi Jain","Semiconductor Devices",0,1
"Sai Patel","Semiconductor Devices",1,1
"Aarav Sharma","Semiconductor Devices",1,1
"Meera Iyer","Semiconductor Devices",1,1
"Pooja Jain","Semiconductor Devices",1,1
"Mohit Choudhary","Semiconductor Devices",1,1
"Varun Patel","Semiconductor Devices",1,1
"Deepak Das","Semiconductor Devices",0,1
"Pooja Thakur","Semiconductor Devices",1,1
"Pooja Joshi","Semiconductor Devices",0,1
"Harsh Bansal","Semiconductor Devices",1,1
"Mohit Verma","Semiconductor Devices",1,2
"Aman Gupta","Semiconductor Devices",1,1
"Ananya Joshi","Semiconductor Devices",1,1
"Varun Reddy","Semiconductor Devices",1,1
"Ishaan Dubey","Semiconductor Devices",1,2
"Aditya Bansal","Semiconductor Devices",1,1
"Siddharth Verma","Semiconductor Devices",2,3
"Rohan Rao","Semiconductor Devices",3,3
"Deepak Jain","Semiconductor Devices",1,1
"Tanmay Khanna","Semiconductor Devices",0,1
"Ananya Sinha","Semiconductor Devices",0,1
"Aman Joshi","Semiconductor Devices",1,1
"Ananya Agarwal","Semiconductor Devices",1,1
"Rahul Nair","Semiconductor Devices",1,1
"Sneha Sharma","Semiconductor Devices",1,1
"Rahul Dubey","Semiconductor Devices",2,2
"Ishaan Agarwal","Semiconductor Devices",0,1
"Rahul Gupta","Semiconductor Devices",1,1
"Deepak Reddy","Semiconductor Devices",2,2
"Kavya Sharma","Semiconductor Devices",1,1
"Aarav Jain","Semiconductor Devices",1,1
"Nikhil Joshi","Semiconductor Devices",1,1
"Yash Pandey","Semiconductor Devices",1,1
"Sai Verma","Semiconductor Devices",1,1
"Diya Iyer","Semiconductor Devices",1,1
"Deepak Choudhary","Semiconductor Devices",1,1
"Kavya Iyer","Semiconductor Devices",0,1
"Rohan Dubey","Semiconductor Devices",1,1
"Vivaan Sharma","Semiconductor Devices",1,1
"Aditi Choudhary","Semiconductor Devices",0,1
"Sneha Ghosh","Semiconductor Devices",1,1
"Ritika Choudhary","Semiconductor Devices",0,1
"Manav Kapoor","Semiconductor Devices",0,1
"Aditya Das","Semiconductor Devices",1,1
"Om Joshi","Semiconductor Devices",1,1
"Harsh Choudhary","Semiconductor Devices",1,1
"Ishaan Verma","Semiconductor Devices",1,1
"Sneha Jain","Semiconductor Devices",1,1
"Mohit Agarwal","Semiconductor Devices",1,1
"Rohan Joshi","Semiconductor Devices",1,1
"Rohan Bansal","Semiconductor Devices",1,1
"Harsh Pandey","Semiconductor Devices",1,1
"Aditya Gupta","Semiconductor Devices",1,1
"Ritesh Nair","Semiconductor Devices",0,1
"Priya Gupta","Semiconductor Devices",1,1
"Arjun Joshi","Semiconductor Devices",1,1
"Ananya Ghosh","Semiconductor Devices",1,1
"Arjun Das","Semiconductor Devices",1,1
"Rahul Pandey","Semiconductor Devices",1,1
"Pooja Verma","Semiconductor Devices",0,1
"Aditya Khanna","Theory of Computation",0,1
"Pooja Joshi","Theory of Computation",1,1
"Yash Nair","Theory of Computation",0,1
"Vivaan Patel","Theory of Computation",1,1
"Sneha Das","Theory of Computation",3,4
"Neha Verma","Theory of Computation",2,2
"Vivaan Dubey","Theory of Computation",1,1
"Pooja Agarwal","Theory of Computation",2,2
"Mohit Sharma","Theory of Computation",1,1
"Harsh Bansal","Theory of Computation",0,2
"Sneha Iyer","Theory of Computation",1,1
"Krishna Reddy","Theory of Computation",1,2
"Varun Sinha","Theory of Computation",1,1
"Meera Joshi","Theory of Computation",1,1
"Mohit Dubey","Theory of Computation",1,1
"Kavya Mehta","Theory of Computation",1,1
"Meera Sinha","Theory of Computation",0,1
"Priya Iyer","Theory of Computation",1,1
"Sai Menon","Theory of Computation",1,1
"Dev Jain","Theory of Computation",1,1
"Sneha Jain","Theory of Computation",3,3
"Ananya Verma","Theory of Computation",1,1
"Ritesh Khanna","Theory of Computation",1,1
"Priya Das","Theory of Computation",1,2
"Neha Joshi","Theory of Computation",2,2
"Manav Thakur","Theory of Computation",1,1
"Dev Sharma","Theory of Computation",1,2
"Nikhil Jain","Theory of Computation",1,1
"Krishna Rao","Theory of Computation",1,1
"Harsh Khanna","Theory of Computation",2,2
"Tanmay Jain","Theory of Computation",0,1
"Kavya Thakur","Theory of Computation",1,2
"Aditya Sharma","Theory of Computation",1,1
"Neha Gupta","Theory of Computation",1,1
"Kunal Sinha","Theory of Computation",1,1
"Ishaan Mehta","Theory of Computation",1,1
"Om Khanna","Theory of Computation",0,1
"Yash Kapoor","Theory of Computation",2,2
"Vivaan Das","Theory of Computation",1,1
"Tanmay Sharma","Theory of Computation",0,1
"Ishaan Iyer","Theory of Computation",1,1
"Sneha Bansal","Theory of Computation",1,1
"Sai Kapoor","Theory of Computation",1,1
"Aditi Agarwal","Theory of Computation",1,1
"Priya Patel","Theory of Computation",1,1
"Pooja Sharma","Theory of Computation",1,1
"Aditya Patel","Theory of Computation",1,1
"Meera Khanna","Theory of Computation",1,1
"Siddharth Kapoor","Theory of Computation",1,1
"Om Sharma","Theory of Computation",1,1
"Krishna Sharma","Theory of Computation",2,3
"Ritesh Joshi","Theory of Computation",0,1
"Rahul Pandey","Theory of Computation",1,1
"Varun Kapoor","Theory of Computation",1,2
"Krishna Bansal","Theory of Computation",0,1
"Tanmay Thakur","Theory of Computation",1,1
"Dev Ghosh","Theory of Computation",1,1
"Ritika Mehta","Theory of Computation",1,1
"Ishaan Kapoor","Theory of Computation",1,1
"Kavya Kapoor","Theory of Computation",1,1
"Aditi Reddy","Theory of Computation",1,1
"Deepak Verma","Theory of Computation",1,1
"Priya Rao","Theory of Computation",1,1
"Nikhil Joshi","Theory of Computation",1,1
"Om Joshi","Theory of Computation",1,1
"Mohit Mehta","Theory of Computation",1,1
"Yash Thakur","Theory of Computation",0,1
"Meera Verma","Theory of Computation",1,1
"Mohit Ghosh","Theory of Computation",1,1
"Yash Sharma","Theory of Computation",1,1
"Ishaan Rao","Theory of Computation",1,1
"Ananya Rao","Theory of Computation",1,1
"Rohan Agarwal","Theory of Computation",1,1
"Yash Iyer","Theory of Computation",1,1
"Diya Agarwal","Theory of Computation",2,3
"Sneha Choudhary","Theory of Computation",1,1
"Rahul Kapoor","Theory of Computation",1,1
"Dev Rao","Theory of Computation",1,1
"Sneha Thakur","Theory of Computation",1,1
"Aditi Verma","Theory of Computation",1,1
"Vivaan Nair","Theory of Computation",1,1
"Ritika Gupta","Theory of Computation",1,1
"Deepak Nair","Theory of Computation",1,1
"Ritesh Mehta","Theory of Computation",1,1
"Rohan Gupta","Theory of Computation",2,2
"Aarav Choudhary","Theory of Computation",1,1
"Manav Bansal","Theory of Computation",0,1
"Siddharth Jain","Theory of Computation",1,1
"Nikhil Mehta","Theory of Computation",1,1
"Manav Kapoor","Theory of Computation",1,1
"Mohit Agarwal","Theory of Computation",0,1
"Sneha Gupta","Theory of Computation",1,1
"Aman Joshi","Theory of Computation",1,1
"Harsh Jain","Theory of Computation",1,1
"Arjun Choudhary","Theory of Computation",1,1
"Kavya Reddy","Theory of Computation",1,1
"Kavya Verma","Theory of Computation",1,1
"Yash Gupta","Theory of Computation",1,1
"Priya Pandey","Theory of Computation",1,1
"Diya Mehta","Theory of Computation",1,1
"Sai Das","Theory of Computation",2,2
"Arjun Gupta","Theory of Computation",0,1
"Yash Reddy","Theory of Computation",1,1
"Varun Verma","Theory of Computation",0,1
"Manav Sinha","Theory of Computation",1,1
"Aditya Pandey","Theory of Computation",0,1
"Aman Sharma","Theory of Computation",0,1
"Arjun Joshi","Theory of Computation",1,1
"Aditi Mehta","Theory of Computation",1,1
"Sneha Rao","Theory of Computation",1,1
"Neha Khanna","Theory of Computation",1,1
"Kunal Menon","Theory of Computation",1,1
"Vivaan Thakur","Theory of Computation",0,1
"Ritesh Das","Theory of Computation",1,1
"Sneha Menon","Theory of Computation",1,1
"Manav Dubey","Theory of Computation",1,1
"Harsh Agarwal","Theory of Computation",1,1
"Aarav Mehta","Theory of Computation",1,1
"Aman Ghosh","Theory of Computation",1,1
"Varun Nair","Theory of Computation",1,1
"Kunal Kapoor","Signal Processing",2,2
"Aman Sinha","Signal Processing",1,1
"Diya Jain","Signal Processing",2,2
"Vivaan Gupta","Signal Processing",1,1
"Arjun Dubey","Signal Processing",2,2
"Sneha Sharma","Signal Processing",1,1
"Aman Gupta","Signal Processing",2,3
"Nikhil Agarwal","Signal Processing",2,2
"Deepak Nair","Signal Processing",0,1
"Diya Sharma","Signal Processing",1,1
"Aman Pandey","Signal Processing",2,2
"Rahul Agarwal","Signal Processing",1,1
"Mohit Agarwal","Signal Processing",2,2
"Tanmay Gupta","Signal Processing",1,1
"Nikhil Sinha","Signal Processing",1,1
"Vivaan Rao","Signal Processing",1,1
"Aditya Choudhary","Signal Processing",1,1
"Harsh Gupta","Signal Processing",0,1
"Harsh Nair","Signal Processing",2,2
"Priya Bansal","Signal Processing",0,1
"Sai Sinha","Signal Processing",1,1
"Aman Sharma","Signal Processing",1,1
"Aarav Mehta","Signal Processing",0,1
"Priya Das","Signal Processing",1,1
"Neha Joshi","Signal Processing",2,2
"Aditi Pandey","Signal Processing",2,2
"Neha Bansal","Signal Processing",1,1
"Aditi Nair","Signal Processing",1,1
"Rohan Sharma","Signal Processing",2,3
"Aditya Mehta","Signal Processing",1,1
"Ananya Thakur","Signal Processing",1,1
"Siddharth Mehta","Signal Processing",1,1
"Om Gupta","Signal Processing",1,1
"Varun Patel","Signal Processing",1,1
"Ananya Iyer","Signal Processing",1,2
"Diya Pandey","Signal Processing",2,2
"Nikhil Das","Signal Processing",0,1
"Sai Khanna","Signal Processing",1,1
"Ritika Patel","Signal Processing",1,1
"Harsh Jain","Signal Processing",1,1
"Rahul Jain","Signal Processing",2,3
"Priya Choudhary","Signal Processing",1,1
"Aditi Khanna","Signal Processing",2,2
"Pooja Gupta","Signal Processing",1,1
"Sneha Jain","Signal Processing",1,1
"Kavya Kapoor","Signal Processing",1,2
"Om Thakur","Signal Processing",1,1
"Pooja Iyer","Signal Processing",2,2
"Ritika Das","Signal Processing",1,1
"Sneha Gupta","Signal Processing",2,2
"Meera Patel","Signal Processing",3,3
"Ritika Agarwal","Signal Processing",1,1
"Deepak Ghosh","Signal Processing",1,1
"Aman Choudhary","Signal Processing",2,2
"Sneha Pandey","Signal Processing",1,1
"Vivaan Pandey","Signal Processing",1,2
"Ishaan Verma","Signal Processing",2,2
"Kavya Rao","Signal Processing",0,1
"Diya Choudhary","Signal Processing",1,1
"Meera Dubey","Signal Processing",1,1
"Rohan Choudhary","Signal Processing",1,1
"Neha Sharma","Signal Processing",1,1
"Om Nair","Signal Processing",1,1
"Aditi Mehta","Signal Processing",0,1
"Arjun Reddy","Signal Processing",1,1
"Arjun Joshi","Signal Processing",1,1
"Dev Kapoor","Signal Processing",1,1
"Neha Iyer","Signal Processing",1,1
"Ritesh Bansal","Signal Processing",0,2
"Sai Patel","Signal Processing",1,1
"Pooja Agarwal","Signal Processing",1,1
"Neha Ghosh","Signal Processing",0,1
"Kavya Iyer","Signal Processing",1,1
"Dev Verma","Signal Processing",2,2
"Aarav Dubey","Signal Processing",1,1
"Varun Menon","Signal Processing",1,1
"Krishna Choudhary","Signal Processing",1,2
"Rahul Ghosh","Signal Processing",0,2
"Neha Mehta","Signal Processing",1,1
"Pooja Ghosh","Signal Processing",1,1
"Aditya Ghosh","Signal Processing",1,1
"Dev Menon","Signal Processing",1,1
"Vivaan Bansal","Signal Processing",1,1
"Pooja Joshi","Signal Processing",1,1
"Priya Sinha","Signal Processing",0,1
"Om Das","Signal Processing",0,2
"Dev Reddy","Signal Processing",0,1
"Kunal Verma","Signal Processing",1,1
"Ishaan Kapoor","Signal Processing",0,1
"Mohit Mehta","Signal Processing",1,1
"Ritika Mehta","Signal Processing",1,1
"Mohit Joshi","Signal Processing",1,1
"Vivaan Sinha","Signal Processing",2,2
"Ritesh Mehta","Signal Processing",0,2
"Meera Bansal","Signal Processing",1,1
"Manav Khanna","Signal Processing",1,1
"Sneha Patel","Signal Processing",1,1
"Priya Ghosh","Signal Processing",1,1
"Aman Jain","Signal Processing",0,1
"Ritesh Verma","Signal Processing",1,1
"Neha Kapoor","Signal Processing",1,1
"Harsh Ghosh","Signal Processing",1,1
"Kunal Patel","Signal Processing",1,1
"Tanmay Reddy","Signal Processing",1,1
"Ritika Nair","Signal Processing",1,1
"Ishaan Agarwal","Signal Processing",1,1
"Priya Agarwal","Signal Processing",1,1
"Ritika Choudhary","Signal Processing",1,1
"Aman Nair","Signal Processing",1,1
"Rohan Joshi","Signal Processing",1,1
"Kavya Thakur","Signal Processing",1,1
"Yash Nair","Signal Processing",1,1
"Varun Iyer","Signal Processing",1,1
"Om Jain","Signal Processing",1,1
"Kunal Reddy","Signal Processing",1,1
"Manav Choudhary","Signal Processing",1,1
"Dev Bansal","Signal Processing",1,1
"Ishaan Iyer","Signal Processing",1,1
"Om Mehta","Signal Processing",1,1
"Ritika Rao","Signal Processing",1,1
"Aarav Das","Signal Processing",1,1
"Rahul Verma","Signal Processing",2,2
"Vivaan Choudhary","Signal Processing",1,1
"Ishaan Pandey","Signal Processing",1,1
"Pooja Menon","Signal Processing",1,1
"Arjun Bansal","Signal Processing",1,1
"Aditya Sinha","Signal Processing",1,1
"Aman Dubey","Signal Processing",1,1
"Deepak Das","Signal Processing",1,1
"Yash Sinha","Control Instrumentation",1,1
"Rohan Choudhary","Control Instrumentation",1,1
"Diya Nair","Control Instrumentation",1,1
"Nikhil Patel","Control Instrumentation",1,1
"Neha Kapoor","Control Instrumentation",1,1
"Aman Jain","Control Instrumentation",1,1
"Kunal Sinha","Control Instrumentation",1,1
"Ishaan Gupta","Control Instrumentation",1,1
"Sai Patel","Control Instrumentation",0,1
"Varun Rao","Control Instrumentation",1,1
"Pooja Joshi","Control Instrumentation",1,1
"Priya Jain","Control Instrumentation",1,1
"Sai Ghosh","Control Instrumentation",0,1
"Dev Verma","Control Instrumentation",1,1
"Ishaan Agarwal","Control Instrumentation",1,1
"Siddharth Pandey","Control Instrumentation",1,1
"Pooja Reddy","Control Instrumentation",1,1
"Neha Das","Control Instrumentation",1,1
"Neha Dubey","Control Instrumentation",0,1
"Deepak Khanna","Control Instrumentation",2,2
"Deepak Reddy","Control Instrumentation",1,1
"Ishaan Sinha","Control Instrumentation",1,1
"Ishaan Sharma","Control Instrumentation",1,2
"Deepak Nair","Control Instrumentation",1,1
"Aditya Thakur","Control Instrumentation",0,1
"Meera Agarwal","Control Instrumentation",1,1
"Arjun Joshi","Control Instrumentation",1,1
"Tanmay Dubey","Control Instrumentation",1,1
"Kavya Verma","Control Instrumentation",1,1
"Kunal Verma","Control Instrumentation",1,1
"Ishaan Verma","Control Instrumentation",1,2
"Kunal Menon","Control Instrumentation",2,2
"Krishna Iyer","Control Instrumentation",1,2
"Krishna Sinha","Control Instrumentation",0,1
"Aditi Gupta","Control Instrumentation",1,1
"Aarav Choudhary","Control Instrumentation",1,1
"Mohit Dubey","Control Instrumentation",1,1
"Dev Patel","Control Instrumentation",1,1
"Aman Menon","Control Instrumentation",2,2
"Arjun Thakur","Control Instrumentation",1,1
"Ananya Jain","Control Instrumentation",1,1
"Aarav Verma","Control Instrumentation",1,1
"Yash Pandey","Control Instrumentation",1,1
"Nikhil Bansal","Control Instrumentation",1,1
"Arjun Reddy","Control Instrumentation",1,1
"Rohan Joshi","Control Instrumentation",1,1
"Nikhil Mehta","Control Instrumentation",1,1
"Dev Thakur","Control Instrumentation",1,1
"Sai Mehta","Control Instrumentation",2,2
"Aarav Kapoor","Control Instrumentation",1,1
"Aman Ghosh","Control Instrumentation",1,2
"Pooja Sharma","Control Instrumentation",1,1
"Manav Mehta","Control Instrumentation",2,2
"Nikhil Sinha","Control Instrumentation",2,2
"Manav Sharma","Control Instrumentation",1,2
"Mohit Agarwal","Control Instrumentation",2,2
"Kavya Kapoor","Control Instrumentation",1,1
"Ritika Bansal","Control Instrumentation",1,1
"Pooja Pandey","Control Instrumentation",1,1
"Krishna Verma","Control Instrumentation",2,2
"Sneha Pandey","Control Instrumentation",1,1
"Yash Rao","Control Instrumentation",1,1
"Om Pandey","Control Instrumentation",1,1
"Mohit Menon","Control Instrumentation",1,1
"Deepak Verma","Control Instrumentation",1,1
"Ananya Khanna","Control Instrumentation",0,1
"Vivaan Joshi","Control Instrumentation",1,1
"Manav Bansal","Control Instrumentation",1,1
"Diya Verma","Control Instrumentation",1,1
"Ishaan Khanna","Control Instrumentation",1,1
"Siddharth Joshi","Control Instrumentation",1,1
"Manav Rao","Control Instrumentation",0,1
"Priya Choudhary","Control Instrumentation",1,1
"Harsh Nair","Control Instrumentation",3,3
"Aarav Sinha","Control Instrumentation",0,1
"Manav Agarwal","Control Instrumentation",2,2
"Vivaan Thakur","Control Instrumentation",1,1
"Aditya Gupta","Control Instrumentation",1,1
"Ritika Nair","Control Instrumentation",0,1
"Priya Mehta","Control Instrumentation",1,1
"Dev Nair","Control Instrumentation",2,2
"Vivaan Pandey","Control Instrumentation",1,1
"Ishaan Bansal","Control Instrumentation",1,1
"Meera Bansal","Control Instrumentation",2,2
"Aarav Gupta","Control Instrumentation",1,1
"Dev Pandey","Control Instrumentation",1,1
"Aditi Verma","Control Instrumentation",1,1
"Aman Bansal","Control Instrumentation",1,1
"Meera Mehta","Control Instrumentation",1,1
"Sneha Choudhary","Control Instrumentation",0,1
"Om Nair","Control Instrumentation",1,1
"Tanmay Menon","Control Instrumentation",0,1
"Rohan Verma","Control Instrumentation",1,1
"Neha Rao","Control Instrumentation",1,1
"Rahul Gupta","Control Instrumentation",1,1
"Harsh Bansal","Control Instrumentation",1,1
"Aarav Khanna","Control Instrumentation",1,1
"Tanmay Das","Control Instrumentation",1,1
"Kavya Mehta","Control Instrumentation",0,1
"Sneha Ghosh","Control Instrumentation",1,1
"Aditi Pandey","Control Instrumentation",1,1
"Rohan Khanna","Control Instrumentation",1,1
"Meera Jain","Control Instrumentation",0,1
"Ritika Das","Control Instrumentation",0,1
"Aditi Nair","Control Instrumentation",1,1
"Arjun Dubey","Control Instrumentation",1,1
"Meera Pandey","Control Instrumentation",1,1
"Om Agarwal","Control Instrumentation",1,1
"Nikhil Verma","Control Instrumentation",1,1
"Vivaan Sharma","Control Instrumentation",1,1
"Neha Sinha","Control Instrumentation",1,1
"Ishaan Kapoor","Control Instrumentation",1,1
"Ritika Ghosh","Control Instrumentation",1,1
"Krishna Reddy","Control Instrumentation",0,1
"Priya Sharma","Control Instrumentation",1,1
"Manav Jain","Control Instrumentation",1,1
"Meera Dubey","Control Instrumentation",1,1
"Meera Kapoor","Control Instrumentation",1,1
"Om Joshi","Control Instrumentation",1,1
"Om Rao","Control Instrumentation",0,1
"Ananya Gupta","Control Instrumentation",0,1
"Sai Das","Control Instrumentation",1,1
"Pooja Pandey","Dynamics of Machines",3,3
"Aman Kapoor","Dynamics of Machines",1,1
"Yash Khanna","Dynamics of Machines",2,2
"Sneha Nair","Dynamics of Machines",2,3
"Priya Joshi","Dynamics of Machines",2,2
"Aarav Choudhary","Dynamics of Machines",1,1
"Yash Verma","Dynamics of Machines",1,1
"Ritika Mehta","Dynamics of Machines",1,2
"Rohan Joshi","Dynamics of Machines",1,1
"Ritesh Jain","Dynamics of Machines",1,1
"Kunal Reddy","Dynamics of Machines",1,1
"Kunal Joshi","Dynamics of Machines",2,2
"Siddharth Rao","Dynamics of Machines",1,3
"Mohit Sharma","Dynamics of Machines",1,1
"Ritesh Choudhary","Dynamics of Machines",0,1
"Varun Dubey","Dynamics of Machines",2,2
"Deepak Das","Dynamics of Machines",1,2
"Kunal Verma","Dynamics of Machines",1,1
"Ritesh Sharma","Dynamics of Machines",2,2
"Varun Thakur","Dynamics of Machines",2,2
"Arjun Gupta","Dynamics of Machines",1,1
"Aditi Das","Dynamics of Machines",0,1
"Deepak Ghosh","Dynamics of Machines",3,3
"Diya Pandey","Dynamics of Machines",1,1
"Vivaan Sinha","Dynamics of Machines",0,1
"Ritika Jain","Dynamics of Machines",1,1
"Dev Menon","Dynamics of Machines",0,1
"Om Rao","Dynamics of Machines",1,1
"Rahul Pandey","Dynamics of Machines",1,1
"Aditi Mehta","Dynamics of Machines",1,1
"Siddharth Pandey","Dynamics of Machines",1,1
"Sai Menon","Dynamics of Machines",1,1
"Arjun Iyer","Dynamics of Machines",1,1
"Ananya Agarwal","Dynamics of Machines",1,1
"Sneha Jain","Dynamics of Machines",1,1
"Ishaan Gupta","Dynamics of Machines",0,1
"Aman Choudhary","Dynamics of Machines",0,1
"Ananya Patel","Dynamics of Machines",1,1
"Krishna Agarwal","Dynamics of Machines",1,1
"Sai Iyer","Dynamics of Machines",3,3
"Nikhil Choudhary","Dynamics of Machines",1,1
"Aarav Agarwal","Dynamics of Machines",0,1
"Aditi Khanna","Dynamics of Machines",1,2
"Harsh Khanna","Dynamics of Machines",1,1
"Om Das","Dynamics of Machines",1,1
"Rohan Pandey","Dynamics of Machines",1,1
"Yash Jain","Dynamics of Machines",1,1
"Pooja Gupta","Dynamics of Machines",1,1
"Nikhil Iyer","Dynamics of Machines",1,1
"Vivaan Nair","Dynamics of Machines",0,1
"Rohan Reddy","Dynamics of Machines",1,2
"Kavya Iyer","Dynamics of Machines",0,1
"Aditi Thakur","Dynamics of Machines",1,1
"Nikhil Reddy","Dynamics of Machines",1,1
"Kunal Sharma","Dynamics of Machines",1,1
"Ishaan Pandey","Dynamics of Machines",1,1
"Aarav Thakur","Dynamics of Machines",1,1
"Manav Bansal","Dynamics of Machines",1,1
"Ishaan Joshi","Dynamics of Machines",0,1
"Ritika Kapoor","Dynamics of Machines",2,2
"Meera Dubey","Dynamics of Machines",0,1
"Manav Das","Dynamics of Machines",1,1
"Ritesh Ghosh","Dynamics of Machines",1,1
"Arjun Bansal","Dynamics of Machines",1,1
"Neha Patel","Dynamics of Machines",0,1
"Aditya Kapoor","Dynamics of Machines",1,1
"Siddharth Nair","Dynamics of Machines",1,1
"Neha Pandey","Dynamics of Machines",1,1
"Neha Verma","Dynamics of Machines",1,1
"Mohit Ghosh","Dynamics of Machines",1,1
"Krishna Nair","Dynamics of Machines",0,1
"Neha Menon","Dynamics of Machines",0,1
"Ishaan Agarwal","Dynamics of Machines",1,1
"Nikhil Joshi","Dynamics of Machines",1,1
"Aditi Rao","Dynamics of Machines",0,1
"Priya Patel","Dynamics of Machines",1,1
"Vivaan Bansal","Dynamics of Machines",1,1
"Kavya Agarwal","Dynamics of Machines",1,1
"Priya Das","Dynamics of Machines",0,1
"Aman Rao","Dynamics of Machines",1,1
"Siddharth Bansal","Dynamics of Machines",1,1
"Sneha Patel","Dynamics of Machines",1,1
"Aditya Reddy","Dynamics of Machines",0,1
"Siddharth Jain","Dynamics of Machines",1,1
"Nikhil Sinha","Dynamics of Machines",1,1
"Neha Das","Dynamics of Machines",1,1
"Meera Kapoor","Dynamics of Machines",1,1
"Mohit Agarwal","Dynamics of Machines",1,1
"Ishaan Dubey","Dynamics of Machines",2,2
"Meera Bansal","Dynamics of Machines",1,1
"Kavya Joshi","Dynamics of Machines",1,1
"Harsh Sharma","Dynamics of Machines",1,1
"Arjun Joshi","Dynamics of Machines",0,1
"Harsh Kapoor","Dynamics of Machines",0,1
"Neha Reddy","Dynamics of Machines",2,2
"Manav Mehta","Dynamics of Machines",1,1
"Nikhil Dubey","Dynamics of Machines",1,1
"Deepak Jain","Dynamics of Machines",1,1
"Kavya Sharma","Dynamics of Machines",0,1
"Aarav Patel","Dynamics of Machines",0,1
"Kavya Menon","Dynamics of Machines",1,1
"Aman Bansal","Dynamics of Machines",1,2
"Nikhil Khanna","Dynamics of Machines",1,1
"Ishaan Mehta","Dynamics of Machines",1,1
"Kavya Choudhary","Dynamics of Machines",0,1
"Diya Dubey","Dynamics of Machines",1,1
"Pooja Bansal","Dynamics of Machines",1,1
"Aditya Verma","Dynamics of Machines",1,1
"Kunal Rao","Dynamics of Machines",0,1
"Ishaan Choudhary","Dynamics of Machines",1,1
"Diya Kapoor","Dynamics of Machines",1,1
"Rahul Iyer","Dynamics of Machines",1,1
"Manav Patel","Dynamics of Machines",1,1
"Ananya Dubey","Dynamics of Machines",1,1
"Krishna Joshi","Deep Learning",2,2
"Priya Agarwal","Deep Learning",2,2
"Manav Nair","Deep Learning",2,2
"Tanmay Rao","Deep Learning",0,1
"Siddharth Sharma","Deep Learning",2,3
"Dev Menon","Deep Learning",0,1
"Varun Joshi","Deep Learning",1,1
"Aman Khanna","Deep Learning",1,1
"Ritesh Pandey","Deep Learning",1,1
"Kunal Sinha","Deep Learning",2,2
"Kunal Kapoor","Deep Learning",1,1
"Dev Reddy","Deep Learning",1,1
"Meera Ghosh","Deep Learning",3,5
"Neha Bansal","Deep Learning",0,1
"Vivaan Pandey","Deep Learning",1,1
"Neha Pandey","Deep Learning",1,1
"Sneha Pandey","Deep Learning",1,1
"Yash Bansal","Deep Learning",0,1
"Varun Bansal","Deep Learning",1,1
"Aditya Patel","Deep Learning",1,1
"Rohan Ghosh","Deep Learning",1,1
"Dev Agarwal","Deep Learning",0,1
"Aditya Choudhary","Deep Learning",1,2
"Priya Patel","Deep Learning",1,1
"Siddharth Joshi","Deep Learning",1,1
"Aditi Khanna","Deep Learning",1,1
"Arjun Thakur","Deep Learning",1,1
"Priya Rao","Deep Learning",3,3
"Sneha Sharma","Deep Learning",0,1
"Tanmay Sharma","Deep Learning",0,1
"Manav Sinha","Deep Learning",1,1
"Dev Ghosh","Deep Learning",1,1
"Sneha Sinha","Deep Learning",1,1
"Nikhil Rao","Deep Learning",1,1
"Mohit Iyer","Deep Learning",2,2
"Ritesh Jain","Deep Learning",1,1
"Kavya Ghosh","Deep Learning",1,2
"Priya Sharma","Deep Learning",2,2
"Neha Gupta","Deep Learning",1,1
"Tanmay Jain","Deep Learning",1,1
"Kunal Joshi","Deep Learning",0,1
"Meera Patel","Deep Learning",0,1
"Tanmay Khanna","Deep Learning",1,1
"Deepak Gupta","Deep Learning",1,1
"Rahul Jain","Deep Learning",2,2
"Varun Thakur","Deep Learning",3,3
"Rahul Sharma","Deep Learning",1,1
"Nikhil Menon","Deep Learning",2,3
"Ishaan Agarwal","Deep Learning",1,1
"Vivaan Mehta","Deep Learning",0,1
"Pooja Mehta","Deep Learning",1,1
"Pooja Das","Deep Learning",1,1
"Rahul Das","Deep Learning",0,1
"Arjun Sharma","Deep Learning",2,2
"Rohan Bansal","Deep Learning",2,2
"Diya Dubey","Deep Learning",1,1
"Krishna Reddy","Deep Learning",1,1
"Krishna Sinha","Deep Learning",1,1
"Ritesh Thakur","Deep Learning",1,1
"Meera Sharma","Deep Learning",1,1
"Rahul Reddy","Deep Learning",2,2
"Harsh Thakur","Deep Learning",1,1
"Varun Khanna","Deep Learning",1,1
"Kavya Agarwal","Deep Learning",1,1
"Aarav Sharma","Deep Learning",1,1
"Ritika Das","Deep Learning",1,2
"Neha Sharma","Deep Learning",1,1
"Aarav Ghosh","Deep Learning",2,2
"Diya Iyer","Deep Learning",1,1
"Yash Nair","Deep Learning",0,1
"Krishna Sharma","Deep Learning",2,2
"Meera Agarwal","Deep Learning",2,3
"Ritesh Khanna","Deep Learning",1,1
"Rahul Verma","Deep Learning",2,2
"Ritesh Iyer","Deep Learning",1,1
"Dev Iyer","Deep Learning",1,1
"Ishaan Pandey","Deep Learning",1,1
"Meera Das","Deep Learning",1,1
"Arjun Rao","Deep Learning",0,1
"Nikhil Sinha","Deep Learning",1,1
"Diya Ghosh","Deep Learning",1,1
"Neha Nair","Deep Learning",0,1
"Manav Patel","Deep Learning",1,1
"Rohan Choudhary","Deep Learning",1,1
"Vivaan Rao","Deep Learning",0,1
"Arjun Patel","Deep Learning",1,1
"Nikhil Iyer","Deep Learning",1,1
"Ananya Rao","Deep Learning",1,1
"Varun Gupta","Deep Learning",1,1
"Siddharth Bansal","Deep Learning",1,1
"Neha Choudhary","Deep Learning",1,1
"Siddharth Gupta","Deep Learning",1,1
"Mohit Kapoor","Deep Learning",0,1
"Dev Sharma","Deep Learning",0,1
"Kavya Patel","Deep Learning",1,1
"Deepak Menon","Deep Learning",0,1
"Kunal Pandey","Deep Learning",1,1
"Aarav Dubey","Deep Learning",1,1
"Arjun Agarwal","Deep Learning",1,1
"Om Kapoor","Deep Learning",1,1
"Krishna Gupta","Deep Learning",1,1
"Vivaan Nair","Deep Learning",0,1
"Manav Ghosh","Deep Learning",0,1
"Neha Menon","Deep Learning",1,1
"Aditya Agarwal","Deep Learning",1,1
"Rahul Agarwal","Deep Learning",1,1
"Kavya Mehta","Deep Learning",1,1
"Kunal Thakur","Deep Learning",0,1
"Varun Kapoor","Deep Learning",1,1
"Kavya Das","Deep Learning",1,1
"Meera Kapoor","Deep Learning",1,1
"Aarav Menon","Deep Learning",1,1
"Deepak Reddy","Deep Learning",1,1
"Om Thakur","Deep Learning",0,1
"Rahul Choudhary","Deep Learning",0,1
"Aditi Kapoor","Deep Learning",1,1
"Vivaan Choudhary","Deep Learning",1,1
"Kavya Nair","Deep Learning",1,1
"Siddharth Mehta","Deep Learning",1,1
"Tanmay Mehta","Deep Learning",0,1
"Aman Pandey","Compiler Design",1,1
"Dev Iyer","Compiler Design",1,1
"Ritika Iyer","Compiler Design",1,2
"Priya Mehta","Compiler Design",1,1
"Ananya Reddy","Compiler Design",2,2
"Ananya Khanna","Compiler Design",1,1
"Krishna Jain","Compiler Design",1,1
"Manav Verma","Compiler Design",2,3
"Ishaan Ghosh","Compiler Design",0,1
"Arjun Dubey","Compiler Design",1,1
"Yash Dubey","Compiler Design",1,2
"Tanmay Bansal","Compiler Design",1,1
"Arjun Menon","Compiler Design",1,1
"Nikhil Agarwal","Compiler Design",2,2
"Vivaan Ghosh","Compiler Design",1,1
"Rohan Sinha","Compiler Design",1,1
"Pooja Choudhary","Compiler Design",0,1
"Varun Sharma","Compiler Design",0,1
"Siddharth Verma","Compiler Design",2,2
"Rahul Patel","Compiler Design",1,1
"Tanmay Kapoor","Compiler Design",1,3
"Pooja Thakur","Compiler Design",1,1
"Ritika Patel","Compiler Design",2,2
"Meera Ghosh","Compiler Design",2,2
"Siddharth Kapoor","Compiler Design",1,1
"Sneha Khanna","Compiler Design",1,1
"Arjun Kapoor","Compiler Design",2,3
"Aditya Iyer","Compiler Design",1,1
"Varun Nair","Compiler Design",0,2
"Meera Bansal","Compiler Design",1,1
"Ritesh Verma","Compiler Design",1,1
"Rahul Ghosh","Compiler Design",0,1
"Neha Bansal","Compiler Design",0,1
"Arjun Sharma","Compiler Design",1,1
"Krishna Kapoor","Compiler Design",0,1
"Yash Mehta","Compiler Design",1,1
"Yash Verma","Compiler Design",2,2
"Aman Jain","Compiler Design",2,2
"Dev Gupta","Compiler Design",1,1
"Vivaan Iyer","Compiler Design",1,1
"Harsh Jain","Compiler Design",1,1
"Om Pandey","Compiler Design",0,1
"Siddharth Rao","Compiler Design",1,1
"Varun Gupta","Compiler Design",1,1
"Diya Mehta","Compiler Design",1,1
"Kunal Ghosh","Compiler Design",2,2
"Ritesh Agarwal","Compiler Design",2,2
"Aditi Reddy","Compiler Design",1,1
"Ishaan Iyer","Compiler Design",0,1
"Aditya Mehta","Compiler Design",1,2
"Arjun Joshi","Compiler Design",1,1
"Varun Menon","Compiler Design",0,1
"Diya Choudhary","Compiler Design",1,1
"Varun Kapoor","Compiler Design",1,1
"Pooja Joshi","Compiler Design",1,1
"Rahul Iyer","Compiler Design",0,1
"Varun Sinha","Compiler Design",1,1
"Aarav Ghosh","Compiler Design",1,1
"Ritesh Nair","Compiler Design",2,2
"Vivaan Mehta","Compiler Design",2,2
"Mohit Bansal","Compiler Design",1,1
"Neha Iyer","Compiler Design",1,1
"Krishna Verma","Compiler Design",1,1
"Aman Nair","Compiler Design",1,1
"Ishaan Kapoor","Compiler Design",1,1
"Aditya Jain","Compiler Design",1,1
"Ishaan Jain","Compiler Design",1,1
"Meera Dubey","Compiler Design",0,1
"Pooja Menon","Compiler Design",1,2
"Ritesh Mehta","Compiler Design",1,1
"Mohit Dubey","Compiler Design",1,1
"Ritesh Choudhary","Compiler Design",1,1
"Varun Khanna","Compiler Design",1,2
"Mohit Sharma","Compiler Design",1,1
"Sneha Das","Compiler Design",1,1
"Ritika Dubey","Compiler Design",0,1
"Varun Jain","Compiler Design",1,1
"Mohit Joshi","Compiler Design",1,1
"Kavya Menon","Compiler Design",1,1
"Aditi Pandey","Compiler Design",1,1
"Harsh Choudhary","Compiler Design",2,2
"Pooja Rao","Compiler Design",1,1
"Ritesh Sinha","Compiler Design",0,1
"Ritesh Iyer","Compiler Design",1,1
"Aman Bansal","Compiler Design",1,1
"Sneha Nair","Compiler Design",1,1
"Om Verma","Compiler Design",1,1
"Manav Nair","Compiler Design",1,1
"Deepak Agarwal","Compiler Design",1,1
"Ishaan Verma","Compiler Design",0,1
"Ananya Gupta","Compiler Design",1,1
"Dev Khanna","Compiler Design",1,1
"Aarav Agarwal","Compiler Design",1,1
"Priya Pandey","Compiler Design",0,1
"Ananya Choudhary","Compiler Design",1,1
"Ritesh Khanna","Compiler Design",2,3
"Nikhil Reddy","Compiler Design",1,1
"Tanmay Reddy","Compiler Design",1,1
"Dev Verma","Compiler Design",1,1
"Rohan Ghosh","Compiler Design",0,1
"Vivaan Khanna","Compiler Design",1,1
"Sneha Thakur","Compiler Design",0,1
"Mohit Pandey","Compiler Design",1,1
"Ritesh Das","Compiler Design",1,1
"Nikhil Sharma","Compiler Design",1,1
"Sneha Kapoor","Compiler Design",1,1
"Aditi Iyer","Compiler Design",1,1
"Ananya Nair","Compiler Design",1,1
"Rohan Reddy","Compiler Design",1,1
"Tanmay Dubey","Compiler Design",1,1
"Manav Rao","Compiler Design",0,1
"Krishna Rao","Compiler Design",1,1
"Yash Patel","Compiler Design",1,1
"Mohit Agarwal","Compiler Design",1,1
"Aman Thakur","Compiler Design",0,1
"Varun Joshi","Compiler Design",1,1
"Aditi Bansal","Compiler Design",1,1
"Harsh Khanna","Compiler Design",0,1
"Priya Rao","Compiler Design",0,1
"Rahul Verma","Compiler Design",0,1
"Pooja Das","Compiler Design",0,1
"Dev Choudhary","Compiler Design",1,1
"Kunal Khanna","Microwave Engineering",1,1
"Rohan Joshi","Microwave Engineering",1,1
"Vivaan Nair","Microwave Engineering",1,1
"Nikhil Das","Microwave Engineering",0,1
"Sneha Verma","Microwave Engineering",1,1
"Kavya Thakur","Microwave Engineering",1,1
"Aditi Ghosh","Microwave Engineering",1,2
"Meera Verma","Microwave Engineering",1,1
"Ishaan Mehta","Microwave Engineering",0,1
"Manav Iyer","Microwave Engineering",1,1
"Ritika Verma","Microwave Engineering",0,1
"Deepak Sinha","Microwave Engineering",1,1
"Varun Jain","Microwave Engineering",1,2
"Siddharth Mehta","Microwave Engineering",1,1
"Nikhil Sharma","Microwave Engineering",1,1
"Yash Agarwal","Microwave Engineering",1,1
"Kavya Joshi","Microwave Engineering",1,1
"Varun Khanna","Microwave Engineering",1,1
"Dev Bansal","Microwave Engineering",0,1
"Mohit Gupta","Microwave Engineering",1,1
"Sai Kapoor","Microwave Engineering",1,1
"Rohan Sinha","Microwave Engineering",0,1
"Manav Rao","Microwave Engineering",0,1
"Deepak Gupta","Microwave Engineering",1,1
"Diya Dubey","Microwave Engineering",1,1
"Deepak Pandey","Microwave Engineering",2,2
"Deepak Verma","Microwave Engineering",1,1
"Dev Sinha","Microwave Engineering",1,1
"Aditya Das","Microwave Engineering",1,1
"Pooja Kapoor","Microwave Engineering",2,2
"Rahul Patel","Microwave Engineering",0,1
"Aman Nair","Microwave Engineering",2,2
"Kunal Reddy","Microwave Engineering",1,1
"Aman Kapoor","Microwave Engineering",2,2
"Nikhil Choudhary","Microwave Engineering",1,1
"Rohan Choudhary","Microwave Engineering",1,1
"Sneha Patel","Microwave Engineering",1,1
"Rahul Ghosh","Microwave Engineering",1,1
"Varun Kapoor","Microwave Engineering",1,1
"Diya Mehta","Microwave Engineering",1,1
"Varun Thakur","Microwave Engineering",0,1
"Meera Mehta","Microwave Engineering",1,2
"Ishaan Jain","Microwave Engineering",1,1
"Arjun Gupta","Microwave Engineering",1,1
"Neha Gupta","Microwave Engineering",1,1
"Kavya Bansal","Microwave Engineering",1,1
"Meera Rao","Microwave Engineering",1,2
"Mohit Joshi","Microwave Engineering",1,1
"Aditi Thakur","Microwave Engineering",1,1
"Om Jain","Microwave Engineering",1,1
"Priya Mehta","Microwave Engineering",2,2
"Arjun Patel","Microwave Engineering",1,1
"Sai Sinha","Microwave Engineering",0,1
"Tanmay Bansal","Microwave Engineering",1,1
"Rahul Jain","Microwave Engineering",1,1
"Ishaan Sharma","Microwave Engineering",1,1
"Sai Choudhary","Microwave Engineering",1,1
"Manav Mehta","Microwave Engineering",2,2
"Aditi Verma","Microwave Engineering",1,1
"Ritika Nair","Microwave Engineering",1,1
"Yash Menon","Microwave Engineering",1,1
"Ritesh Agarwal","Microwave Engineering",2,2
"Aditi Patel","Microwave Engineering",1,2
"Vivaan Thakur","Microwave Engineering",1,1
"Ritesh Reddy","Microwave Engineering",1,1
"Manav Kapoor","Microwave Engineering",1,1
"Manav Thakur","Microwave Engineering",1,1
"Aditi Sinha","Microwave Engineering",2,2
"Vivaan Bansal","Microwave Engineering",2,2
"Vivaan Agarwal","Microwave Engineering",1,1
"Yash Joshi","Microwave Engineering",0,1
"Aarav Rao","Microwave Engineering",1,1
"Manav Menon","Microwave Engineering",1,1
"Tanmay Mehta","Microwave Engineering",1,1
"Tanmay Pandey","Microwave Engineering",1,1
"Aman Mehta","Microwave Engineering",1,1
"Varun Joshi","Microwave Engineering",2,2
"Ananya Thakur","Microwave Engineering",1,1
"Om Nair","Microwave Engineering",1,1
"Mohit Nair","Microwave Engineering",0,1
"Kunal Gupta","Microwave Engineering",0,1
"Meera Kapoor","Microwave Engineering",1,1
"Kunal Thakur","Microwave Engineering",0,1
"Rohan Dubey","Microwave Engineering",0,1
"Sneha Sharma","Microwave Engineering",1,1
"Sai Jain","Microwave Engineering",1,1
"Yash Kapoor","Microwave Engineering",1,1
"Rahul Khanna","Microwave Engineering",0,1
"Nikhil Jain","Microwave Engineering",1,1
"Yash Khanna","Microwave Engineering",1,1
"Siddharth Ghosh","Microwave Engineering",1,1
"Pooja Khanna","Microwave Engineering",1,1
"Om Reddy","Microwave Engineering",1,1
"Mohit Bansal","Microwave Engineering",1,1
"Diya Gupta","Microwave Engineering",0,1
"Tanmay Verma","Microwave Engineering",1,2
"Siddharth Kapoor","Microwave Engineering",1,1
"Harsh Rao","Microwave Engineering",1,1
"Neha Sinha","Microwave Engineering",1,1
"Sai Bansal","Microwave Engineering",0,1
"Harsh Reddy","Microwave Engineering",1,1
"Harsh Sinha","Microwave Engineering",1,1
"Manav Gupta","Microwave Engineering",0,1
"Pooja Mehta","Microwave Engineering",1,1
"Rahul Reddy","Microwave Engineering",1,1
"Om Joshi","Microwave Engineering",2,2
"Sai Ghosh","Microwave Engineering",0,1
"Ananya Patel","Microwave Engineering",1,1
"Rohan Agarwal","Microwave Engineering",1,1
"Ishaan Choudhary","Microwave Engineering",1,1
"Siddharth Joshi","Microwave Engineering",1,1
"Aman Dubey","Microwave Engineering",1,1
"Aditya Bansal","Microwave Engineering",0,1
"Aditya Nair","Microwave Engineering",1,1
"Aditya Mehta","Microwave Engineering",1,1
"Aarav Ghosh","Microwave Engineering",0,1
"Manav Pandey","Microwave Engineering",0,1
"Ritesh Nair","Microwave Engineering",1,1
"Diya Khanna","Microwave Engineering",1,1
"Tanmay Dubey","Microwave Engineering",1,1
"Ananya Rao","Microwave Engineering",1,1
"Priya Reddy","Microwave Engineering",1,1
"Arjun Mehta","Microwave Engineering",1,1
"Varun Patel","Microwave Engineering",1,1
"Krishna Sharma","Microwave Engineering",1,1
"Deepak Bansal","Microwave Engineering",1,1
"Yash Rao","Microwave Engineering",0,1
"Sai Pandey","Microwave Engineering",1,1
"Krishna Verma","Microwave Engineering",1,1
"Varun Dubey","Microwave Engineering",1,1
"Ananya Nair","Microwave Engineering",0,1
"Deepak Das","Microwave Engineering",0,1
"Nikhil Thakur","Microwave Engineering",1,1
"Rohan Khanna","Microwave Engineering",0,1
"Mohit Patel","Microwave Engineering",1,1
"Sai Kapoor","Agile Methodologies",1,1
"Vivaan Ghosh","Agile Methodologies",1,2
"Aarav Agarwal","Agile Methodologies",0,1
"Manav Rao","Agile Methodologies",1,1
"Sneha Nair","Agile Methodologies",1,1
"Yash Thakur","Agile Methodologies",1,2
"Kavya Jain","Agile Methodologies",1,2
"Tanmay Sharma","Agile Methodologies",1,1
"Varun Das","Agile Methodologies",1,1
"Rohan Sinha","Agile Methodologies",1,1
"Deepak Iyer","Agile Methodologies",2,2
"Dev Pandey","Agile Methodologies",1,1
"Varun Thakur","Agile Methodologies",1,1
"Yash Rao","Agile Methodologies",1,2
"Aarav Iyer","Agile Methodologies",1,1
"Manav Khanna","Agile Methodologies",1,1
"Krishna Joshi","Agile Methodologies",0,1
"Om Agarwal","Agile Methodologies",1,1
"Rahul Ghosh","Agile Methodologies",1,1
"Pooja Iyer","Agile Methodologies",1,1
"Priya Khanna","Agile Methodologies",0,2
"Aditi Gupta","Agile Methodologies",1,1
"Om Rao","Agile Methodologies",1,1
"Sai Patel","Agile Methodologies",1,1
"Om Choudhary","Agile Methodologies",3,3
"Ishaan Bansal","Agile Methodologies",1,1
"Ritesh Mehta","Agile Methodologies",1,2
"Neha Ghosh","Agile Methodologies",1,1
"Ritesh Verma","Agile Methodologies",2,2
"Yash Joshi","Agile Methodologies",1,2
"Om Sharma","Agile Methodologies",1,1
"Yash Jain","Agile Methodologies",1,1
"Tanmay Jain","Agile Methodologies",2,2
"Arjun Verma","Agile Methodologies",1,1
"Kavya Gupta","Agile Methodologies",2,2
"Kavya Choudhary","Agile Methodologies",1,1
"Krishna Kapoor","Agile Methodologies",1,1
"Rohan Pandey","Agile Methodologies",0,1
"Ananya Jain","Agile Methodologies",1,1
"Manav Bansal","Agile Methodologies",1,1
"Manav Choudhary","Agile Methodologies",1,1
"Aditi Patel","Agile Methodologies",1,2
"Mohit Verma","Agile Methodologies",1,1
"Rahul Mehta","Agile Methodologies",1,1
"Pooja Jain","Agile Methodologies",1,1
"Arjun Reddy","Agile Methodologies",0,1
"Vivaan Joshi","Agile Methodologies",1,1
"Vivaan Pandey","Agile Methodologies",1,1
"Ritesh Thakur","Agile Methodologies",1,1
"Nikhil Pandey","Agile Methodologies",2,2
"Ritesh Rao","Agile Methodologies",0,1
"Neha Patel","Agile Methodologies",1,1
"Nikhil Sinha","Agile Methodologies",0,1
"Pooja Dubey","Agile Methodologies",1,1
"Rahul Dubey","Agile Methodologies",1,1
"Aditi Agarwal","Agile Methodologies",0,1
"Sneha Kapoor","Agile Methodologies",1,1
"Ritesh Patel","Agile Methodologies",1,1
"Manav Das","Agile Methodologies",1,1
"Manav Jain","Agile Methodologies",0,1
"Deepak Reddy","Agile Methodologies",1,1
"Vivaan Iyer","Agile Methodologies",1,1
"Harsh Verma","Agile Methodologies",1,1
"Ritika Jain","Agile Methodologies",2,2
"Kavya Khanna","Agile Methodologies",1,1
"Om Pandey","Agile Methodologies",1,2
"Manav Sinha","Agile Methodologies",1,1
"Diya Bansal","Agile Methodologies",1,1
"Neha Jain","Agile Methodologies",2,2
"Ritika Joshi","Agile Methodologies",0,1
"Diya Choudhary","Agile Methodologies",0,1
"Ananya Mehta","Agile Methodologies",1,2
"Arjun Choudhary","Agile Methodologies",0,1
"Mohit Iyer","Agile Methodologies",1,1
"Rahul Sinha","Agile Methodologies",1,1
"Ishaan Nair","Agile Methodologies",1,1
"Aditya Khanna","Agile Methodologies",2,2
"Krishna Das","Agile Methodologies",0,1
"Vivaan Mehta","Agile Methodologies",1,1
"Om Menon","Agile Methodologies",1,1
"Kunal Verma","Agile Methodologies",1,1
"Ritika Pandey","Agile Methodologies",1,1
"Siddharth Mehta","Agile Methodologies",1,1
"Arjun Bansal","Agile Methodologies",1,1
"Ritika Ghosh","Agile Methodologies",1,1
"Varun Choudhary","Agile Methodologies",1,1
"Aman Reddy","Agile Methodologies",1,1
"Tanmay Patel","Agile Methodologies",1,1
"Ishaan Mehta","Agile Methodologies",1,1
"Vivaan Menon","Agile Methodologies",1,1
"Ananya Nair","Agile Methodologies",1,1
"Aman Gupta","Agile Methodologies",1,1
"Kunal Bansal","Agile Methodologies",1,1
"Sai Agarwal","Agile Methodologies",0,1
"Siddharth Ghosh","Agile Methodologies",1,1
"Priya Dubey","Agile Methodologies",0,1
"Rohan Khanna","Agile Methodologies",1,1
"Ananya Kapoor","Agile Methodologies",1,1
"Yash Nair","Agile Methodologies",1,1
"Vivaan Thakur","Agile Methodologies",0,1
"Siddharth Das","Agile Methodologies",1,1
"Ishaan Iyer","Agile Methodologies",1,1
"Rohan Joshi","Agile Methodologies",1,1
"Aman Patel","Agile Methodologies",1,1
"Harsh Sharma","Agile Methodologies",1,1
"Meera Dubey","Agile Methodologies",1,1
"Dev Menon","Agile Methodologies",1,1
"Varun Menon","Agile Methodologies",1,1
"Ritika Khanna","Agile Methodologies",1,1
"Aditi Sinha","Agile Methodologies",1,1
"Harsh Joshi","Agile Methodologies",0,1
"Meera Verma","Agile Methodologies",1,1
"Aman Menon","Agile Methodologies",1,1
"Tanmay Nair","Agile Methodologies",3,4
"Meera Thakur","Agile Methodologies",1,1
"Priya Kapoor","Agile Methodologies",1,1
"Yash Ghosh","Agile Methodologies",1,1
"Kunal Menon","Agile Methodologies",1,1
"Deepak Choudhary","Agile Methodologies",1,1
"Aman Thakur","Agile Methodologies",1,1
"Tanmay Khanna","Agile Methodologies",1,1
"Rahul Khanna","Agile Methodologies",0,1
"Sneha Mehta","Agile Methodologies",1,1
"Manav Reddy","Agile Methodologies",0,1
"Deepak Mehta","Agile Methodologies",1,1
"Arjun Nair","Agile Methodologies",0,1
"Deepak Menon","Hydraulics and Pneumatics",1,1
"Ananya Das","Hydraulics and Pneumatics",1,1
"Nikhil Gupta","Hydraulics and Pneumatics",1,2
"Diya Jain","Hydraulics and Pneumatics",1,1
"Arjun Gupta","Hydraulics and Pneumatics",0,1
"Priya Reddy","Hydraulics and Pneumatics",2,2
"Harsh Joshi","Hydraulics and Pneumatics",1,1
"Sneha Das","Hydraulics and Pneumatics",0,1
"Manav Ghosh","Hydraulics and Pneumatics",1,2
"Diya Rao","Hydraulics and Pneumatics",0,1
"Neha Pandey","Hydraulics and Pneumatics",1,3
"Aman Rao","Hydraulics and Pneumatics",1,1
"Priya Verma","Hydraulics and Pneumatics",1,1
"Rohan Joshi","Hydraulics and Pneumatics",3,3
"Tanmay Rao","Hydraulics and Pneumatics",3,4
"Rahul Joshi","Hydraulics and Pneumatics",1,1
"Aditi Patel","Hydraulics and Pneumatics",1,1
"Priya Ghosh","Hydraulics and Pneumatics",1,1
"Siddharth Kapoor","Hydraulics and Pneumatics",1,1
"Yash Dubey","Hydraulics and Pneumatics",1,1
"Neha Jain","Hydraulics and Pneumatics",0,1
"Manav Bansal","Hydraulics and Pneumatics",1,1
"Neha Patel","Hydraulics and Pneumatics",2,2
"Ritika Choudhary","Hydraulics and Pneumatics",1,1
"Diya Agarwal","Hydraulics and Pneumatics",0,1
"Rohan Sinha","Hydraulics and Pneumatics",1,1
"Ritesh Joshi","Hydraulics and Pneumatics",1,1
"Krishna Joshi","Hydraulics and Pneumatics",1,1
"Tanmay Khanna","Hydraulics and Pneumatics",1,1
"Nikhil Joshi","Hydraulics and Pneumatics",0,1
"Priya Joshi","Hydraulics and Pneumatics",0,1
"Ritika Ghosh","Hydraulics and Pneumatics",1,1
"Siddharth Agarwal","Hydraulics and Pneumatics",1,1
"Ananya Kapoor","Hydraulics and Pneumatics",1,1
"Aman Mehta","Hydraulics and Pneumatics",2,2
"Dev Gupta","Hydraulics and Pneumatics",0,1
"Diya Choudhary","Hydraulics and Pneumatics",1,1
"Mohit Mehta","Hydraulics and Pneumatics",1,1
"Diya Menon","Hydraulics and Pneumatics",1,1
"Aditya Agarwal","Hydraulics and Pneumatics",1,1
"Aditya Sinha","Hydraulics and Pneumatics",1,1
"Kunal Jain","Hydraulics and Pneumatics",2,2
"Vivaan Kapoor","Hydraulics and Pneumatics",1,1
"Om Mehta","Hydraulics and Pneumatics",1,2
"Ritesh Patel","Hydraulics and Pneumatics",1,1
"Kavya Rao","Hydraulics and Pneumatics",2,2
"Aditi Iyer","Hydraulics and Pneumatics",2,2
"Vivaan Bansal","Hydraulics and Pneumatics",0,1
"Arjun Verma","Hydraulics and Pneumatics",0,1
"Arjun Dubey","Hydraulics and Pneumatics",1,1
"Manav Nair","Hydraulics and Pneumatics",1,1
"Meera Sinha","Hydraulics and Pneumatics",1,1
"Ishaan Sharma","Hydraulics and Pneumatics",0,2
"Sneha Joshi","Hydraulics and Pneumatics",1,1
"Krishna Gupta","Hydraulics and Pneumatics",1,2
"Diya Verma","Hydraulics and Pneumatics",1,1
"Manav Agarwal","Hydraulics and Pneumatics",0,1
"Vivaan Agarwal","Hydraulics and Pneumatics",1,1
"Nikhil Iyer","Hydraulics and Pneumatics",1,1
"Dev Mehta","Hydraulics and Pneumatics",1,1
"Tanmay Thakur","Hydraulics and Pneumatics",3,4
"Aditi Gupta","Hydraulics and Pneumatics",1,1
"Meera Dubey","Hydraulics and Pneumatics",2,2
"Rohan Dubey","Hydraulics and Pneumatics",2,2
"Priya Dubey","Hydraulics and Pneumatics",2,2
"Om Bansal","Hydraulics and Pneumatics",2,2
"Ritika Das","Hydraulics and Pneumatics",1,1
"Kavya Das","Hydraulics and Pneumatics",1,1
"Om Patel","Hydraulics and Pneumatics",0,1
"Ritika Gupta","Hydraulics and Pneumatics",2,2
"Pooja Bansal","Hydraulics and Pneumatics",2,2
"Varun Reddy","Hydraulics and Pneumatics",1,1
"Siddharth Pandey","Hydraulics and Pneumatics",2,2
"Neha Verma","Hydraulics and Pneumatics",1,1
"Aditya Nair","Hydraulics and Pneumatics",1,2
"Mohit Agarwal","Hydraulics and Pneumatics",1,1
"Diya Patel","Hydraulics and Pneumatics",0,1
"Tanmay Gupta","Hydraulics and Pneumatics",0,1
"Meera Gupta","Hydraulics and Pneumatics",1,1
"Mohit Rao","Hydraulics and Pneumatics",0,1
"Pooja Agarwal","Hydraulics and Pneumatics",0,1
"Om Pandey","Hydraulics and Pneumatics",1,1
"Aarav Kapoor","Hydraulics and Pneumatics",1,1
"Krishna Dubey","Hydraulics and Pneumatics",1,1
"Siddharth Khanna","Hydraulics and Pneumatics",1,1
"Arjun Kapoor","Hydraulics and Pneumatics",1,1
"Aarav Nair","Hydraulics and Pneumatics",1,1
"Vivaan Mehta","Hydraulics and Pneumatics",1,1
"Dev Dubey","Hydraulics and Pneumatics",1,1
"Aman Nair","Hydraulics and Pneumatics",1,1
"Tanmay Ghosh","Hydraulics and Pneumatics",1,1
"Aditya Joshi","Hydraulics and Pneumatics",1,1
"Varun Menon","Hydraulics and Pneumatics",0,1
"Vivaan Thakur","Hydraulics and Pneumatics",1,1
"Rohan Pandey","Hydraulics and Pneumatics",1,1
"Arjun Jain","Hydraulics and Pneumatics",1,1
"Sneha Rao","Hydraulics and Pneumatics",1,1
"Kunal Ghosh","Hydraulics and Pneumatics",1,1
"Tanmay Sinha","Hydraulics and Pneumatics",1,1
"Deepak Choudhary","Hydraulics and Pneumatics",1,1
"Manav Thakur","Hydraulics and Pneumatics",1,1
"Varun Patel","Hydraulics and Pneumatics",1,1
"Varun Kapoor","Hydraulics and Pneumatics",1,1
"Krishna Verma","Hydraulics and Pneumatics",1,1
"Rahul Dubey","Hydraulics and Pneumatics",1,1
"Arjun Bansal","Hydraulics and Pneumatics",1,1
"Rahul Nair","Hydraulics and Pneumatics",1,1
"Diya Das","Hydraulics and Pneumatics",1,1
"Aditya Verma","Hydraulics and Pneumatics",1,1
"Arjun Bansal","Digital Forensics",2,3
"Pooja Mehta","Digital Forensics",2,2
"Yash Reddy","Digital Forensics",1,1
"Sneha Iyer","Digital Forensics",0,1
"Rahul Agarwal","Digital Forensics",1,1
"Aditi Pandey","Digital Forensics",1,1
"Aman Joshi","Digital Forensics",1,1
"Vivaan Patel","Digital Forensics",0,1
"Rohan Thakur","Digital Forensics",0,2
"Dev Patel","Digital Forensics",1,1
"Nikhil Mehta","Digital Forensics",2,2
"Meera Nair","Digital Forensics",1,1
"Pooja Joshi","Digital Forensics",1,1
"Rohan Sinha","Digital Forensics",0,1
"Aditya Agarwal","Digital Forensics",1,1
"Tanmay Dubey","Digital Forensics",1,2
"Harsh Ghosh","Digital Forensics",1,1
"Kavya Kapoor","Digital Forensics",1,1
"Ishaan Sharma","Digital Forensics",1,1
"Ananya Agarwal","Digital Forensics",0,1
"Arjun Nair","Digital Forensics",1,1
"Kunal Nair","Digital Forensics",1,2
"Nikhil Sinha","Digital Forensics",1,1
"Dev Reddy","Digital Forensics",1,2
"Mohit Das","Digital Forensics",0,1
"Ritika Mehta","Digital Forensics",0,1
"Kunal Agarwal","Digital Forensics",2,2
"Sai Agarwal","Digital Forensics",1,1
"Dev Das","Digital Forensics",1,1
"Sneha Das","Digital Forensics",1,1
"Nikhil Joshi","Digital Forensics",0,1
"Rahul Dubey","Digital Forensics",2,2
"Diya Sharma","Digital Forensics",1,1
"Mohit Nair","Digital Forensics",2,3
"Om Iyer","Digital Forensics",1,1
"Yash Kapoor","Digital Forensics",1,1
"Ishaan Kapoor","Digital Forensics",0,1
"Aarav Das","Digital Forensics",0,1
"Manav Patel","Digital Forensics",1,1
"Manav Mehta","Digital Forensics",1,1
"Aarav Dubey","Digital Forensics",1,1
"Sai Verma","Digital Forensics",1,1
"Deepak Reddy","Digital Forensics",0,2
"Kunal Choudhary","Digital Forensics",1,1
"Pooja Reddy","Digital Forensics",1,1
"Priya Menon","Digital Forensics",1,1
"Deepak Choudhary","Digital Forensics",1,1
"Kavya Iyer","Digital Forensics",1,1
"Tanmay Bansal","Digital Forensics",1,1
"Kavya Verma","Digital Forensics",1,1
"Ishaan Verma","Digital Forensics",2,2
"Ritika Das","Digital Forensics",1,1
"Deepak Khanna","Digital Forensics",0,1
"Deepak Gupta","Digital Forensics",1,1
"Aarav Bansal","Digital Forensics",1,1
"Rahul Mehta","Digital Forensics",2,2
"Siddharth Jain","Digital Forensics",1,1
"Om Das","Digital Forensics",1,1
"Kunal Jain","Digital Forensics",1,1
"Krishna Verma","Digital Forensics",3,3
"Aarav Patel","Digital Forensics",1,1
"Rohan Jain","Digital Forensics",1,1
"Aarav Joshi","Digital Forensics",0,1
"Priya Verma","Digital Forensics",1,1
"Rohan Reddy","Digital Forensics",2,2
"Deepak Mehta","Digital Forensics",1,1
"Sai Rao","Digital Forensics",1,1
"Diya Thakur","Digital Forensics",1,2
"Siddharth Thakur","Digital Forensics",1,1
"Arjun Iyer","Digital Forensics",1,1
"Diya Joshi","Digital Forensics",1,1
"Krishna Sharma","Digital Forensics",0,1
"Tanmay Agarwal","Digital Forensics",0,1
"Ishaan Rao","Digital Forensics",0,1
"Varun Gupta","Digital Forensics",0,1
"Siddharth Das","Digital Forensics",1,1
"Aditi Jain","Digital Forensics",2,2
"Deepak Iyer","Digital Forensics",1,1
"Manav Reddy","Digital Forensics",1,1
"Diya Das","Digital Forensics",1,1
"Deepak Pandey","Digital Forensics",1,1
"Ishaan Bansal","Digital Forensics",0,1
"Aditya Kapoor","Digital Forensics",1,1
"Neha Sharma","Digital Forensics",1,1
"Aditya Sinha","Digital Forensics",1,1
"Diya Jain","Digital Forensics",1,1
"Mohit Iyer","Digital Forensics",1,1
"Aman Mehta","Digital Forensics",1,1
"Varun Jain","Digital Forensics",1,1
"Harsh Nair","Digital Forensics",1,1
"Kavya Agarwal","Digital Forensics",1,1
"Aditi Gupta","Digital Forensics",0,1
"Yash Joshi","Digital Forensics",1,2
"Ritika Gupta","Digital Forensics",1,1
"Krishna Reddy","Digital Forensics",1,1
"Aditi Ghosh","Digital Forensics",1,1
"Rahul Bansal","Digital Forensics",1,1
"Sneha Sharma","Digital Forensics",1,1
"Nikhil Nair","Digital Forensics",0,1
"Aditya Iyer","Digital Forensics",1,1
"Harsh Jain","Digital Forensics",0,1
"Deepak Ghosh","Digital Forensics",1,1
"Deepak Nair","Digital Forensics",1,1
"Varun Thakur","Digital Forensics",1,1
"Aman Gupta","Digital Forensics",1,1
"Neha Agarwal","Digital Forensics",1,1
"Kavya Sinha","Digital Forensics",1,1
"Kunal Gupta","Digital Forensics",1,1
"Rahul Thakur","Digital Forensics",1,1
"Manav Bansal","Digital Forensics",0,1
"Siddharth Pandey","Digital Forensics",1,1
"Harsh Mehta","Digital Forensics",1,1
"Tanmay Nair","Digital Forensics",0,1
"Om Khanna","Digital Forensics",0,1
"Aditya Reddy","Digital Forensics",1,1
"Mohit Bansal","Digital Forensics",1,1
"Neha Das","Digital Forensics",1,1
"Sneha Ghosh","Digital Forensics",2,2
"Vivaan Agarwal","Digital Forensics",1,1
"Kunal Joshi","Digital Forensics",1,1
"Siddharth Ghosh","Digital Forensics",1,1
"Mohit Dubey","Digital Forensics",1,1
"Aditya Ghosh","Digital Forensics",1,1
"Kavya Patel","Digital Forensics",1,1
"Siddharth Choudhary","Digital Forensics",1,1
"Nikhil Khanna","Digital Forensics",0,1
"Meera Patel","Digital Forensics",1,1
"Varun Choudhary","Digital Forensics",1,1
"Ananya Patel","Machine Design",2,2
"Meera Sharma","Machine Design",1,1
"Tanmay Dubey","Machine Design",1,1
"Ishaan Menon","Machine Design",1,1
"Yash Rao","Machine Design",1,1
"Ananya Dubey","Machine Design",3,3
"Yash Choudhary","Machine Design",2,2
"Om Choudhary","Machine Design",0,1
"Vivaan Choudhary","Machine Design",2,2
"Diya Ghosh","Machine Design",1,2
"Aditi Verma","Machine Design",0,1
"Nikhil Patel","Machine Design",1,1
"Nikhil Thakur","Machine Design",1,1
"Meera Agarwal","Machine Design",1,1
"Priya Rao","Machine Design",2,2
"Tanmay Sharma","Machine Design",1,1
"Rahul Menon","Machine Design",0,1
"Varun Dubey","Machine Design",0,1
"Siddharth Gupta","Machine Design",1,1
"Arjun Jain","Machine Design",1,1
"Krishna Agarwal","Machine Design",2,2
"Harsh Sharma","Machine Design",3,3
"Nikhil Nair","Machine Design",1,1
"Tanmay Rao","Machine Design",2,2
"Diya Sharma","Machine Design",1,2
"Ritesh Pandey","Machine Design",2,2
"Rahul Bansal","Machine Design",1,2
"Kunal Joshi","Machine Design",1,1
"Kunal Sharma","Machine Design",1,2
"Ritesh Kapoor","Machine Design",1,1
"Kavya Gupta","Machine Design",1,1
"Ananya Choudhary","Machine Design",2,2
"Pooja Dubey","Machine Design",1,1
"Deepak Nair","Machine Design",1,1
"Yash Dubey","Machine Design",1,1
"Nikhil Rao","Machine Design",0,1
"Rahul Jain","Machine Design",1,1
"Sai Bansal","Machine Design",1,1
"Rohan Reddy","Machine Design",1,1
"Diya Agarwal","Machine Design",2,2
"Tanmay Thakur","Machine Design",1,1
"Ritika Nair","Machine Design",0,1
"Nikhil Sinha","Machine Design",0,1
"Ritesh Sinha","Machine Design",2,2
"Nikhil Menon","Machine Design",1,1
"Pooja Patel","Machine Design",1,1
"Pooja Gupta","Machine Design",2,2
"Aditi Das","Machine Design",1,1
"Ananya Rao","Machine Design",1,1
"Sai Gupta","Machine Design",1,1
"Priya Kapoor","Machine Design",1,1
"Aman Sharma","Machine Design",1,1
"Ishaan Thakur","Machine Design",1,1
"Pooja Das","Machine Design",2,2
"Rohan Sharma","Machine Design",1,1
"Manav Choudhary","Machine Design",1,1
"Neha Patel","Machine Design",2,2
"Aditi Kapoor","Machine Design",1,1
"Rahul Thakur","Machine Design",0,1
"Ishaan Patel","Machine Design",1,1
"Ananya Joshi","Machine Design",1,1
"Deepak Gupta","Machine Design",1,1
"Aditya Kapoor","Machine Design",1,1
"Aman Gupta","Machine Design",1,1
"Siddharth Jain","Machine Design",1,1
"Tanmay Bansal","Machine Design",1,2
"Aarav Agarwal","Machine Design",0,1
"Deepak Sinha","Machine Design",2,2
"Aarav Ghosh","Machine Design",1,1
"Diya Mehta","Machine Design",0,1
"Aarav Dubey","Machine Design",0,1
"Priya Menon","Machine Design",0,1
"Ritesh Rao","Machine Design",1,1
"Ritika Thakur","Machine Design",1,1
"Aditi Patel","Machine Design",0,1
"Vivaan Gupta","Machine Design",1,1
"Dev Pandey","Machine Design",1,1
"Sai Jain","Machine Design",1,1
"Manav Kapoor","Machine Design",1,1
"Nikhil Bansal","Machine Design",1,1
"Ishaan Choudhary","Machine Design",1,1
"Neha Pandey","Machine Design",2,2
"Kavya Rao","Machine Design",1,1
"Deepak Choudhary","Machine Design",0,1
"Om Verma","Machine Design",1,1
"Diya Reddy","Machine Design",3,3
"Diya Choudhary","Machine Design",0,1
"Mohit Verma","Machine Design",1,1
"Rahul Sharma","Machine Design",1,1
"Ritika Rao","Machine Design",1,1
"Vivaan Dubey","Machine Design",1,1
"Om Ghosh","Machine Design",0,1
"Om Patel","Machine Design",1,1
"Mohit Nair","Machine Design",1,1
"Ritesh Joshi","Machine Design",1,1
"Meera Thakur","Machine Design",1,1
"Siddharth Ghosh","Machine Design",1,1
"Yash Iyer","Machine Design",0,1
"Meera Jain","Machine Design",2,2
"Mohit Iyer","Machine Design",1,1
"Dev Thakur","Machine Design",1,1
"Mohit Ghosh","Machine Design",1,1
"Ananya Khanna","Machine Design",0,1
"Arjun Choudhary","Machine Design",1,1
"Deepak Joshi","Machine Design",1,1
"Ritesh Patel","Machine Design",1,1
"Aditya Gupta","Machine Design",1,1
"Sneha Jain","Machine Design",1,1
"Arjun Thakur","Machine Design",1,1
"Ananya Das","Machine Design",1,1
"Ishaan Gupta","Machine Design",1,1
"Sneha Agarwal","Machine Design",1,1
"Ishaan Mehta","Machine Design",0,1
"Meera Reddy","Machine Design",1,1
"Ananya Reddy","Machine Design",1,1
"Dev Kapoor","Machine Design",1,1
"Nikhil Sharma","Machine Design",1,2
"Krishna Nair","Machine Design",1,1
"Kunal Menon","Machine Design",1,1
"Sneha Dubey","Machine Design",1,1
"Manav Mehta","Machine Design",0,1
"Neha Sharma","Machine Design",1,1
"Rahul Khanna","Machine Design",1,1
"Krishna Choudhary","Machine Design",1,1
"Diya Dubey","Machine Design",1,1
"Yash Agarwal","Machine Design",1,1
"Priya Das","Machine Design",1,1
"Aditya Khanna","Machine Design",0,1
"Manav Menon","Industrial Drives",3,3
"Kunal Mehta","Industrial Drives",1,1
"Rohan Pandey","Industrial Drives",3,3
"Deepak Ghosh","Industrial Drives",2,3
"Aman Thakur","Industrial Drives",1,1
"Kunal Nair","Industrial Drives",1,1
"Rahul Joshi","Industrial Drives",2,2
"Vivaan Patel","Industrial Drives",1,1
"Kavya Sharma","Industrial Drives",1,1
"Meera Iyer","Industrial Drives",0,1
"Ritika Das","Industrial Drives",1,2
"Priya Joshi","Industrial Drives",1,1
"Deepak Das","Industrial Drives",1,1
"Aman Joshi","Industrial Drives",1,2
"Sneha Kapoor","Industrial Drives",1,2
"Yash Sinha","Industrial Drives",1,1
"Varun Menon","Industrial Drives",0,1
"Neha Kapoor","Industrial Drives",2,2
"Vivaan Sinha","Industrial Drives",1,1
"Ananya Kapoor","Industrial Drives",2,2
"Diya Gupta","Industrial Drives",2,2
"Aarav Bansal","Industrial Drives",0,1
"Deepak Joshi","Industrial Drives",2,2
"Rohan Gupta","Industrial Drives",0,1
"Ananya Reddy","Industrial Drives",2,2
"Mohit Sharma","Industrial Drives",1,1
"Pooja Gupta","Industrial Drives",2,2
"Aditi Thakur","Industrial Drives",1,1
"Dev Bansal","Industrial Drives",2,2
"Mohit Menon","Industrial Drives",2,2
"Rahul Mehta","Industrial Drives",1,1
"Ishaan Iyer","Industrial Drives",2,2
"Arjun Patel","Industrial Drives",1,2
"Ishaan Verma","Industrial Drives",1,1
"Krishna Choudhary","Industrial Drives",1,1
"Sneha Rao","Industrial Drives",1,1
"Harsh Joshi","Industrial Drives",3,3
"Kunal Sinha","Industrial Drives",1,1
"Sai Joshi","Industrial Drives",2,2
"Rahul Verma","Industrial Drives",1,1
"Priya Mehta","Industrial Drives",0,1
"Sai Pandey","Industrial Drives",1,1
"Om Sinha","Industrial Drives",1,1
"Om Joshi","Industrial Drives",1,1
"Ritika Pandey","Industrial Drives",0,1
"Nikhil Joshi","Industrial Drives",1,1
"Ritesh Bansal","Industrial Drives",2,2
"Tanmay Verma","Industrial Drives",1,1
"Krishna Sharma","Industrial Drives",1,1
"Manav Nair","Industrial Drives",1,1
"Meera Nair","Industrial Drives",1,1
"Priya Kapoor","Industrial Drives",2,2
"Aarav Menon","Industrial Drives",1,1
"Mohit Nair","Industrial Drives",0,1
"Ritesh Patel","Industrial Drives",0,1
"Deepak Gupta","Industrial Drives",1,1
"Kunal Ghosh","Industrial Drives",1,1
"Rohan Dubey","Industrial Drives",1,1
"Pooja Jain","Industrial Drives",1,1
"Dev Pandey","Industrial Drives",1,1
"Ananya Bansal","Industrial Drives",1,1
"Neha Gupta","Industrial Drives",0,1
"Kunal Sharma","Industrial Drives",1,1
"Aditya Thakur","Industrial Drives",1,1
"Ritika Patel","Industrial Drives",2,2
"Nikhil Iyer","Industrial Drives",2,2
"Rohan Sharma","Industrial Drives",1,1
"Sai Sinha","Industrial Drives",1,1
"Ishaan Reddy","Industrial Drives",0,1
"Nikhil Menon","Industrial Drives",1,1
"Ananya Gupta","Industrial Drives",1,1
"Neha Reddy","Industrial Drives",1,1
"Varun Gupta","Industrial Drives",0,1
"Priya Menon","Industrial Drives",1,1
"Dev Verma","Industrial Drives",1,1
"Manav Dubey","Industrial Drives",1,1
"Meera Das","Industrial Drives",1,1
"Arjun Reddy","Industrial Drives",0,1
"Neha Sharma","Industrial Drives",1,1
"Manav Kapoor","Industrial Drives",1,1
"Aarav Kapoor","Industrial Drives",1,1
"Arjun Nair","Industrial Drives",1,1
"Kunal Das","Industrial Drives",1,1
"Om Agarwal","Industrial Drives",1,1
"Aarav Gupta","Industrial Drives",1,1
"Deepak Mehta","Industrial Drives",1,1
"Tanmay Jain","Industrial Drives",1,1
"Yash Khanna","Industrial Drives",1,1
"Deepak Patel","Industrial Drives",1,1
"Siddharth Joshi","Industrial Drives",1,1
"Aditya Mehta","Industrial Drives",1,1
"Nikhil Sinha","Industrial Drives",0,1
"Rahul Menon","Industrial Drives",1,1
"Ishaan Jain","Industrial Drives",0,1
"Priya Reddy","Industrial Drives",1,2
"Ishaan Agarwal","Industrial Drives",1,1
"Ritika Khanna","Industrial Drives",1,1
"Manav Joshi","Industrial Drives",1,2
"Manav Pandey","Industrial Drives",1,1
"Harsh Bansal","Industrial Drives",1,1
"Aditi Agarwal","Industrial Drives",1,1
"Mohit Choudhary","Industrial Drives",1,1
"Ritesh Choudhary","Industrial Drives",1,1
"Om Pandey","Industrial Drives",1,1
"Aditya Choudhary","Industrial Drives",1,1
"Aditya Reddy","Industrial Drives",1,1
"Aditya Ghosh","Industrial Drives",0,1
"Rahul Kapoor","Industrial Drives",1,1
"Diya Iyer","Industrial Drives",0,1
"Aarav Sinha","Industrial Drives",1,1
"Aarav Choudhary","Industrial Drives",0,1
"Nikhil Pandey","Industrial Drives",1,1
"Ananya Rao","Industrial Drives",1,1
"Aman Khanna","Industrial Drives",1,1
"Arjun Choudhary","Industrial Drives",2,2
"Aditi Iyer","Industrial Drives",1,1
"Manav Agarwal","Industrial Drives",1,1
"Priya Dubey","Industrial Drives",0,1
"Yash Dubey","Industrial Drives",0,1
"Tanmay Bansal","Industrial Drives",1,1
"Nikhil Patel","Machine Learning",2,2
"Aman Pandey","Machine Learning",1,1
"Aarav Das","Machine Learning",1,1
"Rohan Agarwal","Machine Learning",1,1
"Varun Gupta","Machine Learning",1,1
"Tanmay Kapoor","Machine Learning",0,1
"Aman Ghosh","Machine Learning",0,1
"Aman Khanna","Machine Learning",1,1
"Siddharth Bansal","Machine Learning",2,2
"Kavya Reddy","Machine Learning",1,1
"Aditya Sinha","Machine Learning",1,1
"Siddharth Thakur","Machine Learning",2,2
"Neha Iyer","Machine Learning",1,1
"Rahul Agarwal","Machine Learning",1,1
"Deepak Sinha","Machine Learning",1,1
"Rohan Dubey","Machine Learning",1,1
"Arjun Joshi","Machine Learning",1,1
"Deepak Khanna","Machine Learning",1,1
"Kunal Gupta","Machine Learning",0,1
"Om Khanna","Machine Learning",1,1
"Neha Agarwal","Machine Learning",1,1
"Pooja Kapoor","Machine Learning",2,2
"Kavya Khanna","Machine Learning",1,2
"Vivaan Mehta","Machine Learning",1,1
"Om Joshi","Machine Learning",0,1
"Aditi Mehta","Machine Learning",1,1
"Om Pandey","Machine Learning",1,1
"Mohit Nair","Machine Learning",1,1
"Aditya Mehta","Machine Learning",2,2
"Rahul Reddy","Machine Learning",1,1
"Harsh Bansal","Machine Learning",1,1
"Aditi Gupta","Machine Learning",4,4
"Rohan Rao","Machine Learning",1,1
"Aditya Rao","Machine Learning",2,2
"Rahul Kapoor","Machine Learning",2,2
"Om Kapoor","Machine Learning",1,1
"Dev Pandey","Machine Learning",2,2
"Ananya Khanna","Machine Learning",1,2
"Dev Khanna","Machine Learning",1,1
"Kunal Pandey","Machine Learning",1,1
"Aditi Ghosh","Machine Learning",0,1
"Rahul Bansal","Machine Learning",0,1
"Aditi Choudhary","Machine Learning",0,1
"Kunal Dubey","Machine Learning",1,1
"Varun Sharma","Machine Learning",1,1
"Manav Dubey","Machine Learning",1,2
"Aman Rao","Machine Learning",1,1
"Ritesh Jain","Machine Learning",0,1
"Manav Jain","Machine Learning",1,1
"Ritika Dubey","Machine Learning",1,1
"Aditya Khanna","Machine Learning",1,1
"Manav Sharma","Machine Learning",0,1
"Arjun Kapoor","Machine Learning",2,2
"Om Ghosh","Machine Learning",2,2
"Deepak Reddy","Machine Learning",1,1
"Priya Kapoor","Machine Learning",0,1
"Rohan Sinha","Machine Learning",1,1
"Kunal Mehta","Machine Learning",1,1
"Mohit Pandey","Machine Learning",1,1
"Yash Agarwal","Machine Learning",0,1
"Siddharth Das","Machine Learning",1,1
"Nikhil Nair","Machine Learning",1,1
"Ananya Patel","Machine Learning",1,1
"Diya Joshi","Machine Learning",1,1
"Aarav Verma","Machine Learning",1,2
"Pooja Sharma","Machine Learning",0,1
"Yash Thakur","Machine Learning",1,1
"Om Mehta","Machine Learning",1,1
"Yash Pandey","Machine Learning",1,1
"Om Choudhary","Machine Learning",1,2
"Yash Reddy","Machine Learning",1,1
"Vivaan Patel","Machine Learning",1,2
"Ishaan Rao","Machine Learning",2,2
"Tanmay Pandey","Machine Learning",1,1
"Sneha Pandey","Machine Learning",1,1
"Krishna Rao","Machine Learning",0,1
"Manav Rao","Machine Learning",1,1
"Rohan Pandey","Machine Learning",0,1
"Tanmay Verma","Machine Learning",1,1
"Aarav Iyer","Machine Learning",0,1
"Aman Agarwal","Machine Learning",1,1
"Kavya Jain","Machine Learning",2,2
"Ishaan Iyer","Machine Learning",1,1
"Aman Menon","Machine Learning",1,1
"Manav Mehta","Machine Learning",0,1
"Mohit Thakur","Machine Learning",1,1
"Dev Jain","Machine Learning",1,1
"Meera Nair","Machine Learning",0,1
"Yash Verma","Machine Learning",1,1
"Mohit Kapoor","Machine Learning",1,1
"Rahul Sinha","Machine Learning",1,2
"Kunal Agarwal","Machine Learning",1,1
"Ritika Patel","Machine Learning",1,1
"Vivaan Sharma","Machine Learning",1,1
"Vivaan Choudhary","Machine Learning",1,1
"Arjun Nair","Machine Learning",1,1
"Priya Thakur","Machine Learning",1,1
"Siddharth Joshi","Machine Learning",1,1
"Krishna Reddy","Machine Learning",1,1
"Kunal Iyer","Machine Learning",1,1
"Neha Joshi","Machine Learning",0,1
"Om Nair","Machine Learning",1,1
"Siddharth Verma","Machine Learning",1,1
"Aditi Jain","Machine Learning",0,1
"Priya Das","Machine Learning",1,1
"Deepak Choudhary","Machine Learning",1,1
"Aarav Gupta","Machine Learning",0,2
"Rahul Choudhary","Machine Learning",1,1
"Deepak Jain","Machine Learning",1,1
"Tanmay Rao","Machine Learning",1,1
"Kavya Agarwal","Machine Learning",1,1
"Meera Pandey","Machine Learning",1,1
"Yash Khanna","Machine Learning",1,1
"Aditya Choudhary","Machine Learning",1,1
"Aarav Rao","Machine Learning",1,1
"Deepak Bansal","Machine Learning",1,1
"Yash Sinha","Machine Learning",1,1
"Sai Patel","Machine Learning",1,1
"Diya Reddy","Machine Learning",1,1
"Dev Menon","Machine Learning",1,1
"Yash Patel","Machine Learning",0,1
"Aman Sharma","Machine Learning",1,1
"Dev Das","Machine Learning",1,1
"Rahul Menon","Machine Learning",1,1
"Dev Nair","Machine Learning",0,1
"Rohan Reddy","Machine Learning",1,1
"Ishaan Patel","Machine Learning",1,1
"Om Dubey","Machine Learning",1,1
"Neha Ghosh","Digital Signal Processing",1,1
"Ritesh Nair","Digital Signal Processing",1,1
"Rahul Das","Digital Signal Processing",0,1
"Deepak Mehta","Digital Signal Processing",1,1
"Siddharth Khanna","Digital Signal Processing",1,1
"Ishaan Bansal","Digital Signal Processing",1,2
"Kunal Agarwal","Digital Signal Processing",2,2
"Priya Verma","Digital Signal Processing",1,1
"Meera Kapoor","Digital Signal Processing",1,1
"Aarav Gupta","Digital Signal Processing",1,2
"Neha Mehta","Digital Signal Processing",1,1
"Dev Kapoor","Digital Signal Processing",1,1
"Ananya Pandey","Digital Signal Processing",2,2
"Vivaan Joshi","Digital Signal Processing",1,1
"Kunal Gupta","Digital Signal Processing",1,1
"Manav Bansal","Digital Signal Processing",2,2
"Vivaan Verma","Digital Signal Processing",1,2
"Dev Reddy","Digital Signal Processing",1,1
"Sneha Pandey","Digital Signal Processing",3,3
"Nikhil Mehta","Digital Signal Processing",1,1
"Neha Sinha","Digital Signal Processing",1,1
"Siddharth Bansal","Digital Signal Processing",0,1
"Rahul Rao","Digital Signal Processing",1,1
"Aman Nair","Digital Signal Processing",1,1
"Ritesh Khanna","Digital Signal Processing",1,1
"Sneha Das","Digital Signal Processing",1,2
"Aditya Ghosh","Digital Signal Processing",1,1
"Aman Mehta","Digital Signal Processing",2,2
"Diya Rao","Digital Signal Processing",1,1
"Yash Jain","Digital Signal Processing",2,2
"Pooja Bansal","Digital Signal Processing",1,1
"Aman Joshi","Digital Signal Processing",0,1
"Mohit Nair","Digital Signal Processing",1,1
"Siddharth Choudhary","Digital Signal Processing",2,2
"Meera Gupta","Digital Signal Processing",1,1
"Dev Sharma","Digital Signal Processing",2,2
"Ananya Dubey","Digital Signal Processing",1,1
"Sai Gupta","Digital Signal Processing",1,1
"Siddharth Pandey","Digital Signal Processing",1,1
"Krishna Kapoor","Digital Signal Processing",1,1
"Pooja Choudhary","Digital Signal Processing",0,1
"Krishna Joshi","Digital Signal Processing",1,1
"Rahul Verma","Digital Signal Processing",1,1
"Tanmay Jain","Digital Signal Processing",1,1
"Om Verma","Digital Signal Processing",1,1
"Arjun Verma","Digital Signal Processing",1,1
"Ananya Das","Digital Signal Processing",1,1
"Tanmay Ghosh","Digital Signal Processing",1,1
"Sneha Sinha","Digital Signal Processing",0,1
"Ritika Bansal","Digital Signal Processing",1,1
"Nikhil Kapoor","Digital Signal Processing",2,2
"Ritesh Patel","Digital Signal Processing",0,1
"Ritesh Joshi","Digital Signal Processing",2,2
"Mohit Rao","Digital Signal Processing",2,2
"Pooja Agarwal","Digital Signal Processing",0,1
"Vivaan Sharma","Digital Signal Processing",1,2
"Aditya Reddy","Digital Signal Processing",1,1
"Tanmay Agarwal","Digital Signal Processing",4,4
"Sai Nair","Digital Signal Processing",0,1
"Diya Kapoor","Digital Signal Processing",1,1
"Krishna Khanna","Digital Signal Processing",1,1
"Rohan Das","Digital Signal Processing",1,1
"Vivaan Dubey","Digital Signal Processing",1,1
"Rohan Verma","Digital Signal Processing",0,1
"Harsh Sinha","Digital Signal Processing",2,2
"Vivaan Rao","Digital Signal Processing",2,2
"Neha Dubey","Digital Signal Processing",0,1
"Yash Das","Digital Signal Processing",1,1
"Kavya Thakur","Digital Signal Processing",1,1
"Pooja Menon","Digital Signal Processing",1,1
"Arjun Mehta","Digital Signal Processing",1,1
"Om Reddy","Digital Signal Processing",1,1
"Ananya Ghosh","Digital Signal Processing",1,1
"Dev Mehta","Digital Signal Processing",1,2
"Aarav Menon","Digital Signal Processing",2,2
"Deepak Nair","Digital Signal Processing",1,2
"Deepak Menon","Digital Signal Processing",1,1
"Aditi Sinha","Digital Signal Processing",1,2
"Ananya Choudhary","Digital Signal Processing",1,1
"Deepak Ghosh","Digital Signal Processing",1,1
"Nikhil Ghosh","Digital Signal Processing",1,1
"Ishaan Sharma","Digital Signal Processing",1,1
"Dev Rao","Digital Signal Processing",0,1
"Diya Dubey","Digital Signal Processing",1,1
"Priya Rao","Digital Signal Processing",1,2
"Arjun Ghosh","Digital Signal Processing",1,1
"Aarav Dubey","Digital Signal Processing",1,1
"Rohan Bansal","Digital Signal Processing",1,1
"Kavya Jain","Digital Signal Processing",1,1
"Aditya Bansal","Digital Signal Processing",1,1
"Ritika Sharma","Digital Signal Processing",0,1
"Neha Rao","Digital Signal Processing",1,2
"Harsh Nair","Digital Signal Processing",1,1
"Yash Thakur","Digital Signal Processing",1,1
"Mohit Agarwal","Digital Signal Processing",0,1
"Yash Joshi","Digital Signal Processing",1,1
"Om Sharma","Digital Signal Processing",1,1
"Dev Nair","Digital Signal Processing",1,1
"Nikhil Menon","Digital Signal Processing",1,1
"Ritesh Rao","Digital Signal Processing",1,1
"Sneha Ghosh","Digital Signal Processing",1,1
"Ritika Ghosh","Digital Signal Processing",1,1
"Nikhil Patel","Digital Signal Processing",1,1
"Ritika Menon","Digital Signal Processing",1,1
"Rohan Rao","Digital Signal Processing",0,1
"Nikhil Jain","Digital Signal Processing",0,1
"Vivaan Menon","Digital Signal Processing",1,1
"Kunal Thakur","Digital Signal Processing",1,1
"Yash Reddy","Digital Signal Processing",1,1
"Sneha Joshi","Digital Signal Processing",1,1
"Sai Mehta","Digital Signal Processing",0,1
"Deepak Choudhary","Digital Signal Processing",1,1
"Arjun Nair","Digital Signal Processing",2,2
"Arjun Choudhary","Digital Signal Processing",1,1
"Priya Sharma","Digital Signal Processing",1,1
"Manav Kapoor","Digital Signal Processing",1,1
"Ritika Gupta","Digital Signal Processing",1,1
"Krishna Sharma","Digital Signal Processing",1,1
"Sneha Verma","Digital Signal Processing",0,1
"Arjun Iyer","Digital Signal Processing",1,1
"Dev Menon","Digital Signal Processing",1,1
"Diya Thakur","Digital Signal Processing",1,1
"Ananya Bansal","Digital Signal Processing",1,1
"Diya Bansal","Digital Signal Processing",1,1
"Rahul Menon","Digital Signal Processing",1,1
"Aarav Das","Digital Signal Processing",0,1
"Kunal Iyer","Digital Signal Processing",1,1
"Varun Dubey","Digital Signal Processing",1,1
"Aditi Verma","Digital Signal Processing",1,1
"Manav Verma","Digital Signal Processing",1,1
"Neha Patel","Digital Signal Processing",0,1
"Harsh Verma","Digital Signal Processing",1,1
"Varun Joshi","Digital Signal Processing",1,1
"Priya Mehta","Digital Signal Processing",1,1
"Kunal Bansal","Digital Signal Processing",1,1
"Nikhil Das","Digital Signal Processing",1,1
"Harsh Jain","Digital Signal Processing",1,1
"Pooja Patel","Digital Signal Processing",1,1
"Krishna Mehta","System Integration",1,1
"Aditi Reddy","System Integration",2,2
"Tanmay Mehta","System Integration",1,1
"Aditi Patel","System Integration",1,2
"Meera Nair","System Integration",1,1
"Sneha Agarwal","System Integration",1,1
"Kunal Sinha","System Integration",1,1
"Kavya Jain","System Integration",1,1
"Siddharth Das","System Integration",0,1
"Deepak Gupta","System Integration",2,2
"Meera Jain","System Integration",2,2
"Priya Gupta","System Integration",2,2
"Om Agarwal","System Integration",1,1
"Siddharth Agarwal","System Integration",1,1
"Diya Bansal","System Integration",0,1
"Aman Dubey","System Integration",1,2
"Diya Ghosh","System Integration",1,1
"Kunal Jain","System Integration",0,1
"Ishaan Gupta","System Integration",1,1
"Aarav Bansal","System Integration",1,1
"Siddharth Joshi","System Integration",2,2
"Neha Sharma","System Integration",3,3
"Yash Reddy","System Integration",1,1
"Aditya Das","System Integration",1,1
"Dev Choudhary","System Integration",2,2
"Vivaan Kapoor","System Integration",2,2
"Ritika Jain","System Integration",1,1
"Vivaan Ghosh","System Integration",2,2
"Aditi Thakur","System Integration",1,1
"Sai Agarwal","System Integration",1,1
"Ananya Dubey","System Integration",0,1
"Nikhil Sharma","System Integration",0,1
"Vivaan Agarwal","System Integration",1,1
"Priya Ghosh","System Integration",0,1
"Sneha Joshi","System Integration",1,1
"Meera Reddy","System Integration",2,2
"Yash Rao","System Integration",0,1
"Ritika Bansal","System Integration",1,1
"Mohit Agarwal","System Integration",2,3
"Manav Patel","System Integration",1,1
"Aditya Thakur","System Integration",0,1
"Tanmay Sharma","System Integration",1,1
"Harsh Dubey","System Integration",1,1
"Rahul Reddy","System Integration",1,1
"Aman Nair","System Integration",1,1
"Rohan Gupta","System Integration",0,1
"Krishna Joshi","System Integration",3,3
"Deepak Reddy","System Integration",1,1
"Pooja Verma","System Integration",1,1
"Vivaan Choudhary","System Integration",1,1
"Manav Thakur","System Integration",1,1
"Sai Menon","System Integration",1,1
"Neha Rao","System Integration",1,1
"Kunal Verma","System Integration",0,1
"Siddharth Bansal","System Integration",1,2
"Vivaan Nair","System Integration",1,1
"Neha Mehta","System Integration",1,1
"Kunal Rao","System Integration",2,2
"Rahul Khanna","System Integration",0,1
"Neha Sinha","System Integration",1,1
"Kavya Nair","System Integration",1,1
"Aditya Sinha","System Integration",1,1
"Om Gupta","System Integration",1,1
"Kavya Menon","System Integration",1,1
"Kavya Thakur","System Integration",1,2
"Aditya Kapoor","System Integration",1,1
"Ananya Gupta","System Integration",1,1
"Pooja Menon","System Integration",1,1
"Kavya Patel","System Integration",0,1
"Kavya Sharma","System Integration",0,1
"Tanmay Sinha","System Integration",1,1
"Ishaan Sharma","System Integration",1,1
"Sai Das","System Integration",0,1
"Aditi Mehta","System Integration",1,1
"Kunal Thakur","System Integration",1,1
"Ritika Thakur","System Integration",1,1
"Aditya Joshi","System Integration",1,1
"Nikhil Das","System Integration",1,1
"Arjun Agarwal","System Integration",0,1
"Nikhil Reddy","System Integration",1,1
"Ishaan Agarwal","System Integration",1,1
"Aman Reddy","System Integration",1,1
"Deepak Sinha","System Integration",1,1
"Om Nair","System Integration",1,1
"Vivaan Mehta","System Integration",1,2
"Siddharth Patel","System Integration",1,1
"Aarav Choudhary","System Integration",0,1
"Deepak Dubey","System Integration",1,1
"Mohit Ghosh","System Integration",1,1
"Ritika Sharma","System Integration",1,1
"Tanmay Nair","System Integration",0,1
"Deepak Verma","System Integration",1,1
"Ishaan Menon","System Integration",1,1
"Aditi Iyer","System Integration",1,1
"Neha Dubey","System Integration",1,1
"Sneha Sinha","System Integration",1,1
"Siddharth Iyer","System Integration",1,1
"Ishaan Thakur","System Integration",1,1
"Arjun Bansal","System Integration",1,1
"Tanmay Reddy","System Integration",1,1
"Deepak Khanna","System Integration",1,1
"Rohan Verma","System Integration",1,1
"Rohan Jain","System Integration",1,1
"Dev Das","System Integration",1,1
"Rahul Kapoor","System Integration",1,1
"Nikhil Dubey","System Integration",0,1
"Sai Pandey","System Integration",0,1
"Kavya Khanna","System Integration",0,1
"Rohan Sinha","System Integration",1,1
"Yash Mehta","System Integration",1,1
"Harsh Jain","System Integration",1,1
"Tanmay Joshi","System Integration",1,1
"Aditi Kapoor","System Integration",1,1
"Varun Verma","System Integration",1,1
"Aditi Agarwal","System Integration",0,1
"Neha Agarwal","System Integration",0,1
"Ananya Sharma","System Integration",1,1
"Manav Sharma","System Integration",0,1
"Krishna Pandey","System Integration",1,1
"Aarav Sharma","System Integration",1,1
"Priya Jain","System Integration",1,1
"Arjun Das","System Integration",1,1
"Ritika Reddy","System Integration",1,1
"Meera Joshi","System Integration",1,1
"Arjun Menon","System Integration",1,1
"Pooja Dubey","System Integration",1,1
"Dev Ghosh","System Integration",1,1
"Ritesh Agarwal",Thermodynamics,1,1
"Yash Verma",Thermodynamics,3,3
"Priya Rao",Thermodynamics,1,1
"Deepak Nair",Thermodynamics,1,2
"Deepak Jain",Thermodynamics,1,1
"Manav Kapoor",Thermodynamics,1,1
"Ananya Bansal",Thermodynamics,2,2
"Rohan Dubey",Thermodynamics,1,1
"Arjun Sharma",Thermodynamics,1,1
"Arjun Khanna",Thermodynamics,1,1
"Neha Dubey",Thermodynamics,1,1
"Deepak Reddy",Thermodynamics,1,1
"Meera Ghosh",Thermodynamics,1,1
"Kunal Kapoor",Thermodynamics,3,3
"Diya Agarwal",Thermodynamics,1,1
"Pooja Thakur",Thermodynamics,0,1
"Dev Bansal",Thermodynamics,2,2
"Rahul Sinha",Thermodynamics,1,1
"Sai Thakur",Thermodynamics,1,2
"Aditya Gupta",Thermodynamics,3,3
"Nikhil Gupta",Thermodynamics,1,1
"Aditya Ghosh",Thermodynamics,1,1
"Om Mehta",Thermodynamics,1,1
"Vivaan Patel",Thermodynamics,1,1
"Aditi Ghosh",Thermodynamics,1,1
"Rohan Jain",Thermodynamics,2,2
"Rahul Pandey",Thermodynamics,0,1
"Sai Patel",Thermodynamics,1,1
"Sneha Patel",Thermodynamics,0,1
"Mohit Iyer",Thermodynamics,0,1
"Kunal Iyer",Thermodynamics,2,2
"Deepak Thakur",Thermodynamics,1,1
"Manav Verma",Thermodynamics,1,1
"Deepak Khanna",Thermodynamics,3,3
"Kavya Mehta",Thermodynamics,1,1
"Sneha Bansal",Thermodynamics,1,1
"Ananya Pandey",Thermodynamics,2,2
"Sneha Jain",Thermodynamics,1,1
"Manav Agarwal",Thermodynamics,1,1
"Dev Gupta",Thermodynamics,3,4
"Vivaan Rao",Thermodynamics,2,2
"Krishna Verma",Thermodynamics,1,1
"Siddharth Pandey",Thermodynamics,0,1
"Ritesh Nair",Thermodynamics,2,2
"Deepak Pandey",Thermodynamics,1,1
"Meera Thakur",Thermodynamics,1,1
"Sai Rao",Thermodynamics,1,1
"Tanmay Ghosh",Thermodynamics,1,1
"Pooja Verma",Thermodynamics,0,1
"Neha Sinha",Thermodynamics,1,1
"Vivaan Jain",Thermodynamics,0,1
"Sai Ghosh",Thermodynamics,1,2
"Aarav Agarwal",Thermodynamics,1,1
"Tanmay Choudhary",Thermodynamics,0,1
"Priya Nair",Thermodynamics,0,1
"Siddharth Kapoor",Thermodynamics,0,1
"Tanmay Patel",Thermodynamics,1,1
"Diya Pandey",Thermodynamics,2,2
"Siddharth Choudhary",Thermodynamics,1,2
"Arjun Menon",Thermodynamics,1,1
"Harsh Jain",Thermodynamics,1,1
"Pooja Menon",Thermodynamics,1,1
"Arjun Iyer",Thermodynamics,2,2
"Siddharth Iyer",Thermodynamics,1,2
"Ananya Gupta",Thermodynamics,1,1
"Varun Kapoor",Thermodynamics,1,1
"Mohit Choudhary",Thermodynamics,1,1
"Pooja Pandey",Thermodynamics,2,2
"Ananya Patel",Thermodynamics,2,2
"Aditi Patel",Thermodynamics,1,1
"Rohan Thakur",Thermodynamics,2,2
"Ritika Verma",Thermodynamics,1,1
"Ritesh Dubey",Thermodynamics,2,2
"Krishna Gupta",Thermodynamics,0,1
"Diya Das",Thermodynamics,1,1
"Rahul Gupta",Thermodynamics,1,1
"Aman Thakur",Thermodynamics,0,1
"Neha Gupta",Thermodynamics,2,2
"Rohan Mehta",Thermodynamics,0,1
"Rahul Choudhary",Thermodynamics,1,1
"Diya Mehta",Thermodynamics,0,1
"Aman Rao",Thermodynamics,0,2
"Aman Mehta",Thermodynamics,1,1
"Yash Choudhary",Thermodynamics,2,2
"Arjun Rao",Thermodynamics,1,1
"Kunal Choudhary",Thermodynamics,0,1
"Vivaan Sharma",Thermodynamics,1,2
"Aarav Reddy",Thermodynamics,1,1
"Aman Das",Thermodynamics,1,1
"Vivaan Choudhary",Thermodynamics,1,1
"Kunal Reddy",Thermodynamics,1,1
"Ritesh Ghosh",Thermodynamics,0,1
"Diya Jain",Thermodynamics,0,1
"Ritesh Choudhary",Thermodynamics,1,1
"Rohan Menon",Thermodynamics,1,1
"Nikhil Khanna",Thermodynamics,1,1
"Vivaan Mehta",Thermodynamics,1,1
"Priya Mehta",Thermodynamics,0,1
"Deepak Gupta",Thermodynamics,0,1
"Krishna Khanna",Thermodynamics,2,2
"Priya Joshi",Thermodynamics,1,1
"Manav Sharma",Thermodynamics,1,1
"Deepak Iyer",Thermodynamics,1,1
"Kunal Ghosh",Thermodynamics,1,1
"Vivaan Das",Thermodynamics,1,1
"Kavya Joshi",Thermodynamics,1,1
"Pooja Kapoor",Thermodynamics,1,1
"Kavya Pandey",Thermodynamics,1,1
"Meera Rao",Thermodynamics,1,1
"Deepak Sharma",Thermodynamics,1,1
"Yash Reddy",Thermodynamics,1,1
"Arjun Thakur",Thermodynamics,1,1
"Ananya Jain",Thermodynamics,0,1
"Siddharth Patel",Thermodynamics,1,1
"Ananya Mehta",Thermodynamics,1,1
"Mohit Das",Thermodynamics,1,1
"Om Iyer",Thermodynamics,1,1
"Ishaan Reddy",Thermodynamics,1,1
"Rohan Verma",Thermodynamics,1,1
"Neha Gupta","Protection Systems",2,2
"Dev Mehta","Protection Systems",2,2
"Sai Choudhary","Protection Systems",2,2
"Arjun Iyer","Protection Systems",1,1
"Yash Nair","Protection Systems",2,2
"Ananya Bansal","Protection Systems",1,1
"Om Das","Protection Systems",1,1
"Aditya Pandey","Protection Systems",1,1
"Rohan Iyer","Protection Systems",2,2
"Om Sharma","Protection Systems",1,1
"Manav Joshi","Protection Systems",1,1
"Manav Rao","Protection Systems",0,1
"Kunal Jain","Protection Systems",1,1
"Priya Patel","Protection Systems",2,2
"Kavya Reddy","Protection Systems",1,1
"Meera Mehta","Protection Systems",1,1
"Ritesh Verma","Protection Systems",1,1
"Aditi Sharma","Protection Systems",1,1
"Sneha Joshi","Protection Systems",1,1
"Kunal Patel","Protection Systems",0,1
"Ishaan Patel","Protection Systems",0,1
"Sneha Rao","Protection Systems",2,2
"Aman Das","Protection Systems",1,1
"Harsh Khanna","Protection Systems",1,1
"Rohan Jain","Protection Systems",1,1
"Aditya Das","Protection Systems",1,1
"Aditya Kapoor","Protection Systems",4,4
"Rohan Menon","Protection Systems",1,1
"Deepak Ghosh","Protection Systems",1,2
"Diya Gupta","Protection Systems",1,2
"Aman Iyer","Protection Systems",0,1
"Deepak Joshi","Protection Systems",1,1
"Aarav Khanna","Protection Systems",1,2
"Aditya Verma","Protection Systems",2,2
"Kunal Sharma","Protection Systems",2,2
"Kavya Agarwal","Protection Systems",0,1
"Tanmay Pandey","Protection Systems",1,1
"Diya Patel","Protection Systems",0,1
"Siddharth Nair","Protection Systems",2,2
"Yash Bansal","Protection Systems",1,1
"Aman Sinha","Protection Systems",1,1
"Dev Joshi","Protection Systems",0,2
"Nikhil Agarwal","Protection Systems",2,2
"Aarav Choudhary","Protection Systems",1,1
"Kunal Reddy","Protection Systems",3,4
"Manav Iyer","Protection Systems",1,1
"Manav Menon","Protection Systems",1,1
"Neha Joshi","Protection Systems",1,1
"Vivaan Iyer","Protection Systems",2,2
"Om Iyer","Protection Systems",1,1
"Sneha Dubey","Protection Systems",1,1
"Yash Khanna","Protection Systems",1,2
"Rohan Verma","Protection Systems",2,2
"Ishaan Gupta","Protection Systems",1,1
"Nikhil Mehta","Protection Systems",0,1
"Deepak Sharma","Protection Systems",1,1
"Priya Khanna","Protection Systems",1,1
"Krishna Menon","Protection Systems",1,1
"Yash Jain","Protection Systems",0,1
"Deepak Verma","Protection Systems",1,1
"Sai Reddy","Protection Systems",1,1
"Rahul Reddy","Protection Systems",1,1
"Manav Choudhary","Protection Systems",1,1
"Arjun Nair","Protection Systems",1,1
"Yash Patel","Protection Systems",2,2
"Aarav Joshi","Protection Systems",1,1
"Aman Jain","Protection Systems",1,1
"Krishna Iyer","Protection Systems",1,1
"Priya Iyer","Protection Systems",2,2
"Krishna Patel","Protection Systems",1,1
"Aditi Mehta","Protection Systems",1,1
"Meera Ghosh","Protection Systems",1,1
"Ritika Sharma","Protection Systems",1,1
"Meera Choudhary","Protection Systems",0,1
"Arjun Choudhary","Protection Systems",1,1
"Varun Pandey","Protection Systems",1,1
"Pooja Das","Protection Systems",2,2
"Deepak Sinha","Protection Systems",0,1
"Yash Gupta","Protection Systems",1,1
"Sneha Mehta","Protection Systems",1,1
"Harsh Joshi","Protection Systems",2,2
"Krishna Ghosh","Protection Systems",1,1
"Aman Pandey","Protection Systems",1,1
"Ishaan Bansal","Protection Systems",1,1
"Ritesh Menon","Protection Systems",1,1
"Yash Kapoor","Protection Systems",1,1
"Deepak Mehta","Protection Systems",3,3
"Priya Ghosh","Protection Systems",1,1
"Aarav Sinha","Protection Systems",0,1
"Nikhil Dubey","Protection Systems",1,1
"Manav Jain","Protection Systems",1,1
"Yash Joshi","Protection Systems",1,1
"Pooja Menon","Protection Systems",1,1
"Krishna Dubey","Protection Systems",0,1
"Harsh Sharma","Protection Systems",0,1
"Om Dubey","Protection Systems",2,2
"Siddharth Mehta","Protection Systems",1,1
"Ananya Dubey","Protection Systems",0,1
"Ritika Bansal","Protection Systems",0,1
"Siddharth Choudhary","Protection Systems",1,1
"Aarav Sharma","Protection Systems",1,1
"Ananya Rao","Protection Systems",0,1
"Aman Kapoor","Protection Systems",1,1
"Nikhil Gupta","Protection Systems",1,1
"Vivaan Sinha","Protection Systems",1,1
"Yash Reddy","Protection Systems",1,1
"Tanmay Sinha","Protection Systems",1,1
"Rohan Kapoor","Protection Systems",1,1
"Pooja Khanna","Protection Systems",1,1
"Nikhil Reddy","Protection Systems",1,1
"Dev Reddy","Protection Systems",1,1
"Priya Bansal","Protection Systems",0,1
"Varun Verma","Protection Systems",1,1
"Dev Gupta","Protection Systems",1,1
"Kunal Nair","Protection Systems",1,1
"Ritesh Pandey","Protection Systems",1,1
"Arjun Sinha","Protection Systems",1,1
"Meera Menon","Protection Systems",0,1
"Aman Reddy","Protection Systems",1,1
"Kavya Khanna","Protection Systems",1,1
"Om Ghosh","Protection Systems",1,1
"Om Iyer","Industrial Automation",1,1
"Aditi Das","Industrial Automation",1,1
"Arjun Jain","Industrial Automation",1,1
"Harsh Verma","Industrial Automation",1,1
"Varun Agarwal","Industrial Automation",1,1
"Priya Kapoor","Industrial Automation",2,2
"Krishna Iyer","Industrial Automation",1,2
"Ritika Sharma","Industrial Automation",0,1
"Varun Pandey","Industrial Automation",2,2
"Manav Choudhary","Industrial Automation",1,1
"Aditya Bansal","Industrial Automation",1,1
"Ananya Bansal","Industrial Automation",2,2
"Meera Thakur","Industrial Automation",1,1
"Rohan Gupta","Industrial Automation",1,1
"Rohan Jain","Industrial Automation",1,1
"Rohan Ghosh","Industrial Automation",2,2
"Harsh Menon","Industrial Automation",1,1
"Siddharth Dubey","Industrial Automation",1,1
"Aditi Rao","Industrial Automation",1,1
"Ritesh Verma","Industrial Automation",1,1
"Ishaan Pandey","Industrial Automation",1,1
"Ritesh Rao","Industrial Automation",2,2
"Pooja Mehta","Industrial Automation",1,1
"Arjun Reddy","Industrial Automation",2,2
"Manav Pandey","Industrial Automation",1,1
"Aman Mehta","Industrial Automation",0,1
"Pooja Menon","Industrial Automation",2,2
"Varun Jain","Industrial Automation",2,2
"Ananya Reddy","Industrial Automation",0,1
"Ishaan Iyer","Industrial Automation",1,1
"Om Sinha","Industrial Automation",1,1
"Om Verma","Industrial Automation",0,1
"Tanmay Pandey","Industrial Automation",1,1
"Meera Kapoor","Industrial Automation",1,1
"Neha Sinha","Industrial Automation",1,1
"Ananya Nair","Industrial Automation",1,1
"Aditi Sharma","Industrial Automation",1,1
"Ritesh Nair","Industrial Automation",1,1
"Sai Gupta","Industrial Automation",1,1
"Dev Joshi","Industrial Automation",1,1
"Neha Kapoor","Industrial Automation",2,2
"Yash Khanna","Industrial Automation",1,1
"Aarav Dubey","Industrial Automation",0,1
"Mohit Das","Industrial Automation",2,2
"Tanmay Reddy","Industrial Automation",1,1
"Kunal Joshi","Industrial Automation",2,2
"Arjun Dubey","Industrial Automation",2,2
"Siddharth Nair","Industrial Automation",1,1
"Mohit Agarwal","Industrial Automation",1,2
"Aditi Thakur","Industrial Automation",0,1
"Vivaan Jain","Industrial Automation",2,2
"Diya Das","Industrial Automation",1,1
"Kavya Jain","Industrial Automation",1,1
"Pooja Joshi","Industrial Automation",1,1
"Manav Iyer","Industrial Automation",1,1
"Tanmay Das","Industrial Automation",1,1
"Mohit Kapoor","Industrial Automation",1,1
"Om Nair","Industrial Automation",2,2
"Nikhil Bansal","Industrial Automation",1,1
"Aman Nair","Industrial Automation",1,1
"Meera Verma","Industrial Automation",1,1
"Kunal Kapoor","Industrial Automation",1,1
"Kavya Mehta","Industrial Automation",0,1
"Meera Gupta","Industrial Automation",1,1
"Harsh Iyer","Industrial Automation",0,1
"Nikhil Sharma","Industrial Automation",1,1
"Harsh Thakur","Industrial Automation",1,2
"Ishaan Thakur","Industrial Automation",2,2
"Dev Sharma","Industrial Automation",1,2
"Varun Menon","Industrial Automation",1,1
"Priya Sharma","Industrial Automation",1,1
"Rahul Reddy","Industrial Automation",1,1
"Tanmay Dubey","Industrial Automation",1,1
"Mohit Dubey","Industrial Automation",1,1
"Ritika Dubey","Industrial Automation",1,1
"Yash Iyer","Industrial Automation",1,1
"Mohit Choudhary","Industrial Automation",2,2
"Kunal Agarwal","Industrial Automation",2,2
"Dev Jain","Industrial Automation",0,1
"Rohan Reddy","Industrial Automation",2,2
"Sneha Pandey","Industrial Automation",1,1
"Arjun Nair","Industrial Automation",1,1
"Aditi Joshi","Industrial Automation",1,1
"Vivaan Thakur","Industrial Automation",1,1
"Aman Menon","Industrial Automation",1,1
"Sneha Kapoor","Industrial Automation",1,1
"Ananya Jain","Industrial Automation",1,1
"Diya Sharma","Industrial Automation",0,1
"Priya Iyer","Industrial Automation",1,1
"Rohan Bansal","Industrial Automation",0,1
"Tanmay Sinha","Industrial Automation",1,1
"Aditya Verma","Industrial Automation",1,1
"Ishaan Joshi","Industrial Automation",1,1
"Mohit Nair","Industrial Automation",1,1
"Nikhil Patel","Industrial Automation",1,1
"Kavya Sharma","Industrial Automation",1,1
"Dev Verma","Industrial Automation",1,1
"Deepak Mehta","Industrial Automation",1,1
"Krishna Verma","Industrial Automation",1,1
"Vivaan Pandey","Industrial Automation",1,1
"Ritesh Gupta","Industrial Automation",2,2
"Ishaan Khanna","Industrial Automation",1,1
"Sneha Patel","Industrial Automation",1,1
"Yash Verma","Industrial Automation",1,1
"Kunal Mehta","Industrial Automation",1,1
"Siddharth Joshi","Industrial Automation",1,1
"Kunal Ghosh","Industrial Automation",0,1
"Kavya Menon","Industrial Automation",1,1
"Diya Gupta","Industrial Automation",0,1
"Aditi Khanna","Industrial Automation",1,1
"Krishna Khanna","Biomedical Electronics",0,1
"Kunal Jain","Biomedical Electronics",1,1
"Dev Joshi","Biomedical Electronics",1,1
"Aditi Patel","Biomedical Electronics",1,1
"Ishaan Ghosh","Biomedical Electronics",2,2
"Siddharth Sinha","Biomedical Electronics",1,1
"Sai Khanna","Biomedical Electronics",1,2
"Vivaan Sinha","Biomedical Electronics",0,1
"Aarav Pandey","Biomedical Electronics",1,3
"Priya Joshi","Biomedical Electronics",2,2
"Tanmay Iyer","Biomedical Electronics",1,1
"Krishna Reddy","Biomedical Electronics",2,3
"Manav Reddy","Biomedical Electronics",2,2
"Nikhil Agarwal","Biomedical Electronics",1,1
"Aditya Choudhary","Biomedical Electronics",2,2
"Rohan Bansal","Biomedical Electronics",1,1
"Krishna Verma","Biomedical Electronics",1,1
"Dev Kapoor","Biomedical Electronics",1,1
"Aarav Sharma","Biomedical Electronics",1,1
"Rohan Agarwal","Biomedical Electronics",0,1
"Siddharth Khanna","Biomedical Electronics",1,2
"Manav Kapoor","Biomedical Electronics",1,1
"Priya Sharma","Biomedical Electronics",1,1
"Deepak Pandey","Biomedical Electronics",1,1
"Vivaan Verma","Biomedical Electronics",1,1
"Yash Pandey","Biomedical Electronics",2,2
"Krishna Choudhary","Biomedical Electronics",1,2
"Kavya Bansal","Biomedical Electronics",1,2
"Mohit Reddy","Biomedical Electronics",2,2
"Dev Choudhary","Biomedical Electronics",2,2
"Aditya Kapoor","Biomedical Electronics",1,1
"Krishna Rao","Biomedical Electronics",3,3
"Aditya Verma","Biomedical Electronics",0,1
"Varun Menon","Biomedical Electronics",3,3
"Kunal Sharma","Biomedical Electronics",3,3
"Aditya Dubey","Biomedical Electronics",2,3
"Rohan Patel","Biomedical Electronics",0,1
"Kavya Kapoor","Biomedical Electronics",0,1
"Rahul Sharma","Biomedical Electronics",0,1
"Yash Reddy","Biomedical Electronics",0,1
"Ritesh Verma","Biomedical Electronics",0,1
"Manav Choudhary","Biomedical Electronics",1,1
"Tanmay Menon","Biomedical Electronics",1,1
"Rahul Reddy","Biomedical Electronics",1,2
"Siddharth Rao","Biomedical Electronics",1,1
"Varun Nair","Biomedical Electronics",1,2
"Ananya Bansal","Biomedical Electronics",1,1
"Varun Thakur","Biomedical Electronics",0,1
"Ritesh Khanna","Biomedical Electronics",1,1
"Kunal Iyer","Biomedical Electronics",1,1
"Ishaan Thakur","Biomedical Electronics",1,1
"Manav Menon","Biomedical Electronics",1,1
"Ritesh Jain","Biomedical Electronics",1,1
"Sneha Agarwal","Biomedical Electronics",0,1
"Aarav Kapoor","Biomedical Electronics",1,1
"Rohan Das","Biomedical Electronics",1,1
"Kunal Reddy","Biomedical Electronics",1,2
"Ritika Gupta","Biomedical Electronics",1,1
"Manav Agarwal","Biomedical Electronics",1,1
"Kunal Ghosh","Biomedical Electronics",1,1
"Pooja Jain","Biomedical Electronics",2,2
"Deepak Sharma","Biomedical Electronics",2,2
"Nikhil Sinha","Biomedical Electronics",1,1
"Ritesh Dubey","Biomedical Electronics",1,1
"Kavya Rao","Biomedical Electronics",1,1
"Harsh Iyer","Biomedical Electronics",0,1
"Priya Nair","Biomedical Electronics",1,3
"Yash Bansal","Biomedical Electronics",0,1
"Ananya Nair","Biomedical Electronics",1,1
"Mohit Iyer","Biomedical Electronics",0,1
"Dev Dubey","Biomedical Electronics",1,1
"Diya Patel","Biomedical Electronics",1,1
"Arjun Kapoor","Biomedical Electronics",1,1
"Manav Gupta","Biomedical Electronics",1,1
"Yash Mehta","Biomedical Electronics",1,1
"Yash Nair","Biomedical Electronics",1,1
"Tanmay Kapoor","Biomedical Electronics",1,1
"Priya Gupta","Biomedical Electronics",1,1
"Krishna Menon","Biomedical Electronics",0,1
"Harsh Gupta","Biomedical Electronics",1,1
"Meera Patel","Biomedical Electronics",2,2
"Mohit Joshi","Biomedical Electronics",1,1
"Aman Nair","Biomedical Electronics",1,1
"Arjun Sharma","Biomedical Electronics",0,1
"Priya Sinha","Biomedical Electronics",1,1
"Neha Agarwal","Biomedical Electronics",1,1
"Aditi Bansal","Biomedical Electronics",0,1
"Varun Jain","Biomedical Electronics",1,1
"Pooja Patel","Biomedical Electronics",1,1
"Nikhil Gupta","Biomedical Electronics",1,1
"Sai Iyer","Biomedical Electronics",1,2
"Priya Das","Biomedical Electronics",1,1
"Sneha Reddy","Biomedical Electronics",1,1
"Mohit Nair","Biomedical Electronics",0,1
"Om Nair","Biomedical Electronics",1,1
"Kunal Choudhary","Biomedical Electronics",1,1
"Neha Nair","Biomedical Electronics",1,1
"Arjun Verma","Biomedical Electronics",1,1
"Ishaan Bansal","Biomedical Electronics",1,1
"Ananya Dubey","Biomedical Electronics",1,1
"Tanmay Choudhary","Biomedical Electronics",1,1
"Sneha Verma","Biomedical Electronics",1,1
"Rahul Menon","Biomedical Electronics",1,1
"Manav Iyer","Biomedical Electronics",1,1
"Yash Sharma","Biomedical Electronics",1,1
"Tanmay Khanna","Biomedical Electronics",0,1
"Yash Agarwal","Biomedical Electronics",1,1
"Tanmay Pandey","Biomedical Electronics",1,1
"Deepak Khanna","Biomedical Electronics",1,1
"Harsh Das","IT Project Management",1,1
"Aditya Menon","IT Project Management",1,2
"Yash Thakur","IT Project Management",2,2
"Deepak Ghosh","IT Project Management",1,1
"Priya Sharma","IT Project Management",1,2
"Om Das","IT Project Management",1,1
"Yash Kapoor","IT Project Management",0,1
"Priya Das","IT Project Management",0,1
"Meera Sinha","IT Project Management",1,1
"Nikhil Sharma","IT Project Management",1,1
"Vivaan Sharma","IT Project Management",1,1
"Neha Das","IT Project Management",1,1
"Aman Sinha","IT Project Management",1,1
"Ishaan Menon","IT Project Management",1,1
"Nikhil Agarwal","IT Project Management",1,1
"Aarav Rao","IT Project Management",1,2
"Siddharth Mehta","IT Project Management",2,2
"Priya Verma","IT Project Management",1,1
"Aarav Choudhary","IT Project Management",0,1
"Yash Rao","IT Project Management",1,1
"Kunal Verma","IT Project Management",1,1
"Deepak Joshi","IT Project Management",1,1
"Aarav Bansal","IT Project Management",2,2
"Pooja Das","IT Project Management",1,1
"Rohan Verma","IT Project Management",1,1
"Ananya Iyer","IT Project Management",2,2
"Kunal Reddy","IT Project Management",0,1
"Om Sharma","IT Project Management",1,1
"Aman Verma","IT Project Management",1,1
"Siddharth Khanna","IT Project Management",1,1
"Siddharth Kapoor","IT Project Management",1,1
"Arjun Das","IT Project Management",1,1
"Meera Gupta","IT Project Management",1,1
"Ishaan Nair","IT Project Management",1,1
"Ananya Khanna","IT Project Management",1,1
"Mohit Mehta","IT Project Management",1,1
"Meera Patel","IT Project Management",0,1
"Tanmay Menon","IT Project Management",1,1
"Priya Thakur","IT Project Management",2,2
"Om Gupta","IT Project Management",1,1
"Kunal Khanna","IT Project Management",1,1
"Nikhil Sinha","IT Project Management",1,1
"Ritesh Ghosh","IT Project Management",1,1
"Aditi Jain","IT Project Management",2,2
"Yash Nair","IT Project Management",2,2
"Deepak Khanna","IT Project Management",1,1
"Krishna Rao","IT Project Management",1,1
"Priya Sinha","IT Project Management",1,1
"Nikhil Ghosh","IT Project Management",1,1
"Vivaan Das","IT Project Management",1,1
"Arjun Mehta","IT Project Management",1,1
"Dev Khanna","IT Project Management",1,1
"Harsh Menon","IT Project Management",1,1
"Neha Pandey","IT Project Management",1,1
"Neha Ghosh","IT Project Management",1,1
"Aditya Choudhary","IT Project Management",2,2
"Aditi Menon","IT Project Management",1,1
"Kavya Reddy","IT Project Management",0,1
"Varun Jain","IT Project Management",1,1
"Pooja Gupta","IT Project Management",1,1
"Aarav Gupta","IT Project Management",1,1
"Tanmay Rao","IT Project Management",2,2
"Priya Menon","IT Project Management",1,1
"Sneha Nair","IT Project Management",1,1
"Aarav Jain","IT Project Management",2,2
"Varun Choudhary","IT Project Management",1,1
"Deepak Jain","IT Project Management",1,1
"Sneha Verma","IT Project Management",1,1
"Priya Dubey","IT Project Management",0,1
"Harsh Bansal","IT Project Management",1,1
"Krishna Verma","IT Project Management",1,1
"Varun Dubey","IT Project Management",1,1
"Pooja Sharma","IT Project Management",0,1
"Ritesh Verma","IT Project Management",1,1
"Diya Reddy","IT Project Management",1,1
"Om Menon","IT Project Management",1,1
"Yash Joshi","IT Project Management",1,1
"Priya Patel","IT Project Management",0,1
"Kunal Rao","IT Project Management",0,1
"Mohit Sinha","IT Project Management",1,1
"Om Verma","IT Project Management",1,1
"Meera Nair","IT Project Management",0,1
"Priya Kapoor","IT Project Management",1,1
"Diya Mehta","IT Project Management",1,1
"Sneha Dubey","IT Project Management",1,1
"Aditya Verma","IT Project Management",1,1
"Vivaan Kapoor","IT Project Management",1,1
"Kunal Agarwal","IT Project Management",2,2
"Sneha Das","IT Project Management",1,1
"Ishaan Mehta","IT Project Management",1,1
"Kunal Nair","IT Project Management",1,1
"Deepak Choudhary","IT Project Management",1,1
"Varun Gupta","IT Project Management",1,1
"Sneha Thakur","IT Project Management",1,1
"Varun Thakur","IT Project Management",1,1
"Kunal Bansal","IT Project Management",1,1
"Aarav Patel","IT Project Management",1,1
"Ritesh Gupta","IT Project Management",1,1
"Ritesh Patel","IT Project Management",1,1
"Ritesh Reddy","IT Project Management",1,1
"Nikhil Menon","IT Project Management",1,1
"Siddharth Pandey","IT Project Management",0,1
"Sneha Agarwal","IT Project Management",1,1
"Kunal Gupta","IT Project Management",1,1
"Ritesh Choudhary","IT Project Management",1,1
"Arjun Agarwal","Digital Transformation",1,1
"Varun Nair","Digital Transformation",1,1
"Nikhil Agarwal","Digital Transformation",1,1
"Nikhil Ghosh","Digital Transformation",1,1
"Aditya Jain","Digital Transformation",0,1
"Siddharth Iyer","Digital Transformation",1,1
"Om Ghosh","Digital Transformation",1,1
"Aman Verma","Digital Transformation",1,1
"Kavya Sharma","Digital Transformation",1,1
"Kunal Verma","Digital Transformation",1,1
"Dev Choudhary","Digital Transformation",2,3
"Ritesh Dubey","Digital Transformation",0,1
"Siddharth Verma","Digital Transformation",1,1
"Yash Das","Digital Transformation",3,3
"Krishna Mehta","Digital Transformation",1,1
"Meera Menon","Digital Transformation",0,1
"Sneha Choudhary","Digital Transformation",1,1
"Nikhil Das","Digital Transformation",0,1
"Harsh Dubey","Digital Transformation",0,1
"Siddharth Mehta","Digital Transformation",1,1
"Krishna Gupta","Digital Transformation",0,1
"Varun Agarwal","Digital Transformation",1,1
"Pooja Menon","Digital Transformation",1,1
"Rahul Ghosh","Digital Transformation",1,1
"Neha Agarwal","Digital Transformation",0,1
"Aditya Joshi","Digital Transformation",1,1
"Mohit Iyer","Digital Transformation",1,1
"Priya Kapoor","Digital Transformation",1,1
"Ritesh Agarwal","Digital Transformation",0,1
"Diya Agarwal","Digital Transformation",1,1
"Pooja Kapoor","Digital Transformation",1,1
"Neha Kapoor","Digital Transformation",1,1
"Rahul Choudhary","Digital Transformation",1,1
"Dev Reddy","Digital Transformation",1,1
"Manav Pandey","Digital Transformation",1,1
"Mohit Pandey","Digital Transformation",1,1
"Arjun Bansal","Digital Transformation",1,1
"Pooja Rao","Digital Transformation",2,2
"Deepak Das","Digital Transformation",0,1
"Om Iyer","Digital Transformation",2,2
"Rohan Gupta","Digital Transformation",1,1
"Aditi Rao","Digital Transformation",0,1
"Sneha Nair","Digital Transformation",2,2
"Kavya Dubey","Digital Transformation",0,1
"Meera Choudhary","Digital Transformation",1,1
"Ananya Sinha","Digital Transformation",1,1
"Nikhil Bansal","Digital Transformation",1,2
"Deepak Patel","Digital Transformation",2,2
"Sai Thakur","Digital Transformation",2,2
"Neha Sinha","Digital Transformation",3,3
"Kunal Iyer","Digital Transformation",0,1
"Harsh Reddy","Digital Transformation",0,1
"Tanmay Reddy","Digital Transformation",2,2
"Aman Ghosh","Digital Transformation",1,1
"Harsh Pandey","Digital Transformation",2,2
"Yash Pandey","Digital Transformation",1,1
"Nikhil Menon","Digital Transformation",0,1
"Siddharth Nair","Digital Transformation",1,1
"Aarav Jain","Digital Transformation",1,1
"Sai Sinha","Digital Transformation",1,1
"Om Jain","Digital Transformation",0,1
"Aditya Pandey","Digital Transformation",1,1
"Rohan Choudhary","Digital Transformation",0,1
"Ananya Choudhary","Digital Transformation",1,1
"Diya Menon","Digital Transformation",1,1
"Ritika Menon","Digital Transformation",1,1
"Ritesh Choudhary","Digital Transformation",1,1
"Arjun Joshi","Digital Transformation",1,1
"Rohan Verma","Digital Transformation",1,1
"Kunal Menon","Digital Transformation",0,1
"Meera Thakur","Digital Transformation",1,1
"Siddharth Agarwal","Digital Transformation",1,1
"Ritesh Iyer","Digital Transformation",1,1
"Nikhil Kapoor","Digital Transformation",1,1
"Dev Verma","Digital Transformation",1,1
"Tanmay Menon","Digital Transformation",1,1
"Aman Gupta","Digital Transformation",1,1
"Ishaan Khanna","Digital Transformation",1,1
"Tanmay Verma","Digital Transformation",1,1
"Kunal Rao","Digital Transformation",2,2
"Aditi Agarwal","Digital Transformation",1,1
"Arjun Iyer","Digital Transformation",0,1
"Nikhil Khanna","Digital Transformation",1,1
"Harsh Thakur","Digital Transformation",1,1
"Om Thakur","Digital Transformation",1,1
"Aarav Dubey","Digital Transformation",1,1
"Kavya Nair","Digital Transformation",1,1
"Sai Agarwal","Digital Transformation",1,1
"Dev Pandey","Digital Transformation",0,1
"Mohit Reddy","Digital Transformation",0,1
"Aditya Sinha","Digital Transformation",0,1
"Varun Kapoor","Digital Transformation",2,2
"Neha Reddy","Digital Transformation",1,1
"Sai Ghosh","Digital Transformation",1,1
"Rahul Sinha","Digital Transformation",1,1
"Pooja Sharma","Digital Transformation",1,1
"Neha Dubey","Digital Transformation",0,1
"Ritesh Nair","Digital Transformation",1,1
"Meera Verma","Digital Transformation",1,1
"Kunal Das","Digital Transformation",1,1
"Yash Ghosh","Digital Transformation",1,1
"Om Sharma","Digital Transformation",1,1
"Meera Sinha","Digital Transformation",0,1
"Kunal Jain","Digital Transformation",2,2
"Aarav Khanna","Digital Transformation",1,1
"Krishna Nair","Digital Transformation",0,1
"Sneha Jain","Digital Transformation",1,1
"Diya Reddy","Digital Transformation",1,1
"Harsh Joshi","Digital Transformation",1,1
"Deepak Jain","Digital Transformation",0,1
"Kavya Gupta","Digital Transformation",0,1
"Pooja Pandey","Digital Transformation",1,1
"Krishna Agarwal","Digital Transformation",1,1
"Rohan Das","Digital Transformation",1,1
"Yash Patel","Digital Transformation",1,1
"Diya Thakur","Digital Transformation",1,1
"Dev Dubey","Digital Transformation",1,1
"Krishna Rao","Digital Transformation",1,1
"Ishaan Thakur","Digital Transformation",1,1
"Manav Reddy","Digital Transformation",1,1
"Aditya Thakur","Digital Transformation",1,1
"Harsh Khanna","Digital Transformation",1,1
"Priya Reddy","Digital Transformation",1,1
"Kunal Sinha","Digital Transformation",1,1
"Tanmay Sharma","Digital Transformation",1,1
"Diya Pandey","Digital Transformation",1,1
"Aditi Bansal","Digital Transformation",1,1
"Nikhil Jain","Digital Transformation",1,1
"Aarav Thakur","Digital Transformation",1,1
"Neha Thakur","Digital Transformation",1,1
"Aditi Gupta","Digital Transformation",1,1
"Kavya Ghosh","Digital Transformation",1,1
"Tanmay Rao","Digital Transformation",1,1
"Mohit Sharma","Digital Transformation",0,1
"Ishaan Pandey","Digital Transformation",1,1
"Om Mehta","Digital Transformation",0,1
"Diya Nair","Digital Transformation",0,1
"Ritika Pandey","Digital Transformation",1,1
"Deepak Mehta","Digital Transformation",0,1
"Ritesh Thakur","Digital Transformation",1,1
"Varun Bansal","Digital Transformation",1,1
"Varun Mehta","Digital Transformation",1,1
"Aman Agarwal","Digital Transformation",1,1
"Aman Dubey","Digital Transformation",0,1
"Krishna Ghosh","Digital Transformation",1,1
"Dev Nair","Digital Transformation",1,1
"Ritika Ghosh","Digital Transformation",1,1
"Sneha Bansal","Digital Transformation",1,1
"Aarav Reddy","Digital Transformation",1,1
"Ananya Mehta","Digital Transformation",1,1
"Om Verma","Digital Transformation",0,1
"Ritika Das",CAD/CAM,2,2
"Pooja Ghosh",CAD/CAM,1,2
"Krishna Ghosh",CAD/CAM,1,1
"Siddharth Iyer",CAD/CAM,0,1
"Manav Patel",CAD/CAM,1,1
"Aarav Sharma",CAD/CAM,1,2
"Yash Agarwal",CAD/CAM,2,3
"Sai Reddy",CAD/CAM,1,1
"Manav Jain",CAD/CAM,1,1
"Rohan Reddy",CAD/CAM,1,1
"Meera Das",CAD/CAM,1,1
"Neha Verma",CAD/CAM,0,2
"Meera Patel",CAD/CAM,1,1
"Nikhil Pandey",CAD/CAM,1,1
"Mohit Nair",CAD/CAM,1,1
"Deepak Iyer",CAD/CAM,1,1
"Aditi Mehta",CAD/CAM,1,1
"Neha Patel",CAD/CAM,1,1
"Diya Dubey",CAD/CAM,1,1
"Kavya Rao",CAD/CAM,1,1
"Pooja Bansal",CAD/CAM,1,1
"Diya Ghosh",CAD/CAM,1,1
"Ritika Nair",CAD/CAM,1,1
"Arjun Sinha",CAD/CAM,2,2
"Siddharth Dubey",CAD/CAM,1,1
"Kunal Mehta",CAD/CAM,2,2
"Dev Agarwal",CAD/CAM,1,1
"Priya Jain",CAD/CAM,2,2
"Ritika Kapoor",CAD/CAM,1,1
"Sai Verma",CAD/CAM,1,1
"Aman Joshi",CAD/CAM,0,2
"Rahul Agarwal",CAD/CAM,0,1
"Sai Kapoor",CAD/CAM,1,1
"Ishaan Patel",CAD/CAM,1,1
"Ritesh Mehta",CAD/CAM,2,3
"Aditya Dubey",CAD/CAM,1,1
"Harsh Choudhary",CAD/CAM,1,2
"Vivaan Mehta",CAD/CAM,3,3
"Kavya Patel",CAD/CAM,2,3
"Om Iyer",CAD/CAM,1,1
"Diya Mehta",CAD/CAM,2,2
"Kunal Khanna",CAD/CAM,1,2
"Aarav Menon",CAD/CAM,1,1
"Varun Gupta",CAD/CAM,1,1
"Om Thakur",CAD/CAM,1,1
"Priya Menon",CAD/CAM,1,1
"Om Joshi",CAD/CAM,2,2
"Siddharth Sinha",CAD/CAM,1,1
"Kunal Bansal",CAD/CAM,1,1
"Neha Bansal",CAD/CAM,1,1
"Sai Iyer",CAD/CAM,0,1
"Varun Patel",CAD/CAM,1,1
"Harsh Thakur",CAD/CAM,1,1
"Rahul Joshi",CAD/CAM,2,3
"Diya Nair",CAD/CAM,1,1
"Sneha Agarwal",CAD/CAM,1,1
"Manav Khanna",CAD/CAM,1,1
"Aditya Choudhary",CAD/CAM,3,3
"Kunal Jain",CAD/CAM,1,1
"Nikhil Sharma",CAD/CAM,0,1
"Ritika Bansal",CAD/CAM,1,1
"Varun Menon",CAD/CAM,1,1
"Rohan Sinha",CAD/CAM,1,1
"Manav Agarwal",CAD/CAM,1,1
"Mohit Menon",CAD/CAM,2,2
"Tanmay Nair",CAD/CAM,1,1
"Priya Bansal",CAD/CAM,0,1
"Aarav Bansal",CAD/CAM,1,1
"Dev Menon",CAD/CAM,1,1
"Aman Das",CAD/CAM,0,1
"Mohit Thakur",CAD/CAM,1,1
"Meera Joshi",CAD/CAM,2,2
"Arjun Jain",CAD/CAM,0,1
"Siddharth Choudhary",CAD/CAM,1,1
"Arjun Gupta",CAD/CAM,2,2
"Pooja Pandey",CAD/CAM,2,2
"Mohit Jain",CAD/CAM,1,1
"Neha Sinha",CAD/CAM,1,1
"Aditya Menon",CAD/CAM,1,1
"Aditya Rao",CAD/CAM,1,1
"Priya Pandey",CAD/CAM,1,1
"Harsh Patel",CAD/CAM,1,2
"Tanmay Bansal",CAD/CAM,1,1
"Krishna Iyer",CAD/CAM,0,1
"Meera Verma",CAD/CAM,1,1
"Nikhil Das",CAD/CAM,1,1
"Aman Gupta",CAD/CAM,0,1
"Arjun Choudhary",CAD/CAM,0,1
"Ritesh Sinha",CAD/CAM,1,1
"Om Bansal",CAD/CAM,1,1
"Aarav Gupta",CAD/CAM,0,1
"Meera Agarwal",CAD/CAM,1,1
"Tanmay Pandey",CAD/CAM,1,1
"Rahul Das",CAD/CAM,1,1
"Rahul Patel",CAD/CAM,1,1
"Rahul Verma",CAD/CAM,0,1
"Sai Sinha",CAD/CAM,0,1
"Meera Thakur",CAD/CAM,1,1
"Aditi Agarwal",CAD/CAM,1,1
"Aman Rao",CAD/CAM,1,1
"Siddharth Nair",CAD/CAM,2,2
"Vivaan Verma",CAD/CAM,1,1
"Varun Thakur",CAD/CAM,1,1
"Sneha Pandey",CAD/CAM,1,1
"Kunal Sharma",CAD/CAM,1,1
"Sai Agarwal",CAD/CAM,0,1
"Ritika Verma",CAD/CAM,0,1
"Dev Nair",CAD/CAM,1,2
"Harsh Gupta",CAD/CAM,0,1
"Vivaan Gupta",CAD/CAM,1,1
"Pooja Sharma",CAD/CAM,1,1
"Arjun Mehta",CAD/CAM,1,1
"Mohit Rao",CAD/CAM,1,1
"Om Das",CAD/CAM,1,1
"Diya Agarwal",CAD/CAM,1,1
"Diya Patel",CAD/CAM,1,1
"Diya Reddy",CAD/CAM,1,1
"Harsh Verma",CAD/CAM,1,1
"Siddharth Menon",CAD/CAM,1,1
"Ritesh Gupta",CAD/CAM,0,1
"Krishna Das",CAD/CAM,1,1
"Krishna Reddy",CAD/CAM,2,2
"Kavya Thakur",CAD/CAM,3,3
"Sai Rao",CAD/CAM,0,1
"Meera Nair",CAD/CAM,1,1
"Rahul Gupta",CAD/CAM,1,1
"Nikhil Joshi",CAD/CAM,0,1
"Diya Kapoor",CAD/CAM,1,1
"Yash Dubey",CAD/CAM,1,1
"Kunal Ghosh",CAD/CAM,0,1
"Ritesh Das",CAD/CAM,1,2
"Om Reddy",CAD/CAM,1,1
"Om Gupta",CAD/CAM,0,1
"Manav Bansal",CAD/CAM,1,1
"Tanmay Rao",CAD/CAM,1,1
"Vivaan Menon",CAD/CAM,1,1
"Pooja Gupta",CAD/CAM,1,1
"Kavya Dubey",CAD/CAM,1,1
"Krishna Jain",CAD/CAM,1,1
"Aditi Rao",CAD/CAM,1,1
"Rohan Agarwal",CAD/CAM,0,1
"Aditi Dubey",CAD/CAM,1,1
"Yash Pandey",CAD/CAM,1,1
"Dev Gupta",CAD/CAM,1,1
"Priya Pandey","Smart Grid Technology",1,1
"Mohit Agarwal","Smart Grid Technology",3,3
"Varun Verma","Smart Grid Technology",2,3
"Priya Rao","Smart Grid Technology",0,1
"Pooja Verma","Smart Grid Technology",1,1
"Manav Nair","Smart Grid Technology",1,2
"Rohan Joshi","Smart Grid Technology",2,2
"Manav Patel","Smart Grid Technology",1,1
"Harsh Menon","Smart Grid Technology",0,2
"Aditi Patel","Smart Grid Technology",0,1
"Arjun Dubey","Smart Grid Technology",1,1
"Deepak Reddy","Smart Grid Technology",1,1
"Kunal Choudhary","Smart Grid Technology",2,3
"Meera Sharma","Smart Grid Technology",1,1
"Aarav Menon","Smart Grid Technology",1,1
"Deepak Choudhary","Smart Grid Technology",1,2
"Dev Bansal","Smart Grid Technology",2,2
"Vivaan Patel","Smart Grid Technology",1,1
"Mohit Joshi","Smart Grid Technology",1,1
"Aman Nair","Smart Grid Technology",1,1
"Aditi Jain","Smart Grid Technology",1,1
"Aditya Iyer","Smart Grid Technology",1,1
"Mohit Gupta","Smart Grid Technology",1,1
"Tanmay Dubey","Smart Grid Technology",1,2
"Harsh Reddy","Smart Grid Technology",2,2
"Krishna Joshi","Smart Grid Technology",1,2
"Deepak Kapoor","Smart Grid Technology",1,1
"Deepak Khanna","Smart Grid Technology",1,2
"Arjun Bansal","Smart Grid Technology",1,1
"Krishna Jain","Smart Grid Technology",1,2
"Rahul Choudhary","Smart Grid Technology",2,2
"Yash Iyer","Smart Grid Technology",0,1
"Pooja Kapoor","Smart Grid Technology",1,1
"Aman Khanna","Smart Grid Technology",0,1
"Sai Khanna","Smart Grid Technology",1,1
"Om Rao","Smart Grid Technology",2,2
"Manav Sharma","Smart Grid Technology",2,2
"Arjun Patel","Smart Grid Technology",1,1
"Aman Das","Smart Grid Technology",1,1
"Rahul Reddy","Smart Grid Technology",1,1
"Rahul Khanna","Smart Grid Technology",1,2
"Rohan Rao","Smart Grid Technology",1,1
"Aarav Thakur","Smart Grid Technology",1,1
"Sneha Nair","Smart Grid Technology",1,1
"Kavya Agarwal","Smart Grid Technology",1,1
"Ananya Joshi","Smart Grid Technology",0,1
"Siddharth Nair","Smart Grid Technology",0,1
"Rahul Gupta","Smart Grid Technology",1,1
"Pooja Reddy","Smart Grid Technology",1,1
"Kavya Ghosh","Smart Grid Technology",1,1
"Vivaan Sharma","Smart Grid Technology",1,1
"Siddharth Patel","Smart Grid Technology",2,2
"Kunal Iyer","Smart Grid Technology",1,1
"Mohit Das","Smart Grid Technology",2,2
"Ritesh Das","Smart Grid Technology",1,1
"Meera Reddy","Smart Grid Technology",1,1
"Siddharth Rao","Smart Grid Technology",1,1
"Krishna Iyer","Smart Grid Technology",0,1
"Kunal Pandey","Smart Grid Technology",0,1
"Arjun Choudhary","Smart Grid Technology",2,2
"Nikhil Gupta","Smart Grid Technology",1,2
"Meera Choudhary","Smart Grid Technology",1,2
"Aman Choudhary","Smart Grid Technology",1,1
"Ishaan Thakur","Smart Grid Technology",1,1
"Kunal Bansal","Smart Grid Technology",0,2
"Siddharth Mehta","Smart Grid Technology",2,2
"Aditya Pandey","Smart Grid Technology",0,1
"Nikhil Sharma","Smart Grid Technology",1,1
"Harsh Nair","Smart Grid Technology",0,1
"Arjun Kapoor","Smart Grid Technology",1,1
"Vivaan Kapoor","Smart Grid Technology",1,1
"Arjun Menon","Smart Grid Technology",1,1
"Om Thakur","Smart Grid Technology",1,1
"Aarav Choudhary","Smart Grid Technology",0,1
"Aditya Reddy","Smart Grid Technology",2,2
"Varun Gupta","Smart Grid Technology",1,1
"Ritesh Reddy","Smart Grid Technology",1,1
"Nikhil Bansal","Smart Grid Technology",1,1
"Harsh Sharma","Smart Grid Technology",1,1
"Pooja Khanna","Smart Grid Technology",1,1
"Pooja Mehta","Smart Grid Technology",1,1
"Yash Sinha","Smart Grid Technology",0,1
"Diya Menon","Smart Grid Technology",1,1
"Nikhil Agarwal","Smart Grid Technology",1,1
"Varun Jain","Smart Grid Technology",0,1
"Sneha Rao","Smart Grid Technology",1,1
"Harsh Iyer","Smart Grid Technology",1,1
"Tanmay Ghosh","Smart Grid Technology",1,1
"Neha Gupta","Smart Grid Technology",1,1
"Om Pandey","Smart Grid Technology",1,1
"Dev Thakur","Smart Grid Technology",2,2
"Mohit Sharma","Smart Grid Technology",1,1
"Sneha Khanna","Smart Grid Technology",0,1
"Aditya Mehta","Smart Grid Technology",1,1
"Aditi Iyer","Smart Grid Technology",1,1
"Tanmay Bansal","Smart Grid Technology",1,1
"Ishaan Reddy","Smart Grid Technology",1,1
"Neha Reddy","Smart Grid Technology",1,1
"Om Choudhary","Smart Grid Technology",1,1
"Aditi Ghosh","Smart Grid Technology",1,1
"Sai Reddy","Smart Grid Technology",1,1
"Ananya Patel","Smart Grid Technology",0,1
"Aman Mehta","Smart Grid Technology",1,1
"Harsh Patel","Smart Grid Technology",0,1
"Varun Menon","Smart Grid Technology",0,1
"Om Bansal","Smart Grid Technology",0,1
"Vivaan Bansal","Smart Grid Technology",1,1
"Neha Menon","Smart Grid Technology",1,1
"Aman Sharma","Smart Grid Technology",1,1
"Krishna Dubey","Smart Grid Technology",1,1
"Kunal Sinha","Blockchain Technology",0,1
"Arjun Nair","Blockchain Technology",1,1
"Aditya Joshi","Blockchain Technology",2,2
"Sneha Das","Blockchain Technology",1,2
"Manav Nair","Blockchain Technology",1,1
"Dev Nair","Blockchain Technology",2,2
"Harsh Thakur","Blockchain Technology",1,1
"Varun Dubey","Blockchain Technology",1,1
"Arjun Choudhary","Blockchain Technology",1,1
"Kunal Rao","Blockchain Technology",1,1
"Aarav Menon","Blockchain Technology",1,1
"Aditi Iyer","Blockchain Technology",1,2
"Krishna Dubey","Blockchain Technology",0,1
"Arjun Joshi","Blockchain Technology",1,1
"Kunal Agarwal","Blockchain Technology",0,1
"Nikhil Dubey","Blockchain Technology",0,2
"Pooja Mehta","Blockchain Technology",0,1
"Manav Rao","Blockchain Technology",1,1
"Varun Mehta","Blockchain Technology",1,1
"Tanmay Rao","Blockchain Technology",1,1
"Aarav Khanna","Blockchain Technology",1,1
"Krishna Das","Blockchain Technology",1,1
"Kavya Rao","Blockchain Technology",1,1
"Rohan Pandey","Blockchain Technology",0,1
"Manav Kapoor","Blockchain Technology",1,1
"Neha Rao","Blockchain Technology",0,1
"Rohan Khanna","Blockchain Technology",1,1
"Diya Agarwal","Blockchain Technology",1,1
"Priya Reddy","Blockchain Technology",1,1
"Manav Jain","Blockchain Technology",2,2
"Mohit Reddy","Blockchain Technology",1,1
"Deepak Pandey","Blockchain Technology",1,1
"Varun Sharma","Blockchain Technology",1,1
"Om Patel","Blockchain Technology",2,2
"Nikhil Kapoor","Blockchain Technology",0,1
"Ritika Menon","Blockchain Technology",2,2
"Aditi Joshi","Blockchain Technology",1,1
"Ritesh Reddy","Blockchain Technology",2,2
"Ishaan Thakur","Blockchain Technology",1,1
"Varun Verma","Blockchain Technology",1,1
"Rahul Rao","Blockchain Technology",1,1
"Pooja Sinha","Blockchain Technology",1,1
"Aman Rao","Blockchain Technology",0,1
"Tanmay Dubey","Blockchain Technology",2,2
"Diya Menon","Blockchain Technology",0,1
"Dev Sinha","Blockchain Technology",0,1
"Neha Sinha","Blockchain Technology",1,1
"Rohan Verma","Blockchain Technology",2,2
"Diya Verma","Blockchain Technology",1,1
"Varun Menon","Blockchain Technology",1,1
"Varun Das","Blockchain Technology",1,1
"Ritika Pandey","Blockchain Technology",1,1
"Aman Gupta","Blockchain Technology",0,1
"Tanmay Jain","Blockchain Technology",1,1
"Pooja Dubey","Blockchain Technology",1,1
"Pooja Ghosh","Blockchain Technology",1,1
"Tanmay Gupta","Blockchain Technology",3,3
"Aditya Verma","Blockchain Technology",1,1
"Vivaan Khanna","Blockchain Technology",1,1
"Sai Verma","Blockchain Technology",1,1
"Kunal Reddy","Blockchain Technology",1,1
"Sneha Khanna","Blockchain Technology",2,2
"Sai Menon","Blockchain Technology",1,1
"Neha Agarwal","Blockchain Technology",1,1
"Krishna Patel","Blockchain Technology",1,1
"Meera Rao","Blockchain Technology",1,1
"Kunal Das","Blockchain Technology",1,1
"Ritika Iyer","Blockchain Technology",1,1
"Pooja Nair","Blockchain Technology",1,1
"Deepak Patel","Blockchain Technology",1,1
"Aman Joshi","Blockchain Technology",1,1
"Arjun Patel","Blockchain Technology",1,2
"Manav Pandey","Blockchain Technology",0,1
"Yash Nair","Blockchain Technology",0,1
"Mohit Thakur","Blockchain Technology",1,1
"Kavya Das","Blockchain Technology",1,2
"Rahul Khanna","Blockchain Technology",1,1
"Aarav Kapoor","Blockchain Technology",0,1
"Diya Nair","Blockchain Technology",0,1
"Ananya Iyer","Blockchain Technology",1,1
"Ishaan Patel","Blockchain Technology",1,1
"Neha Nair","Blockchain Technology",1,1
"Aditya Mehta","Blockchain Technology",1,1
"Diya Jain","Blockchain Technology",1,1
"Kunal Thakur","Blockchain Technology",1,1
"Aman Jain","Blockchain Technology",1,1
"Krishna Sharma","Blockchain Technology",1,1
"Sneha Iyer","Blockchain Technology",1,1
"Varun Gupta","Blockchain Technology",1,1
"Ritika Jain","Blockchain Technology",1,1
"Sai Ghosh","Blockchain Technology",0,1
"Pooja Jain","Blockchain Technology",1,1
"Ananya Verma","Blockchain Technology",1,1
"Siddharth Menon","Blockchain Technology",1,1
"Priya Menon","Blockchain Technology",1,1
"Aarav Nair","Blockchain Technology",1,1
"Ritika Verma","Blockchain Technology",1,1
"Deepak Choudhary","Blockchain Technology",1,1
"Ritika Sinha","Blockchain Technology",1,1
"Pooja Kapoor","Blockchain Technology",0,1
"Yash Ghosh","Blockchain Technology",0,1
"Siddharth Bansal","Blockchain Technology",1,1
"Arjun Agarwal","Blockchain Technology",1,1
"Vivaan Menon","Blockchain Technology",1,1
"Pooja Choudhary","Blockchain Technology",0,1
"Harsh Sinha","High Voltage Engineering",0,1
"Kunal Reddy","High Voltage Engineering",1,1
"Aditi Iyer","High Voltage Engineering",1,1
"Mohit Jain","High Voltage Engineering",1,1
"Sai Das","High Voltage Engineering",2,2
"Rohan Kapoor","High Voltage Engineering",2,2
"Ananya Khanna","High Voltage Engineering",1,1
"Vivaan Das","High Voltage Engineering",2,2
"Ritika Pandey","High Voltage Engineering",1,1
"Aditya Jain","High Voltage Engineering",1,1
"Mohit Dubey","High Voltage Engineering",1,1
"Kunal Jain","High Voltage Engineering",1,1
"Ritika Agarwal","High Voltage Engineering",2,2
"Kunal Dubey","High Voltage Engineering",1,1
"Krishna Gupta","High Voltage Engineering",2,2
"Varun Menon","High Voltage Engineering",1,1
"Rahul Verma","High Voltage Engineering",1,1
"Ananya Ghosh","High Voltage Engineering",1,1
"Nikhil Sharma","High Voltage Engineering",2,3
"Harsh Das","High Voltage Engineering",1,1
"Manav Ghosh","High Voltage Engineering",1,1
"Meera Verma","High Voltage Engineering",2,2
"Kunal Thakur","High Voltage Engineering",2,2
"Rohan Agarwal","High Voltage Engineering",0,1
"Meera Bansal","High Voltage Engineering",1,1
"Diya Jain","High Voltage Engineering",0,1
"Siddharth Rao","High Voltage Engineering",1,1
"Ritesh Gupta","High Voltage Engineering",0,1
"Krishna Menon","High Voltage Engineering",2,2
"Yash Mehta","High Voltage Engineering",1,1
"Kavya Sinha","High Voltage Engineering",0,1
"Siddharth Iyer","High Voltage Engineering",1,1
"Meera Kapoor","High Voltage Engineering",1,1
"Kunal Menon","High Voltage Engineering",0,1
"Aman Ghosh","High Voltage Engineering",1,1
"Rohan Dubey","High Voltage Engineering",1,1
"Diya Das","High Voltage Engineering",1,1
"Pooja Iyer","High Voltage Engineering",1,1
"Ishaan Agarwal","High Voltage Engineering",1,1
"Deepak Iyer","High Voltage Engineering",0,1
"Ananya Choudhary","High Voltage Engineering",1,1
"Kunal Bansal","High Voltage Engineering",2,2
"Ritesh Menon","High Voltage Engineering",1,1
"Siddharth Jain","High Voltage Engineering",1,1
"Neha Pandey","High Voltage Engineering",1,1
"Aarav Sinha","High Voltage Engineering",1,1
"Tanmay Jain","High Voltage Engineering",1,1
"Varun Sinha","High Voltage Engineering",1,1
"Dev Nair","High Voltage Engineering",1,1
"Nikhil Jain","High Voltage Engineering",1,1
"Dev Kapoor","High Voltage Engineering",1,1
"Tanmay Nair","High Voltage Engineering",1,1
"Meera Jain","High Voltage Engineering",1,1
"Siddharth Agarwal","High Voltage Engineering",1,1
"Sneha Khanna","High Voltage Engineering",0,1
"Neha Choudhary","High Voltage Engineering",1,1
"Nikhil Kapoor","High Voltage Engineering",2,2
"Neha Iyer","High Voltage Engineering",2,2
"Rohan Choudhary","High Voltage Engineering",1,1
"Mohit Das","High Voltage Engineering",1,1
"Tanmay Reddy","High Voltage Engineering",1,2
"Ritika Iyer","High Voltage Engineering",2,2
"Sai Bansal","High Voltage Engineering",1,1
"Kavya Khanna","High Voltage Engineering",1,1
"Vivaan Joshi","High Voltage Engineering",1,1
"Aarav Ghosh","High Voltage Engineering",1,1
"Mohit Kapoor","High Voltage Engineering",1,1
"Pooja Pandey","High Voltage Engineering",1,1
"Dev Choudhary","High Voltage Engineering",2,2
"Rahul Agarwal","High Voltage Engineering",1,1
"Neha Thakur","High Voltage Engineering",1,1
"Arjun Joshi","High Voltage Engineering",1,1
"Yash Patel","High Voltage Engineering",1,1
"Siddharth Nair","High Voltage Engineering",1,1
"Rohan Iyer","High Voltage Engineering",2,3
"Rohan Reddy","High Voltage Engineering",2,3
"Harsh Verma","High Voltage Engineering",1,1
"Rahul Ghosh","High Voltage Engineering",1,1
"Neha Nair","High Voltage Engineering",1,1
"Vivaan Mehta","High Voltage Engineering",1,1
"Meera Reddy","High Voltage Engineering",1,1
"Aditi Dubey","High Voltage Engineering",1,1
"Rahul Choudhary","High Voltage Engineering",0,1
"Kunal Joshi","High Voltage Engineering",1,2
"Om Patel","High Voltage Engineering",1,1
"Aarav Bansal","High Voltage Engineering",1,1
"Sai Patel","High Voltage Engineering",0,1
"Tanmay Khanna","High Voltage Engineering",1,1
"Ananya Jain","High Voltage Engineering",1,1
"Nikhil Menon","High Voltage Engineering",1,1
"Ananya Rao","High Voltage Engineering",1,1
"Manav Thakur","High Voltage Engineering",1,1
"Sai Sharma","High Voltage Engineering",1,1
"Diya Patel","High Voltage Engineering",1,2
"Mohit Reddy","High Voltage Engineering",1,1
"Dev Iyer","High Voltage Engineering",1,1
"Manav Dubey","High Voltage Engineering",1,1
"Aditya Menon","High Voltage Engineering",1,1
"Varun Bansal","High Voltage Engineering",1,1
"Rahul Bansal","High Voltage Engineering",1,1
"Deepak Reddy","High Voltage Engineering",0,1
"Yash Bansal","High Voltage Engineering",1,1
"Sneha Agarwal","High Voltage Engineering",1,1
"Aditi Patel","High Voltage Engineering",1,1
"Ishaan Sinha","High Voltage Engineering",1,2
"Nikhil Mehta","High Voltage Engineering",0,1
"Kunal Sinha","High Voltage Engineering",1,1
"Rohan Jain","High Voltage Engineering",1,1
"Priya Kapoor","High Voltage Engineering",1,1
"Siddharth Sinha","High Voltage Engineering",1,1
"Vivaan Menon","High Voltage Engineering",1,1
"Kavya Ghosh","High Voltage Engineering",1,1
"Nikhil Iyer","High Voltage Engineering",1,1
"Arjun Patel","High Voltage Engineering",0,1
"Neha Das","High Voltage Engineering",1,1
"Tanmay Sinha","High Voltage Engineering",1,1
"Vivaan Agarwal","High Voltage Engineering",0,1
"Meera Nair","High Voltage Engineering",1,1
"Om Khanna","High Voltage Engineering",0,1
"Siddharth Joshi","High Voltage Engineering",1,1
"Ritesh Sharma","High Voltage Engineering",0,1
"Neha Pandey",Robotics,1,1
"Aman Reddy",Robotics,1,1
"Nikhil Bansal",Robotics,1,1
"Sneha Pandey",Robotics,0,1
"Rohan Ghosh",Robotics,2,2
"Ishaan Nair",Robotics,1,1
"Aarav Das",Robotics,1,1
"Ananya Bansal",Robotics,1,1
"Aditi Agarwal",Robotics,1,1
"Sneha Nair",Robotics,3,3
"Yash Jain",Robotics,1,1
"Siddharth Joshi",Robotics,1,1
"Meera Iyer",Robotics,1,2
"Ananya Thakur",Robotics,1,1
"Arjun Menon",Robotics,1,1
"Tanmay Nair",Robotics,3,3
"Dev Ghosh",Robotics,1,1
"Dev Kapoor",Robotics,2,2
"Nikhil Jain",Robotics,1,1
"Aditi Das",Robotics,1,2
"Yash Nair",Robotics,1,1
"Manav Das",Robotics,1,2
"Meera Sharma",Robotics,1,1
"Tanmay Bansal",Robotics,0,1
"Nikhil Rao",Robotics,1,2
"Siddharth Choudhary",Robotics,2,2
"Siddharth Mehta",Robotics,1,1
"Om Ghosh",Robotics,1,1
"Rohan Gupta",Robotics,1,1
"Sneha Thakur",Robotics,1,1
"Arjun Iyer",Robotics,1,2
"Sai Reddy",Robotics,1,1
"Yash Patel",Robotics,1,1
"Aarav Mehta",Robotics,1,1
"Sai Agarwal",Robotics,0,1
"Ritika Nair",Robotics,1,1
"Diya Rao",Robotics,0,1
"Neha Dubey",Robotics,1,1
"Krishna Sharma",Robotics,1,1
"Meera Agarwal",Robotics,2,2
"Deepak Joshi",Robotics,1,1
"Yash Choudhary",Robotics,1,2
"Aditya Patel",Robotics,0,1
"Rahul Joshi",Robotics,1,1
"Aditi Choudhary",Robotics,1,1
"Aarav Joshi",Robotics,3,3
"Diya Pandey",Robotics,2,2
"Kunal Sharma",Robotics,1,1
"Mohit Agarwal",Robotics,1,2
"Siddharth Sharma",Robotics,1,2
"Dev Rao",Robotics,1,1
"Varun Kapoor",Robotics,1,1
"Yash Rao",Robotics,1,1
"Aarav Thakur",Robotics,1,1
"Nikhil Thakur",Robotics,1,1
"Aman Dubey",Robotics,0,1
"Diya Kapoor",Robotics,2,2
"Rahul Sharma",Robotics,1,1
"Ritika Pandey",Robotics,1,1
"Ritesh Das",Robotics,1,1
"Sneha Dubey",Robotics,1,1
"Kavya Verma",Robotics,0,1
"Siddharth Sinha",Robotics,1,1
"Harsh Nair",Robotics,0,1
"Diya Bansal",Robotics,2,2
"Kavya Rao",Robotics,1,1
"Rahul Thakur",Robotics,1,2
"Siddharth Patel",Robotics,2,2
"Krishna Menon",Robotics,1,1
"Rohan Sinha",Robotics,1,1
"Dev Pandey",Robotics,1,1
"Manav Joshi",Robotics,0,1
"Meera Menon",Robotics,0,1
"Vivaan Pandey",Robotics,2,2
"Ishaan Iyer",Robotics,1,1
"Siddharth Menon",Robotics,1,1
"Priya Bansal",Robotics,1,1
"Ishaan Kapoor",Robotics,1,1
"Ritika Sharma",Robotics,1,1
"Pooja Sinha",Robotics,0,1
"Siddharth Reddy",Robotics,1,1
"Aditi Thakur",Robotics,2,2
"Kunal Menon",Robotics,1,1
"Ishaan Ghosh",Robotics,1,1
"Harsh Khanna",Robotics,0,1
"Arjun Sinha",Robotics,1,1
"Aman Jain",Robotics,1,1
"Aditya Choudhary",Robotics,1,1
"Varun Rao",Robotics,1,1
"Krishna Choudhary",Robotics,1,1
"Aarav Sharma",Robotics,1,1
"Neha Agarwal",Robotics,1,1
"Manav Sinha",Robotics,1,1
"Arjun Ghosh",Robotics,1,1
"Neha Ghosh",Robotics,0,1
"Manav Sharma",Robotics,1,1
"Ananya Gupta",Robotics,1,1
"Rahul Reddy",Robotics,1,1
"Krishna Rao",Robotics,1,1
"Meera Pandey",Robotics,0,1
"Manav Patel",Robotics,1,1
"Nikhil Gupta",Robotics,1,1
"Sneha Menon",Robotics,1,1
"Tanmay Jain",Robotics,0,1
"Siddharth Ghosh",Robotics,1,1
"Vivaan Mehta",Robotics,1,1
"Pooja Bansal",Robotics,0,1
"Aditya Agarwal",Robotics,1,1
"Harsh Bansal",Robotics,1,1
"Vivaan Agarwal",Robotics,1,1
"Aditi Gupta",Robotics,1,1
"Sneha Das",Robotics,1,1
"Siddharth Agarwal",Robotics,1,1
"Tanmay Choudhary",Robotics,0,1
"Aman Pandey",Robotics,1,1
"Dev Gupta","Software Testing",1,1
"Tanmay Agarwal","Software Testing",0,1
"Priya Ghosh","Software Testing",1,1
"Kavya Patel","Software Testing",1,1
"Arjun Sharma","Software Testing",1,2
"Diya Iyer","Software Testing",1,1
"Meera Jain","Software Testing",1,1
"Yash Agarwal","Software Testing",0,2
"Sai Gupta","Software Testing",1,1
"Siddharth Pandey","Software Testing",1,1
"Pooja Gupta","Software Testing",1,1
"Kavya Sharma","Software Testing",1,2
"Aditi Bansal","Software Testing",1,1
"Aditya Pandey","Software Testing",0,1
"Pooja Sharma","Software Testing",3,3
"Pooja Mehta","Software Testing",1,1
"Pooja Patel","Software Testing",1,1
"Priya Bansal","Software Testing",1,1
"Meera Nair","Software Testing",2,3
"Diya Sharma","Software Testing",1,1
"Ishaan Nair","Software Testing",1,1
"Priya Choudhary","Software Testing",0,1
"Siddharth Kapoor","Software Testing",1,1
"Pooja Pandey","Software Testing",2,2
"Ishaan Gupta","Software Testing",1,1
"Meera Reddy","Software Testing",2,2
"Ritika Bansal","Software Testing",1,2
"Dev Iyer","Software Testing",0,1
"Neha Bansal","Software Testing",0,1
"Tanmay Patel","Software Testing",1,1
"Ritika Iyer","Software Testing",1,1
"Aarav Khanna","Software Testing",1,1
"Ishaan Bansal","Software Testing",1,1
"Ishaan Ghosh","Software Testing",1,1
"Sai Patel","Software Testing",0,1
"Kunal Kapoor","Software Testing",1,1
"Nikhil Mehta","Software Testing",1,1
"Aditi Thakur","Software Testing",2,3
"Aditi Menon","Software Testing",1,1
"Harsh Sinha","Software Testing",1,1
"Manav Patel","Software Testing",1,1
"Mohit Thakur","Software Testing",1,1
"Kavya Bansal","Software Testing",1,1
"Aditi Ghosh","Software Testing",1,1
"Sneha Choudhary","Software Testing",1,1
"Harsh Kapoor","Software Testing",1,1
"Vivaan Menon","Software Testing",1,1
"Rahul Reddy","Software Testing",1,1
"Tanmay Choudhary","Software Testing",1,1
"Rahul Bansal","Software Testing",1,1
"Harsh Gupta","Software Testing",2,2
"Ishaan Iyer","Software Testing",2,2
"Aditi Iyer","Software Testing",0,1
"Aarav Iyer","Software Testing",1,2
"Siddharth Sinha","Software Testing",1,1
"Ananya Patel","Software Testing",1,1
"Priya Patel","Software Testing",1,1
"Aditya Reddy","Software Testing",1,1
"Manav Choudhary","Software Testing",1,1
"Aman Pandey","Software Testing",0,1
"Kavya Nair","Software Testing",1,1
"Neha Joshi","Software Testing",1,1
"Sai Khanna","Software Testing",1,1
"Ritesh Reddy","Software Testing",0,3
"Krishna Iyer","Software Testing",1,1
"Sneha Khanna","Software Testing",0,1
"Kunal Gupta","Software Testing",1,2
"Rohan Sinha","Software Testing",1,1
"Nikhil Verma","Software Testing",2,3
"Ishaan Joshi","Software Testing",1,1
"Dev Thakur","Software Testing",1,1
"Mohit Choudhary","Software Testing",1,1
"Pooja Iyer","Software Testing",1,1
"Diya Joshi","Software Testing",2,2
"Kavya Dubey","Software Testing",1,1
"Ritesh Ghosh","Software Testing",0,1
"Ananya Das","Software Testing",1,1
"Ritesh Bansal","Software Testing",0,1
"Rahul Choudhary","Software Testing",2,2
"Harsh Jain","Software Testing",1,1
"Rohan Choudhary","Software Testing",0,1
"Aarav Patel","Software Testing",0,1
"Aditi Sharma","Software Testing",1,1
"Ishaan Menon","Software Testing",1,1
"Ishaan Rao","Software Testing",3,3
"Pooja Agarwal","Software Testing",1,1
"Manav Sinha","Software Testing",1,1
"Varun Mehta","Software Testing",1,1
"Pooja Sinha","Software Testing",1,1
"Kunal Choudhary","Software Testing",1,1
"Yash Sharma","Software Testing",1,1
"Kunal Rao","Software Testing",1,1
"Meera Choudhary","Software Testing",1,1
"Sneha Rao","Software Testing",1,2
"Aarav Mehta","Software Testing",1,1
"Arjun Bansal","Software Testing",1,2
"Kunal Iyer","Software Testing",1,1
"Tanmay Bansal","Software Testing",0,1
"Deepak Pandey","Software Testing",1,1
"Dev Rao","Software Testing",1,1
"Siddharth Dubey","Software Testing",1,1
"Harsh Thakur","Software Testing",1,1
"Diya Kapoor","Software Testing",1,1
"Sneha Sharma","Software Testing",1,1
"Siddharth Das","Software Testing",0,1
"Diya Rao","Software Testing",1,1
"Aarav Kapoor","Software Testing",1,1
"Varun Nair","Software Testing",1,1
"Ritesh Jain","Software Testing",1,1
"Meera Menon","Software Testing",1,1
"Ritesh Das","Software Testing",1,1
"Kavya Jain","Software Testing",1,1
"Mohit Das","Software Testing",1,1
"Aditya Kapoor","Software Testing",1,1
"Dev Khanna","Software Testing",1,1
"Deepak Verma","Software Testing",1,1
"Arjun Joshi","Software Testing",1,1
"Sai Verma","Software Testing",1,1
"Yash Khanna","Software Testing",2,2
"Ishaan Agarwal","Software Testing",0,1
"Yash Joshi","Software Testing",1,1
"Ritika Mehta","Software Testing",1,1
"Harsh Reddy","Software Testing",1,1
"Pooja Joshi","Software Testing",1,1
"Sneha Das","Software Testing",1,1
"Deepak Reddy","Software Testing",1,1
"Ishaan Choudhary","Software Testing",1,1
"Nikhil Dubey","Software Testing",1,1
"Aditya Das","Electric Vehicles",1,1
"Kavya Das","Electric Vehicles",2,2
"Priya Kapoor","Electric Vehicles",1,1
"Kavya Patel","Electric Vehicles",1,1
"Nikhil Patel","Electric Vehicles",1,1
"Priya Ghosh","Electric Vehicles",1,1
"Ishaan Dubey","Electric Vehicles",1,1
"Dev Thakur","Electric Vehicles",2,2
"Neha Verma","Electric Vehicles",3,3
"Dev Sinha","Electric Vehicles",1,1
"Priya Rao","Electric Vehicles",1,1
"Aarav Rao","Electric Vehicles",2,2
"Aman Mehta","Electric Vehicles",4,4
"Diya Joshi","Electric Vehicles",1,1
"Ritika Iyer","Electric Vehicles",3,3
"Aditi Gupta","Electric Vehicles",1,2
"Mohit Kapoor","Electric Vehicles",1,2
"Kunal Rao","Electric Vehicles",1,1
"Manav Kapoor","Electric Vehicles",0,1
"Aditi Patel","Electric Vehicles",0,2
"Manav Gupta","Electric Vehicles",0,1
"Aarav Jain","Electric Vehicles",2,2
"Arjun Mehta","Electric Vehicles",1,1
"Ananya Jain","Electric Vehicles",0,1
"Priya Dubey","Electric Vehicles",1,1
"Tanmay Ghosh","Electric Vehicles",1,1
"Arjun Patel","Electric Vehicles",0,1
"Meera Patel","Electric Vehicles",2,2
"Ishaan Iyer","Electric Vehicles",0,1
"Varun Menon","Electric Vehicles",2,2
"Varun Thakur","Electric Vehicles",1,1
"Dev Das","Electric Vehicles",0,1
"Diya Ghosh","Electric Vehicles",1,1
"Ritika Agarwal","Electric Vehicles",1,1
"Varun Bansal","Electric Vehicles",1,1
"Aarav Agarwal","Electric Vehicles",0,1
"Tanmay Pandey","Electric Vehicles",3,3
"Manav Pandey","Electric Vehicles",1,2
"Aditi Sinha","Electric Vehicles",1,2
"Rahul Menon","Electric Vehicles",2,2
"Ananya Pandey","Electric Vehicles",3,3
"Ritika Reddy","Electric Vehicles",1,2
"Rahul Nair","Electric Vehicles",1,1
"Om Das","Electric Vehicles",1,1
"Kunal Agarwal","Electric Vehicles",1,1
"Manav Jain","Electric Vehicles",3,3
"Harsh Pandey","Electric Vehicles",1,1
"Siddharth Pandey","Electric Vehicles",1,1
"Yash Verma","Electric Vehicles",1,1
"Harsh Agarwal","Electric Vehicles",2,2
"Nikhil Thakur","Electric Vehicles",0,1
"Rohan Patel","Electric Vehicles",2,2
"Sai Verma","Electric Vehicles",1,1
"Yash Gupta","Electric Vehicles",0,1
"Yash Choudhary","Electric Vehicles",1,1
"Om Iyer","Electric Vehicles",2,2
"Sneha Kapoor","Electric Vehicles",3,3
"Ishaan Bansal","Electric Vehicles",1,1
"Om Pandey","Electric Vehicles",1,1
"Manav Nair","Electric Vehicles",1,1
"Sneha Das","Electric Vehicles",0,1
"Tanmay Iyer","Electric Vehicles",2,2
"Tanmay Choudhary","Electric Vehicles",1,1
"Pooja Gupta","Electric Vehicles",1,1
"Deepak Rao","Electric Vehicles",1,1
"Rahul Pandey","Electric Vehicles",1,2
"Ritika Gupta","Electric Vehicles",1,1
"Om Nair","Electric Vehicles",1,1
"Meera Kapoor","Electric Vehicles",1,1
"Tanmay Jain","Electric Vehicles",1,1
"Om Verma","Electric Vehicles",1,1
"Priya Mehta","Electric Vehicles",1,1
"Rahul Rao","Electric Vehicles",1,1
"Aman Agarwal","Electric Vehicles",1,1
"Priya Reddy","Electric Vehicles",2,2
"Rohan Das","Electric Vehicles",1,1
"Aditi Verma","Electric Vehicles",1,1
"Rahul Dubey","Electric Vehicles",1,1
"Varun Sinha","Electric Vehicles",1,1
"Rahul Thakur","Electric Vehicles",1,1
"Ishaan Mehta","Electric Vehicles",1,1
"Sai Ghosh","Electric Vehicles",0,1
"Sneha Mehta","Electric Vehicles",1,1
"Priya Das","Electric Vehicles",2,2
"Rohan Sinha","Electric Vehicles",1,1
"Arjun Nair","Electric Vehicles",0,1
"Meera Verma","Electric Vehicles",1,1
"Pooja Dubey","Electric Vehicles",1,1
"Aman Kapoor","Electric Vehicles",1,1
"Harsh Iyer","Electric Vehicles",1,1
"Ananya Mehta","Electric Vehicles",1,1
"Yash Sharma","Electric Vehicles",1,1
"Neha Nair","Electric Vehicles",1,1
"Aarav Bansal","Electric Vehicles",1,1
"Siddharth Bansal","Electric Vehicles",0,2
"Aarav Kapoor","Electric Vehicles",0,1
"Ananya Sharma","Electric Vehicles",1,1
"Sai Thakur","Electric Vehicles",3,3
"Ritika Ghosh","Electric Vehicles",1,1
"Harsh Choudhary","Electric Vehicles",1,1
"Aditya Reddy","Electric Vehicles",1,1
"Aditya Patel","Electric Vehicles",1,1
"Aarav Gupta","Electric Vehicles",1,1
"Neha Pandey","Electric Vehicles",0,1
"Pooja Menon","Electric Vehicles",1,1
"Pooja Joshi","Electric Vehicles",1,1
"Nikhil Nair","Electric Vehicles",1,1
"Om Joshi","Electric Vehicles",2,2
"Ritika Menon","Electric Vehicles",1,1
"Kunal Nair","Electric Vehicles",1,2
"Arjun Bansal","Electric Vehicles",1,1
"Tanmay Sinha","Electric Vehicles",1,1
"Tanmay Mehta","Electric Vehicles",1,1
"Vivaan Menon","Electric Vehicles",1,1
"Aditya Jain","Electric Vehicles",1,1
"Mohit Gupta","Electric Vehicles",1,1
"Aditi Rao","Electric Vehicles",1,1
"Diya Kapoor","Electric Vehicles",1,1
"Deepak Nair","Electric Vehicles",1,1
"Meera Pandey","Electric Vehicles",1,1
"Siddharth Rao","Electric Vehicles",0,1
"Sneha Nair","Electric Vehicles",0,1
"Siddharth Nair","Electric Vehicles",0,1
"Nikhil Jain","Electric Vehicles",1,1
"Pooja Joshi","Mechanical Vibrations",2,2
"Rohan Rao","Mechanical Vibrations",1,1
"Varun Sharma","Mechanical Vibrations",0,1
"Priya Menon","Mechanical Vibrations",1,1
"Nikhil Rao","Mechanical Vibrations",1,1
"Dev Patel","Mechanical Vibrations",0,1
"Aditi Iyer","Mechanical Vibrations",0,1
"Deepak Agarwal","Mechanical Vibrations",1,1
"Priya Joshi","Mechanical Vibrations",2,2
"Mohit Agarwal","Mechanical Vibrations",1,1
"Aditi Choudhary","Mechanical Vibrations",1,1
"Nikhil Menon","Mechanical Vibrations",1,1
"Arjun Nair","Mechanical Vibrations",1,1
"Ritika Kapoor","Mechanical Vibrations",0,1
"Arjun Jain","Mechanical Vibrations",2,2
"Om Joshi","Mechanical Vibrations",1,1
"Pooja Gupta","Mechanical Vibrations",2,2
"Tanmay Sinha","Mechanical Vibrations",2,2
"Kavya Choudhary","Mechanical Vibrations",1,1
"Sai Gupta","Mechanical Vibrations",1,1
"Rohan Sinha","Mechanical Vibrations",1,1
"Harsh Joshi","Mechanical Vibrations",1,1
"Rahul Khanna","Mechanical Vibrations",1,2
"Neha Rao","Mechanical Vibrations",1,1
"Kavya Rao","Mechanical Vibrations",1,1
"Priya Mehta","Mechanical Vibrations",1,1
"Vivaan Dubey","Mechanical Vibrations",0,1
"Neha Agarwal","Mechanical Vibrations",0,1
"Pooja Pandey","Mechanical Vibrations",1,1
"Harsh Verma","Mechanical Vibrations",1,1
"Om Rao","Mechanical Vibrations",1,1
"Varun Jain","Mechanical Vibrations",1,1
"Deepak Menon","Mechanical Vibrations",1,1
"Varun Bansal","Mechanical Vibrations",3,3
"Priya Iyer","Mechanical Vibrations",1,1
"Ishaan Joshi","Mechanical Vibrations",1,1
"Deepak Iyer","Mechanical Vibrations",2,2
"Yash Khanna","Mechanical Vibrations",3,3
"Meera Das","Mechanical Vibrations",0,1
"Kunal Iyer","Mechanical Vibrations",1,1
"Diya Verma","Mechanical Vibrations",1,1
"Pooja Menon","Mechanical Vibrations",0,1
"Kavya Kapoor","Mechanical Vibrations",0,1
"Sneha Sharma","Mechanical Vibrations",3,3
"Ananya Joshi","Mechanical Vibrations",1,1
"Dev Ghosh","Mechanical Vibrations",2,2
"Varun Pandey","Mechanical Vibrations",1,1
"Sai Thakur","Mechanical Vibrations",1,1
"Mohit Rao","Mechanical Vibrations",2,2
"Rahul Nair","Mechanical Vibrations",1,1
"Ritesh Patel","Mechanical Vibrations",1,1
"Dev Sharma","Mechanical Vibrations",2,2
"Rohan Bansal","Mechanical Vibrations",2,2
"Om Choudhary","Mechanical Vibrations",1,1
"Rohan Gupta","Mechanical Vibrations",2,2
"Kunal Thakur","Mechanical Vibrations",2,2
"Nikhil Nair","Mechanical Vibrations",0,1
"Aditi Reddy","Mechanical Vibrations",1,1
"Harsh Khanna","Mechanical Vibrations",1,1
"Aarav Pandey","Mechanical Vibrations",0,1
"Aarav Kapoor","Mechanical Vibrations",2,2
"Aditi Menon","Mechanical Vibrations",2,2
"Priya Gupta","Mechanical Vibrations",0,1
"Dev Nair","Mechanical Vibrations",0,1
"Siddharth Verma","Mechanical Vibrations",1,1
"Om Sinha","Mechanical Vibrations",0,1
"Meera Rao","Mechanical Vibrations",1,1
"Ritika Sharma","Mechanical Vibrations",1,2
"Diya Agarwal","Mechanical Vibrations",2,2
"Diya Gupta","Mechanical Vibrations",1,1
"Tanmay Reddy","Mechanical Vibrations",2,2
"Pooja Patel","Mechanical Vibrations",0,1
"Harsh Gupta","Mechanical Vibrations",0,1
"Rohan Reddy","Mechanical Vibrations",1,1
"Varun Sinha","Mechanical Vibrations",1,1
"Sai Agarwal","Mechanical Vibrations",1,1
"Harsh Reddy","Mechanical Vibrations",1,3
"Neha Patel","Mechanical Vibrations",0,1
"Meera Patel","Mechanical Vibrations",1,1
"Deepak Reddy","Mechanical Vibrations",1,1
"Ananya Khanna","Mechanical Vibrations",1,1
"Sneha Choudhary","Mechanical Vibrations",1,2
"Tanmay Das","Mechanical Vibrations",1,1
"Kavya Das","Mechanical Vibrations",1,1
"Harsh Thakur","Mechanical Vibrations",1,1
"Nikhil Das","Mechanical Vibrations",0,1
"Vivaan Sharma","Mechanical Vibrations",1,1
"Ritika Khanna","Mechanical Vibrations",1,1
"Vivaan Iyer","Mechanical Vibrations",0,1
"Pooja Sharma","Mechanical Vibrations",0,1
"Aditya Agarwal","Mechanical Vibrations",1,1
"Krishna Agarwal","Mechanical Vibrations",1,1
"Rahul Gupta","Mechanical Vibrations",1,1
"Krishna Ghosh","Mechanical Vibrations",1,1
"Manav Iyer","Mechanical Vibrations",1,1
"Pooja Agarwal","Mechanical Vibrations",1,1
"Aman Nair","Mechanical Vibrations",1,1
"Krishna Joshi","Mechanical Vibrations",0,1
"Sai Rao","Mechanical Vibrations",1,1
"Mohit Nair","Mechanical Vibrations",2,2
"Rahul Pandey","Mechanical Vibrations",1,1
"Aman Gupta","Mechanical Vibrations",1,1
"Harsh Pandey","Mechanical Vibrations",1,1
"Arjun Patel","Mechanical Vibrations",0,1
"Neha Dubey","Mechanical Vibrations",0,1
"Varun Gupta","Mechanical Vibrations",0,1
"Krishna Menon","Mechanical Vibrations",1,1
"Ananya Bansal","Mechanical Vibrations",1,1
"Aditi Verma","Mechanical Vibrations",1,1
"Aditya Sinha","Mechanical Vibrations",1,1
"Aarav Bansal","Mechanical Vibrations",2,2
"Yash Kapoor","Mechanical Vibrations",1,1
"Varun Verma","Mechanical Vibrations",1,1
"Nikhil Joshi","Mechanical Vibrations",1,1
"Aditi Mehta","Mechanical Vibrations",1,1
"Siddharth Kapoor","Mechanical Vibrations",1,1
"Krishna Gupta","Mechanical Vibrations",0,1
"Sai Ghosh","Mechanical Vibrations",1,1
"Mohit Sharma","Mechanical Vibrations",0,1
"Vivaan Mehta","Mechanical Vibrations",0,1
"Rohan Khanna","Mechanical Vibrations",1,1
"Pooja Kapoor","Mechanical Vibrations",0,1
"Sai Kapoor","Mechanical Vibrations",0,1
"Arjun Joshi","Optical Communication",1,1
"Pooja Sharma","Optical Communication",2,2
"Diya Kapoor","Optical Communication",1,1
"Varun Iyer","Optical Communication",1,1
"Aditya Ghosh","Optical Communication",1,1
"Deepak Mehta","Optical Communication",1,1
"Ananya Nair","Optical Communication",1,1
"Varun Jain","Optical Communication",0,1
"Deepak Patel","Optical Communication",1,1
"Priya Joshi","Optical Communication",1,1
"Pooja Gupta","Optical Communication",1,2
"Pooja Mehta","Optical Communication",1,1
"Kavya Patel","Optical Communication",2,3
"Nikhil Pandey","Optical Communication",1,1
"Vivaan Ghosh","Optical Communication",1,1
"Aditya Choudhary","Optical Communication",1,1
"Pooja Rao","Optical Communication",1,1
"Mohit Gupta","Optical Communication",0,1
"Aditya Agarwal","Optical Communication",1,1
"Ritika Menon","Optical Communication",1,1
"Harsh Patel","Optical Communication",1,2
"Sai Menon","Optical Communication",1,1
"Mohit Mehta","Optical Communication",1,2
"Sai Choudhary","Optical Communication",0,1
"Vivaan Mehta","Optical Communication",1,1
"Rahul Verma","Optical Communication",2,2
"Diya Mehta","Optical Communication",1,1
"Sneha Menon","Optical Communication",0,1
"Tanmay Sinha","Optical Communication",1,2
"Aditi Patel","Optical Communication",1,1
"Ritika Choudhary","Optical Communication",1,1
"Krishna Choudhary","Optical Communication",1,1
"Kavya Thakur","Optical Communication",1,1
"Aman Khanna","Optical Communication",1,1
"Aman Mehta","Optical Communication",1,1
"Varun Reddy","Optical Communication",1,1
"Manav Menon","Optical Communication",1,1
"Diya Sharma","Optical Communication",1,1
"Harsh Sharma","Optical Communication",1,1
"Siddharth Bansal","Optical Communication",1,2
"Nikhil Iyer","Optical Communication",1,1
"Tanmay Patel","Optical Communication",0,1
"Aarav Menon","Optical Communication",0,1
"Ananya Ghosh","Optical Communication",1,1
"Arjun Kapoor","Optical Communication",2,2
"Vivaan Choudhary","Optical Communication",1,1
"Ritesh Bansal","Optical Communication",1,1
"Priya Mehta","Optical Communication",1,2
"Rahul Rao","Optical Communication",1,1
"Meera Patel","Optical Communication",2,2
"Nikhil Menon","Optical Communication",1,1
"Vivaan Thakur","Optical Communication",1,1
"Rohan Sinha","Optical Communication",0,1
"Ritika Pandey","Optical Communication",0,1
"Sneha Gupta","Optical Communication",2,2
"Om Dubey","Optical Communication",1,2
"Aarav Kapoor","Optical Communication",1,1
"Sneha Jain","Optical Communication",1,1
"Aarav Choudhary","Optical Communication",2,2
"Neha Sinha","Optical Communication",0,2
"Aarav Gupta","Optical Communication",1,1
"Ritika Thakur","Optical Communication",1,1
"Ishaan Sinha","Optical Communication",1,1
"Sai Pandey","Optical Communication",1,2
"Yash Verma","Optical Communication",1,1
"Yash Nair","Optical Communication",0,2
"Dev Menon","Optical Communication",0,1
"Yash Das","Optical Communication",0,1
"Priya Choudhary","Optical Communication",1,1
"Ishaan Menon","Optical Communication",1,1
"Krishna Jain","Optical Communication",1,1
"Sneha Mehta","Optical Communication",2,2
"Rohan Dubey","Optical Communication",0,1
"Ritesh Jain","Optical Communication",2,2
"Ritesh Reddy","Optical Communication",1,1
"Priya Ghosh","Optical Communication",1,1
"Aditi Reddy","Optical Communication",1,1
"Ritika Jain","Optical Communication",1,1
"Sai Thakur","Optical Communication",1,1
"Sai Jain","Optical Communication",1,1
"Ananya Menon","Optical Communication",1,1
"Ishaan Jain","Optical Communication",1,1
"Nikhil Gupta","Optical Communication",0,1
"Rahul Choudhary","Optical Communication",1,1
"Varun Verma","Optical Communication",1,1
"Aman Agarwal","Optical Communication",1,1
"Aditya Thakur","Optical Communication",1,1
"Mohit Reddy","Optical Communication",2,2
"Krishna Patel","Optical Communication",1,2
"Pooja Bansal","Optical Communication",1,1
"Harsh Agarwal","Optical Communication",1,1
"Krishna Sharma","Optical Communication",1,1
"Om Gupta","Optical Communication",1,1
"Aarav Bansal","Optical Communication",1,1
"Diya Khanna","Optical Communication",2,3
"Harsh Bansal","Optical Communication",1,1
"Ritika Reddy","Optical Communication",1,1
"Kunal Gupta","Optical Communication",1,2
"Dev Kapoor","Optical Communication",1,1
"Aditi Pandey","Optical Communication",2,2
"Aarav Mehta","Optical Communication",1,1
"Yash Patel","Optical Communication",1,1
"Arjun Iyer","Optical Communication",1,1
"Yash Joshi","Optical Communication",0,1
"Dev Thakur","Optical Communication",0,1
"Pooja Ghosh","Optical Communication",1,1
"Ananya Jain","Optical Communication",1,1
"Arjun Verma","Optical Communication",1,1
"Aditi Joshi","Optical Communication",1,1
"Aman Das","Optical Communication",0,1
"Harsh Gupta","Optical Communication",1,1
"Ananya Rao","Optical Communication",1,1
"Kunal Kapoor","Optical Communication",1,1
"Siddharth Agarwal","Optical Communication",1,1
"Mohit Das","Optical Communication",1,1
"Krishna Agarwal","Optical Communication",1,1
"Aman Thakur","Optical Communication",1,1
"Mohit Agarwal","Optical Communication",1,1
"Manav Nair","Optical Communication",1,1
"Neha Kapoor","Optical Communication",1,1
"Siddharth Jain","Optical Communication",0,1
"Manav Sharma","Optical Communication",1,1
"Om Agarwal","Optical Communication",0,1
"Ritesh Reddy","Cloud Architecture",1,1
"Sai Khanna","Cloud Architecture",1,1
"Harsh Joshi","Cloud Architecture",0,1
"Ritesh Iyer","Cloud Architecture",1,1
"Aarav Jain","Cloud Architecture",1,1
"Ritika Sharma","Cloud Architecture",2,2
"Ritesh Kapoor","Cloud Architecture",1,1
"Harsh Dubey","Cloud Architecture",2,2
"Ritesh Pandey","Cloud Architecture",0,1
"Varun Sharma","Cloud Architecture",0,1
"Aditya Ghosh","Cloud Architecture",2,2
"Neha Das","Cloud Architecture",2,2
"Aditi Dubey","Cloud Architecture",2,2
"Neha Ghosh","Cloud Architecture",3,3
"Sneha Mehta","Cloud Architecture",1,2
"Om Sinha","Cloud Architecture",1,1
"Mohit Gupta","Cloud Architecture",1,1
"Nikhil Joshi","Cloud Architecture",0,1
"Yash Reddy","Cloud Architecture",1,1
"Tanmay Thakur","Cloud Architecture",2,2
"Ritesh Khanna","Cloud Architecture",1,1
"Krishna Verma","Cloud Architecture",1,1
"Rahul Nair","Cloud Architecture",1,1
"Dev Das","Cloud Architecture",2,2
"Ritesh Jain","Cloud Architecture",2,2
"Mohit Das","Cloud Architecture",1,2
"Deepak Choudhary","Cloud Architecture",1,1
"Rohan Ghosh","Cloud Architecture",1,1
"Siddharth Rao","Cloud Architecture",1,1
"Rahul Joshi","Cloud Architecture",0,1
"Rohan Thakur","Cloud Architecture",1,1
"Arjun Iyer","Cloud Architecture",0,1
"Rohan Bansal","Cloud Architecture",1,1
"Siddharth Menon","Cloud Architecture",1,1
"Aditi Joshi","Cloud Architecture",1,1
"Tanmay Sinha","Cloud Architecture",1,1
"Vivaan Pandey","Cloud Architecture",0,1
"Harsh Mehta","Cloud Architecture",0,1
"Aditya Gupta","Cloud Architecture",1,1
"Tanmay Pandey","Cloud Architecture",1,1
"Pooja Gupta","Cloud Architecture",1,1
"Ananya Mehta","Cloud Architecture",1,1
"Siddharth Joshi","Cloud Architecture",1,1
"Aarav Rao","Cloud Architecture",1,1
"Vivaan Das","Cloud Architecture",1,1
"Pooja Jain","Cloud Architecture",0,1
"Kavya Dubey","Cloud Architecture",0,2
"Deepak Menon","Cloud Architecture",1,1
"Ritika Dubey","Cloud Architecture",1,1
"Sai Choudhary","Cloud Architecture",1,1
"Kunal Reddy","Cloud Architecture",1,1
"Aarav Pandey","Cloud Architecture",0,1
"Nikhil Das","Cloud Architecture",1,1
"Kunal Iyer","Cloud Architecture",1,1
"Yash Rao","Cloud Architecture",1,1
"Kunal Rao","Cloud Architecture",2,2
"Ritika Joshi","Cloud Architecture",0,1
"Kunal Khanna","Cloud Architecture",2,2
"Vivaan Sinha","Cloud Architecture",1,1
"Yash Verma","Cloud Architecture",1,1
"Arjun Gupta","Cloud Architecture",1,1
"Mohit Dubey","Cloud Architecture",1,1
"Tanmay Nair","Cloud Architecture",1,1
"Aarav Thakur","Cloud Architecture",1,1
"Aditya Jain","Cloud Architecture",1,1
"Neha Verma","Cloud Architecture",1,1
"Kunal Patel","Cloud Architecture",1,1
"Nikhil Mehta","Cloud Architecture",1,1
"Diya Rao","Cloud Architecture",1,1
"Rohan Pandey","Cloud Architecture",1,2
"Aditya Pandey","Cloud Architecture",1,1
"Dev Gupta","Cloud Architecture",1,1
"Siddharth Reddy","Cloud Architecture",1,1
"Manav Joshi","Cloud Architecture",0,1
"Siddharth Jain","Cloud Architecture",1,1
"Rohan Patel","Cloud Architecture",1,1
"Ananya Thakur","Cloud Architecture",1,1
"Aman Sharma","Cloud Architecture",1,1
"Diya Ghosh","Cloud Architecture",1,1
"Ananya Jain","Cloud Architecture",1,1
"Ritika Verma","Cloud Architecture",0,1
"Meera Nair","Cloud Architecture",1,1
"Diya Agarwal","Cloud Architecture",1,1
"Ananya Menon","Cloud Architecture",0,1
"Aditya Joshi","Cloud Architecture",2,2
"Kunal Mehta","Cloud Architecture",1,1
"Ananya Khanna","Cloud Architecture",1,1
"Aman Khanna","Cloud Architecture",1,1
"Harsh Choudhary","Cloud Architecture",0,1
"Ishaan Reddy","Cloud Architecture",1,1
"Aman Ghosh","Cloud Architecture",0,1
"Dev Mehta","Cloud Architecture",0,1
"Varun Patel","Cloud Architecture",0,1
"Rahul Bansal","Cloud Architecture",2,2
"Nikhil Kapoor","Cloud Architecture",1,1
"Sai Mehta","Cloud Architecture",1,1
"Kunal Verma","Cloud Architecture",1,1
"Ritesh Agarwal","Cloud Architecture",1,1
"Manav Nair","Cloud Architecture",1,1
"Vivaan Ghosh","Cloud Architecture",0,1
"Om Jain","Cloud Architecture",1,1
"Tanmay Gupta","Cloud Architecture",1,1
"Om Dubey","Cloud Architecture",1,1
"Aditya Dubey","Cloud Architecture",0,1
"Mohit Reddy","Cloud Architecture",1,1
"Sneha Iyer","Cloud Architecture",1,1
"Kunal Das","Cloud Architecture",1,1
"Krishna Patel","Cloud Architecture",1,1
"Ishaan Khanna","Cloud Architecture",0,1
"Krishna Nair","Cloud Architecture",1,1
"Meera Mehta","Cloud Architecture",1,1
"Pooja Patel","Cloud Architecture",1,1
"Ishaan Pandey","Cloud Architecture",1,1
"Ritesh Verma","Cloud Architecture",1,1
"Ishaan Menon","Cloud Architecture",2,2
"Yash Dubey","Cloud Architecture",1,1
"Krishna Khanna","Cloud Architecture",1,1
"Arjun Khanna","Cloud Architecture",0,1
"Harsh Gupta","Cloud Architecture",1,1
"Aditya Iyer","Electrical Design",1,1
"Arjun Jain","Electrical Design",1,1
"Varun Verma","Electrical Design",2,2
"Rohan Choudhary","Electrical Design",1,1
"Arjun Bansal","Electrical Design",3,3
"Om Nair","Electrical Design",1,3
"Harsh Nair","Electrical Design",2,2
"Rohan Reddy","Electrical Design",1,1
"Deepak Iyer","Electrical Design",1,1
"Om Das","Electrical Design",1,1
"Arjun Kapoor","Electrical Design",1,1
"Pooja Pandey","Electrical Design",2,2
"Aman Dubey","Electrical Design",2,2
"Ritika Iyer","Electrical Design",1,1
"Tanmay Agarwal","Electrical Design",2,3
"Rohan Agarwal","Electrical Design",1,1
"Ishaan Choudhary","Electrical Design",1,1
"Mohit Iyer","Electrical Design",1,1
"Ananya Das","Electrical Design",1,1
"Om Kapoor","Electrical Design",0,1
"Aarav Gupta","Electrical Design",2,2
"Rohan Khanna","Electrical Design",1,1
"Rahul Menon","Electrical Design",1,1
"Neha Joshi","Electrical Design",1,2
"Pooja Thakur","Electrical Design",1,1
"Aditi Pandey","Electrical Design",0,1
"Neha Kapoor","Electrical Design",2,2
"Ishaan Bansal","Electrical Design",2,2
"Kavya Pandey","Electrical Design",2,2
"Yash Iyer","Electrical Design",1,3
"Rahul Das","Electrical Design",1,2
"Ritika Sinha","Electrical Design",1,1
"Yash Ghosh","Electrical Design",2,2
"Siddharth Bansal","Electrical Design",1,2
"Ishaan Nair","Electrical Design",3,3
"Arjun Verma","Electrical Design",1,1
"Ritesh Mehta","Electrical Design",1,1
"Neha Sharma","Electrical Design",1,1
"Dev Joshi","Electrical Design",0,1
"Deepak Gupta","Electrical Design",1,1
"Ritesh Ghosh","Electrical Design",1,1
"Harsh Kapoor","Electrical Design",2,2
"Kunal Mehta","Electrical Design",2,2
"Arjun Gupta","Electrical Design",1,1
"Ananya Menon","Electrical Design",1,1
"Ananya Dubey","Electrical Design",1,1
"Om Joshi","Electrical Design",1,1
"Sai Agarwal","Electrical Design",1,1
"Pooja Joshi","Electrical Design",0,1
"Arjun Dubey","Electrical Design",1,1
"Ritesh Jain","Electrical Design",0,1
"Sai Choudhary","Electrical Design",1,1
"Aarav Jain","Electrical Design",1,1
"Neha Reddy","Electrical Design",1,2
"Dev Nair","Electrical Design",1,1
"Tanmay Pandey","Electrical Design",1,1
"Kavya Verma","Electrical Design",1,1
"Arjun Agarwal","Electrical Design",1,1
"Ananya Reddy","Electrical Design",1,1
"Rahul Choudhary","Electrical Design",0,1
"Priya Sinha","Electrical Design",1,1
"Sai Thakur","Electrical Design",1,1
"Ritika Reddy","Electrical Design",1,1
"Ananya Khanna","Electrical Design",0,1
"Pooja Kapoor","Electrical Design",1,1
"Siddharth Nair","Electrical Design",1,1
"Aman Patel","Electrical Design",1,1
"Aditi Choudhary","Electrical Design",0,1
"Aditi Dubey","Electrical Design",1,1
"Rahul Bansal","Electrical Design",0,1
"Tanmay Kapoor","Electrical Design",2,2
"Harsh Iyer","Electrical Design",2,2
"Aarav Sinha","Electrical Design",1,1
"Meera Dubey","Electrical Design",2,2
"Diya Ghosh","Electrical Design",0,1
"Pooja Khanna","Electrical Design",1,2
"Tanmay Sharma","Electrical Design",0,1
"Kunal Jain","Electrical Design",1,1
"Kunal Choudhary","Electrical Design",1,1
"Nikhil Jain","Electrical Design",1,1
"Pooja Mehta","Electrical Design",1,1
"Sai Jain","Electrical Design",1,1
"Krishna Ghosh","Electrical Design",1,1
"Ananya Agarwal","Electrical Design",0,1
"Meera Rao","Electrical Design",1,1
"Krishna Reddy","Electrical Design",2,2
"Tanmay Khanna","Electrical Design",0,1
"Kavya Dubey","Electrical Design",1,1
"Aman Kapoor","Electrical Design",1,1
"Kavya Reddy","Electrical Design",1,1
"Priya Mehta","Electrical Design",1,1
"Siddharth Sinha","Electrical Design",0,1
"Kavya Choudhary","Electrical Design",2,2
"Deepak Verma","Electrical Design",1,1
"Varun Menon","Electrical Design",1,1
"Harsh Jain","Electrical Design",1,1
"Nikhil Menon","Electrical Design",0,2
"Harsh Choudhary","Electrical Design",1,1
"Manav Patel","Electrical Design",1,1
"Aman Iyer","Electrical Design",1,1
"Ananya Mehta","Electrical Design",1,1
"Pooja Sinha","Electrical Design",2,2
"Kavya Gupta","Electrical Design",1,1
"Kunal Das","Electrical Design",1,1
"Krishna Verma","Electrical Design",1,1
"Priya Ghosh","Electrical Design",1,1
"Ritika Das","Electrical Design",0,1
"Deepak Mehta","Electrical Design",1,1
"Krishna Nair","Electrical Design",0,1
"Sneha Pandey","Electrical Design",1,1
"Dev Verma","Electrical Design",1,1
"Yash Kapoor","Electrical Design",0,1
"Ananya Nair","Electrical Design",1,1
"Pooja Gupta","Electrical Design",1,1
"Kavya Agarwal","Electrical Design",0,1
"Sneha Das","Electrical Design",0,1
"Dev Gupta","Electrical Design",0,1
"Sai Menon","Electrical Design",0,1
"Diya Agarwal","Electrical Design",1,1
"Dev Choudhary","Electrical Design",2,2
"Nikhil Reddy","Electrical Design",0,1
"Siddharth Mehta","Electrical Design",1,1
"Vivaan Pandey","Electrical Design",1,1
"Kunal Reddy","Electrical Design",0,1
"Diya Choudhary","Electrical Design",1,1
"Vivaan Menon","Enterprise Systems",1,1
"Kavya Agarwal","Enterprise Systems",1,1
"Yash Dubey","Enterprise Systems",1,1
"Priya Verma","Enterprise Systems",1,1
"Aman Ghosh","Enterprise Systems",1,1
"Arjun Nair","Enterprise Systems",2,2
"Manav Rao","Enterprise Systems",1,2
"Rohan Sinha","Enterprise Systems",1,1
"Ritika Agarwal","Enterprise Systems",1,1
"Nikhil Iyer","Enterprise Systems",1,1
"Manav Menon","Enterprise Systems",1,1
"Kavya Verma","Enterprise Systems",1,1
"Vivaan Jain","Enterprise Systems",0,1
"Tanmay Agarwal","Enterprise Systems",1,1
"Aditya Patel","Enterprise Systems",1,2
"Meera Das","Enterprise Systems",0,1
"Manav Pandey","Enterprise Systems",1,1
"Rohan Patel","Enterprise Systems",0,1
"Harsh Mehta","Enterprise Systems",1,1
"Rohan Jain","Enterprise Systems",0,1
"Aarav Gupta","Enterprise Systems",1,1
"Aditi Agarwal","Enterprise Systems",1,1
"Kunal Verma","Enterprise Systems",1,1
"Pooja Joshi","Enterprise Systems",1,1
"Siddharth Mehta","Enterprise Systems",1,1
"Aditya Nair","Enterprise Systems",2,2
"Aarav Reddy","Enterprise Systems",1,1
"Varun Kapoor","Enterprise Systems",2,3
"Meera Patel","Enterprise Systems",1,2
"Ishaan Mehta","Enterprise Systems",1,1
"Priya Rao","Enterprise Systems",1,1
"Om Verma","Enterprise Systems",1,1
"Rohan Khanna","Enterprise Systems",1,1
"Kunal Choudhary","Enterprise Systems",3,3
"Ritesh Sinha","Enterprise Systems",1,1
"Tanmay Kapoor","Enterprise Systems",1,1
"Krishna Iyer","Enterprise Systems",1,2
"Harsh Dubey","Enterprise Systems",0,1
"Aditya Rao","Enterprise Systems",1,1
"Kunal Patel","Enterprise Systems",1,1
"Aarav Mehta","Enterprise Systems",1,1
"Meera Joshi","Enterprise Systems",1,1
"Mohit Pandey","Enterprise Systems",1,1
"Kunal Agarwal","Enterprise Systems",1,1
"Ananya Verma","Enterprise Systems",1,1
"Arjun Dubey","Enterprise Systems",0,1
"Nikhil Reddy","Enterprise Systems",0,1
"Deepak Ghosh","Enterprise Systems",2,2
"Dev Ghosh","Enterprise Systems",0,1
"Aarav Choudhary","Enterprise Systems",2,2
"Ananya Thakur","Enterprise Systems",1,1
"Kavya Jain","Enterprise Systems",1,1
"Ritika Kapoor","Enterprise Systems",1,1
"Priya Kapoor","Enterprise Systems",0,1
"Yash Khanna","Enterprise Systems",1,2
"Meera Menon","Enterprise Systems",1,1
"Yash Iyer","Enterprise Systems",1,1
"Arjun Khanna","Enterprise Systems",1,1
"Meera Verma","Enterprise Systems",2,3
"Arjun Choudhary","Enterprise Systems",1,1
"Dev Menon","Enterprise Systems",0,1
"Pooja Rao","Enterprise Systems",1,1
"Sai Gupta","Enterprise Systems",1,1
"Arjun Iyer","Enterprise Systems",3,3
"Aman Pandey","Enterprise Systems",2,2
"Aarav Agarwal","Enterprise Systems",1,1
"Tanmay Rao","Enterprise Systems",0,1
"Priya Thakur","Enterprise Systems",1,1
"Siddharth Rao","Enterprise Systems",1,1
"Tanmay Verma","Enterprise Systems",0,1
"Aditi Iyer","Enterprise Systems",1,1
"Rahul Pandey","Enterprise Systems",1,1
"Pooja Mehta","Enterprise Systems",2,2
"Rohan Joshi","Enterprise Systems",0,1
"Harsh Nair","Enterprise Systems",3,3
"Deepak Jain","Enterprise Systems",1,1
"Sneha Mehta","Enterprise Systems",1,1
"Sai Ghosh","Enterprise Systems",1,1
"Nikhil Menon","Enterprise Systems",0,1
"Neha Sinha","Enterprise Systems",2,2
"Arjun Sinha","Enterprise Systems",1,1
"Kavya Gupta","Enterprise Systems",1,1
"Yash Menon","Enterprise Systems",2,2
"Deepak Dubey","Enterprise Systems",1,1
"Ananya Bansal","Enterprise Systems",1,1
"Nikhil Nair","Enterprise Systems",1,1
"Siddharth Choudhary","Enterprise Systems",1,1
"Harsh Khanna","Enterprise Systems",1,1
"Kavya Choudhary","Enterprise Systems",1,1
"Sai Verma","Enterprise Systems",0,1
"Mohit Nair","Enterprise Systems",0,1
"Rohan Agarwal","Enterprise Systems",0,1
"Aditi Das","Enterprise Systems",1,1
"Diya Nair","Enterprise Systems",2,2
"Ritika Ghosh","Enterprise Systems",1,1
"Aditya Choudhary","Enterprise Systems",1,1
"Aarav Ghosh","Enterprise Systems",1,1
"Diya Mehta","Enterprise Systems",1,1
"Siddharth Bansal","Enterprise Systems",1,1
"Yash Agarwal","Enterprise Systems",1,1
"Ritesh Gupta","Enterprise Systems",1,1
"Neha Patel","Enterprise Systems",1,1
"Krishna Kapoor","Enterprise Systems",1,1
"Om Sharma","Enterprise Systems",0,1
"Manav Gupta","Enterprise Systems",1,1
"Harsh Bansal","Enterprise Systems",1,1
"Om Sinha","Enterprise Systems",1,1
"Aditya Thakur","Enterprise Systems",0,1
"Rahul Nair","Enterprise Systems",0,1
"Rahul Bansal","Enterprise Systems",1,1
"Kunal Kapoor","Enterprise Systems",1,1
"Aditi Verma","Enterprise Systems",1,1
"Pooja Das","Python Programming",1,1
"Sai Khanna","Python Programming",1,2
"Ritesh Das","Python Programming",0,1
"Vivaan Choudhary","Python Programming",1,2
"Pooja Reddy","Python Programming",1,1
"Aarav Agarwal","Python Programming",0,1
"Aditi Thakur","Python Programming",1,1
"Ritesh Iyer","Python Programming",2,2
"Neha Gupta","Python Programming",2,2
"Aman Mehta","Python Programming",1,1
"Harsh Verma","Python Programming",1,2
"Kavya Patel","Python Programming",1,1
"Om Das","Python Programming",1,2
"Ishaan Gupta","Python Programming",1,1
"Harsh Bansal","Python Programming",1,1
"Aditya Sharma","Python Programming",1,1
"Ananya Iyer","Python Programming",2,2
"Harsh Sinha","Python Programming",1,1
"Om Bansal","Python Programming",1,1
"Diya Thakur","Python Programming",1,1
"Harsh Dubey","Python Programming",1,1
"Pooja Thakur","Python Programming",1,1
"Sneha Verma","Python Programming",0,1
"Rohan Mehta","Python Programming",1,1
"Arjun Choudhary","Python Programming",1,1
"Manav Menon","Python Programming",0,1
"Siddharth Kapoor","Python Programming",1,1
"Rahul Das","Python Programming",1,1
"Aditya Agarwal","Python Programming",1,1
"Diya Sinha","Python Programming",0,1
"Arjun Mehta","Python Programming",1,1
"Arjun Bansal","Python Programming",2,2
"Diya Bansal","Python Programming",1,1
"Meera Ghosh","Python Programming",1,1
"Aditi Reddy","Python Programming",1,1
"Tanmay Rao","Python Programming",2,2
"Ritika Jain","Python Programming",1,1
"Rohan Kapoor","Python Programming",1,2
"Ritesh Gupta","Python Programming",0,1
"Yash Choudhary","Python Programming",1,1
"Tanmay Pandey","Python Programming",2,3
"Ritika Dubey","Python Programming",1,2
"Sneha Bansal","Python Programming",1,1
"Ishaan Choudhary","Python Programming",1,1
"Nikhil Nair","Python Programming",1,2
"Neha Sharma","Python Programming",1,1
"Priya Ghosh","Python Programming",1,1
"Nikhil Khanna","Python Programming",1,1
"Rahul Mehta","Python Programming",0,1
"Pooja Verma","Python Programming",2,2
"Krishna Gupta","Python Programming",0,1
"Mohit Agarwal","Python Programming",1,1
"Rahul Khanna","Python Programming",1,1
"Yash Das","Python Programming",1,1
"Om Choudhary","Python Programming",1,1
"Deepak Reddy","Python Programming",1,1
"Ananya Kapoor","Python Programming",1,1
"Kunal Jain","Python Programming",1,2
"Sneha Rao","Python Programming",2,2
"Vivaan Patel","Python Programming",0,1
"Ananya Khanna","Python Programming",1,1
"Rohan Sinha","Python Programming",1,2
"Rohan Rao","Python Programming",1,1
"Siddharth Rao","Python Programming",1,2
"Aarav Rao","Python Programming",1,1
"Siddharth Ghosh","Python Programming",1,1
"Aman Reddy","Python Programming",2,2
"Sai Verma","Python Programming",1,1
"Harsh Rao","Python Programming",1,1
"Tanmay Joshi","Python Programming",1,1
"Arjun Rao","Python Programming",1,1
"Manav Jain","Python Programming",1,1
"Sai Mehta","Python Programming",1,1
"Manav Dubey","Python Programming",1,1
"Harsh Khanna","Python Programming",1,1
"Aditi Verma","Python Programming",1,1
"Diya Choudhary","Python Programming",1,1
"Siddharth Bansal","Python Programming",1,1
"Varun Iyer","Python Programming",2,2
"Nikhil Mehta","Python Programming",1,1
"Manav Pandey","Python Programming",1,1
"Aditi Rao","Python Programming",1,1
"Ritika Pandey","Python Programming",1,1
"Om Menon","Python Programming",1,1
"Diya Das","Python Programming",0,1
"Kunal Kapoor","Python Programming",0,1
"Aditya Patel","Python Programming",1,1
"Aditya Iyer","Python Programming",1,1
"Om Sharma","Python Programming",1,1
"Tanmay Jain","Python Programming",0,1
"Rahul Nair","Python Programming",0,1
"Vivaan Sinha","Python Programming",1,1
"Kunal Iyer","Python Programming",1,1
"Rohan Agarwal","Python Programming",0,1
"Pooja Gupta","Python Programming",1,1
"Tanmay Ghosh","Python Programming",0,1
"Pooja Jain","Python Programming",1,1
"Neha Sinha","Python Programming",1,2
"Harsh Sharma","Python Programming",1,1
"Ishaan Verma","Python Programming",1,1
"Ishaan Iyer","Python Programming",1,1
"Diya Joshi","Python Programming",2,2
"Harsh Iyer","Python Programming",1,1
"Rohan Khanna","Python Programming",1,2
"Vivaan Bansal","Python Programming",1,1
"Tanmay Thakur","Python Programming",1,1
"Siddharth Nair","Python Programming",1,1
"Varun Menon","Python Programming",0,1
"Ritesh Bansal","Python Programming",1,1
"Om Gupta","Python Programming",1,1
"Priya Reddy","Python Programming",1,1
"Varun Sharma","Python Programming",0,1
"Dev Iyer","Python Programming",1,1
"Dev Nair","Python Programming",1,1
"Arjun Thakur","Python Programming",1,1
"Vivaan Pandey","Python Programming",1,1
"Aman Pandey","Python Programming",1,1
"Aarav Das","Python Programming",1,1
"Kunal Choudhary","Python Programming",0,1
"Aditya Bansal","Python Programming",0,1
"Tanmay Verma","Python Programming",1,1
"Aman Bansal","Python Programming",1,1
"Varun Choudhary","Python Programming",1,1
"Varun Joshi","Python Programming",1,1
"Harsh Gupta","Python Programming",1,1
"Ananya Verma","Python Programming",1,1
"Meera Kapoor","Python Programming",1,1
"Sneha Nair","Python Programming",1,1
"Aarav Mehta","Python Programming",1,1
"Tanmay Menon","Python Programming",1,1
"Tanmay Sinha","Python Programming",0,1
"Kunal Reddy","Fluid Mechanics",1,2
"Pooja Pandey","Fluid Mechanics",0,1
"Siddharth Thakur","Fluid Mechanics",1,1
"Pooja Menon","Fluid Mechanics",1,1
"Sneha Rao","Fluid Mechanics",1,1
"Harsh Khanna","Fluid Mechanics",2,2
"Vivaan Ghosh","Fluid Mechanics",3,4
"Rohan Das","Fluid Mechanics",1,1
"Manav Nair","Fluid Mechanics",0,1
"Tanmay Nair","Fluid Mechanics",1,1
"Aman Ghosh","Fluid Mechanics",1,1
"Rohan Dubey","Fluid Mechanics",2,2
"Ishaan Rao","Fluid Mechanics",0,1
"Deepak Bansal","Fluid Mechanics",2,3
"Dev Jain","Fluid Mechanics",1,1
"Rohan Khanna","Fluid Mechanics",2,2
"Pooja Ghosh","Fluid Mechanics",1,1
"Varun Kapoor","Fluid Mechanics",2,3
"Kunal Menon","Fluid Mechanics",1,1
"Ritesh Choudhary","Fluid Mechanics",1,1
"Priya Das","Fluid Mechanics",2,2
"Mohit Menon","Fluid Mechanics",1,1
"Ananya Patel","Fluid Mechanics",0,1
"Aditya Nair","Fluid Mechanics",2,2
"Rohan Reddy","Fluid Mechanics",0,1
"Rohan Menon","Fluid Mechanics",1,1
"Priya Iyer","Fluid Mechanics",2,3
"Om Iyer","Fluid Mechanics",1,1
"Sneha Ghosh","Fluid Mechanics",0,1
"Meera Reddy","Fluid Mechanics",1,1
"Sai Das","Fluid Mechanics",1,1
"Arjun Thakur","Fluid Mechanics",2,2
"Meera Patel","Fluid Mechanics",1,1
"Nikhil Sinha","Fluid Mechanics",0,2
"Sai Jain","Fluid Mechanics",1,1
"Mohit Dubey","Fluid Mechanics",1,1
"Yash Rao","Fluid Mechanics",1,1
"Sneha Joshi","Fluid Mechanics",0,1
"Mohit Pandey","Fluid Mechanics",1,1
"Rahul Thakur","Fluid Mechanics",1,1
"Diya Gupta","Fluid Mechanics",1,1
"Rahul Gupta","Fluid Mechanics",1,1
"Aman Rao","Fluid Mechanics",1,2
"Neha Agarwal","Fluid Mechanics",1,2
"Yash Nair","Fluid Mechanics",1,1
"Ananya Gupta","Fluid Mechanics",1,1
"Deepak Sharma","Fluid Mechanics",1,1
"Manav Choudhary","Fluid Mechanics",1,1
"Meera Agarwal","Fluid Mechanics",1,1
"Neha Choudhary","Fluid Mechanics",0,1
"Ritesh Agarwal","Fluid Mechanics",1,1
"Sai Ghosh","Fluid Mechanics",1,1
"Siddharth Kapoor","Fluid Mechanics",1,1
"Sneha Patel","Fluid Mechanics",1,1
"Sai Sinha","Fluid Mechanics",1,1
"Arjun Khanna","Fluid Mechanics",1,1
"Sai Rao","Fluid Mechanics",0,1
"Siddharth Das","Fluid Mechanics",1,4
"Harsh Rao","Fluid Mechanics",0,1
"Harsh Sinha","Fluid Mechanics",0,2
"Ritika Sharma","Fluid Mechanics",1,1
"Nikhil Reddy","Fluid Mechanics",1,1
"Kunal Rao","Fluid Mechanics",2,2
"Aditya Rao","Fluid Mechanics",1,1
"Vivaan Menon","Fluid Mechanics",1,1
"Kunal Pandey","Fluid Mechanics",1,1
"Harsh Pandey","Fluid Mechanics",3,4
"Ritesh Bansal","Fluid Mechanics",1,1
"Harsh Gupta","Fluid Mechanics",0,1
"Vivaan Khanna","Fluid Mechanics",1,1
"Aman Jain","Fluid Mechanics",1,1
"Aditya Dubey","Fluid Mechanics",2,2
"Krishna Nair","Fluid Mechanics",0,1
"Kunal Sharma","Fluid Mechanics",1,1
"Ananya Rao","Fluid Mechanics",1,1
"Pooja Jain","Fluid Mechanics",1,1
"Meera Menon","Fluid Mechanics",1,1
"Aman Thakur","Fluid Mechanics",3,3
"Rahul Iyer","Fluid Mechanics",1,1
"Ananya Dubey","Fluid Mechanics",1,1
"Ritika Iyer","Fluid Mechanics",1,1
"Ananya Reddy","Fluid Mechanics",1,1
"Aman Das","Fluid Mechanics",1,1
"Pooja Gupta","Fluid Mechanics",1,1
"Priya Pandey","Fluid Mechanics",1,1
"Sai Verma","Fluid Mechanics",1,1
"Diya Mehta","Fluid Mechanics",1,1
"Neha Khanna","Fluid Mechanics",1,1
"Rahul Patel","Fluid Mechanics",0,1
"Dev Reddy","Fluid Mechanics",2,2
"Sai Khanna","Fluid Mechanics",1,1
"Ritesh Sinha","Fluid Mechanics",1,1
"Rahul Kapoor","Fluid Mechanics",1,2
"Nikhil Choudhary","Fluid Mechanics",1,1
"Harsh Thakur","Fluid Mechanics",0,1
"Sneha Agarwal","Fluid Mechanics",0,1
"Kavya Reddy","Fluid Mechanics",1,1
"Pooja Agarwal","Fluid Mechanics",0,1
"Kavya Iyer","Fluid Mechanics",1,1
"Rahul Choudhary","Fluid Mechanics",1,1
"Manav Menon","Fluid Mechanics",1,1
"Varun Dubey","Fluid Mechanics",1,1
"Om Gupta","Fluid Mechanics",1,1
"Deepak Joshi","Fluid Mechanics",0,1
"Mohit Nair","Fluid Mechanics",1,1
"Ritesh Rao","Fluid Mechanics",1,1
"Nikhil Joshi","Fluid Mechanics",2,2
"Vivaan Iyer","Fluid Mechanics",0,1
"Aditi Menon","Fluid Mechanics",1,1
"Om Mehta","Fluid Mechanics",1,1
"Kunal Kapoor","Fluid Mechanics",1,1
"Arjun Das","Fluid Mechanics",1,1
"Rahul Pandey","Fluid Mechanics",1,1
"Varun Mehta","Fluid Mechanics",1,1
"Meera Khanna","Fluid Mechanics",1,1
"Pooja Patel","Fluid Mechanics",1,1
"Yash Thakur","Fluid Mechanics",1,1
"Mohit Iyer","Fluid Mechanics",1,1
"Ritika Choudhary","Fluid Mechanics",1,1
"Om Joshi","Fluid Mechanics",0,1
"Aditi Mehta","Fluid Mechanics",1,1
"Kavya Sharma","Fluid Mechanics",1,1
"Rahul Rao","Fluid Mechanics",1,1
"Aarav Rao","Fluid Mechanics",1,1
"Ishaan Gupta","Fluid Mechanics",1,1
"Om Thakur","Fluid Mechanics",1,1
"Rahul Khanna","Fluid Mechanics",1,1
"Rahul Verma","Fluid Mechanics",0,1
"Siddharth Choudhary","Artificial Intelligence",1,2
"Rohan Khanna","Artificial Intelligence",1,1
"Aarav Sinha","Artificial Intelligence",3,3
"Ritesh Jain","Artificial Intelligence",2,2
"Mohit Das","Artificial Intelligence",1,1
"Ritika Sharma","Artificial Intelligence",1,1
"Vivaan Sharma","Artificial Intelligence",1,1
"Ritesh Gupta","Artificial Intelligence",1,1
"Diya Jain","Artificial Intelligence",1,1
"Rohan Patel","Artificial Intelligence",1,1
"Pooja Agarwal","Artificial Intelligence",1,2
"Neha Menon","Artificial Intelligence",1,1
"Aditya Bansal","Artificial Intelligence",2,2
"Kunal Sinha","Artificial Intelligence",1,1
"Arjun Agarwal","Artificial Intelligence",1,2
"Ishaan Iyer","Artificial Intelligence",1,1
"Ishaan Das","Artificial Intelligence",2,2
"Deepak Iyer","Artificial Intelligence",1,1
"Ritika Choudhary","Artificial Intelligence",1,1
"Siddharth Gupta","Artificial Intelligence",1,1
"Mohit Rao","Artificial Intelligence",0,1
"Deepak Ghosh","Artificial Intelligence",1,1
"Neha Choudhary","Artificial Intelligence",1,1
"Deepak Reddy","Artificial Intelligence",2,2
"Manav Thakur","Artificial Intelligence",1,1
"Siddharth Nair","Artificial Intelligence",1,1
"Sneha Choudhary","Artificial Intelligence",2,2
"Priya Verma","Artificial Intelligence",1,1
"Kavya Reddy","Artificial Intelligence",0,1
"Kavya Agarwal","Artificial Intelligence",1,2
"Ananya Reddy","Artificial Intelligence",1,1
"Priya Iyer","Artificial Intelligence",2,2
"Pooja Iyer","Artificial Intelligence",1,1
"Aman Agarwal","Artificial Intelligence",0,2
"Deepak Das","Artificial Intelligence",0,1
"Rohan Agarwal","Artificial Intelligence",1,1
"Aditya Das","Artificial Intelligence",0,1
"Pooja Das","Artificial Intelligence",1,1
"Ananya Sharma","Artificial Intelligence",0,1
"Sai Iyer","Artificial Intelligence",1,2
"Neha Reddy","Artificial Intelligence",1,1
"Priya Choudhary","Artificial Intelligence",1,1
"Ananya Thakur","Artificial Intelligence",2,3
"Neha Patel","Artificial Intelligence",1,1
"Vivaan Gupta","Artificial Intelligence",1,1
"Yash Agarwal","Artificial Intelligence",0,1
"Varun Sinha","Artificial Intelligence",1,1
"Aman Nair","Artificial Intelligence",1,1
"Diya Bansal","Artificial Intelligence",1,1
"Aarav Thakur","Artificial Intelligence",1,1
"Harsh Gupta","Artificial Intelligence",0,1
"Rahul Nair","Artificial Intelligence",1,1
"Kavya Dubey","Artificial Intelligence",1,1
"Aditi Patel","Artificial Intelligence",4,4
"Aman Thakur","Artificial Intelligence",0,1
"Aarav Verma","Artificial Intelligence",1,1
"Aditi Dubey","Artificial Intelligence",1,1
"Manav Sinha","Artificial Intelligence",1,1
"Dev Iyer","Artificial Intelligence",1,1
"Neha Kapoor","Artificial Intelligence",1,2
"Diya Das","Artificial Intelligence",0,1
"Priya Patel","Artificial Intelligence",1,1
"Arjun Bansal","Artificial Intelligence",1,1
"Varun Menon","Artificial Intelligence",1,2
"Varun Patel","Artificial Intelligence",1,1
"Krishna Iyer","Artificial Intelligence",1,2
"Aman Verma","Artificial Intelligence",1,1
"Ishaan Jain","Artificial Intelligence",1,1
"Siddharth Joshi","Artificial Intelligence",1,1
"Rahul Verma","Artificial Intelligence",1,2
"Nikhil Pandey","Artificial Intelligence",1,1
"Pooja Patel","Artificial Intelligence",0,1
"Meera Verma","Artificial Intelligence",0,1
"Om Gupta","Artificial Intelligence",1,1
"Sneha Mehta","Artificial Intelligence",1,1
"Ananya Agarwal","Artificial Intelligence",1,1
"Varun Dubey","Artificial Intelligence",2,2
"Varun Ghosh","Artificial Intelligence",1,1
"Krishna Gupta","Artificial Intelligence",1,1
"Ritesh Khanna","Artificial Intelligence",1,1
"Manav Mehta","Artificial Intelligence",1,1
"Ishaan Gupta","Artificial Intelligence",1,1
"Meera Menon","Artificial Intelligence",1,1
"Rohan Reddy","Artificial Intelligence",1,1
"Rohan Jain","Artificial Intelligence",1,1
"Sneha Joshi","Artificial Intelligence",1,1
"Diya Choudhary","Artificial Intelligence",1,1
"Aarav Rao","Artificial Intelligence",0,1
"Rohan Gupta","Artificial Intelligence",1,1
"Dev Joshi","Artificial Intelligence",1,1
"Rahul Ghosh","Artificial Intelligence",1,1
"Krishna Nair","Artificial Intelligence",0,1
"Kavya Patel","Artificial Intelligence",1,1
"Varun Bansal","Artificial Intelligence",0,1
"Diya Sharma","Artificial Intelligence",1,1
"Siddharth Patel","Artificial Intelligence",0,1
"Sneha Bansal","Artificial Intelligence",1,1
"Ritesh Verma","Artificial Intelligence",1,1
"Meera Agarwal","Artificial Intelligence",1,1
"Ananya Nair","Artificial Intelligence",1,1
"Harsh Kapoor","Artificial Intelligence",1,1
"Krishna Kapoor","Artificial Intelligence",0,1
"Sneha Sharma","Artificial Intelligence",1,1
"Aditya Jain","Artificial Intelligence",1,1
"Manav Kapoor","Artificial Intelligence",0,1
"Ritika Reddy","Artificial Intelligence",1,1
"Aditi Jain","Artificial Intelligence",1,1
"Deepak Sinha","Artificial Intelligence",1,1
"Deepak Patel","Artificial Intelligence",1,1
"Mohit Sinha","Artificial Intelligence",1,1
"Neha Bansal","Artificial Intelligence",1,1
"Arjun Sinha","Artificial Intelligence",0,1
"Neha Joshi","Artificial Intelligence",1,1
"Rohan Choudhary","Artificial Intelligence",1,1
"Pooja Menon","Artificial Intelligence",1,1
"Deepak Choudhary","Artificial Intelligence",1,1
"Mohit Reddy","Artificial Intelligence",1,1
"Krishna Jain","Artificial Intelligence",1,1
"Sai Patel","Artificial Intelligence",2,2
"Tanmay Bansal","Artificial Intelligence",1,1
"Arjun Joshi","Artificial Intelligence",1,1
"Varun Rao","Artificial Intelligence",1,1
"Kavya Iyer","Wireless Networks",1,1
"Manav Verma","Wireless Networks",1,2
"Ritesh Dubey","Wireless Networks",1,1
"Manav Khanna","Wireless Networks",1,1
"Ritesh Reddy","Wireless Networks",1,1
"Kunal Sharma","Wireless Networks",1,1
"Yash Joshi","Wireless Networks",2,2
"Arjun Agarwal","Wireless Networks",1,1
"Deepak Verma","Wireless Networks",4,4
"Sneha Rao","Wireless Networks",1,2
"Diya Joshi","Wireless Networks",0,1
"Meera Nair","Wireless Networks",1,1
"Siddharth Gupta","Wireless Networks",1,2
"Vivaan Bansal","Wireless Networks",0,1
"Ritika Khanna","Wireless Networks",1,1
"Krishna Joshi","Wireless Networks",4,4
"Manav Agarwal","Wireless Networks",0,1
"Kavya Pandey","Wireless Networks",1,1
"Aarav Jain","Wireless Networks",0,2
"Deepak Reddy","Wireless Networks",1,1
"Kunal Choudhary","Wireless Networks",1,1
"Siddharth Bansal","Wireless Networks",1,1
"Neha Kapoor","Wireless Networks",1,2
"Deepak Nair","Wireless Networks",1,1
"Meera Menon","Wireless Networks",1,2
"Rahul Das","Wireless Networks",2,2
"Dev Patel","Wireless Networks",1,1
"Dev Menon","Wireless Networks",1,1
"Mohit Das","Wireless Networks",1,1
"Priya Patel","Wireless Networks",1,1
"Siddharth Menon","Wireless Networks",1,1
"Sneha Ghosh","Wireless Networks",0,1
"Harsh Choudhary","Wireless Networks",1,1
"Yash Nair","Wireless Networks",2,3
"Vivaan Patel","Wireless Networks",1,1
"Nikhil Thakur","Wireless Networks",1,1
"Harsh Reddy","Wireless Networks",1,1
"Rahul Sharma","Wireless Networks",1,1
"Ritesh Choudhary","Wireless Networks",2,2
"Arjun Joshi","Wireless Networks",1,1
"Krishna Patel","Wireless Networks",1,1
"Ritesh Jain","Wireless Networks",1,1
"Priya Reddy","Wireless Networks",1,1
"Ananya Sinha","Wireless Networks",1,1
"Diya Jain","Wireless Networks",1,1
"Priya Bansal","Wireless Networks",2,2
"Ishaan Menon","Wireless Networks",1,1
"Rohan Choudhary","Wireless Networks",1,1
"Aditi Ghosh","Wireless Networks",2,2
"Arjun Dubey","Wireless Networks",1,1
"Kunal Jain","Wireless Networks",1,1
"Neha Sharma","Wireless Networks",1,1
"Aarav Patel","Wireless Networks",1,2
"Tanmay Sharma","Wireless Networks",1,1
"Yash Mehta","Wireless Networks",0,1
"Aditi Pandey","Wireless Networks",1,1
"Aarav Menon","Wireless Networks",1,1
"Varun Patel","Wireless Networks",1,1
"Ritesh Agarwal","Wireless Networks",1,1
"Tanmay Verma","Wireless Networks",1,1
"Rohan Mehta","Wireless Networks",1,1
"Aditi Gupta","Wireless Networks",1,1
"Ishaan Kapoor","Wireless Networks",1,1
"Tanmay Joshi","Wireless Networks",0,1
"Sai Thakur","Wireless Networks",3,3
"Mohit Dubey","Wireless Networks",1,1
"Arjun Choudhary","Wireless Networks",0,1
"Dev Gupta","Wireless Networks",1,1
"Vivaan Iyer","Wireless Networks",1,1
"Yash Ghosh","Wireless Networks",1,1
"Harsh Khanna","Wireless Networks",1,1
"Aarav Reddy","Wireless Networks",0,1
"Deepak Thakur","Wireless Networks",2,2
"Sai Das","Wireless Networks",0,1
"Vivaan Mehta","Wireless Networks",0,1
"Dev Joshi","Wireless Networks",1,1
"Yash Gupta","Wireless Networks",1,1
"Arjun Ghosh","Wireless Networks",2,2
"Varun Bansal","Wireless Networks",1,1
"Ananya Verma","Wireless Networks",1,1
"Sneha Gupta","Wireless Networks",1,1
"Kavya Khanna","Wireless Networks",1,1
"Arjun Reddy","Wireless Networks",1,1
"Ananya Iyer","Wireless Networks",1,2
"Dev Ghosh","Wireless Networks",0,1
"Aditya Reddy","Wireless Networks",0,1
"Aditi Menon","Wireless Networks",0,1
"Aditya Sharma","Wireless Networks",1,1
"Varun Kapoor","Wireless Networks",0,1
"Vivaan Agarwal","Wireless Networks",1,1
"Nikhil Gupta","Wireless Networks",1,1
"Pooja Verma","Wireless Networks",1,1
"Krishna Gupta","Wireless Networks",2,2
"Diya Thakur","Wireless Networks",1,1
"Meera Patel","Wireless Networks",1,1
"Om Sinha","Wireless Networks",2,2
"Rahul Verma","Wireless Networks",1,1
"Varun Khanna","Wireless Networks",0,1
"Ananya Patel","Wireless Networks",1,1
"Manav Gupta","Wireless Networks",1,2
"Tanmay Kapoor","Wireless Networks",1,1
"Neha Joshi","Wireless Networks",1,1
"Tanmay Reddy","Wireless Networks",1,2
"Kavya Agarwal","Wireless Networks",1,1
"Sneha Iyer","Wireless Networks",0,1
"Krishna Rao","Wireless Networks",1,1
"Sai Gupta","Wireless Networks",0,1
"Sai Iyer","Wireless Networks",1,1
"Nikhil Rao","Wireless Networks",0,1
"Siddharth Reddy","Wireless Networks",1,1
"Om Patel","Wireless Networks",1,1
"Tanmay Dubey","Wireless Networks",1,1
"Kunal Kapoor","Wireless Networks",1,1
"Ishaan Sinha","Wireless Networks",1,1
"Arjun Khanna","Wireless Networks",0,1
"Aditya Dubey","Wireless Networks",1,1
"Ritika Choudhary","Wireless Networks",0,1
"Krishna Ghosh","Wireless Networks",0,1
"Vivaan Thakur","Wireless Networks",1,1
"Neha Sinha","Wireless Networks",1,1
"Arjun Mehta","Wireless Networks",1,1
"Mohit Mehta","Wireless Networks",0,1
"Tanmay Pandey","Wireless Networks",0,1
"Nikhil Choudhary","Wireless Networks",1,1
"Neha Dubey","Wireless Networks",1,1
"Siddharth Agarwal","Wireless Networks",1,1
"Ishaan Khanna","Wireless Networks",0,1
"Siddharth Sharma","Wireless Networks",1,1
"Aarav Thakur","Wireless Networks",1,1
"Dev Das","Wireless Networks",0,1
"Aditi Khanna","Wireless Networks",1,1
"Meera Agarwal","Wireless Networks",1,1
"Rohan Das","Wireless Networks",1,1
"Ritika Reddy","Wireless Networks",1,1
"Rohan Dubey","Wireless Networks",1,1
"Harsh Bansal","Wireless Networks",1,1
"Ananya Bansal","Wireless Networks",1,1
"Kunal Pandey","Data Structures",0,1
"Priya Pandey","Data Structures",1,1
"Arjun Bansal","Data Structures",1,1
"Meera Sinha","Data Structures",1,1
"Arjun Pandey","Data Structures",1,1
"Sneha Bansal","Data Structures",1,1
"Mohit Das","Data Structures",0,2
"Krishna Thakur","Data Structures",1,1
"Mohit Verma","Data Structures",0,1
"Yash Khanna","Data Structures",1,1
"Meera Mehta","Data Structures",1,1
"Arjun Sinha","Data Structures",2,2
"Rahul Verma","Data Structures",1,2
"Ritesh Thakur","Data Structures",1,1
"Aman Reddy","Data Structures",1,1
"Aditya Ghosh","Data Structures",1,1
"Ritesh Sinha","Data Structures",2,4
"Aman Rao","Data Structures",0,2
"Aarav Menon","Data Structures",1,1
"Kavya Reddy","Data Structures",0,1
"Sneha Nair","Data Structures",1,1
"Ritesh Nair","Data Structures",3,3
"Dev Sinha","Data Structures",0,1
"Rahul Mehta","Data Structures",0,1
"Pooja Mehta","Data Structures",1,2
"Priya Iyer","Data Structures",3,3
"Ritesh Gupta","Data Structures",2,2
"Nikhil Sinha","Data Structures",1,1
"Varun Agarwal","Data Structures",1,1
"Sneha Sharma","Data Structures",3,3
"Tanmay Sinha","Data Structures",0,1
"Kunal Dubey","Data Structures",0,1
"Rohan Reddy","Data Structures",1,2
"Rohan Gupta","Data Structures",1,1
"Rohan Verma","Data Structures",1,1
"Aman Gupta","Data Structures",3,3
"Aman Choudhary","Data Structures",1,1
"Siddharth Gupta","Data Structures",1,1
"Kavya Nair","Data Structures",2,2
"Aarav Patel","Data Structures",1,1
"Manav Agarwal","Data Structures",1,1
"Ananya Khanna","Data Structures",1,1
"Ritesh Pandey","Data Structures",1,2
"Rahul Ghosh","Data Structures",1,1
"Nikhil Khanna","Data Structures",0,1
"Kavya Verma","Data Structures",0,1
"Mohit Nair","Data Structures",1,1
"Deepak Dubey","Data Structures",1,1
"Pooja Joshi","Data Structures",1,1
"Ishaan Choudhary","Data Structures",2,3
"Vivaan Joshi","Data Structures",1,1
"Sneha Mehta","Data Structures",0,1
"Aarav Joshi","Data Structures",0,1
"Ishaan Ghosh","Data Structures",1,1
"Mohit Bansal","Data Structures",1,1
"Kavya Choudhary","Data Structures",1,1
"Arjun Choudhary","Data Structures",1,1
"Pooja Gupta","Data Structures",1,1
"Ananya Joshi","Data Structures",2,2
"Deepak Choudhary","Data Structures",2,3
"Siddharth Joshi","Data Structures",1,1
"Ishaan Pandey","Data Structures",2,2
"Yash Sharma","Data Structures",0,1
"Ritesh Agarwal","Data Structures",1,1
"Varun Sharma","Data Structures",1,1
"Tanmay Thakur","Data Structures",1,1
"Harsh Khanna","Data Structures",1,2
"Rahul Joshi","Data Structures",1,1
"Dev Jain","Data Structures",1,1
"Sneha Das","Data Structures",0,2
"Pooja Choudhary","Data Structures",1,1
"Ritika Menon","Data Structures",1,1
"Yash Rao","Data Structures",0,1
"Ritika Choudhary","Data Structures",1,1
"Kavya Agarwal","Data Structures",0,1
"Vivaan Reddy","Data Structures",1,1
"Deepak Iyer","Data Structures",3,3
"Tanmay Joshi","Data Structures",2,2
"Ishaan Patel","Data Structures",1,1
"Tanmay Agarwal","Data Structures",2,2
"Meera Reddy","Data Structures",1,1
"Arjun Dubey","Data Structures",1,1
"Priya Sinha","Data Structures",1,1
"Manav Bansal","Data Structures",1,1
"Kunal Iyer","Data Structures",2,2
"Om Kapoor","Data Structures",1,1
"Krishna Joshi","Data Structures",1,1
"Aditya Dubey","Data Structures",1,1
"Kavya Jain","Data Structures",2,2
"Om Choudhary","Data Structures",1,1
"Dev Dubey","Data Structures",1,1
"Aditya Gupta","Data Structures",1,1
"Meera Kapoor","Data Structures",0,1
"Tanmay Bansal","Data Structures",1,1
"Yash Dubey","Data Structures",0,1
"Aarav Das","Data Structures",0,1
"Ishaan Joshi","Data Structures",1,1
"Yash Iyer","Data Structures",1,1
"Harsh Choudhary","Data Structures",1,1
"Dev Verma","Data Structures",1,1
"Pooja Iyer","Data Structures",1,1
"Sneha Gupta","Data Structures",1,1
"Kunal Mehta","Data Structures",1,1
"Aditya Bansal","Data Structures",1,1
"Krishna Verma","Data Structures",0,1
"Priya Verma","Data Structures",1,1
"Ananya Jain","Data Structures",1,1
"Tanmay Reddy","Data Structures",1,1
"Manav Nair","Data Structures",2,2
"Priya Dubey","Data Structures",1,1
"Diya Rao","Data Structures",1,1
"Om Pandey","Data Structures",2,2
"Varun Khanna","Data Structures",1,1
"Nikhil Dubey","Data Structures",1,1
"Vivaan Iyer","Data Structures",1,1
"Neha Gupta","Data Structures",1,1
"Priya Agarwal","Data Structures",1,1
"Varun Nair","Data Structures",1,1
"Mohit Patel","Data Structures",1,1
"Ritika Das","Data Structures",1,1
"Diya Sharma","Data Structures",1,1
"Aditya Mehta","Data Structures",0,1
"Kunal Menon","Data Structures",1,1
"Aditya Rao","Data Structures",1,1
"Ritesh Iyer","Data Structures",0,1
"Vivaan Pandey","Data Structures",0,1
"Dev Pandey","Data Structures",1,1
"Dev Gupta","Data Structures",1,2
"Rahul Thakur","Data Structures",1,1
"Ishaan Bansal","Data Structures",2,2
"Manav Mehta","Data Structures",1,1
"Meera Bansal","Data Structures",1,1
"Kavya Sinha","Data Structures",1,1
"Mohit Gupta","Data Structures",1,1
"Manav Patel","Data Structures",0,1
"Diya Pandey","Data Structures",1,1
"Harsh Rao","Data Structures",1,1
"Ritika Bansal","Data Structures",1,1
"Harsh Gupta","Data Structures",1,1
"Manav Menon","Data Structures",1,1
"Pooja Patel","Data Structures",1,1
"Pooja Das","Data Structures",1,1
"Om Menon","Composite Materials",1,1
"Varun Sharma","Composite Materials",1,2
"Aditi Bansal","Composite Materials",0,1
"Harsh Bansal","Composite Materials",0,1
"Harsh Kapoor","Composite Materials",1,1
"Ananya Thakur","Composite Materials",1,2
"Pooja Bansal","Composite Materials",2,2
"Krishna Jain","Composite Materials",2,2
"Varun Das","Composite Materials",1,2
"Kunal Agarwal","Composite Materials",1,1
"Vivaan Sinha","Composite Materials",2,2
"Pooja Thakur","Composite Materials",1,1
"Krishna Pandey","Composite Materials",1,1
"Diya Patel","Composite Materials",1,1
"Aarav Khanna","Composite Materials",0,1
"Priya Rao","Composite Materials",1,1
"Arjun Dubey","Composite Materials",2,2
"Nikhil Iyer","Composite Materials",1,1
"Ishaan Nair","Composite Materials",1,1
"Harsh Reddy","Composite Materials",0,1
"Harsh Iyer","Composite Materials",1,1
"Ritika Sharma","Composite Materials",1,2
"Yash Das","Composite Materials",1,1
"Sneha Kapoor","Composite Materials",1,1
"Mohit Reddy","Composite Materials",2,2
"Yash Agarwal","Composite Materials",1,1
"Deepak Rao","Composite Materials",1,1
"Arjun Choudhary","Composite Materials",1,2
"Mohit Jain","Composite Materials",2,2
"Kunal Nair","Composite Materials",2,2
"Ishaan Sinha","Composite Materials",1,2
"Kavya Agarwal","Composite Materials",1,1
"Harsh Rao","Composite Materials",1,1
"Yash Gupta","Composite Materials",0,1
"Mohit Dubey","Composite Materials",1,1
"Aditi Thakur","Composite Materials",0,1
"Varun Gupta","Composite Materials",2,2
"Meera Kapoor","Composite Materials",1,1
"Kunal Dubey","Composite Materials",1,1
"Om Kapoor","Composite Materials",1,1
"Deepak Sharma","Composite Materials",1,1
"Manav Das","Composite Materials",1,1
"Diya Sharma","Composite Materials",1,1
"Yash Mehta","Composite Materials",1,1
"Sai Pandey","Composite Materials",0,1
"Manav Pandey","Composite Materials",1,1
"Aman Choudhary","Composite Materials",1,1
"Ishaan Agarwal","Composite Materials",3,3
"Tanmay Khanna","Composite Materials",1,1
"Pooja Iyer","Composite Materials",1,1
"Vivaan Mehta","Composite Materials",0,1
"Krishna Dubey","Composite Materials",2,2
"Vivaan Iyer","Composite Materials",2,2
"Meera Nair","Composite Materials",1,1
"Arjun Iyer","Composite Materials",1,1
"Neha Patel","Composite Materials",0,1
"Deepak Menon","Composite Materials",1,1
"Ananya Mehta","Composite Materials",1,1
"Yash Sharma","Composite Materials",1,2
"Priya Thakur","Composite Materials",1,2
"Ritika Patel","Composite Materials",1,1
"Aarav Jain","Composite Materials",2,2
"Aman Verma","Composite Materials",2,2
"Neha Choudhary","Composite Materials",1,1
"Diya Mehta","Composite Materials",2,2
"Aditi Sharma","Composite Materials",1,1
"Ritesh Bansal","Composite Materials",0,1
"Harsh Thakur","Composite Materials",1,1
"Pooja Sharma","Composite Materials",1,1
"Nikhil Gupta","Composite Materials",1,1
"Yash Verma","Composite Materials",1,1
"Aditya Reddy","Composite Materials",0,1
"Krishna Gupta","Composite Materials",1,1
"Rahul Khanna","Composite Materials",1,1
"Kavya Nair","Composite Materials",1,1
"Om Thakur","Composite Materials",0,1
"Rohan Agarwal","Composite Materials",1,1
"Siddharth Thakur","Composite Materials",1,1
"Tanmay Rao","Composite Materials",1,1
"Ananya Pandey","Composite Materials",2,2
"Manav Menon","Composite Materials",1,1
"Arjun Jain","Composite Materials",1,1
"Rohan Pandey","Composite Materials",0,1
"Aman Pandey","Composite Materials",1,1
"Deepak Iyer","Composite Materials",1,1
"Aman Dubey","Composite Materials",0,1
"Siddharth Sinha","Composite Materials",0,1
"Ananya Bansal","Composite Materials",1,1
"Ritesh Sinha","Composite Materials",1,1
"Nikhil Patel","Composite Materials",1,1
"Rahul Kapoor","Composite Materials",1,2
"Varun Jain","Composite Materials",0,1
"Krishna Verma","Composite Materials",1,1
"Pooja Agarwal","Composite Materials",2,2
"Varun Menon","Composite Materials",1,1
"Tanmay Ghosh","Composite Materials",1,1
"Nikhil Verma","Composite Materials",1,1
"Ritika Thakur","Composite Materials",1,1
"Neha Das","Composite Materials",1,1
"Kunal Jain","Composite Materials",1,1
"Yash Thakur","Composite Materials",1,1
"Kavya Bansal","Composite Materials",0,1
"Aditya Mehta","Composite Materials",1,1
"Pooja Gupta","Composite Materials",0,1
"Sai Agarwal","Composite Materials",2,2
"Aditya Nair","Composite Materials",1,1
"Aman Nair","Composite Materials",1,2
"Pooja Rao","Composite Materials",1,1
"Sneha Patel","Composite Materials",1,1
"Kunal Thakur","Composite Materials",1,1
"Krishna Agarwal","Composite Materials",1,1
"Meera Iyer","Composite Materials",0,1
"Ritesh Patel","Composite Materials",0,1
"Ishaan Mehta","Composite Materials",1,1
"Varun Bansal","Composite Materials",2,2
"Kavya Rao","Composite Materials",1,1
"Ananya Gupta","Composite Materials",1,1
"Om Rao","Composite Materials",1,1
"Harsh Pandey","Composite Materials",1,1
"Nikhil Menon","Composite Materials",1,1
"Rohan Khanna","Composite Materials",1,1
"Arjun Verma","Composite Materials",0,1
"Dev Bansal","Composite Materials",1,1
"Arjun Pandey","Composite Materials",0,1
"Meera Bansal","Composite Materials",1,1
"Dev Das","Composite Materials",1,1
"Aditi Choudhary","Composite Materials",0,1
"Siddharth Rao","Game Development",1,1
"Deepak Thakur","Game Development",1,1
"Ritesh Jain","Game Development",1,1
"Rahul Menon","Game Development",0,1
"Rohan Mehta","Game Development",1,1
"Varun Das","Game Development",1,1
"Krishna Das","Game Development",1,1
"Ishaan Pandey","Game Development",1,1
"Rohan Pandey","Game Development",1,1
"Nikhil Kapoor","Game Development",1,1
"Pooja Mehta","Game Development",2,2
"Manav Das","Game Development",1,1
"Rohan Das","Game Development",1,1
"Meera Iyer","Game Development",1,1
"Tanmay Rao","Game Development",0,1
"Vivaan Agarwal","Game Development",1,1
"Dev Pandey","Game Development",2,2
"Siddharth Sinha","Game Development",1,1
"Sneha Kapoor","Game Development",1,1
"Om Dubey","Game Development",2,2
"Pooja Rao","Game Development",1,2
"Sneha Pandey","Game Development",1,1
"Priya Kapoor","Game Development",2,2
"Deepak Khanna","Game Development",1,1
"Sneha Menon","Game Development",2,2
"Tanmay Thakur","Game Development",2,2
"Diya Khanna","Game Development",0,1
"Nikhil Jain","Game Development",1,2
"Kavya Agarwal","Game Development",1,1
"Nikhil Nair","Game Development",1,1
"Sneha Joshi","Game Development",1,1
"Rohan Jain","Game Development",2,2
"Yash Sharma","Game Development",2,2
"Kavya Kapoor","Game Development",1,1
"Sneha Gupta","Game Development",1,1
"Ananya Mehta","Game Development",0,1
"Yash Ghosh","Game Development",1,1
"Meera Nair","Game Development",2,2
"Priya Gupta","Game Development",1,1
"Om Iyer","Game Development",2,2
"Aman Khanna","Game Development",1,2
"Rahul Das","Game Development",1,1
"Tanmay Agarwal","Game Development",0,1
"Sai Das","Game Development",1,1
"Manav Patel","Game Development",0,1
"Aditya Choudhary","Game Development",2,2
"Yash Jain","Game Development",3,3
"Ananya Joshi","Game Development",1,1
"Mohit Nair","Game Development",1,1
"Aman Sinha","Game Development",1,1
"Diya Das","Game Development",1,1
"Deepak Choudhary","Game Development",1,1
"Nikhil Sharma","Game Development",2,2
"Ritika Menon","Game Development",1,1
"Krishna Patel","Game Development",1,1
"Harsh Rao","Game Development",1,1
"Kavya Thakur","Game Development",1,1
"Aditi Kapoor","Game Development",0,1
"Meera Menon","Game Development",1,1
"Ritika Ghosh","Game Development",1,1
"Aditi Gupta","Game Development",1,1
"Deepak Dubey","Game Development",1,1
"Varun Verma","Game Development",1,1
"Ananya Nair","Game Development",1,1
"Neha Bansal","Game Development",1,1
"Kunal Choudhary","Game Development",1,3
"Sai Bansal","Game Development",0,1
"Harsh Das","Game Development",1,1
"Neha Menon","Game Development",1,1
"Kunal Thakur","Game Development",1,1
"Kavya Gupta","Game Development",0,1
"Ishaan Mehta","Game Development",1,1
"Harsh Nair","Game Development",1,1
"Aditi Das","Game Development",1,1
"Aarav Mehta","Game Development",1,1
"Siddharth Bansal","Game Development",2,2
"Vivaan Kapoor","Game Development",0,1
"Mohit Pandey","Game Development",1,1
"Tanmay Sharma","Game Development",2,2
"Vivaan Menon","Game Development",1,1
"Priya Verma","Game Development",1,1
"Krishna Ghosh","Game Development",0,1
"Ananya Kapoor","Game Development",1,1
"Dev Nair","Game Development",1,1
"Siddharth Reddy","Game Development",1,1
"Aarav Kapoor","Game Development",1,1
"Harsh Agarwal","Game Development",1,2
"Arjun Bansal","Game Development",0,1
"Ritesh Patel","Game Development",1,1
"Siddharth Das","Game Development",1,1
"Manav Verma","Game Development",2,2
"Neha Sharma","Game Development",2,2
"Yash Rao","Game Development",1,1
"Om Menon","Game Development",1,1
"Neha Dubey","Game Development",1,1
"Priya Khanna","Game Development",0,1
"Ritesh Dubey","Game Development",0,1
"Aditi Thakur","Game Development",1,1
"Rahul Joshi","Game Development",0,1
"Manav Dubey","Game Development",1,1
"Sneha Ghosh","Game Development",1,1
"Aman Jain","Game Development",1,1
"Ishaan Khanna","Game Development",1,1
"Diya Bansal","Game Development",1,1
"Ritesh Rao","Game Development",0,1
"Deepak Agarwal","Game Development",1,1
"Tanmay Das","Game Development",0,1
"Ritika Nair","Game Development",1,1
"Nikhil Ghosh","Game Development",1,1
"Aarav Rao","Game Development",1,1
"Krishna Rao","Game Development",1,2
"Kavya Reddy","Game Development",1,1
"Ishaan Nair","Game Development",1,1
"Om Joshi","Game Development",0,1
"Ananya Das","Game Development",2,2
"Aditya Rao","Game Development",1,1
"Diya Menon","Game Development",1,1
"Varun Dubey","Game Development",1,1
"Yash Nair","Game Development",1,1
"Aditya Kapoor","Game Development",1,1
"Priya Mehta","Game Development",1,1
"Nikhil Menon","Game Development",1,1
"Siddharth Jain","Game Development",1,1
"Yash Das","Game Development",1,1
"Ananya Patel","Quantum Computing",2,2
"Varun Gupta","Quantum Computing",2,2
"Mohit Iyer","Quantum Computing",1,1
"Vivaan Sinha","Quantum Computing",1,1
"Ananya Gupta","Quantum Computing",1,1
"Om Kapoor","Quantum Computing",1,1
"Sneha Das","Quantum Computing",2,2
"Aditya Bansal","Quantum Computing",1,1
"Neha Nair","Quantum Computing",1,1
"Sai Thakur","Quantum Computing",3,3
"Aditya Menon","Quantum Computing",0,1
"Harsh Reddy","Quantum Computing",2,2
"Vivaan Sharma","Quantum Computing",4,5
"Vivaan Agarwal","Quantum Computing",2,2
"Aditi Nair","Quantum Computing",1,1
"Dev Ghosh","Quantum Computing",2,2
"Dev Choudhary","Quantum Computing",1,1
"Diya Mehta","Quantum Computing",0,1
"Aarav Choudhary","Quantum Computing",1,1
"Kunal Das","Quantum Computing",2,3
"Krishna Ghosh","Quantum Computing",1,1
"Kavya Kapoor","Quantum Computing",4,4
"Vivaan Joshi","Quantum Computing",1,1
"Ritika Sharma","Quantum Computing",1,1
"Ishaan Choudhary","Quantum Computing",0,1
"Vivaan Pandey","Quantum Computing",1,1
"Dev Das","Quantum Computing",2,2
"Om Jain","Quantum Computing",1,1
"Neha Das","Quantum Computing",1,1
"Varun Jain","Quantum Computing",1,1
"Yash Choudhary","Quantum Computing",1,1
"Aman Das","Quantum Computing",2,2
"Om Nair","Quantum Computing",2,2
"Neha Verma","Quantum Computing",1,1
"Deepak Sinha","Quantum Computing",1,1
"Sai Reddy","Quantum Computing",1,1
"Ritesh Thakur","Quantum Computing",2,2
"Manav Ghosh","Quantum Computing",1,1
"Kavya Das","Quantum Computing",1,1
"Ananya Verma","Quantum Computing",1,2
"Arjun Patel","Quantum Computing",2,2
"Krishna Sharma","Quantum Computing",1,1
"Ishaan Iyer","Quantum Computing",1,2
"Priya Khanna","Quantum Computing",0,1
"Aditi Ghosh","Quantum Computing",0,1
"Mohit Rao","Quantum Computing",1,1
"Meera Sinha","Quantum Computing",1,1
"Varun Thakur","Quantum Computing",1,1
"Meera Iyer","Quantum Computing",0,1
"Tanmay Sinha","Quantum Computing",1,1
"Harsh Das","Quantum Computing",1,1
"Tanmay Iyer","Quantum Computing",2,2
"Mohit Gupta","Quantum Computing",1,1
"Priya Rao","Quantum Computing",2,2
"Ananya Mehta","Quantum Computing",1,1
"Diya Choudhary","Quantum Computing",1,1
"Harsh Thakur","Quantum Computing",1,1
"Manav Joshi","Quantum Computing",1,1
"Aditya Jain","Quantum Computing",1,1
"Nikhil Dubey","Quantum Computing",2,2
"Aman Thakur","Quantum Computing",1,3
"Siddharth Choudhary","Quantum Computing",1,2
"Ishaan Menon","Quantum Computing",2,2
"Priya Bansal","Quantum Computing",1,2
"Ananya Ghosh","Quantum Computing",2,3
"Aarav Rao","Quantum Computing",1,1
"Ishaan Pandey","Quantum Computing",1,1
"Ritika Das","Quantum Computing",1,2
"Arjun Rao","Quantum Computing",1,1
"Tanmay Gupta","Quantum Computing",0,2
"Krishna Rao","Quantum Computing",1,1
"Vivaan Bansal","Quantum Computing",2,2
"Rahul Agarwal","Quantum Computing",1,1
"Pooja Gupta","Quantum Computing",1,1
"Pooja Joshi","Quantum Computing",1,1
"Ritika Sinha","Quantum Computing",1,1
"Ishaan Sharma","Quantum Computing",1,1
"Meera Menon","Quantum Computing",0,1
"Harsh Verma","Quantum Computing",1,1
"Manav Rao","Quantum Computing",0,1
"Vivaan Gupta","Quantum Computing",0,1
"Yash Agarwal","Quantum Computing",2,2
"Kunal Joshi","Quantum Computing",1,1
"Deepak Gupta","Quantum Computing",1,1
"Manav Bansal","Quantum Computing",1,1
"Rohan Iyer","Quantum Computing",1,1
"Ritesh Mehta","Quantum Computing",0,1
"Pooja Choudhary","Quantum Computing",1,1
"Harsh Agarwal","Quantum Computing",1,1
"Yash Das","Quantum Computing",1,1
"Harsh Sharma","Quantum Computing",0,1
"Ritesh Menon","Quantum Computing",1,1
"Kavya Dubey","Quantum Computing",0,1
"Neha Menon","Quantum Computing",1,1
"Om Khanna","Quantum Computing",1,1
"Rohan Agarwal","Quantum Computing",1,1
"Krishna Joshi","Quantum Computing",1,1
"Sai Bansal","Quantum Computing",2,2
"Rahul Patel","Quantum Computing",1,1
"Varun Khanna","Quantum Computing",1,1
"Dev Patel","Quantum Computing",1,1
"Priya Kapoor","Quantum Computing",1,1
"Kunal Patel","Quantum Computing",1,1
"Arjun Choudhary","Quantum Computing",1,2
"Sneha Thakur","Quantum Computing",1,1
"Ishaan Ghosh","Quantum Computing",1,1
"Mohit Sinha","Quantum Computing",1,1
"Aditi Agarwal","Quantum Computing",1,1
"Krishna Mehta","Quantum Computing",1,1
"Dev Mehta","Quantum Computing",1,1
"Arjun Menon","Quantum Computing",1,1
"Ishaan Jain","Quantum Computing",1,1
"Harsh Jain","Quantum Computing",1,1
"Aditi Gupta","Quantum Computing",1,1
"Harsh Gupta","Quantum Computing",0,1
"Rohan Reddy","Quantum Computing",1,1
"Ananya Choudhary","Quantum Computing",1,1
"Aditya Choudhary","Quantum Computing",1,1
"Aditya Sinha","Quantum Computing",1,1
"Aditya Pandey","Quantum Computing",2,2
"Om Choudhary","Quantum Computing",1,1
"Aditya Kapoor","Quantum Computing",1,1
"Harsh Nair","Quantum Computing",1,1
"Yash Joshi","Quantum Computing",0,1
"Ananya Thakur","Quantum Computing",1,1
"Kunal Bansal","Quantum Computing",1,1
"Tanmay Sharma","Renewable Energy Systems",0,1
"Diya Mehta","Renewable Energy Systems",2,2
"Harsh Khanna","Renewable Energy Systems",1,1
"Deepak Nair","Renewable Energy Systems",1,1
"Sneha Bansal","Renewable Energy Systems",2,2
"Om Bansal","Renewable Energy Systems",0,1
"Varun Agarwal","Renewable Energy Systems",1,1
"Yash Khanna","Renewable Energy Systems",1,2
"Deepak Khanna","Renewable Energy Systems",2,2
"Harsh Agarwal","Renewable Energy Systems",1,2
"Kunal Dubey","Renewable Energy Systems",1,1
"Neha Verma","Renewable Energy Systems",0,1
"Sneha Sinha","Renewable Energy Systems",1,1
"Priya Verma","Renewable Energy Systems",1,1
"Om Verma","Renewable Energy Systems",1,1
"Aditya Thakur","Renewable Energy Systems",1,1
"Mohit Dubey","Renewable Energy Systems",1,2
"Pooja Rao","Renewable Energy Systems",0,1
"Sneha Patel","Renewable Energy Systems",1,1
"Manav Gupta","Renewable Energy Systems",1,1
"Meera Nair","Renewable Energy Systems",1,1
"Ritesh Verma","Renewable Energy Systems",1,1
"Sai Menon","Renewable Energy Systems",1,1
"Neha Jain","Renewable Energy Systems",0,1
"Kunal Ghosh","Renewable Energy Systems",2,2
"Diya Pandey","Renewable Energy Systems",0,1
"Yash Nair","Renewable Energy Systems",1,1
"Varun Iyer","Renewable Energy Systems",1,1
"Tanmay Agarwal","Renewable Energy Systems",1,1
"Pooja Agarwal","Renewable Energy Systems",1,1
"Ishaan Mehta","Renewable Energy Systems",1,1
"Rohan Iyer","Renewable Energy Systems",1,1
"Rahul Ghosh","Renewable Energy Systems",0,1
"Vivaan Mehta","Renewable Energy Systems",1,1
"Vivaan Gupta","Renewable Energy Systems",1,1
"Aman Dubey","Renewable Energy Systems",0,1
"Krishna Agarwal","Renewable Energy Systems",1,2
"Aditi Reddy","Renewable Energy Systems",1,2
"Aarav Kapoor","Renewable Energy Systems",0,1
"Kunal Choudhary","Renewable Energy Systems",1,1
"Rahul Joshi","Renewable Energy Systems",0,1
"Varun Mehta","Renewable Energy Systems",1,1
"Meera Agarwal","Renewable Energy Systems",1,1
"Aditi Das","Renewable Energy Systems",1,2
"Aman Sinha","Renewable Energy Systems",1,1
"Sneha Nair","Renewable Energy Systems",0,1
"Aditi Verma","Renewable Energy Systems",1,1
"Ishaan Jain","Renewable Energy Systems",1,1
"Neha Gupta","Renewable Energy Systems",3,3
"Kunal Mehta","Renewable Energy Systems",1,1
"Ritesh Pandey","Renewable Energy Systems",1,1
"Aarav Patel","Renewable Energy Systems",1,1
"Ananya Joshi","Renewable Energy Systems",1,2
"Tanmay Thakur","Renewable Energy Systems",1,1
"Meera Reddy","Renewable Energy Systems",0,1
"Ishaan Nair","Renewable Energy Systems",1,1
"Neha Sinha","Renewable Energy Systems",1,1
"Vivaan Pandey","Renewable Energy Systems",1,1
"Rahul Kapoor","Renewable Energy Systems",1,1
"Tanmay Menon","Renewable Energy Systems",1,1
"Arjun Das","Renewable Energy Systems",2,2
"Aditi Iyer","Renewable Energy Systems",1,1
"Aditi Sharma","Renewable Energy Systems",1,1
"Aman Menon","Renewable Energy Systems",1,1
"Meera Kapoor","Renewable Energy Systems",0,1
"Aditya Rao","Renewable Energy Systems",1,1
"Harsh Mehta","Renewable Energy Systems",1,1
"Meera Bansal","Renewable Energy Systems",1,1
"Aman Pandey","Renewable Energy Systems",1,1
"Kavya Sinha","Renewable Energy Systems",0,1
"Mohit Agarwal","Renewable Energy Systems",2,2
"Aman Khanna","Renewable Energy Systems",2,2
"Ritika Iyer","Renewable Energy Systems",1,1
"Aditya Khanna","Renewable Energy Systems",1,1
"Vivaan Ghosh","Renewable Energy Systems",3,3
"Kunal Kapoor","Renewable Energy Systems",0,1
"Siddharth Menon","Renewable Energy Systems",2,2
"Rohan Dubey","Renewable Energy Systems",1,1
"Tanmay Ghosh","Renewable Energy Systems",1,1
"Dev Verma","Renewable Energy Systems",1,1
"Meera Sinha","Renewable Energy Systems",1,1
"Sneha Menon","Renewable Energy Systems",1,1
"Dev Dubey","Renewable Energy Systems",1,1
"Aarav Khanna","Renewable Energy Systems",1,1
"Dev Ghosh","Renewable Energy Systems",1,1
"Yash Bansal","Renewable Energy Systems",1,1
"Tanmay Rao","Renewable Energy Systems",1,1
"Varun Menon","Renewable Energy Systems",1,1
"Priya Sharma","Renewable Energy Systems",0,1
"Kavya Jain","Renewable Energy Systems",1,1
"Arjun Agarwal","Renewable Energy Systems",1,1
"Sai Agarwal","Renewable Energy Systems",1,2
"Manav Iyer","Renewable Energy Systems",1,1
"Siddharth Jain","Renewable Energy Systems",0,1
"Mohit Bansal","Renewable Energy Systems",0,1
"Rohan Joshi","Renewable Energy Systems",2,2
"Sai Dubey","Renewable Energy Systems",1,1
"Krishna Mehta","Renewable Energy Systems",1,1
"Rohan Sharma","Renewable Energy Systems",0,1
"Tanmay Choudhary","Renewable Energy Systems",1,1
"Manav Jain","Renewable Energy Systems",1,1
"Priya Mehta","Renewable Energy Systems",1,1
"Pooja Khanna","Renewable Energy Systems",1,1
"Harsh Rao","Renewable Energy Systems",1,1
"Pooja Iyer","Renewable Energy Systems",1,1
"Kavya Patel","Renewable Energy Systems",0,1
"Siddharth Sharma","Renewable Energy Systems",1,1
"Arjun Gupta","Renewable Energy Systems",1,1
"Yash Choudhary","Renewable Energy Systems",1,1
"Kunal Jain","Renewable Energy Systems",1,1
"Om Rao","Renewable Energy Systems",0,1
"Mohit Nair","Renewable Energy Systems",1,1
"Deepak Reddy","Renewable Energy Systems",1,1
"Tanmay Bansal","Renewable Energy Systems",1,1
"Ritika Agarwal","Renewable Energy Systems",0,1
"Rohan Verma","Renewable Energy Systems",1,1
"Aditi Gupta","Renewable Energy Systems",1,1
"Neha Kapoor","Renewable Energy Systems",1,1
"Diya Dubey","Renewable Energy Systems",1,1
"Aditya Joshi","Renewable Energy Systems",0,1
"Ananya Jain","Renewable Energy Systems",1,1
"Yash Ghosh","Renewable Energy Systems",1,1
"Neha Choudhary","Renewable Energy Systems",1,1
"Aditya Sinha","Renewable Energy Systems",1,1
"Siddharth Dubey","Renewable Energy Systems",1,1
"Deepak Jain","Data Mining",1,1
"Yash Gupta","Data Mining",2,2
"Om Iyer","Data Mining",1,2
"Yash Sharma","Data Mining",2,3
"Diya Nair","Data Mining",1,1
"Aman Nair","Data Mining",1,1
"Krishna Verma","Data Mining",1,1
"Kavya Reddy","Data Mining",2,2
"Sneha Sinha","Data Mining",1,1
"Kunal Rao","Data Mining",0,1
"Varun Sharma","Data Mining",1,1
"Pooja Patel","Data Mining",2,2
"Neha Kapoor","Data Mining",1,2
"Vivaan Sharma","Data Mining",0,1
"Kunal Dubey","Data Mining",0,1
"Ritika Kapoor","Data Mining",0,1
"Sai Nair","Data Mining",1,1
"Rohan Pandey","Data Mining",0,1
"Sai Bansal","Data Mining",2,2
"Dev Iyer","Data Mining",0,1
"Deepak Bansal","Data Mining",1,1
"Yash Rao","Data Mining",1,1
"Mohit Choudhary","Data Mining",1,1
"Sai Ghosh","Data Mining",1,1
"Neha Pandey","Data Mining",2,2
"Krishna Jain","Data Mining",1,1
"Diya Iyer","Data Mining",2,2
"Aarav Thakur","Data Mining",0,1
"Aman Mehta","Data Mining",1,1
"Aditi Kapoor","Data Mining",2,2
"Siddharth Joshi","Data Mining",1,1
"Aarav Gupta","Data Mining",1,1
"Rahul Sharma","Data Mining",1,1
"Varun Ghosh","Data Mining",1,1
"Neha Sharma","Data Mining",1,1
"Sai Verma","Data Mining",1,2
"Kavya Patel","Data Mining",1,1
"Sai Gupta","Data Mining",1,1
"Sai Iyer","Data Mining",1,1
"Dev Agarwal","Data Mining",1,1
"Aditi Dubey","Data Mining",1,1
"Aman Ghosh","Data Mining",0,1
"Aditi Khanna","Data Mining",1,1
"Aditya Kapoor","Data Mining",1,1
"Krishna Choudhary","Data Mining",0,1
"Kavya Khanna","Data Mining",1,1
"Om Thakur","Data Mining",1,1
"Kunal Iyer","Data Mining",1,1
"Ishaan Gupta","Data Mining",1,1
"Manav Gupta","Data Mining",1,1
"Nikhil Das","Data Mining",1,1
"Ishaan Iyer","Data Mining",1,1
"Tanmay Iyer","Data Mining",1,1
"Om Pandey","Data Mining",1,1
"Pooja Kapoor","Data Mining",0,1
"Rohan Agarwal","Data Mining",1,2
"Kunal Joshi","Data Mining",1,1
"Aman Sinha","Data Mining",2,2
"Tanmay Nair","Data Mining",1,1
"Vivaan Ghosh","Data Mining",2,2
"Ananya Sharma","Data Mining",1,1
"Ishaan Nair","Data Mining",0,1
"Rahul Bansal","Data Mining",1,1
"Rahul Nair","Data Mining",0,1
"Tanmay Patel","Data Mining",1,1
"Tanmay Pandey","Data Mining",1,1
"Aarav Nair","Data Mining",1,1
"Ananya Kapoor","Data Mining",1,1
"Rahul Reddy","Data Mining",1,1
"Ritika Mehta","Data Mining",1,1
"Vivaan Joshi","Data Mining",0,1
"Arjun Das","Data Mining",1,1
"Kunal Das","Data Mining",1,1
"Siddharth Nair","Data Mining",1,1
"Deepak Ghosh","Data Mining",1,1
"Mohit Jain","Data Mining",1,1
"Kunal Kapoor","Data Mining",2,2
"Aarav Dubey","Data Mining",1,1
"Arjun Choudhary","Data Mining",1,1
"Neha Mehta","Data Mining",1,1
"Nikhil Mehta","Data Mining",1,1
"Vivaan Das","Data Mining",0,1
"Ritika Pandey","Data Mining",1,1
"Aditi Sinha","Data Mining",0,1
"Diya Ghosh","Data Mining",1,1
"Neha Reddy","Data Mining",1,1
"Meera Ghosh","Data Mining",0,1
"Yash Sinha","Data Mining",1,1
"Siddharth Das","Data Mining",1,1
"Aman Das","Data Mining",1,1
"Vivaan Gupta","Data Mining",1,1
"Krishna Reddy","Data Mining",1,1
"Ananya Reddy","Data Mining",1,1
"Varun Verma","Data Mining",1,2
"Aditi Menon","Data Mining",1,1
"Ishaan Verma","Data Mining",1,1
"Varun Reddy","Data Mining",1,1
"Harsh Dubey","Data Mining",1,1
"Om Jain","Data Mining",1,1
"Siddharth Sinha","Data Mining",1,1
"Deepak Agarwal","Data Mining",1,1
"Ishaan Joshi","Data Mining",1,1
"Nikhil Sinha","Data Mining",1,1
"Kunal Ghosh","Data Mining",1,1
"Rohan Reddy","Data Mining",1,1
"Manav Verma","Data Mining",1,1
"Nikhil Kapoor","Data Mining",1,1
"Kavya Das","Data Mining",1,1
"Ananya Joshi","Data Mining",0,1
"Tanmay Bansal","Data Mining",1,1
"Ritesh Joshi","Data Mining",1,1
"Pooja Ghosh","Data Mining",1,1
"Tanmay Gupta","Data Mining",1,1
"Kunal Jain","Data Mining",1,1
"Rohan Verma","Data Mining",0,1
"Kunal Menon","Information Security",2,2
"Aditya Khanna","Information Security",3,3
"Deepak Verma","Information Security",1,1
"Om Khanna","Information Security",3,4
"Ananya Khanna","Information Security",1,1
"Varun Kapoor","Information Security",1,1
"Ananya Pandey","Information Security",1,1
"Manav Sharma","Information Security",2,2
"Aditya Agarwal","Information Security",1,1
"Krishna Reddy","Information Security",1,2
"Tanmay Jain","Information Security",1,1
"Tanmay Verma","Information Security",0,1
"Aditya Kapoor","Information Security",1,1
"Arjun Reddy","Information Security",1,1
"Ritesh Joshi","Information Security",0,1
"Ritesh Sharma","Information Security",1,1
"Nikhil Rao","Information Security",2,2
"Pooja Ghosh","Information Security",0,1
"Aman Pandey","Information Security",1,1
"Rahul Ghosh","Information Security",1,1
"Aman Gupta","Information Security",0,1
"Tanmay Gupta","Information Security",1,2
"Manav Rao","Information Security",0,1
"Varun Menon","Information Security",1,2
"Pooja Khanna","Information Security",2,2
"Krishna Gupta","Information Security",0,1
"Krishna Pandey","Information Security",1,1
"Priya Sharma","Information Security",1,1
"Ananya Kapoor","Information Security",0,1
"Nikhil Sharma","Information Security",1,1
"Deepak Patel","Information Security",0,1
"Ananya Menon","Information Security",3,3
"Arjun Dubey","Information Security",1,1
"Ananya Nair","Information Security",0,1
"Yash Sharma","Information Security",1,1
"Om Sharma","Information Security",1,1
"Ritika Gupta","Information Security",0,1
"Siddharth Kapoor","Information Security",1,2
"Mohit Reddy","Information Security",1,1
"Om Menon","Information Security",3,3
"Rahul Das","Information Security",0,1
"Nikhil Mehta","Information Security",1,1
"Dev Patel","Information Security",1,1
"Neha Jain","Information Security",3,3
"Aditi Sinha","Information Security",1,1
"Siddharth Mehta","Information Security",1,1
"Yash Ghosh","Information Security",2,2
"Aman Sharma","Information Security",1,1
"Tanmay Sharma","Information Security",2,3
"Manav Khanna","Information Security",1,1
"Arjun Joshi","Information Security",2,2
"Vivaan Patel","Information Security",1,2
"Rahul Verma","Information Security",2,2
"Krishna Sharma","Information Security",0,1
"Yash Pandey","Information Security",1,1
"Kunal Gupta","Information Security",0,1
"Priya Agarwal","Information Security",2,2
"Krishna Dubey","Information Security",0,1
"Aman Kapoor","Information Security",1,1
"Arjun Das","Information Security",1,2
"Kavya Agarwal","Information Security",1,1
"Tanmay Reddy","Information Security",0,1
"Kavya Sharma","Information Security",2,2
"Ritesh Iyer","Information Security",1,2
"Aman Bansal","Information Security",1,1
"Nikhil Dubey","Information Security",1,1
"Ishaan Jain","Information Security",0,2
"Aditya Choudhary","Information Security",1,1
"Aman Menon","Information Security",1,1
"Krishna Patel","Information Security",1,1
"Pooja Bansal","Information Security",1,1
"Varun Rao","Information Security",1,1
"Deepak Sinha","Information Security",0,1
"Pooja Das","Information Security",1,1
"Diya Reddy","Information Security",0,1
"Pooja Choudhary","Information Security",1,1
"Sai Jain","Information Security",1,1
"Aman Ghosh","Information Security",0,1
"Deepak Bansal","Information Security",1,1
"Meera Nair","Information Security",1,1
"Aarav Verma","Information Security",2,2
"Vivaan Reddy","Information Security",1,1
"Harsh Sinha","Information Security",1,1
"Aditi Agarwal","Information Security",1,1
"Mohit Menon","Information Security",1,1
"Dev Nair","Information Security",1,1
"Tanmay Kapoor","Information Security",1,1
"Kavya Verma","Information Security",1,1
"Kavya Khanna","Information Security",1,1
"Deepak Nair","Information Security",1,3
"Nikhil Verma","Information Security",1,1
"Pooja Gupta","Information Security",1,1
"Deepak Ghosh","Information Security",0,1
"Arjun Thakur","Information Security",1,1
"Om Joshi","Information Security",1,1
"Aditi Ghosh","Information Security",1,1
"Sai Reddy","Information Security",1,1
"Priya Joshi","Information Security",1,1
"Vivaan Agarwal","Information Security",1,1
"Pooja Verma","Information Security",1,1
"Manav Thakur","Information Security",1,1
"Kunal Iyer","Information Security",0,1
"Harsh Thakur","Information Security",1,1
"Rohan Rao","Information Security",1,1
"Deepak Sharma","Information Security",1,1
"Sai Gupta","Information Security",1,1
"Om Agarwal","Information Security",1,1
"Aditya Rao","Information Security",1,1
"Arjun Verma","Information Security",1,1
"Ritesh Nair","Information Security",1,1
"Arjun Mehta","Information Security",1,1
"Pooja Menon","Information Security",1,1
"Deepak Reddy","Information Security",1,1
"Ishaan Dubey","Information Security",1,1
"Kunal Bansal","Information Security",1,1
"Priya Ghosh","Information Security",0,1
"Om Patel","Information Security",1,1
"Varun Verma","Information Security",1,1
"Deepak Menon","Information Security",1,1
"Aman Jain","Information Security",1,1
"Harsh Jain","Information Security",1,1
"Diya Nair","Information Security",1,2
"Siddharth Jain","Information Security",2,2
"Meera Patel","Information Security",1,1
"Aditi Rao","Information Security",1,1
"Mohit Nair","Information Security",0,1
"Pooja Iyer","Information Security",1,1
"Dev Gupta","Information Security",1,1
"Aditya Bansal","Information Security",0,1
"Kunal Nair","Information Security",1,1
"Nikhil Das","Information Security",1,1
"Priya Sinha","Information Security",1,1
"Ishaan Choudhary","Information Security",1,1
"Varun Nair","Information Security",1,1
"Rohan Sharma","Information Security",1,1
"Ishaan Sharma","Information Security",1,1
"Ritika Das","Information Security",1,1
"Sneha Kapoor","Information Security",1,1
"Nikhil Joshi","Information Security",1,1
"Aman Verma","Information Security",1,1
"Ritika Patel","Information Security",1,1
"Tanmay Khanna","Information Security",1,1
"Nikhil Jain","Information Security",1,1
