student_id,full_name,attendance_percentage
29262,"Sai Das",100.00
29265,"Krishna Rao",100.00
29288,"Neha Sharma",100.00
29300,"Ananya Gupta",100.00
29301,"Arjun Agarwal",100.00
29312,"Priya Gupta",100.00
29327,"Arjun Das",100.00
29336,"Meera Ghosh",100.00
29377,"Neha Pandey",100.00
29394,"Rohan Joshi",100.00
29400,"Tanmay Bansal",100.00
29404,"Manav Verma",100.00
29412,"Varun Kapoor",100.00
29414,"Meera Gupta",100.00
29418,"Rohan Gupta",100.00
29436,"Krishna Gupta",100.00
29444,"Vivaan Verma",100.00
29448,"Manav Iyer",100.00
29470,"Pooja Pandey",100.00
29474,"Krishna Mehta",100.00
29490,"Deepak Jain",100.00
29492,"Harsh Kapoor",100.00
29502,"Diya Rao",100.00
29520,"Varun Sinha",100.00
29536,"Priya Joshi",100.00
29541,"Kavya Jain",100.00
29551,"Deepak Rao",100.00
29552,"Sneha Agarwal",100.00
29553,"Aman Reddy",100.00
29559,"Deepak Reddy",100.00
29567,"Varun Gupta",100.00
29578,"Deepak Ghosh",100.00
29581,"Siddharth Das",100.00
29593,"Priya Ghosh",100.00
29594,"Aarav Joshi",100.00
29596,"Vivaan Sharma",100.00
29597,"Om Rao",100.00
29604,"Ritesh Khanna",100.00
29610,"Om Das",100.00
29629,"Meera Patel",100.00
29631,"Ritesh Ghosh",100.00
29642,"Aditya Iyer",100.00
29661,"Harsh Sharma",100.00
29686,"Varun Kapoor",100.00
29694,"Priya Reddy",100.00
29698,"Pooja Jain",100.00
29704,"Dev Choudhary",100.00
29711,"Sai Nair",100.00
29745,"Siddharth Thakur",100.00
29783,"Aman Khanna",100.00
29786,"Manav Nair",100.00
29788,"Arjun Mehta",100.00
29789,"Nikhil Rao",100.00
29813,"Harsh Iyer",100.00
29846,"Mohit Menon",100.00
29859,"Krishna Joshi",100.00
29864,"Kunal Khanna",100.00
29868,"Pooja Verma",100.00
29886,"Om Gupta",100.00
29887,"Sneha Joshi",100.00
29896,"Arjun Gupta",100.00
29897,"Sneha Nair",100.00
29899,"Aman Sharma",100.00
29914,"Priya Das",100.00
29934,"Arjun Nair",100.00
29935,"Rahul Rao",100.00
29948,"Nikhil Pandey",100.00
29953,"Arjun Thakur",100.00
29979,"Rahul Gupta",100.00
29992,"Dev Jain",100.00
30002,"Kunal Joshi",100.00
30009,"Priya Patel",100.00
30010,"Nikhil Menon",100.00
30039,"Deepak Khanna",100.00
30041,"Priya Verma",100.00
30043,"Siddharth Choudhary",100.00
30051,"Manav Gupta",100.00
30065,"Arjun Ghosh",100.00
30074,"Aditi Sharma",100.00
30080,"Yash Mehta",100.00
30081,"Deepak Pandey",100.00
30125,"Mohit Iyer",100.00
30130,"Arjun Joshi",100.00
30179,"Sneha Sinha",100.00
30181,"Aditya Iyer",100.00
30198,"Aditya Khanna",100.00
30211,"Meera Pandey",100.00
30234,"Rahul Joshi",100.00
30237,"Deepak Rao",100.00
30241,"Aditi Agarwal",100.00
30255,"Aditya Agarwal",100.00
30305,"Priya Das",100.00
30322,"Varun Reddy",100.00
30326,"Harsh Choudhary",100.00
30328,"Dev Sharma",100.00
30334,"Aarav Joshi",100.00
30359,"Rohan Nair",100.00
30363,"Rohan Nair",100.00
30367,"Aditi Dubey",100.00
30371,"Kavya Bansal",100.00
30377,"Vivaan Mehta",100.00
30383,"Aditi Iyer",100.00
30395,"Aditi Rao",100.00
30397,"Neha Kapoor",100.00
30416,"Om Jain",100.00
30419,"Aman Iyer",100.00
30424,"Varun Kapoor",100.00
30447,"Rahul Agarwal",100.00
30448,"Nikhil Gupta",100.00
30456,"Aarav Khanna",100.00
30464,"Sai Sinha",100.00
30465,"Kunal Khanna",100.00
30466,"Sneha Ghosh",100.00
30476,"Kavya Ghosh",100.00
30478,"Kavya Menon",100.00
30483,"Sai Bansal",100.00
30484,"Vivaan Pandey",100.00
30490,"Rahul Mehta",100.00
30492,"Pooja Gupta",100.00
30511,"Manav Rao",100.00
30515,"Sneha Rao",100.00
30516,"Deepak Agarwal",100.00
30557,"Ishaan Nair",100.00
30561,"Aman Mehta",100.00
30572,"Neha Sharma",100.00
30612,"Yash Joshi",100.00
30619,"Neha Choudhary",100.00
30627,"Sneha Ghosh",100.00
30641,"Varun Choudhary",100.00
30652,"Krishna Jain",100.00
30659,"Aditi Gupta",100.00
30662,"Harsh Sharma",100.00
30665,"Siddharth Dubey",100.00
30674,"Harsh Jain",100.00
30699,"Aarav Gupta",100.00
30724,"Neha Sinha",100.00
30725,"Ananya Thakur",100.00
30726,"Neha Gupta",100.00
30727,"Priya Khanna",100.00
30751,"Arjun Verma",100.00
30752,"Om Joshi",100.00
30753,"Ishaan Bansal",100.00
30775,"Priya Gupta",100.00
30782,"Meera Verma",100.00
30783,"Ritika Thakur",100.00
30794,"Rahul Reddy",100.00
30798,"Kunal Rao",100.00
30806,"Aditya Gupta",100.00
30809,"Arjun Menon",100.00
30810,"Ritika Bansal",100.00
30812,"Vivaan Bansal",100.00
30819,"Deepak Pandey",100.00
30821,"Manav Joshi",100.00
30844,"Varun Iyer",100.00
30847,"Aarav Thakur",100.00
30852,"Pooja Thakur",100.00
30877,"Ritesh Das",100.00
30885,"Om Choudhary",100.00
30899,"Tanmay Rao",100.00
30917,"Om Patel",100.00
30938,"Om Mehta",100.00
30955,"Neha Nair",100.00
30959,"Siddharth Agarwal",100.00
30966,"Neha Bansal",100.00
30967,"Ishaan Verma",100.00
30984,"Diya Thakur",100.00
30989,"Ananya Verma",100.00
31014,"Varun Pandey",100.00
31026,"Krishna Nair",100.00
31058,"Harsh Mehta",100.00
31064,"Deepak Kapoor",100.00
31071,"Harsh Nair",100.00
31077,"Kavya Patel",100.00
31097,"Harsh Dubey",100.00
31105,"Nikhil Rao",100.00
31121,"Om Thakur",100.00
31125,"Mohit Verma",100.00
31128,"Sneha Mehta",100.00
31144,"Siddharth Agarwal",100.00
31164,"Neha Joshi",100.00
31167,"Kunal Joshi",100.00
31172,"Harsh Jain",100.00
31191,"Ishaan Bansal",100.00
31208,"Mohit Kapoor",100.00
31214,"Diya Agarwal",100.00
31217,"Rahul Joshi",100.00
31222,"Sneha Khanna",100.00
31238,"Varun Mehta",100.00
31239,"Krishna Menon",100.00
31247,"Diya Mehta",100.00
31269,"Manav Khanna",100.00
31273,"Aarav Bansal",100.00
31281,"Aditi Khanna",100.00
31287,"Varun Menon",100.00
31299,"Neha Pandey",100.00
31300,"Dev Jain",100.00
31313,"Ishaan Choudhary",100.00
31319,"Rohan Kapoor",100.00
31333,"Aditya Khanna",100.00
31342,"Aditi Khanna",100.00
31346,"Rohan Verma",100.00
31373,"Dev Menon",100.00
31382,"Aditya Jain",100.00
31385,"Nikhil Das",100.00
31391,"Pooja Patel",100.00
31394,"Aditya Sinha",100.00
31395,"Aman Reddy",100.00
31400,"Priya Verma",100.00
31411,"Manav Nair",100.00
31417,"Aditi Patel",100.00
31432,"Siddharth Gupta",100.00
31440,"Ishaan Verma",100.00
31442,"Sneha Pandey",100.00
31445,"Ritesh Dubey",100.00
31453,"Rahul Sinha",100.00
31468,"Kavya Pandey",100.00
31474,"Nikhil Reddy",100.00
31483,"Meera Mehta",100.00
31486,"Kavya Sinha",100.00
31491,"Tanmay Khanna",100.00
31492,"Om Thakur",100.00
31504,"Arjun Ghosh",100.00
31509,"Arjun Choudhary",100.00
31513,"Sneha Pandey",100.00
31517,"Dev Joshi",100.00
31525,"Aarav Patel",100.00
31558,"Om Patel",100.00
31561,"Aditya Dubey",100.00
31563,"Ishaan Patel",100.00
31576,"Aman Rao",100.00
31581,"Ishaan Joshi",100.00
31589,"Varun Patel",100.00
31610,"Ritesh Sinha",100.00
31617,"Ishaan Mehta",100.00
31627,"Rohan Dubey",100.00
31630,"Varun Das",100.00
31631,"Mohit Choudhary",100.00
31643,"Rahul Reddy",100.00
31649,"Om Iyer",100.00
31651,"Ananya Kapoor",100.00
31668,"Vivaan Bansal",100.00
31681,"Kavya Menon",100.00
31683,"Aditi Nair",100.00
31690,"Mohit Mehta",100.00
31693,"Manav Sharma",100.00
31695,"Harsh Rao",100.00
31698,"Aditi Khanna",100.00
31699,"Tanmay Iyer",100.00
31702,"Aditya Joshi",100.00
31711,"Manav Iyer",100.00
31716,"Dev Sharma",100.00
31722,"Tanmay Iyer",100.00
31739,"Tanmay Rao",100.00
31748,"Aarav Rao",100.00
31799,"Varun Agarwal",100.00
31826,"Krishna Sharma",100.00
31835,"Aditi Thakur",100.00
31837,"Kavya Rao",100.00
31846,"Aditi Sharma",100.00
31854,"Siddharth Kapoor",100.00
31864,"Varun Jain",100.00
31865,"Sai Agarwal",100.00
31870,"Diya Menon",100.00
31896,"Rahul Jain",100.00
31902,"Ishaan Ghosh",100.00
31906,"Vivaan Joshi",100.00
31920,"Vivaan Iyer",100.00
31927,"Aman Dubey",100.00
31930,"Kunal Kapoor",100.00
31935,"Pooja Rao",100.00
31942,"Meera Nair",100.00
31946,"Aman Agarwal",100.00
31949,"Nikhil Sharma",100.00
31951,"Meera Pandey",100.00
31952,"Harsh Agarwal",100.00
31958,"Ritesh Bansal",100.00
31965,"Ritesh Pandey",100.00
31974,"Krishna Pandey",100.00
31977,"Vivaan Patel",100.00
32011,"Manav Dubey",100.00
32016,"Ritika Khanna",100.00
32018,"Ritika Reddy",100.00
32021,"Kavya Jain",100.00
32032,"Siddharth Verma",100.00
32035,"Siddharth Khanna",100.00
32037,"Tanmay Ghosh",100.00
32038,"Priya Bansal",100.00
32048,"Siddharth Mehta",100.00
32053,"Yash Joshi",100.00
32061,"Diya Joshi",100.00
32062,"Priya Joshi",100.00
32070,"Meera Menon",100.00
32071,"Priya Menon",100.00
32086,"Neha Kapoor",100.00
32092,"Meera Verma",100.00
32096,"Dev Patel",100.00
32106,"Ritika Dubey",100.00
32137,"Mohit Gupta",100.00
32142,"Diya Sinha",100.00
32170,"Dev Thakur",100.00
32174,"Priya Dubey",100.00
32191,"Tanmay Patel",100.00
32197,"Aditi Kapoor",100.00
32221,"Aditi Jain",100.00
32228,"Harsh Pandey",100.00
32240,"Manav Patel",100.00
32269,"Yash Iyer",100.00
32281,"Ananya Jain",100.00
32288,"Varun Thakur",100.00
32297,"Ananya Joshi",100.00
32299,"Mohit Menon",100.00
32320,"Meera Sinha",100.00
32365,"Dev Sharma",100.00
32373,"Pooja Rao",100.00
32380,"Rohan Pandey",100.00
32394,"Ananya Das",100.00
32410,"Ritika Choudhary",100.00
32414,"Siddharth Nair",100.00
32417,"Pooja Thakur",100.00
32425,"Dev Joshi",100.00
32432,"Aman Sinha",100.00
32439,"Harsh Das",100.00
32440,"Siddharth Iyer",100.00
32457,"Siddharth Menon",100.00
32472,"Yash Thakur",100.00
32479,"Dev Khanna",100.00
32490,"Varun Das",100.00
32508,"Priya Kapoor",100.00
32509,"Pooja Gupta",100.00
32516,"Aditi Reddy",100.00
32533,"Aditi Reddy",100.00
32542,"Krishna Sharma",100.00
32549,"Kavya Thakur",100.00
32562,"Arjun Iyer",100.00
32563,"Om Bansal",100.00
32570,"Varun Thakur",100.00
32580,"Rohan Jain",100.00
32596,"Krishna Menon",100.00
32602,"Mohit Reddy",100.00
32617,"Ritesh Iyer",100.00
32630,"Kavya Jain",100.00
32631,"Om Jain",100.00
32641,"Nikhil Dubey",100.00
32648,"Vivaan Verma",100.00
32652,"Tanmay Bansal",100.00
32663,"Kavya Menon",100.00
32675,"Manav Reddy",100.00
32682,"Kavya Pandey",100.00
32684,"Arjun Bansal",100.00
32692,"Diya Choudhary",100.00
32693,"Om Agarwal",100.00
32694,"Diya Jain",100.00
32697,"Ananya Thakur",100.00
32701,"Meera Sinha",100.00
32704,"Kunal Sinha",100.00
32706,"Krishna Reddy",100.00
32713,"Arjun Sharma",100.00
32721,"Meera Reddy",100.00
32722,"Rahul Rao",100.00
32734,"Aditi Mehta",100.00
32736,"Priya Pandey",100.00
32742,"Tanmay Menon",100.00
32749,"Varun Khanna",100.00
32754,"Aman Agarwal",100.00
32761,"Diya Verma",100.00
32780,"Aditi Verma",100.00
32789,"Aarav Menon",100.00
32793,"Yash Reddy",100.00
32800,"Varun Choudhary",100.00
32820,"Rohan Das",100.00
32825,"Kavya Joshi",100.00
32828,"Ritika Jain",100.00
32832,"Pooja Choudhary",100.00
32834,"Kavya Reddy",100.00
32864,"Diya Reddy",100.00
32869,"Tanmay Reddy",100.00
32879,"Aditi Ghosh",100.00
32891,"Rohan Mehta",100.00
32892,"Nikhil Pandey",100.00
32898,"Ritika Pandey",100.00
32900,"Yash Joshi",100.00
32902,"Ishaan Mehta",100.00
32913,"Krishna Joshi",100.00
32927,"Deepak Choudhary",100.00
32937,"Ritika Dubey",100.00
32942,"Ritika Thakur",100.00
32943,"Neha Kapoor",100.00
32945,"Om Verma",100.00
32952,"Deepak Choudhary",100.00
32953,"Rahul Nair",100.00
32968,"Neha Rao",100.00
32969,"Sneha Verma",100.00
32973,"Krishna Dubey",100.00
32978,"Deepak Iyer",100.00
32993,"Nikhil Iyer",100.00
32997,"Deepak Nair",100.00
33001,"Priya Nair",100.00
33012,"Ritesh Khanna",100.00
33013,"Nikhil Bansal",100.00
33024,"Varun Gupta",100.00
33047,"Om Bansal",100.00
33070,"Yash Nair",100.00
33080,"Sneha Gupta",100.00
33081,"Mohit Jain",100.00
33101,"Manav Iyer",100.00
33102,"Arjun Sinha",100.00
33105,"Siddharth Sinha",100.00
33152,"Om Bansal",100.00
33170,"Dev Nair",100.00
33172,"Aman Dubey",100.00
33206,"Rohan Das",100.00
33216,"Nikhil Bansal",100.00
33219,"Sai Menon",100.00
33224,"Sneha Menon",100.00
33226,"Aman Nair",100.00
33227,"Arjun Menon",100.00
33235,"Vivaan Sinha",100.00
33236,"Aditya Iyer",100.00
33244,"Tanmay Thakur",100.00
33248,"Kunal Sharma",100.00
33267,"Dev Patel",100.00
33268,"Diya Menon",100.00
33284,"Arjun Jain",100.00
33335,"Aman Pandey",100.00
33336,"Deepak Verma",100.00
33350,"Ritesh Thakur",100.00
33351,"Om Ghosh",100.00
33372,"Tanmay Thakur",100.00
33384,"Aditi Sharma",100.00
33387,"Sai Reddy",100.00
33403,"Sneha Nair",100.00
33414,"Ishaan Choudhary",100.00
33419,"Mohit Reddy",100.00
33423,"Aditya Ghosh",100.00
33434,"Harsh Verma",100.00
33438,"Ishaan Bansal",100.00
33442,"Deepak Mehta",100.00
33445,"Aarav Iyer",100.00
33463,"Yash Sinha",100.00
33474,"Ishaan Rao",100.00
33475,"Kavya Dubey",100.00
33488,"Dev Verma",100.00
33489,"Tanmay Gupta",100.00
33490,"Rohan Reddy",100.00
33496,"Sneha Iyer",100.00
33534,"Nikhil Bansal",100.00
33553,"Ritika Patel",100.00
33558,"Om Agarwal",100.00
33563,"Kavya Pandey",100.00
33585,"Ananya Jain",100.00
33602,"Pooja Verma",100.00
33621,"Kunal Choudhary",100.00
33624,"Aditi Nair",100.00
33630,"Yash Joshi",100.00
33638,"Tanmay Choudhary",100.00
33654,"Sneha Sharma",100.00
33657,"Siddharth Kapoor",100.00
33663,"Diya Verma",100.00
33669,"Neha Iyer",100.00
33674,"Sai Ghosh",100.00
33681,"Rohan Rao",100.00
33688,"Sneha Menon",100.00
33694,"Ritika Sharma",100.00
33716,"Yash Khanna",100.00
33720,"Ishaan Ghosh",100.00
33730,"Nikhil Nair",100.00
33733,"Nikhil Agarwal",100.00
33738,"Aditya Khanna",100.00
33753,"Sneha Pandey",100.00
33756,"Arjun Ghosh",100.00
33787,"Sai Iyer",100.00
33794,"Yash Pandey",100.00
33802,"Pooja Bansal",100.00
33826,"Diya Mehta",100.00
33838,"Krishna Joshi",100.00
33840,"Tanmay Rao",100.00
33854,"Nikhil Mehta",100.00
33875,"Varun Kapoor",100.00
33876,"Ishaan Sinha",100.00
33888,"Meera Kapoor",100.00
33890,"Manav Dubey",100.00
33894,"Ritika Ghosh",100.00
33898,"Deepak Thakur",100.00
33902,"Sai Thakur",100.00
33933,"Ananya Rao",100.00
33940,"Tanmay Nair",100.00
33957,"Tanmay Reddy",100.00
33994,"Aman Ghosh",100.00
34000,"Manav Mehta",100.00
34010,"Meera Verma",100.00
34017,"Manav Choudhary",100.00
34023,"Ananya Rao",100.00
34036,"Tanmay Kapoor",100.00
34049,"Deepak Choudhary",100.00
34053,"Nikhil Joshi",100.00
34054,"Ritesh Iyer",100.00
34061,"Harsh Das",100.00
34064,"Pooja Das",100.00
34073,"Priya Dubey",100.00
34076,"Harsh Gupta",100.00
34080,"Yash Iyer",100.00
34114,"Krishna Rao",100.00
34119,"Rohan Dubey",100.00
34131,"Arjun Bansal",100.00
34136,"Rohan Iyer",100.00
34172,"Rahul Choudhary",100.00
34174,"Sneha Iyer",100.00
34179,"Rahul Agarwal",100.00
34184,"Varun Patel",100.00
34185,"Rohan Ghosh",100.00
34187,"Varun Patel",100.00
34195,"Ritika Verma",100.00
34244,"Aman Nair",100.00
34247,"Mohit Gupta",100.00
34262,"Aditya Rao",100.00
34267,"Ritika Reddy",100.00
34299,"Siddharth Thakur",100.00
34300,"Aditi Menon",100.00
34302,"Krishna Mehta",100.00
34304,"Aman Das",100.00
34327,"Tanmay Reddy",100.00
34342,"Nikhil Dubey",100.00
34346,"Neha Gupta",100.00
34358,"Rohan Nair",100.00
34359,"Kunal Kapoor",100.00
34361,"Ritesh Verma",100.00
34374,"Meera Verma",100.00
34387,"Ritesh Choudhary",100.00
34389,"Ritesh Ghosh",100.00
34399,"Yash Patel",100.00
34415,"Deepak Mehta",100.00
34426,"Ananya Bansal",100.00
34431,"Priya Kapoor",100.00
34442,"Yash Rao",100.00
34444,"Kavya Rao",100.00
34466,"Krishna Reddy",100.00
34471,"Tanmay Nair",100.00
34472,"Vivaan Pandey",100.00
34482,"Aditya Jain",100.00
34485,"Kavya Reddy",100.00
34493,"Ritika Jain",100.00
34498,"Mohit Pandey",100.00
34501,"Vivaan Joshi",100.00
34514,"Siddharth Sinha",100.00
34524,"Diya Khanna",100.00
34525,"Ishaan Patel",100.00
34528,"Ishaan Thakur",100.00
34554,"Kunal Patel",100.00
34560,"Diya Ghosh",100.00
34565,"Aditya Iyer",100.00
34567,"Rahul Sinha",100.00
34576,"Ishaan Reddy",100.00
34577,"Kavya Rao",100.00
34592,"Ananya Reddy",100.00
34594,"Vivaan Nair",100.00
34601,"Kavya Choudhary",100.00
34612,"Pooja Rao",100.00
34618,"Rohan Bansal",100.00
34625,"Vivaan Nair",100.00
34630,"Varun Sinha",100.00
34637,"Diya Verma",100.00
34646,"Pooja Pandey",100.00
34650,"Aman Iyer",100.00
34662,"Manav Nair",100.00
34667,"Nikhil Iyer",100.00
34674,"Aditya Menon",100.00
34723,"Rohan Das",100.00
34736,"Neha Joshi",100.00
34740,"Krishna Sharma",100.00
34742,"Ishaan Thakur",100.00
34756,"Priya Reddy",100.00
34768,"Ananya Pandey",100.00
34800,"Om Sinha",100.00
34815,"Ananya Sinha",100.00
34833,"Ananya Agarwal",100.00
34841,"Harsh Agarwal",100.00
34842,"Mohit Mehta",100.00
34849,"Sneha Pandey",100.00
34855,"Diya Iyer",100.00
34867,"Aman Bansal",100.00
34873,"Vivaan Mehta",100.00
34875,"Rahul Gupta",100.00
34897,"Ritika Kapoor",100.00
34904,"Pooja Kapoor",100.00
34916,"Rahul Verma",100.00
34919,"Manav Verma",100.00
34921,"Aman Jain",100.00
34923,"Kunal Reddy",100.00
34933,"Manav Das",100.00
34941,"Sai Jain",100.00
34956,"Om Joshi",100.00
34979,"Rahul Sinha",100.00
34992,"Siddharth Bansal",100.00
34993,"Harsh Sinha",100.00
34998,"Aman Patel",100.00
35021,"Ananya Rao",100.00
35050,"Neha Das",100.00
35053,"Siddharth Kapoor",100.00
35060,"Sneha Mehta",100.00
35065,"Ananya Kapoor",100.00
35066,"Ritesh Dubey",100.00
35074,"Krishna Patel",100.00
35077,"Om Bansal",100.00
35081,"Deepak Khanna",100.00
35086,"Yash Sinha",100.00
35088,"Sai Menon",100.00
35090,"Sneha Das",100.00
35117,"Krishna Das",100.00
35122,"Kunal Nair",100.00
35123,"Nikhil Pandey",100.00
35125,"Nikhil Khanna",100.00
35130,"Mohit Iyer",100.00
35135,"Sneha Nair",100.00
35143,"Sneha Das",100.00
35148,"Rahul Thakur",100.00
35170,"Yash Gupta",100.00
35174,"Kavya Patel",100.00
35220,"Tanmay Gupta",100.00
35232,"Pooja Thakur",100.00
35277,"Varun Iyer",100.00
35280,"Deepak Khanna",100.00
35288,"Pooja Bansal",100.00
35295,"Nikhil Verma",100.00
35298,"Nikhil Nair",100.00
35299,"Aditi Pandey",100.00
35302,"Siddharth Kapoor",100.00
35315,"Ishaan Rao",100.00
35317,"Krishna Patel",100.00
35319,"Tanmay Jain",100.00
35327,"Kavya Thakur",100.00
35360,"Siddharth Reddy",100.00
35366,"Mohit Jain",100.00
35369,"Harsh Rao",100.00
35395,"Krishna Reddy",100.00
35401,"Aditi Iyer",100.00
35406,"Deepak Joshi",100.00
35412,"Rohan Gupta",100.00
35414,"Ishaan Sinha",100.00
35431,"Kunal Iyer",100.00
35436,"Tanmay Nair",100.00
35438,"Sneha Mehta",100.00
35445,"Priya Sharma",100.00
35468,"Diya Sinha",100.00
35473,"Priya Reddy",100.00
35483,"Yash Khanna",100.00
35513,"Sai Ghosh",100.00
35529,"Mohit Sharma",100.00
35531,"Om Iyer",100.00
35590,"Kunal Pandey",100.00
35593,"Priya Verma",100.00
35612,"Dev Iyer",100.00
35613,"Ritesh Verma",100.00
35615,"Deepak Reddy",100.00
35635,"Ritesh Nair",100.00
35638,"Dev Joshi",100.00
35642,"Ritika Menon",100.00
35653,"Aman Das",100.00
35655,"Harsh Kapoor",100.00
35669,"Om Gupta",100.00
35678,"Dev Thakur",100.00
35679,"Priya Nair",100.00
35684,"Aman Das",100.00
35686,"Dev Agarwal",100.00
35710,"Meera Khanna",100.00
35721,"Pooja Mehta",100.00
35731,"Ishaan Mehta",100.00
35742,"Harsh Rao",100.00
35743,"Yash Sharma",100.00
35748,"Kunal Joshi",100.00
35749,"Varun Nair",100.00
35769,"Diya Joshi",100.00
35770,"Vivaan Mehta",100.00
35772,"Arjun Reddy",100.00
35778,"Diya Sharma",100.00
35784,"Kunal Bansal",100.00
35792,"Ananya Sinha",100.00
35796,"Sai Jain",100.00
35805,"Mohit Nair",100.00
35816,"Meera Verma",100.00
35823,"Pooja Menon",100.00
35824,"Aditi Ghosh",100.00
35839,"Rahul Gupta",100.00
35843,"Varun Agarwal",100.00
35845,"Nikhil Ghosh",100.00
35847,"Krishna Patel",100.00
35882,"Priya Menon",100.00
35889,"Aman Das",100.00
35892,"Dev Mehta",100.00
35900,"Diya Mehta",100.00
35914,"Aarav Dubey",100.00
35936,"Ritesh Iyer",100.00
35942,"Deepak Joshi",100.00
35968,"Kunal Reddy",100.00
35973,"Manav Sinha",100.00
35985,"Krishna Menon",100.00
35986,"Siddharth Dubey",100.00
35989,"Harsh Kapoor",100.00
36012,"Ritesh Joshi",100.00
36038,"Sneha Jain",100.00
36044,"Rohan Bansal",100.00
36056,"Rahul Pandey",100.00
36070,"Diya Mehta",100.00
36078,"Deepak Das",100.00
36088,"Meera Rao",100.00
36094,"Varun Iyer",100.00
36100,"Yash Choudhary",100.00
36155,"Aman Reddy",100.00
36159,"Tanmay Pandey",100.00
36180,"Sai Jain",100.00
36189,"Aditi Verma",100.00
36201,"Vivaan Thakur",100.00
36215,"Krishna Verma",100.00
36227,"Rohan Iyer",100.00
36257,"Deepak Reddy",100.00
36263,"Meera Ghosh",100.00
36267,"Manav Rao",100.00
36270,"Ishaan Mehta",100.00
36283,"Meera Rao",100.00
36293,"Rohan Sharma",100.00
36309,"Manav Sinha",100.00
36319,"Neha Das",100.00
36330,"Aditi Menon",100.00
36338,"Om Reddy",100.00
36345,"Aarav Khanna",100.00
36349,"Siddharth Verma",100.00
36351,"Ritesh Reddy",100.00
36366,"Nikhil Patel",100.00
36376,"Ananya Reddy",100.00
36412,"Sneha Gupta",100.00
36421,"Sai Khanna",100.00
36432,"Rahul Das",100.00
36441,"Mohit Nair",100.00
36444,"Mohit Reddy",100.00
36456,"Mohit Agarwal",100.00
36457,"Meera Bansal",100.00
36465,"Pooja Menon",100.00
36476,"Pooja Menon",100.00
36477,"Rahul Thakur",100.00
36479,"Aditi Gupta",100.00
36481,"Rohan Sharma",100.00
36483,"Ishaan Pandey",100.00
36486,"Aditya Agarwal",100.00
36496,"Harsh Menon",100.00
36518,"Vivaan Kapoor",100.00
36529,"Deepak Reddy",100.00
36557,"Aarav Patel",100.00
36560,"Kavya Dubey",100.00
36562,"Ishaan Choudhary",100.00
36573,"Aarav Khanna",100.00
36575,"Kunal Pandey",100.00
36593,"Ananya Iyer",100.00
36595,"Manav Nair",100.00
36598,"Priya Joshi",100.00
36602,"Rahul Pandey",100.00
36610,"Ritika Mehta",100.00
36615,"Yash Reddy",100.00
36621,"Om Rao",100.00
36628,"Kavya Reddy",100.00
36639,"Kavya Thakur",100.00
36645,"Kunal Sinha",100.00
36653,"Aditi Das",100.00
36657,"Aditi Mehta",100.00
36667,"Manav Patel",100.00
36671,"Diya Dubey",100.00
36673,"Diya Das",100.00
36680,"Mohit Reddy",100.00
36683,"Sai Thakur",100.00
36685,"Rahul Dubey",100.00
36690,"Om Choudhary",100.00
36697,"Aditya Kapoor",100.00
36704,"Priya Pandey",100.00
36711,"Krishna Verma",100.00
36737,"Mohit Sinha",100.00
36772,"Aditya Mehta",100.00
36777,"Krishna Mehta",100.00
36792,"Tanmay Dubey",100.00
36805,"Aditya Verma",100.00
36812,"Tanmay Khanna",100.00
36841,"Priya Agarwal",100.00
36846,"Ritika Sharma",100.00
36849,"Nikhil Kapoor",100.00
36856,"Deepak Bansal",100.00
36864,"Tanmay Jain",100.00
36869,"Tanmay Joshi",100.00
36875,"Diya Choudhary",100.00
36899,"Diya Ghosh",100.00
36920,"Priya Iyer",100.00
36921,"Mohit Sinha",100.00
36938,"Vivaan Das",100.00
36942,"Ritika Gupta",100.00
36945,"Aditi Jain",100.00
36948,"Manav Dubey",100.00
36954,"Nikhil Reddy",100.00
36958,"Deepak Gupta",100.00
36959,"Mohit Bansal",100.00
36964,"Dev Dubey",100.00
36966,"Aditi Sharma",100.00
36972,"Ritika Kapoor",100.00
36975,"Mohit Pandey",100.00
36981,"Ritika Patel",100.00
37002,"Vivaan Das",100.00
37011,"Sai Choudhary",100.00
37020,"Kavya Sharma",100.00
37021,"Arjun Reddy",100.00
37022,"Kunal Kapoor",100.00
37032,"Dev Kapoor",100.00
37037,"Ishaan Verma",100.00
37063,"Mohit Sinha",100.00
37067,"Harsh Nair",100.00
37069,"Ritesh Sharma",100.00
37103,"Sai Gupta",100.00
37121,"Rohan Iyer",100.00
37125,"Dev Pandey",100.00
37130,"Aditya Kapoor",100.00
37137,"Ritika Thakur",100.00
37165,"Aarav Sharma",100.00
37188,"Nikhil Joshi",100.00
37192,"Aman Reddy",100.00
37208,"Neha Mehta",100.00
37210,"Ritika Patel",100.00
37226,"Om Jain",100.00
37227,"Ananya Joshi",100.00
37234,"Priya Gupta",100.00
37235,"Varun Kapoor",100.00
37240,"Neha Das",100.00
37259,"Sneha Kapoor",100.00
37269,"Siddharth Das",100.00
37295,"Dev Sinha",100.00
37305,"Aditi Patel",100.00
37309,"Arjun Das",100.00
37316,"Ritika Rao",100.00
37322,"Siddharth Bansal",100.00
37329,"Sneha Choudhary",100.00
37330,"Tanmay Iyer",100.00
37334,"Krishna Bansal",100.00
37361,"Deepak Kapoor",100.00
37374,"Kavya Rao",100.00
37385,"Yash Reddy",100.00
37386,"Rahul Gupta",100.00
37389,"Kunal Joshi",100.00
37407,"Yash Pandey",100.00
37408,"Sneha Joshi",100.00
37436,"Harsh Pandey",100.00
37449,"Sai Bansal",100.00
37453,"Ritesh Verma",100.00
37458,"Aarav Rao",100.00
37487,"Krishna Bansal",100.00
37488,"Siddharth Thakur",100.00
37507,"Nikhil Dubey",100.00
37509,"Kavya Verma",100.00
37528,"Rohan Sharma",100.00
37534,"Deepak Bansal",100.00
37537,"Pooja Agarwal",100.00
37542,"Ritika Iyer",100.00
37544,"Ananya Iyer",100.00
37548,"Meera Agarwal",100.00
37552,"Diya Verma",100.00
37562,"Nikhil Ghosh",100.00
37565,"Sai Das",100.00
37570,"Aarav Jain",100.00
37576,"Sneha Gupta",100.00
37583,"Rohan Sinha",100.00
37594,"Aditya Mehta",100.00
37604,"Pooja Verma",100.00
37611,"Dev Gupta",100.00
37641,"Aditi Das",100.00
37654,"Sneha Sinha",100.00
37657,"Meera Iyer",100.00
37660,"Mohit Gupta",100.00
37672,"Aman Agarwal",100.00
37673,"Rohan Bansal",100.00
37674,"Dev Das",100.00
37676,"Aarav Sinha",100.00
37681,"Tanmay Menon",100.00
37685,"Vivaan Agarwal",100.00
37692,"Ishaan Mehta",100.00
37707,"Deepak Reddy",100.00
37715,"Siddharth Rao",100.00
37722,"Priya Jain",100.00
37739,"Nikhil Khanna",100.00
37764,"Aman Sinha",100.00
37783,"Aditi Rao",100.00
37789,"Vivaan Dubey",100.00
37798,"Siddharth Kapoor",100.00
37811,"Neha Nair",100.00
37824,"Tanmay Khanna",100.00
37831,"Dev Pandey",100.00
37856,"Diya Choudhary",100.00
37871,"Kunal Thakur",100.00
37875,"Krishna Choudhary",100.00
37883,"Ishaan Patel",100.00
37887,"Varun Thakur",100.00
37902,"Dev Iyer",100.00
37909,"Priya Rao",100.00
37912,"Aditya Nair",100.00
37933,"Manav Jain",100.00
37934,"Aman Pandey",100.00
37939,"Aarav Mehta",100.00
37946,"Kavya Nair",100.00
37952,"Aditya Verma",100.00
37960,"Om Jain",100.00
37967,"Kavya Mehta",100.00
37968,"Kunal Thakur",100.00
37982,"Aditya Joshi",100.00
37993,"Ananya Thakur",100.00
37996,"Nikhil Bansal",100.00
38003,"Tanmay Thakur",100.00
38006,"Ananya Das",100.00
38027,"Nikhil Choudhary",100.00
38031,"Ananya Dubey",100.00
38046,"Kavya Kapoor",100.00
38048,"Rohan Sinha",100.00
38068,"Aman Thakur",100.00
38083,"Ishaan Mehta",100.00
38084,"Ishaan Sinha",100.00
38104,"Rohan Joshi",100.00
38107,"Nikhil Ghosh",100.00
38142,"Vivaan Das",100.00
38165,"Ritesh Pandey",100.00
38184,"Aarav Mehta",100.00
38186,"Pooja Bansal",100.00
38194,"Deepak Gupta",100.00
38207,"Mohit Reddy",100.00
38209,"Om Pandey",100.00
38216,"Ishaan Iyer",100.00
38224,"Pooja Mehta",100.00
38230,"Nikhil Menon",100.00
38237,"Neha Verma",100.00
38269,"Kunal Rao",100.00
38286,"Deepak Verma",100.00
38288,"Ritika Bansal",100.00
38294,"Krishna Patel",100.00
38306,"Yash Pandey",100.00
38311,"Kunal Thakur",100.00
38314,"Aditya Mehta",100.00
38316,"Neha Joshi",100.00
38333,"Dev Nair",100.00
38352,"Sneha Jain",100.00
38356,"Neha Thakur",100.00
38362,"Ishaan Sharma",100.00
38364,"Siddharth Bansal",100.00
38367,"Aarav Gupta",100.00
38372,"Aarav Rao",100.00
38373,"Krishna Reddy",100.00
38376,"Yash Jain",100.00
38377,"Priya Pandey",100.00
38388,"Sai Mehta",100.00
38392,"Varun Agarwal",100.00
38397,"Varun Pandey",100.00
38402,"Nikhil Agarwal",100.00
38436,"Harsh Nair",100.00
38440,"Krishna Patel",100.00
38453,"Arjun Nair",100.00
38455,"Yash Bansal",100.00
38458,"Diya Bansal",100.00
38465,"Sneha Gupta",100.00
38474,"Mohit Thakur",100.00
38484,"Varun Reddy",100.00
38517,"Ananya Mehta",100.00
38520,"Aditi Agarwal",100.00
38521,"Vivaan Patel",100.00
38529,"Sai Reddy",100.00
38551,"Nikhil Thakur",100.00
38555,"Ritesh Das",100.00
38567,"Siddharth Gupta",100.00
38569,"Ananya Joshi",100.00
38571,"Ritesh Gupta",100.00
38617,"Aditi Sharma",100.00
38624,"Aarav Mehta",100.00
38645,"Tanmay Kapoor",100.00
38655,"Sai Das",100.00
38660,"Aman Das",100.00
38677,"Vivaan Iyer",100.00
38683,"Meera Sharma",100.00
38685,"Aditya Agarwal",100.00
38690,"Sai Patel",100.00
38703,"Pooja Jain",100.00
38704,"Arjun Bansal",100.00
38711,"Ritesh Joshi",100.00
38715,"Sai Iyer",100.00
38729,"Manav Patel",100.00
38735,"Pooja Menon",100.00
38745,"Sneha Patel",100.00
38747,"Krishna Dubey",100.00
38769,"Arjun Nair",100.00
38777,"Ritika Bansal",100.00
38783,"Ritika Sharma",100.00
38806,"Kunal Verma",100.00
38818,"Kavya Bansal",100.00
38833,"Vivaan Thakur",100.00
38850,"Ananya Thakur",100.00
38851,"Aditya Mehta",100.00
38852,"Harsh Sharma",100.00
38859,"Priya Sinha",100.00
38868,"Harsh Verma",100.00
38886,"Pooja Bansal",100.00
38893,"Aditya Kapoor",100.00
38895,"Ananya Sinha",100.00
38917,"Aditya Verma",100.00
38918,"Yash Choudhary",100.00
38921,"Pooja Pandey",100.00
38922,"Aditi Kapoor",100.00
38932,"Rohan Jain",100.00
38936,"Aarav Rao",100.00
38938,"Ritesh Nair",100.00
38952,"Aditi Agarwal",100.00
38957,"Meera Agarwal",100.00
38966,"Ritesh Choudhary",100.00
38989,"Kavya Iyer",100.00
38991,"Siddharth Agarwal",100.00
38994,"Krishna Jain",100.00
39010,"Om Kapoor",100.00
39019,"Krishna Khanna",100.00
39075,"Ishaan Choudhary",100.00
39078,"Nikhil Sinha",100.00
39091,"Yash Thakur",100.00
39098,"Nikhil Joshi",100.00
39120,"Deepak Dubey",100.00
39122,"Om Sharma",100.00
39140,"Ananya Verma",100.00
39168,"Harsh Menon",100.00
39170,"Sai Jain",100.00
39182,"Nikhil Sharma",100.00
39183,"Vivaan Khanna",100.00
39193,"Mohit Menon",100.00
39205,"Ananya Rao",100.00
39209,"Mohit Khanna",100.00
39211,"Ananya Choudhary",100.00
39214,"Yash Gupta",100.00
39226,"Harsh Reddy",100.00
39234,"Neha Gupta",100.00
39235,"Dev Mehta",100.00
39269,"Ananya Bansal",100.00
39300,"Yash Thakur",100.00
39305,"Aditi Nair",100.00
39308,"Diya Agarwal",100.00
39318,"Sneha Thakur",100.00
39334,"Manav Reddy",100.00
39345,"Sneha Dubey",100.00
39355,"Tanmay Sharma",100.00
39356,"Dev Thakur",100.00
39365,"Sai Kapoor",100.00
39374,"Rahul Nair",100.00
39376,"Ritesh Menon",100.00
39393,"Mohit Ghosh",100.00
39421,"Manav Kapoor",100.00
39433,"Sai Thakur",100.00
39439,"Rahul Menon",100.00
39442,"Deepak Sharma",100.00
39446,"Tanmay Das",100.00
39448,"Rohan Jain",100.00
39466,"Ananya Menon",100.00
39479,"Arjun Iyer",100.00
39480,"Neha Gupta",100.00
39490,"Dev Ghosh",100.00
39493,"Yash Patel",100.00
39495,"Sneha Choudhary",100.00
39496,"Kavya Rao",100.00
39499,"Rohan Pandey",100.00
39505,"Aditi Thakur",100.00
39507,"Vivaan Rao",100.00
39516,"Sai Kapoor",100.00
39519,"Meera Dubey",100.00
39537,"Ritika Pandey",100.00
39538,"Kunal Das",100.00
39551,"Vivaan Agarwal",100.00
39572,"Aditi Reddy",100.00
39616,"Aditi Reddy",100.00
39617,"Manav Jain",100.00
39632,"Om Iyer",100.00
39639,"Aditya Das",100.00
39646,"Dev Choudhary",100.00
39647,"Ishaan Mehta",100.00
39648,"Aman Menon",100.00
39651,"Neha Nair",100.00
39656,"Varun Rao",100.00
39658,"Priya Pandey",100.00
39661,"Siddharth Rao",100.00
39663,"Ishaan Iyer",100.00
39671,"Aditya Patel",100.00
39676,"Aditya Rao",100.00
39683,"Nikhil Khanna",100.00
39685,"Neha Nair",100.00
39691,"Ishaan Jain",100.00
39705,"Pooja Agarwal",100.00
39718,"Deepak Iyer",100.00
39724,"Ritesh Pandey",100.00
39728,"Priya Agarwal",100.00
39751,"Priya Iyer",100.00
39755,"Mohit Rao",100.00
39771,"Arjun Joshi",100.00
39784,"Krishna Rao",100.00
39787,"Sai Thakur",100.00
39813,"Rahul Ghosh",100.00
39816,"Krishna Dubey",100.00
39836,"Siddharth Agarwal",100.00
39855,"Neha Sinha",100.00
39860,"Dev Menon",100.00
39871,"Krishna Kapoor",100.00
39886,"Dev Pandey",100.00
39893,"Priya Iyer",100.00
39901,"Varun Ghosh",100.00
39904,"Mohit Agarwal",100.00
39905,"Rahul Das",100.00
39929,"Vivaan Choudhary",100.00
39938,"Mohit Dubey",100.00
39974,"Kunal Ghosh",100.00
39979,"Vivaan Khanna",100.00
39986,"Dev Das",100.00
39989,"Manav Reddy",100.00
39994,"Aditya Kapoor",100.00
40002,"Rahul Dubey",100.00
40003,"Kunal Agarwal",100.00
40014,"Krishna Dubey",100.00
40025,"Manav Agarwal",100.00
40026,"Kunal Choudhary",100.00
40037,"Rohan Pandey",100.00
40045,"Harsh Jain",100.00
40057,"Aditya Ghosh",100.00
40068,"Sneha Bansal",100.00
40073,"Kunal Jain",100.00
40083,"Ananya Mehta",100.00
40085,"Om Iyer",100.00
40112,"Sai Verma",100.00
40131,"Ananya Agarwal",100.00
40141,"Kavya Patel",100.00
40151,"Aman Reddy",100.00
40157,"Yash Choudhary",100.00
40167,"Siddharth Thakur",100.00
40176,"Rohan Rao",100.00
40211,"Kunal Dubey",100.00
40225,"Deepak Reddy",100.00
40261,"Deepak Mehta",100.00
40262,"Pooja Sinha",100.00
40263,"Ishaan Sinha",100.00
40280,"Rahul Menon",100.00
40287,"Siddharth Rao",100.00
40291,"Nikhil Dubey",100.00
40295,"Pooja Ghosh",100.00
40304,"Rohan Agarwal",100.00
40309,"Aman Mehta",100.00
40317,"Ananya Gupta",100.00
40321,"Meera Reddy",100.00
40333,"Vivaan Gupta",100.00
40344,"Sai Choudhary",100.00
40347,"Aditya Sharma",100.00
40356,"Diya Dubey",100.00
40362,"Tanmay Dubey",100.00
40366,"Om Rao",100.00
40383,"Arjun Kapoor",100.00
40416,"Priya Das",100.00
40424,"Ishaan Agarwal",100.00
40431,"Ananya Menon",100.00
40468,"Yash Choudhary",100.00
40501,"Diya Jain",100.00
40506,"Kavya Dubey",100.00
40516,"Pooja Joshi",100.00
40520,"Siddharth Verma",100.00
40522,"Tanmay Rao",100.00
40539,"Sneha Agarwal",100.00
40567,"Ritesh Thakur",100.00
40580,"Mohit Patel",100.00
40592,"Meera Reddy",100.00
40598,"Mohit Agarwal",100.00
40611,"Rohan Pandey",100.00
40617,"Harsh Reddy",100.00
40623,"Sneha Bansal",100.00
40625,"Rahul Dubey",100.00
40627,"Ritesh Pandey",100.00
40645,"Aditi Gupta",100.00
40646,"Mohit Agarwal",100.00
40648,"Neha Kapoor",100.00
40660,"Aditi Ghosh",100.00
40661,"Rohan Agarwal",100.00
40670,"Varun Gupta",100.00
40672,"Sneha Gupta",100.00
40678,"Aditya Menon",100.00
40696,"Sai Mehta",100.00
40712,"Krishna Das",100.00
40713,"Ishaan Rao",100.00
40717,"Aditya Thakur",100.00
40726,"Manav Pandey",100.00
40735,"Om Gupta",100.00
40740,"Ishaan Patel",100.00
40746,"Ritika Mehta",100.00
40749,"Yash Thakur",100.00
40767,"Aarav Rao",100.00
40769,"Ritesh Jain",100.00
40771,"Krishna Das",100.00
40773,"Manav Khanna",100.00
40774,"Sneha Das",100.00
40779,"Meera Bansal",100.00
40786,"Sneha Khanna",100.00
40790,"Neha Menon",100.00
40797,"Aditi Thakur",100.00
40799,"Meera Nair",100.00
40804,"Diya Agarwal",100.00
40814,"Yash Ghosh",100.00
40816,"Kavya Thakur",100.00
40825,"Kavya Nair",100.00
40844,"Yash Thakur",100.00
40849,"Dev Thakur",100.00
40854,"Mohit Rao",100.00
40862,"Kunal Patel",100.00
40864,"Aditya Choudhary",100.00
40868,"Meera Rao",100.00
40870,"Siddharth Sharma",100.00
40874,"Rohan Khanna",100.00
40887,"Aditya Gupta",100.00
40893,"Aman Ghosh",100.00
40913,"Aarav Gupta",100.00
40929,"Priya Nair",100.00
40934,"Rahul Nair",100.00
40972,"Priya Gupta",100.00
40973,"Siddharth Dubey",100.00
40979,"Krishna Choudhary",100.00
40980,"Sai Bansal",100.00
40982,"Aarav Ghosh",100.00
40983,"Pooja Khanna",100.00
40988,"Meera Choudhary",100.00
40997,"Aman Rao",100.00
40999,"Tanmay Patel",100.00
41009,"Om Sharma",100.00
41036,"Kunal Verma",100.00
41043,"Manav Agarwal",100.00
41045,"Ishaan Mehta",100.00
41048,"Sai Jain",100.00
41053,"Siddharth Sinha",100.00
41061,"Aman Pandey",100.00
41065,"Krishna Pandey",100.00
41080,"Aarav Mehta",100.00
41087,"Nikhil Pandey",100.00
41111,"Mohit Das",100.00
41118,"Aditya Sharma",100.00
41120,"Sai Joshi",100.00
41138,"Nikhil Sinha",100.00
41142,"Aditi Mehta",100.00
41159,"Ritesh Choudhary",100.00
41178,"Tanmay Choudhary",100.00
41190,"Neha Sinha",100.00
41208,"Dev Rao",100.00
41218,"Aarav Kapoor",100.00
41221,"Ananya Gupta",100.00
41231,"Rahul Agarwal",100.00
41245,"Sneha Kapoor",100.00
41246,"Om Thakur",100.00
41253,"Aditya Choudhary",100.00
41256,"Sai Thakur",100.00
41260,"Tanmay Khanna",100.00
41276,"Kunal Reddy",100.00
41291,"Rahul Choudhary",100.00
41298,"Mohit Reddy",100.00
41335,"Aarav Agarwal",100.00
41339,"Harsh Pandey",100.00
41344,"Arjun Thakur",100.00
41364,"Rohan Kapoor",100.00
41368,"Varun Sharma",100.00
41371,"Dev Verma",100.00
41373,"Priya Sinha",100.00
41389,"Siddharth Nair",100.00
41393,"Nikhil Kapoor",100.00
41400,"Pooja Reddy",100.00
41404,"Siddharth Joshi",100.00
41419,"Sneha Sharma",100.00
41420,"Siddharth Mehta",100.00
41428,"Pooja Sharma",100.00
41439,"Ananya Choudhary",100.00
41446,"Rohan Pandey",100.00
41447,"Sai Sinha",100.00
41450,"Aarav Choudhary",100.00
41472,"Yash Choudhary",100.00
41477,"Manav Nair",100.00
41510,"Pooja Rao",100.00
41511,"Ritesh Jain",100.00
41512,"Aditya Ghosh",100.00
41545,"Priya Kapoor",100.00
41558,"Sai Jain",100.00
41569,"Priya Khanna",100.00
41572,"Varun Jain",100.00
41583,"Om Verma",100.00
41618,"Krishna Sharma",100.00
41621,"Aman Kapoor",100.00
41634,"Siddharth Pandey",100.00
41644,"Manav Ghosh",100.00
41658,"Ritika Thakur",100.00
41669,"Varun Khanna",100.00
41708,"Diya Menon",100.00
41710,"Meera Khanna",100.00
41723,"Aditya Bansal",100.00
41728,"Rahul Choudhary",100.00
41731,"Rahul Joshi",100.00
41740,"Aman Thakur",100.00
41743,"Neha Jain",100.00
41750,"Aman Verma",100.00
41772,"Deepak Joshi",100.00
41773,"Om Thakur",100.00
41791,"Krishna Joshi",100.00
41821,"Sai Dubey",100.00
41831,"Ritesh Iyer",100.00
41833,"Aditya Thakur",100.00
41843,"Ishaan Nair",100.00
41874,"Meera Mehta",100.00
41887,"Arjun Sharma",100.00
41888,"Mohit Khanna",100.00
41889,"Tanmay Iyer",100.00
41896,"Aarav Bansal",100.00
41903,"Kavya Choudhary",100.00
41932,"Yash Verma",100.00
41946,"Varun Kapoor",100.00
41950,"Kavya Nair",100.00
41964,"Krishna Reddy",100.00
41973,"Aditi Dubey",100.00
41974,"Dev Joshi",100.00
41976,"Diya Verma",100.00
41983,"Mohit Kapoor",100.00
41993,"Aarav Verma",100.00
41994,"Siddharth Khanna",100.00
42001,"Siddharth Dubey",100.00
42002,"Krishna Bansal",100.00
42005,"Mohit Mehta",100.00
42020,"Ritesh Thakur",100.00
42057,"Neha Reddy",100.00
42060,"Aarav Patel",100.00
42069,"Kunal Jain",100.00
42070,"Om Patel",100.00
42071,"Diya Mehta",100.00
42078,"Ishaan Sinha",100.00
42081,"Neha Sharma",100.00
42100,"Manav Choudhary",100.00
42107,"Mohit Choudhary",100.00
42125,"Ishaan Jain",100.00
42126,"Aditya Menon",100.00
42127,"Krishna Agarwal",100.00
42136,"Meera Ghosh",100.00
42144,"Yash Sharma",100.00
42159,"Dev Dubey",100.00
42170,"Kunal Thakur",100.00
42193,"Neha Kapoor",100.00
42199,"Ritesh Reddy",100.00
42227,"Arjun Joshi",100.00
42231,"Meera Das",100.00
42238,"Aarav Sinha",100.00
42247,"Meera Reddy",100.00
42248,"Dev Nair",100.00
42251,"Manav Rao",100.00
42259,"Aditya Thakur",100.00
42262,"Nikhil Jain",100.00
42274,"Vivaan Choudhary",100.00
42276,"Dev Gupta",100.00
42278,"Kunal Bansal",100.00
42279,"Deepak Sharma",100.00
42280,"Om Dubey",100.00
42293,"Rohan Reddy",100.00
42296,"Manav Mehta",100.00
42319,"Aman Choudhary",100.00
42324,"Siddharth Joshi",100.00
42338,"Tanmay Khanna",100.00
42343,"Arjun Das",100.00
42384,"Diya Gupta",100.00
42402,"Aditya Dubey",100.00
42410,"Sneha Jain",100.00
42414,"Priya Thakur",100.00
42440,"Diya Dubey",100.00
42441,"Manav Choudhary",100.00
42445,"Yash Verma",100.00
42453,"Aditi Gupta",100.00
42458,"Deepak Bansal",100.00
42459,"Tanmay Agarwal",100.00
42471,"Nikhil Mehta",100.00
42474,"Priya Choudhary",100.00
42490,"Sneha Bansal",100.00
42493,"Sneha Kapoor",100.00
42499,"Rohan Das",100.00
42500,"Kunal Patel",100.00
42504,"Yash Das",100.00
42513,"Rahul Menon",100.00
42514,"Deepak Pandey",100.00
42515,"Pooja Sharma",100.00
42523,"Vivaan Kapoor",100.00
42529,"Tanmay Reddy",100.00
42540,"Om Iyer",100.00
42543,"Varun Dubey",100.00
42546,"Varun Patel",100.00
42551,"Aditi Jain",100.00
42555,"Aman Kapoor",100.00
42556,"Deepak Dubey",100.00
42558,"Vivaan Joshi",100.00
42581,"Sai Sinha",100.00
42589,"Priya Joshi",100.00
42596,"Aditi Gupta",100.00
42616,"Priya Joshi",100.00
42620,"Sai Thakur",100.00
42631,"Diya Jain",100.00
42633,"Meera Gupta",100.00
42638,"Siddharth Pandey",100.00
42649,"Tanmay Menon",100.00
42661,"Diya Kapoor",100.00
42663,"Mohit Reddy",100.00
42666,"Harsh Khanna",100.00
42686,"Kunal Sinha",100.00
42700,"Ritika Reddy",100.00
42702,"Deepak Verma",100.00
42746,"Pooja Khanna",100.00
42747,"Ananya Das",100.00
42757,"Ritesh Gupta",100.00
42771,"Arjun Sinha",100.00
42786,"Rohan Kapoor",100.00
42788,"Aditya Kapoor",100.00
42803,"Om Sharma",100.00
42821,"Deepak Bansal",100.00
42835,"Varun Verma",100.00
42844,"Aman Patel",100.00
42860,"Sneha Menon",100.00
42875,"Kavya Gupta",100.00
42884,"Meera Patel",100.00
42891,"Aman Patel",100.00
42895,"Varun Menon",100.00
42914,"Aditya Sharma",100.00
42990,"Nikhil Nair",100.00
42991,"Harsh Sinha",100.00
42995,"Neha Ghosh",100.00
43006,"Arjun Thakur",100.00
43013,"Neha Khanna",100.00
43039,"Manav Sinha",100.00
43044,"Aditya Sinha",100.00
43059,"Mohit Joshi",100.00
43062,"Yash Patel",100.00
43075,"Pooja Choudhary",100.00
43088,"Pooja Pandey",100.00
43093,"Vivaan Agarwal",100.00
43096,"Rohan Jain",100.00
43104,"Neha Das",100.00
43105,"Ananya Kapoor",100.00
43120,"Ritesh Gupta",100.00
43147,"Mohit Dubey",100.00
43151,"Sai Reddy",100.00
43168,"Ishaan Sharma",100.00
43170,"Aman Agarwal",100.00
43175,"Deepak Pandey",100.00
43189,"Nikhil Nair",100.00
43191,"Sneha Jain",100.00
43192,"Vivaan Rao",100.00
43199,"Kavya Pandey",100.00
43203,"Diya Bansal",100.00
43204,"Rahul Choudhary",100.00
43206,"Priya Mehta",100.00
43208,"Deepak Verma",100.00
43210,"Manav Bansal",100.00
43211,"Mohit Das",100.00
43232,"Krishna Jain",100.00
43247,"Neha Pandey",100.00
43248,"Varun Nair",100.00
43253,"Kavya Patel",100.00
43260,"Manav Kapoor",100.00
43266,"Priya Mehta",100.00
43279,"Ritesh Joshi",100.00
43289,"Mohit Pandey",100.00
43294,"Ishaan Agarwal",100.00
43296,"Dev Reddy",100.00
43318,"Aman Pandey",100.00
43335,"Pooja Das",100.00
43338,"Varun Nair",100.00
43339,"Rahul Choudhary",100.00
43344,"Yash Kapoor",100.00
43377,"Aarav Agarwal",100.00
43398,"Krishna Joshi",100.00
43407,"Kunal Iyer",100.00
43423,"Yash Iyer",100.00
43433,"Deepak Sinha",100.00
43442,"Meera Mehta",100.00
43455,"Aman Jain",100.00
43473,"Aditi Dubey",100.00
43477,"Sai Verma",100.00
43490,"Aarav Sharma",100.00
43493,"Dev Choudhary",100.00
43581,"Ananya Das",100.00
43582,"Priya Reddy",100.00
43591,"Kavya Patel",100.00
43601,"Neha Mehta",100.00
43603,"Nikhil Kapoor",100.00
43611,"Vivaan Sharma",100.00
43614,"Ananya Nair",100.00
43634,"Aarav Khanna",100.00
43644,"Arjun Verma",100.00
43651,"Mohit Das",100.00
43661,"Rahul Patel",100.00
43669,"Sneha Choudhary",100.00
43672,"Meera Agarwal",100.00
43688,"Aditi Agarwal",100.00
43693,"Kunal Verma",100.00
43695,"Ananya Reddy",100.00
43701,"Yash Jain",100.00
43705,"Meera Dubey",100.00
43711,"Ishaan Reddy",100.00
43712,"Mohit Kapoor",100.00
43726,"Siddharth Kapoor",100.00
43736,"Dev Menon",100.00
43747,"Krishna Patel",100.00
43754,"Om Pandey",100.00
43755,"Priya Mehta",100.00
43763,"Om Thakur",100.00
43764,"Krishna Choudhary",100.00
43787,"Pooja Agarwal",100.00
43790,"Arjun Sinha",100.00
43805,"Yash Rao",100.00
43811,"Krishna Joshi",100.00
43813,"Pooja Dubey",100.00
43821,"Ritika Menon",100.00
43829,"Meera Reddy",100.00
43839,"Varun Joshi",100.00
43850,"Sneha Rao",100.00
43855,"Deepak Mehta",100.00
43856,"Tanmay Ghosh",100.00
43862,"Deepak Choudhary",100.00
43867,"Arjun Nair",100.00
43913,"Varun Mehta",100.00
43922,"Varun Pandey",100.00
43924,"Deepak Agarwal",100.00
43928,"Sneha Patel",100.00
43936,"Priya Iyer",100.00
43939,"Dev Pandey",100.00
43955,"Manav Bansal",100.00
43956,"Sai Iyer",100.00
43963,"Dev Menon",100.00
43964,"Arjun Thakur",100.00
43966,"Krishna Gupta",100.00
43968,"Rahul Rao",100.00
43974,"Dev Reddy",100.00
43980,"Deepak Reddy",100.00
44034,"Ritika Choudhary",100.00
44048,"Rahul Pandey",100.00
44050,"Deepak Thakur",100.00
44077,"Aarav Kapoor",100.00
44082,"Aman Joshi",100.00
44115,"Yash Agarwal",100.00
44122,"Rohan Menon",100.00
44124,"Deepak Ghosh",100.00
44141,"Rohan Reddy",100.00
44166,"Pooja Gupta",100.00
44180,"Mohit Joshi",100.00
44187,"Vivaan Menon",100.00
44191,"Pooja Sharma",100.00
44193,"Aman Patel",100.00
44199,"Sai Das",100.00
44208,"Vivaan Pandey",100.00
44216,"Diya Mehta",100.00
44222,"Harsh Bansal",100.00
44235,"Aditya Dubey",100.00
44241,"Pooja Pandey",100.00
44243,"Kunal Menon",100.00
44251,"Om Ghosh",100.00
44252,"Sai Nair",100.00
44264,"Diya Choudhary",100.00
44273,"Aditi Agarwal",100.00
44276,"Deepak Sinha",100.00
44283,"Rahul Sharma",100.00
44285,"Dev Rao",100.00
44296,"Diya Mehta",100.00
44300,"Pooja Pandey",100.00
44304,"Vivaan Iyer",100.00
44310,"Om Bansal",100.00
44323,"Aditi Verma",100.00
44326,"Dev Iyer",100.00
44328,"Ritika Sharma",100.00
44342,"Aditya Reddy",100.00
44344,"Ananya Sharma",100.00
44359,"Krishna Gupta",100.00
44362,"Vivaan Menon",100.00
44364,"Sneha Das",100.00
44378,"Ishaan Mehta",100.00
44397,"Aditi Das",100.00
44403,"Varun Jain",100.00
44406,"Meera Dubey",100.00
44414,"Ritesh Khanna",100.00
44422,"Vivaan Joshi",100.00
44424,"Priya Kapoor",100.00
44440,"Tanmay Joshi",100.00
44449,"Diya Agarwal",100.00
44468,"Aditi Patel",100.00
44473,"Rahul Das",100.00
44475,"Ananya Pandey",100.00
44480,"Rohan Verma",100.00
44484,"Ritika Mehta",100.00
44505,"Meera Menon",100.00
44511,"Ishaan Rao",100.00
44518,"Yash Joshi",100.00
44530,"Manav Menon",100.00
44549,"Ritika Pandey",100.00
44578,"Ananya Reddy",100.00
44584,"Arjun Jain",100.00
44585,"Harsh Sharma",100.00
44588,"Om Choudhary",100.00
44595,"Ishaan Kapoor",100.00
44596,"Priya Thakur",100.00
44604,"Priya Agarwal",100.00
44605,"Tanmay Bansal",100.00
44606,"Aditya Mehta",100.00
44621,"Vivaan Reddy",100.00
44629,"Aditya Sinha",100.00
44638,"Aman Mehta",100.00
44660,"Harsh Dubey",100.00
44674,"Ananya Kapoor",100.00
44681,"Neha Joshi",100.00
44683,"Mohit Pandey",100.00
44686,"Sai Reddy",100.00
44688,"Ritika Reddy",100.00
44691,"Kunal Dubey",100.00
44705,"Ananya Bansal",100.00
44718,"Aditi Nair",100.00
44724,"Sai Kapoor",100.00
44725,"Ishaan Verma",100.00
44738,"Yash Menon",100.00
44739,"Deepak Joshi",100.00
44743,"Nikhil Sinha",100.00
44750,"Diya Kapoor",100.00
44751,"Aditi Gupta",100.00
44755,"Deepak Mehta",100.00
44757,"Kavya Nair",100.00
44759,"Aman Agarwal",100.00
44760,"Vivaan Agarwal",100.00
44769,"Deepak Gupta",100.00
44788,"Vivaan Rao",100.00
44790,"Siddharth Rao",100.00
44803,"Pooja Nair",100.00
44804,"Nikhil Gupta",100.00
44817,"Sneha Nair",100.00
44831,"Diya Rao",100.00
44837,"Aman Khanna",100.00
44842,"Tanmay Das",100.00
44853,"Kunal Sharma",100.00
44863,"Ishaan Kapoor",100.00
44868,"Meera Das",100.00
44887,"Dev Ghosh",100.00
44905,"Meera Agarwal",100.00
44911,"Siddharth Jain",100.00
44914,"Sneha Gupta",100.00
44922,"Rohan Verma",100.00
44927,"Ishaan Bansal",100.00
44938,"Deepak Agarwal",100.00
44940,"Aditya Jain",100.00
44944,"Pooja Ghosh",100.00
44946,"Nikhil Iyer",100.00
44957,"Tanmay Pandey",100.00
44961,"Kunal Reddy",100.00
44977,"Deepak Iyer",100.00
44992,"Ananya Nair",100.00
45003,"Aarav Bansal",100.00
45005,"Kunal Mehta",100.00
45020,"Rohan Nair",100.00
45027,"Ishaan Agarwal",100.00
45035,"Kavya Rao",100.00
45039,"Aarav Pandey",100.00
45044,"Priya Iyer",100.00
45061,"Rohan Bansal",100.00
45075,"Siddharth Nair",100.00
45091,"Kunal Iyer",100.00
45099,"Aman Khanna",100.00
45107,"Arjun Agarwal",100.00
45118,"Tanmay Joshi",100.00
45119,"Harsh Sinha",100.00
45131,"Mohit Mehta",100.00
45139,"Manav Pandey",100.00
45146,"Harsh Choudhary",100.00
45155,"Rohan Joshi",100.00
45170,"Om Agarwal",100.00
45183,"Meera Nair",100.00
45203,"Dev Ghosh",100.00
45209,"Krishna Verma",100.00
45222,"Diya Jain",100.00
45227,"Priya Kapoor",100.00
45244,"Tanmay Jain",100.00
45255,"Krishna Mehta",100.00
45259,"Krishna Nair",100.00
45280,"Manav Khanna",100.00
45281,"Aarav Kapoor",100.00
45283,"Varun Pandey",100.00
45293,"Tanmay Menon",100.00
45312,"Kavya Thakur",100.00
45313,"Rohan Choudhary",100.00
45314,"Varun Menon",100.00
45334,"Nikhil Das",100.00
45342,"Aman Dubey",100.00
45351,"Diya Agarwal",100.00
45359,"Diya Joshi",100.00
45360,"Nikhil Patel",100.00
45361,"Deepak Pandey",100.00
45367,"Priya Sharma",100.00
45381,"Ritesh Kapoor",100.00
45391,"Aditi Khanna",100.00
45405,"Aditi Verma",100.00
45407,"Tanmay Jain",100.00
45413,"Rahul Sharma",100.00
45425,"Aman Dubey",100.00
45433,"Yash Sharma",100.00
45446,"Sneha Dubey",100.00
45459,"Meera Patel",100.00
45471,"Sneha Patel",100.00
45472,"Diya Reddy",100.00
45485,"Ananya Reddy",100.00
45488,"Yash Bansal",100.00
45499,"Pooja Thakur",100.00
45520,"Sneha Mehta",100.00
45523,"Yash Choudhary",100.00
45535,"Dev Dubey",100.00
45541,"Deepak Das",100.00
45568,"Kavya Verma",100.00
45581,"Siddharth Nair",100.00
45620,"Aarav Menon",100.00
45624,"Kunal Nair",100.00
45627,"Ritesh Nair",100.00
45638,"Rohan Mehta",100.00
45640,"Varun Reddy",100.00
45644,"Om Choudhary",100.00
45662,"Aditi Pandey",100.00
45669,"Kavya Nair",100.00
45692,"Kavya Kapoor",100.00
45697,"Varun Pandey",100.00
45698,"Mohit Dubey",100.00
45701,"Varun Jain",100.00
45723,"Ritika Sinha",100.00
45724,"Aman Nair",100.00
45729,"Meera Rao",100.00
45737,"Diya Choudhary",100.00
45745,"Yash Patel",100.00
45762,"Siddharth Verma",100.00
45770,"Ritesh Menon",100.00
45773,"Aditya Agarwal",100.00
45795,"Manav Gupta",100.00
45812,"Krishna Menon",100.00
45821,"Arjun Agarwal",100.00
45825,"Meera Choudhary",100.00
45826,"Varun Sharma",100.00
45846,"Aditi Thakur",100.00
45847,"Ananya Pandey",100.00
45860,"Neha Iyer",100.00
45862,"Aarav Verma",100.00
45870,"Siddharth Dubey",100.00
45871,"Meera Pandey",100.00
45872,"Sai Gupta",100.00
45884,"Nikhil Khanna",100.00
45921,"Rahul Mehta",100.00
45936,"Kavya Rao",100.00
45964,"Meera Gupta",100.00
45979,"Rohan Patel",100.00
45982,"Krishna Choudhary",100.00
45991,"Harsh Iyer",100.00
45999,"Kunal Das",100.00
46000,"Yash Jain",100.00
46001,"Ritesh Ghosh",100.00
46003,"Arjun Bansal",100.00
46012,"Aman Das",100.00
46023,"Rahul Sharma",100.00
46035,"Yash Rao",100.00
46038,"Deepak Iyer",100.00
46044,"Pooja Agarwal",100.00
46046,"Tanmay Joshi",100.00
46050,"Manav Gupta",100.00
46053,"Varun Bansal",100.00
46069,"Ishaan Jain",100.00
46074,"Manav Das",100.00
46077,"Rahul Nair",100.00
46081,"Ritesh Verma",100.00
46084,"Yash Dubey",100.00
46088,"Harsh Iyer",100.00
46100,"Om Menon",100.00
46124,"Mohit Choudhary",100.00
46135,"Manav Thakur",100.00
46143,"Varun Rao",100.00
46162,"Siddharth Mehta",100.00
46176,"Meera Kapoor",100.00
46182,"Kunal Mehta",100.00
46192,"Arjun Rao",100.00
46198,"Ritesh Sharma",100.00
46206,"Aditya Kapoor",100.00
46212,"Sai Sharma",100.00
46214,"Priya Patel",100.00
46224,"Aditi Dubey",100.00
46226,"Nikhil Sharma",100.00
46227,"Tanmay Nair",100.00
46229,"Om Das",100.00
46233,"Kunal Kapoor",100.00
46245,"Diya Reddy",100.00
46258,"Kunal Jain",100.00
46259,"Ritika Choudhary",100.00
46270,"Varun Joshi",100.00
46271,"Meera Agarwal",100.00
46286,"Nikhil Sharma",100.00
46287,"Yash Sharma",100.00
46288,"Deepak Das",100.00
46290,"Ishaan Joshi",100.00
46298,"Deepak Reddy",100.00
46315,"Priya Khanna",100.00
46329,"Kunal Nair",100.00
46330,"Sneha Agarwal",100.00
46339,"Rahul Jain",100.00
46341,"Diya Rao",100.00
46349,"Nikhil Ghosh",100.00
46363,"Yash Gupta",100.00
46379,"Vivaan Sharma",100.00
46381,"Dev Choudhary",100.00
46393,"Kavya Bansal",100.00
46411,"Deepak Nair",100.00
46424,"Manav Choudhary",100.00
46427,"Aman Sinha",100.00
46438,"Siddharth Choudhary",100.00
46442,"Yash Dubey",100.00
46446,"Aarav Reddy",100.00
46456,"Sai Menon",100.00
46459,"Ritesh Agarwal",100.00
46463,"Deepak Khanna",100.00
46468,"Harsh Bansal",100.00
46502,"Aman Gupta",100.00
46503,"Aditi Sharma",100.00
46516,"Mohit Nair",100.00
46529,"Ritesh Pandey",100.00
46537,"Om Choudhary",100.00
46539,"Meera Nair",100.00
46543,"Varun Menon",100.00
46548,"Krishna Khanna",100.00
46567,"Aditya Jain",100.00
46571,"Aditi Pandey",100.00
46578,"Deepak Choudhary",100.00
46585,"Harsh Ghosh",100.00
46591,"Vivaan Agarwal",100.00
46596,"Krishna Dubey",100.00
46607,"Ananya Patel",100.00
46616,"Aditi Ghosh",100.00
46617,"Aman Joshi",100.00
46618,"Diya Gupta",100.00
46621,"Ishaan Patel",100.00
46633,"Aditi Rao",100.00
46634,"Varun Jain",100.00
46643,"Ritika Ghosh",100.00
46655,"Om Gupta",100.00
46665,"Sneha Jain",100.00
46668,"Ritika Dubey",100.00
46673,"Aarav Verma",100.00
46704,"Manav Agarwal",100.00
46710,"Krishna Verma",100.00
46717,"Manav Joshi",100.00
46731,"Sneha Patel",100.00
46750,"Neha Kapoor",100.00
46758,"Aarav Khanna",100.00
46770,"Tanmay Rao",100.00
46773,"Vivaan Sinha",100.00
46805,"Sneha Dubey",100.00
46820,"Sneha Jain",100.00
46824,"Aarav Rao",100.00
46829,"Arjun Kapoor",100.00
46832,"Aman Reddy",100.00
46837,"Krishna Iyer",100.00
46839,"Aarav Jain",100.00
46848,"Sai Menon",100.00
46872,"Dev Das",100.00
46886,"Kavya Patel",100.00
46887,"Kavya Dubey",100.00
46889,"Priya Thakur",100.00
46899,"Kunal Sharma",100.00
46907,"Meera Mehta",100.00
46908,"Ritika Dubey",100.00
46913,"Rahul Patel",100.00
46915,"Tanmay Dubey",100.00
46924,"Vivaan Agarwal",100.00
46952,"Ishaan Reddy",100.00
46955,"Ananya Bansal",100.00
46956,"Mohit Menon",100.00
46964,"Kavya Gupta",100.00
46985,"Arjun Das",100.00
46990,"Manav Joshi",100.00
46991,"Sneha Gupta",100.00
47000,"Deepak Gupta",100.00
47019,"Kavya Nair",100.00
47021,"Sai Pandey",100.00
47026,"Dev Ghosh",100.00
47033,"Meera Bansal",100.00
47047,"Arjun Choudhary",100.00
47049,"Arjun Dubey",100.00
47073,"Neha Dubey",100.00
47089,"Kunal Ghosh",100.00
47090,"Ananya Verma",100.00
47091,"Ritesh Iyer",100.00
47094,"Arjun Choudhary",100.00
47109,"Ananya Khanna",100.00
47121,"Diya Sharma",100.00
47124,"Deepak Sharma",100.00
47143,"Rohan Dubey",100.00
47147,"Krishna Bansal",100.00
47148,"Kavya Agarwal",100.00
47155,"Ishaan Bansal",100.00
47156,"Kavya Menon",100.00
47163,"Varun Reddy",100.00
47169,"Mohit Khanna",100.00
47177,"Meera Rao",100.00
47184,"Siddharth Pandey",100.00
47194,"Pooja Kapoor",100.00
47204,"Vivaan Dubey",100.00
47216,"Diya Nair",100.00
47232,"Sai Sinha",100.00
47237,"Kunal Gupta",100.00
47239,"Aditi Sinha",100.00
47242,"Diya Jain",100.00
47244,"Sneha Verma",100.00
47269,"Ananya Reddy",100.00
47285,"Arjun Reddy",100.00
47287,"Meera Agarwal",100.00
47288,"Nikhil Reddy",100.00
47318,"Kunal Patel",100.00
47333,"Rohan Pandey",100.00
47337,"Rohan Choudhary",100.00
47372,"Nikhil Joshi",100.00
47375,"Krishna Sinha",100.00
47394,"Rohan Rao",100.00
47397,"Sai Thakur",100.00
47430,"Manav Ghosh",100.00
47434,"Diya Kapoor",100.00
47443,"Pooja Rao",100.00
47447,"Ananya Nair",100.00
47451,"Ishaan Agarwal",100.00
47459,"Mohit Iyer",100.00
47464,"Vivaan Joshi",100.00
47471,"Rohan Joshi",100.00
47474,"Ritesh Kapoor",100.00
47476,"Pooja Joshi",100.00
47496,"Ishaan Iyer",100.00
47502,"Harsh Khanna",100.00
47511,"Mohit Joshi",100.00
47512,"Mohit Reddy",100.00
47517,"Aman Ghosh",100.00
47534,"Deepak Menon",100.00
47537,"Yash Joshi",100.00
47538,"Aditi Choudhary",100.00
47542,"Kavya Khanna",100.00
47563,"Aman Jain",100.00
47578,"Aditya Sinha",100.00
47590,"Harsh Verma",100.00
47600,"Om Agarwal",100.00
47610,"Siddharth Reddy",100.00
47616,"Nikhil Das",100.00
47620,"Kunal Bansal",100.00
47621,"Ritesh Khanna",100.00
47627,"Kunal Rao",100.00
47642,"Kunal Sharma",100.00
47646,"Diya Thakur",100.00
47661,"Kavya Mehta",100.00
47666,"Diya Thakur",100.00
47685,"Ananya Iyer",100.00
47699,"Ishaan Khanna",100.00
47702,"Nikhil Thakur",100.00
47716,"Deepak Mehta",100.00
47718,"Aman Patel",100.00
47722,"Siddharth Bansal",100.00
47732,"Om Das",100.00
47735,"Aman Thakur",100.00
47738,"Aditi Khanna",100.00
47739,"Sneha Mehta",100.00
47740,"Nikhil Pandey",100.00
47753,"Siddharth Das",100.00
47755,"Om Dubey",100.00
47771,"Aditi Patel",100.00
47775,"Aman Das",100.00
47782,"Mohit Ghosh",100.00
47791,"Aarav Joshi",100.00
47792,"Ritesh Rao",100.00
47799,"Neha Choudhary",100.00
47804,"Tanmay Patel",100.00
47806,"Nikhil Sinha",100.00
47817,"Kunal Choudhary",100.00
47840,"Kavya Agarwal",100.00
47861,"Yash Mehta",100.00
47867,"Sai Iyer",100.00
47870,"Pooja Sharma",100.00
47871,"Harsh Choudhary",100.00
47877,"Ishaan Jain",100.00
47886,"Krishna Mehta",100.00
47895,"Manav Nair",100.00
47896,"Aditi Kapoor",100.00
47902,"Yash Rao",100.00
47917,"Yash Agarwal",100.00
47918,"Ritika Nair",100.00
47923,"Arjun Sharma",100.00
47941,"Meera Jain",100.00
47950,"Rahul Pandey",100.00
47951,"Arjun Choudhary",100.00
47966,"Rohan Bansal",100.00
47967,"Ananya Khanna",100.00
47972,"Varun Dubey",100.00
48002,"Siddharth Nair",100.00
48005,"Dev Bansal",100.00
48013,"Ishaan Nair",100.00
48041,"Aditya Patel",100.00
48043,"Kunal Kapoor",100.00
48057,"Harsh Nair",100.00
48062,"Harsh Sharma",100.00
48069,"Kavya Das",100.00
48081,"Rohan Reddy",100.00
48094,"Kunal Sharma",100.00
48104,"Ritika Thakur",100.00
48106,"Pooja Mehta",100.00
48112,"Om Mehta",100.00
48115,"Yash Agarwal",100.00
48125,"Krishna Menon",100.00
48144,"Meera Thakur",100.00
48154,"Pooja Menon",100.00
48164,"Deepak Reddy",100.00
48165,"Aditya Choudhary",100.00
48170,"Kunal Nair",100.00
48177,"Kunal Ghosh",100.00
48195,"Siddharth Ghosh",100.00
48202,"Neha Thakur",100.00
48205,"Aditya Choudhary",100.00
48211,"Diya Sinha",100.00
48219,"Deepak Bansal",100.00
48223,"Tanmay Reddy",100.00
48224,"Krishna Mehta",100.00
48225,"Dev Joshi",100.00
48248,"Diya Ghosh",100.00
48254,"Neha Kapoor",100.00
48266,"Om Reddy",100.00
48270,"Om Ghosh",100.00
48284,"Rahul Joshi",100.00
48286,"Kavya Dubey",100.00
48287,"Rohan Rao",100.00
48310,"Krishna Ghosh",100.00
48314,"Varun Jain",100.00
48332,"Siddharth Ghosh",100.00
48337,"Rahul Joshi",100.00
48341,"Manav Reddy",100.00
48342,"Vivaan Iyer",100.00
48346,"Sai Choudhary",100.00
48347,"Sneha Joshi",100.00
48365,"Meera Bansal",100.00
48383,"Sai Iyer",100.00
48385,"Pooja Dubey",100.00
48386,"Sai Pandey",100.00
48396,"Harsh Iyer",100.00
48405,"Tanmay Gupta",100.00
48426,"Om Sinha",100.00
48429,"Manav Sharma",100.00
48432,"Dev Bansal",100.00
48469,"Aditya Iyer",100.00
48476,"Krishna Kapoor",100.00
48496,"Aditi Mehta",100.00
48537,"Aditya Choudhary",100.00
48546,"Sai Nair",100.00
48555,"Ritika Ghosh",100.00
48568,"Krishna Nair",100.00
48585,"Sneha Agarwal",100.00
48590,"Om Thakur",100.00
48617,"Dev Ghosh",100.00
48646,"Rahul Gupta",100.00
48697,"Siddharth Rao",100.00
48706,"Om Agarwal",100.00
48709,"Om Sinha",100.00
48713,"Ritika Sharma",100.00
48714,"Neha Sharma",100.00
48753,"Varun Bansal",100.00
48757,"Ritesh Kapoor",100.00
48758,"Ritika Sharma",100.00
48767,"Ananya Jain",100.00
48783,"Siddharth Verma",100.00
48789,"Ananya Reddy",100.00
48790,"Rahul Choudhary",100.00
48795,"Aditi Gupta",100.00
48801,"Yash Choudhary",100.00
48828,"Ishaan Pandey",100.00
48856,"Aman Jain",100.00
48863,"Aditya Joshi",100.00
48878,"Ishaan Menon",100.00
48889,"Diya Joshi",100.00
48894,"Dev Iyer",100.00
48903,"Ishaan Thakur",100.00
48911,"Ananya Dubey",100.00
48914,"Meera Verma",100.00
48919,"Manav Mehta",100.00
48922,"Priya Patel",100.00
48926,"Harsh Sinha",100.00
48927,"Mohit Mehta",100.00
48929,"Ritesh Iyer",100.00
48941,"Arjun Khanna",100.00
48948,"Priya Iyer",100.00
48957,"Tanmay Jain",100.00
49000,"Rahul Gupta",100.00
49003,"Yash Thakur",100.00
49005,"Pooja Mehta",100.00
49011,"Krishna Gupta",100.00
49015,"Diya Gupta",100.00
49023,"Om Mehta",100.00
49036,"Ritika Das",100.00
49062,"Ritesh Sinha",100.00
49072,"Rohan Bansal",100.00
49083,"Mohit Kapoor",100.00
49086,"Siddharth Sharma",100.00
49087,"Kunal Pandey",100.00
49089,"Nikhil Reddy",100.00
49103,"Diya Sharma",100.00
49108,"Deepak Mehta",100.00
49111,"Om Rao",100.00
49113,"Kavya Khanna",100.00
49114,"Ishaan Gupta",100.00
49133,"Kunal Kapoor",100.00
49162,"Vivaan Gupta",100.00
49165,"Tanmay Bansal",100.00
49167,"Sneha Jain",100.00
49175,"Ananya Iyer",100.00
49177,"Aditya Gupta",100.00
49180,"Aman Das",100.00
49198,"Vivaan Sinha",100.00
49199,"Arjun Mehta",100.00
49230,"Pooja Gupta",100.00
49236,"Deepak Gupta",100.00
49237,"Sai Reddy",100.00
49264,"Kunal Reddy",100.00
49272,"Ritika Ghosh",100.00
49311,"Neha Choudhary",100.00
49319,"Rahul Patel",100.00
49324,"Kunal Mehta",100.00
49334,"Pooja Pandey",100.00
49339,"Om Verma",100.00
49346,"Rohan Das",100.00
49350,"Arjun Sharma",100.00
49368,"Aarav Sinha",100.00
49384,"Sai Gupta",100.00
49390,"Pooja Bansal",100.00
49393,"Ishaan Gupta",100.00
49398,"Sneha Verma",100.00
49403,"Pooja Kapoor",100.00
49408,"Arjun Dubey",100.00
49409,"Aman Thakur",100.00
49416,"Aman Choudhary",100.00
49420,"Neha Patel",100.00
49426,"Ritesh Khanna",100.00
49427,"Sneha Bansal",100.00
49431,"Ananya Kapoor",100.00
49436,"Dev Nair",100.00
49442,"Dev Nair",100.00
49453,"Rahul Mehta",100.00
49456,"Nikhil Kapoor",100.00
49472,"Krishna Verma",100.00
49485,"Varun Sinha",100.00
49488,"Pooja Iyer",100.00
49503,"Siddharth Nair",100.00
49517,"Tanmay Pandey",100.00
49520,"Yash Khanna",100.00
49525,"Diya Gupta",100.00
49527,"Ritesh Khanna",100.00
49545,"Ritika Sharma",100.00
49553,"Ritesh Agarwal",100.00
49560,"Ritika Khanna",100.00
49566,"Aman Thakur",100.00
49577,"Harsh Agarwal",100.00
49606,"Dev Agarwal",100.00
49611,"Krishna Verma",100.00
49618,"Kunal Mehta",100.00
49623,"Aman Verma",100.00
49628,"Diya Ghosh",100.00
49631,"Varun Bansal",100.00
49642,"Meera Menon",100.00
49653,"Mohit Dubey",100.00
49664,"Rohan Agarwal",100.00
49673,"Om Pandey",100.00
49682,"Priya Agarwal",100.00
49683,"Sai Joshi",100.00
49686,"Mohit Reddy",100.00
49705,"Neha Sinha",100.00
49713,"Aman Sharma",100.00
49723,"Ananya Iyer",100.00
49724,"Aman Sinha",100.00
49751,"Tanmay Choudhary",100.00
49789,"Sai Menon",100.00
49799,"Vivaan Mehta",100.00
49805,"Diya Verma",100.00
49819,"Meera Das",100.00
49843,"Aditya Iyer",100.00
49846,"Priya Jain",100.00
49867,"Kunal Khanna",100.00
49869,"Pooja Nair",100.00
49870,"Nikhil Agarwal",100.00
49887,"Sai Verma",100.00
49890,"Ishaan Gupta",100.00
49898,"Aditya Bansal",100.00
49920,"Om Joshi",100.00
49932,"Siddharth Khanna",100.00
49937,"Ritika Iyer",100.00
49947,"Nikhil Menon",100.00
49958,"Priya Reddy",100.00
49959,"Sneha Reddy",100.00
49963,"Aarav Bansal",100.00
49968,"Priya Choudhary",100.00
49969,"Yash Sharma",100.00
49975,"Priya Dubey",100.00
100,"Aarav Verma",100.00
142,"Mohit Reddy",100.00
165,"Ananya Rao",100.00
229,"Harsh Nair",100.00
239,"Kavya Agarwal",100.00
281,"Aditi Das",100.00
295,"Varun Rao",100.00
297,"Priya Choudhary",100.00
302,"Ritesh Joshi",100.00
313,"Rohan Reddy",100.00
316,"Siddharth Gupta",100.00
319,"Aditya Agarwal",100.00
339,"Rohan Sinha",100.00
347,"Kavya Mehta",100.00
352,"Aarav Joshi",100.00
361,"Neha Nair",100.00
371,"Om Mehta",100.00
412,"Dev Thakur",100.00
414,"Tanmay Jain",100.00
421,"Harsh Gupta",100.00
426,"Kunal Iyer",100.00
427,"Sai Thakur",100.00
435,"Harsh Verma",100.00
436,"Ritika Khanna",100.00
442,"Deepak Rao",100.00
450,"Varun Jain",100.00
462,"Siddharth Mehta",100.00
483,"Aarav Bansal",100.00
488,"Yash Ghosh",100.00
532,"Arjun Sharma",100.00
541,"Varun Nair",100.00
575,"Neha Khanna",100.00
589,"Yash Jain",100.00
591,"Aditya Dubey",100.00
601,"Mohit Iyer",100.00
610,"Dev Dubey",100.00
629,"Yash Bansal",100.00
643,"Arjun Jain",100.00
644,"Aditya Khanna",100.00
650,"Aarav Patel",100.00
656,"Kavya Dubey",100.00
662,"Dev Patel",100.00
670,"Ritesh Rao",100.00
694,"Varun Khanna",100.00
701,"Yash Ghosh",100.00
726,"Aditya Joshi",100.00
731,"Sai Kapoor",100.00
733,"Sneha Jain",100.00
735,"Deepak Dubey",100.00
746,"Krishna Dubey",100.00
754,"Sai Mehta",100.00
765,"Ishaan Kapoor",100.00
779,"Sneha Agarwal",100.00
785,"Priya Menon",100.00
789,"Aditi Jain",100.00
801,"Kunal Khanna",100.00
814,"Manav Khanna",100.00
819,"Aman Sinha",100.00
859,"Siddharth Reddy",100.00
862,"Tanmay Khanna",100.00
865,"Diya Sharma",100.00
872,"Pooja Reddy",100.00
881,"Siddharth Rao",100.00
885,"Krishna Reddy",100.00
897,"Om Kapoor",100.00
919,"Aditya Choudhary",100.00
926,"Aditya Patel",100.00
939,"Siddharth Patel",100.00
949,"Aarav Menon",100.00
952,"Ritesh Patel",100.00
979,"Ritesh Thakur",100.00
982,"Harsh Gupta",100.00
991,"Kavya Mehta",100.00
998,"Mohit Bansal",100.00
1006,"Tanmay Jain",100.00
1020,"Ananya Sinha",100.00
1032,"Varun Sharma",100.00
1057,"Rahul Pandey",100.00
1073,"Dev Das",100.00
1078,"Dev Choudhary",100.00
1094,"Aarav Choudhary",100.00
1095,"Aditya Khanna",100.00
1099,"Meera Agarwal",100.00
1121,"Rahul Gupta",100.00
1128,"Ritesh Sharma",100.00
1141,"Meera Verma",100.00
1143,"Sai Khanna",100.00
1154,"Varun Jain",100.00
1155,"Ritika Verma",100.00
1162,"Diya Bansal",100.00
1163,"Kunal Das",100.00
1170,"Nikhil Jain",100.00
1175,"Dev Sharma",100.00
1203,"Manav Nair",100.00
1204,"Neha Khanna",100.00
1212,"Nikhil Iyer",100.00
1217,"Pooja Joshi",100.00
1223,"Arjun Choudhary",100.00
1235,"Ritika Gupta",100.00
1248,"Priya Das",100.00
1249,"Meera Kapoor",100.00
1264,"Ananya Thakur",100.00
1289,"Priya Sinha",100.00
1300,"Aditya Nair",100.00
1302,"Nikhil Patel",100.00
1309,"Nikhil Dubey",100.00
1314,"Ananya Iyer",100.00
1332,"Aditya Ghosh",100.00
1340,"Varun Menon",100.00
1342,"Diya Ghosh",100.00
1349,"Priya Rao",100.00
1355,"Ananya Joshi",100.00
1396,"Aditi Gupta",100.00
1408,"Neha Thakur",100.00
1426,"Aditya Khanna",100.00
1434,"Ritesh Kapoor",100.00
1435,"Nikhil Agarwal",100.00
1440,"Sneha Patel",100.00
1457,"Diya Agarwal",100.00
1458,"Tanmay Ghosh",100.00
1472,"Krishna Agarwal",100.00
1486,"Sneha Iyer",100.00
1502,"Arjun Thakur",100.00
1509,"Harsh Sharma",100.00
1511,"Rohan Agarwal",100.00
1527,"Siddharth Gupta",100.00
1536,"Aarav Jain",100.00
1539,"Priya Ghosh",100.00
1547,"Meera Bansal",100.00
1550,"Sai Rao",100.00
1556,"Neha Sinha",100.00
1557,"Deepak Khanna",100.00
1565,"Harsh Iyer",100.00
1582,"Aditya Mehta",100.00
1583,"Om Sinha",100.00
1601,"Priya Mehta",100.00
1608,"Sneha Mehta",100.00
1619,"Ritesh Pandey",100.00
1624,"Ananya Rao",100.00
1636,"Meera Thakur",100.00
1637,"Meera Ghosh",100.00
1639,"Siddharth Mehta",100.00
1656,"Om Thakur",100.00
1665,"Om Verma",100.00
1677,"Sneha Iyer",100.00
1683,"Vivaan Dubey",100.00
1692,"Manav Sinha",100.00
1694,"Aditya Kapoor",100.00
1707,"Om Choudhary",100.00
1719,"Manav Sharma",100.00
1746,"Rohan Patel",100.00
1749,"Diya Joshi",100.00
1751,"Aditya Bansal",100.00
1757,"Aditi Ghosh",100.00
1780,"Tanmay Pandey",100.00
1816,"Harsh Nair",100.00
1818,"Dev Bansal",100.00
1819,"Dev Reddy",100.00
1832,"Ananya Ghosh",100.00
1869,"Siddharth Kapoor",100.00
1873,"Siddharth Menon",100.00
1876,"Kunal Verma",100.00
1879,"Kavya Verma",100.00
1884,"Aman Pandey",100.00
1886,"Harsh Sharma",100.00
1897,"Priya Gupta",100.00
1908,"Aarav Rao",100.00
1912,"Arjun Dubey",100.00
1922,"Kunal Pandey",100.00
1926,"Meera Agarwal",100.00
1935,"Arjun Thakur",100.00
1955,"Aditi Mehta",100.00
1959,"Om Reddy",100.00
1965,"Sai Rao",100.00
1966,"Deepak Das",100.00
1998,"Tanmay Gupta",100.00
2000,"Rahul Mehta",100.00
2005,"Ananya Reddy",100.00
2008,"Varun Mehta",100.00
2013,"Sneha Rao",100.00
2017,"Priya Iyer",100.00
2019,"Nikhil Sharma",100.00
2030,"Kavya Reddy",100.00
2060,"Kunal Patel",100.00
2062,"Arjun Pandey",100.00
2063,"Kavya Das",100.00
2075,"Ananya Thakur",100.00
2085,"Pooja Khanna",100.00
2094,"Yash Verma",100.00
2095,"Ritesh Menon",100.00
2105,"Rohan Patel",100.00
2112,"Nikhil Menon",100.00
2117,"Aditya Verma",100.00
2120,"Vivaan Choudhary",100.00
2124,"Siddharth Dubey",100.00
2126,"Arjun Agarwal",100.00
2143,"Harsh Verma",100.00
2145,"Rahul Mehta",100.00
2149,"Dev Choudhary",100.00
2150,"Aman Iyer",100.00
2152,"Aarav Kapoor",100.00
2159,"Ananya Reddy",100.00
2164,"Ananya Agarwal",100.00
2167,"Harsh Jain",100.00
2169,"Siddharth Das",100.00
2178,"Rohan Rao",100.00
2206,"Siddharth Gupta",100.00
2218,"Nikhil Gupta",100.00
2225,"Pooja Rao",100.00
2243,"Aman Das",100.00
2267,"Aman Kapoor",100.00
2272,"Ishaan Patel",100.00
2274,"Om Thakur",100.00
2297,"Manav Jain",100.00
2302,"Arjun Menon",100.00
2305,"Rahul Das",100.00
2320,"Aman Jain",100.00
2321,"Om Agarwal",100.00
2337,"Krishna Agarwal",100.00
2341,"Manav Khanna",100.00
2351,"Deepak Iyer",100.00
2352,"Deepak Bansal",100.00
2363,"Priya Menon",100.00
2369,"Krishna Dubey",100.00
2370,"Rahul Das",100.00
2412,"Kavya Sinha",100.00
2416,"Siddharth Sinha",100.00
2424,"Sai Gupta",100.00
2437,"Kavya Thakur",100.00
2441,"Ishaan Thakur",100.00
2442,"Om Menon",100.00
2444,"Kavya Jain",100.00
2457,"Manav Bansal",100.00
2465,"Yash Pandey",100.00
2466,"Aditya Reddy",100.00
2478,"Mohit Bansal",100.00
2482,"Ritesh Patel",100.00
2501,"Kunal Rao",100.00
2512,"Tanmay Gupta",100.00
2520,"Nikhil Ghosh",100.00
2526,"Ritesh Iyer",100.00
2534,"Rahul Thakur",100.00
2535,"Aditya Nair",100.00
2540,"Diya Menon",100.00
2541,"Tanmay Iyer",100.00
2546,"Pooja Joshi",100.00
2547,"Pooja Patel",100.00
2551,"Ritesh Iyer",100.00
2564,"Aman Mehta",100.00
2571,"Ritika Jain",100.00
2572,"Sneha Verma",100.00
2580,"Kunal Sharma",100.00
2583,"Ritesh Sinha",100.00
2586,"Kunal Bansal",100.00
2590,"Yash Reddy",100.00
2603,"Neha Agarwal",100.00
2612,"Rahul Agarwal",100.00
2618,"Vivaan Choudhary",100.00
2628,"Varun Gupta",100.00
2637,"Aditi Patel",100.00
2650,"Nikhil Sharma",100.00
2651,"Arjun Thakur",100.00
2657,"Aditya Bansal",100.00
2663,"Dev Mehta",100.00
2686,"Arjun Dubey",100.00
2691,"Harsh Mehta",100.00
2692,"Vivaan Das",100.00
2708,"Vivaan Sinha",100.00
2710,"Rahul Reddy",100.00
2713,"Krishna Verma",100.00
2737,"Rahul Bansal",100.00
2741,"Varun Verma",100.00
2744,"Harsh Reddy",100.00
2746,"Sai Joshi",100.00
2753,"Aditi Patel",100.00
2761,"Ritika Das",100.00
2762,"Ritesh Nair",100.00
2781,"Siddharth Rao",100.00
2791,"Nikhil Patel",100.00
2798,"Deepak Das",100.00
2812,"Ananya Das",100.00
2814,"Om Bansal",100.00
2838,"Ishaan Menon",100.00
2840,"Sneha Choudhary",100.00
2852,"Arjun Das",100.00
2857,"Harsh Reddy",100.00
2863,"Dev Kapoor",100.00
2868,"Aarav Gupta",100.00
2887,"Priya Ghosh",100.00
2893,"Nikhil Mehta",100.00
2894,"Sai Nair",100.00
2917,"Kunal Bansal",100.00
2926,"Priya Mehta",100.00
2933,"Manav Patel",100.00
2941,"Manav Pandey",100.00
2965,"Vivaan Gupta",100.00
2970,"Manav Sharma",100.00
2982,"Rohan Jain",100.00
2992,"Sneha Nair",100.00
3000,"Varun Verma",100.00
3018,"Ananya Gupta",100.00
3020,"Ishaan Verma",100.00
3033,"Neha Sinha",100.00
3034,"Diya Jain",100.00
3047,"Kunal Ghosh",100.00
3060,"Pooja Pandey",100.00
3071,"Pooja Khanna",100.00
3074,"Arjun Mehta",100.00
3085,"Yash Pandey",100.00
3128,"Yash Das",100.00
3132,"Kavya Jain",100.00
3136,"Aman Verma",100.00
3137,"Ritesh Menon",100.00
3138,"Varun Thakur",100.00
3184,"Aditi Kapoor",100.00
3185,"Vivaan Sinha",100.00
3199,"Ananya Thakur",100.00
3200,"Aman Nair",100.00
3204,"Kavya Mehta",100.00
3206,"Harsh Verma",100.00
3228,"Aarav Gupta",100.00
3231,"Kunal Gupta",100.00
3233,"Nikhil Sinha",100.00
3234,"Manav Rao",100.00
3242,"Krishna Sharma",100.00
3243,"Vivaan Pandey",100.00
3270,"Aditya Rao",100.00
3273,"Priya Jain",100.00
3293,"Sneha Kapoor",100.00
3294,"Harsh Sinha",100.00
3300,"Ritika Thakur",100.00
3323,"Rahul Khanna",100.00
3345,"Tanmay Sinha",100.00
3351,"Varun Joshi",100.00
3357,"Manav Menon",100.00
3371,"Ritika Rao",100.00
3375,"Harsh Thakur",100.00
3379,"Krishna Dubey",100.00
3401,"Varun Jain",100.00
3410,"Arjun Pandey",100.00
3411,"Neha Jain",100.00
3418,"Manav Sinha",100.00
3447,"Arjun Jain",100.00
3448,"Pooja Verma",100.00
3464,"Sai Thakur",100.00
3509,"Pooja Gupta",100.00
3524,"Meera Dubey",100.00
3527,"Pooja Sharma",100.00
3530,"Yash Sharma",100.00
3533,"Rohan Khanna",100.00
3547,"Diya Reddy",100.00
3550,"Rohan Patel",100.00
3555,"Meera Nair",100.00
3561,"Siddharth Mehta",100.00
3569,"Aditi Kapoor",100.00
3573,"Aman Sharma",100.00
3584,"Aditya Thakur",100.00
3589,"Diya Das",100.00
3594,"Tanmay Nair",100.00
3600,"Krishna Choudhary",100.00
3609,"Arjun Sinha",100.00
3610,"Deepak Pandey",100.00
3618,"Aditi Iyer",100.00
3636,"Arjun Jain",100.00
3663,"Ananya Menon",100.00
3664,"Ishaan Sharma",100.00
3671,"Ritika Gupta",100.00
3678,"Kavya Reddy",100.00
3703,"Om Kapoor",100.00
3706,"Mohit Reddy",100.00
3723,"Aman Mehta",100.00
3724,"Deepak Rao",100.00
3731,"Arjun Reddy",100.00
3732,"Arjun Khanna",100.00
3751,"Ritesh Jain",100.00
3758,"Sneha Jain",100.00
3763,"Varun Patel",100.00
3785,"Arjun Jain",100.00
3791,"Aditya Agarwal",100.00
3806,"Rohan Sinha",100.00
3809,"Deepak Reddy",100.00
3830,"Krishna Jain",100.00
3831,"Mohit Patel",100.00
3836,"Krishna Dubey",100.00
3843,"Harsh Thakur",100.00
3869,"Deepak Sharma",100.00
3891,"Meera Bansal",100.00
3895,"Nikhil Mehta",100.00
3898,"Meera Ghosh",100.00
3899,"Siddharth Jain",100.00
3912,"Pooja Jain",100.00
3950,"Deepak Kapoor",100.00
3954,"Pooja Iyer",100.00
3976,"Mohit Thakur",100.00
3984,"Diya Reddy",100.00
3992,"Arjun Menon",100.00
3996,"Tanmay Choudhary",100.00
4010,"Rahul Khanna",100.00
4013,"Neha Bansal",100.00
4025,"Ishaan Iyer",100.00
4032,"Aditya Joshi",100.00
4036,"Yash Thakur",100.00
4043,"Kunal Dubey",100.00
4051,"Sai Bansal",100.00
4077,"Aarav Dubey",100.00
4078,"Dev Khanna",100.00
4084,"Meera Menon",100.00
4094,"Neha Dubey",100.00
4104,"Sai Mehta",100.00
4106,"Sai Khanna",100.00
4112,"Diya Reddy",100.00
4120,"Aditya Khanna",100.00
4125,"Ritesh Agarwal",100.00
4126,"Manav Bansal",100.00
4133,"Kunal Jain",100.00
4150,"Kunal Pandey",100.00
4171,"Deepak Menon",100.00
4187,"Ritika Pandey",100.00
4192,"Yash Pandey",100.00
4193,"Harsh Pandey",100.00
4198,"Krishna Das",100.00
4216,"Krishna Kapoor",100.00
4217,"Neha Rao",100.00
4251,"Aditya Iyer",100.00
4273,"Ishaan Rao",100.00
4315,"Om Ghosh",100.00
4323,"Siddharth Jain",100.00
4340,"Rohan Patel",100.00
4359,"Rohan Patel",100.00
4384,"Sai Agarwal",100.00
4385,"Siddharth Menon",100.00
4390,"Rahul Kapoor",100.00
4422,"Aditi Thakur",100.00
4423,"Arjun Thakur",100.00
4448,"Mohit Iyer",100.00
4451,"Manav Thakur",100.00
4460,"Sneha Nair",100.00
4468,"Neha Gupta",100.00
4469,"Aditya Rao",100.00
4481,"Kavya Reddy",100.00
4483,"Varun Agarwal",100.00
4488,"Krishna Thakur",100.00
4511,"Manav Verma",100.00
4517,"Arjun Thakur",100.00
4536,"Rohan Sharma",100.00
4559,"Deepak Reddy",100.00
4567,"Manav Sinha",100.00
4571,"Aman Sharma",100.00
4575,"Ritika Menon",100.00
4586,"Manav Ghosh",100.00
4588,"Aman Menon",100.00
4615,"Aman Iyer",100.00
4619,"Kunal Patel",100.00
4635,"Manav Thakur",100.00
4637,"Neha Mehta",100.00
4643,"Aman Sharma",100.00
4676,"Kunal Ghosh",100.00
4677,"Mohit Rao",100.00
4688,"Rahul Choudhary",100.00
4700,"Ishaan Joshi",100.00
4706,"Sai Agarwal",100.00
4712,"Ananya Dubey",100.00
4725,"Deepak Dubey",100.00
4735,"Dev Agarwal",100.00
4736,"Diya Das",100.00
4756,"Varun Pandey",100.00
4757,"Diya Verma",100.00
4761,"Aditi Gupta",100.00
4771,"Arjun Dubey",100.00
4772,"Tanmay Agarwal",100.00
4797,"Neha Sinha",100.00
4804,"Pooja Sharma",100.00
4806,"Tanmay Reddy",100.00
4813,"Ishaan Menon",100.00
4819,"Ananya Choudhary",100.00
4830,"Varun Pandey",100.00
4832,"Varun Jain",100.00
4833,"Ritika Kapoor",100.00
4846,"Kunal Agarwal",100.00
4848,"Krishna Iyer",100.00
4849,"Priya Pandey",100.00
4857,"Rahul Gupta",100.00
4865,"Arjun Rao",100.00
4889,"Dev Iyer",100.00
4893,"Aditya Choudhary",100.00
4916,"Arjun Bansal",100.00
4935,"Siddharth Choudhary",100.00
4942,"Harsh Ghosh",100.00
4950,"Varun Dubey",100.00
4951,"Nikhil Das",100.00
4953,"Kunal Reddy",100.00
4954,"Vivaan Sinha",100.00
4967,"Arjun Gupta",100.00
4974,"Diya Menon",100.00
4985,"Ritesh Das",100.00
4992,"Siddharth Dubey",100.00
5029,"Mohit Pandey",100.00
5035,"Aditi Pandey",100.00
5042,"Yash Sinha",100.00
5049,"Meera Khanna",100.00
5051,"Ritika Reddy",100.00
5062,"Yash Dubey",100.00
5107,"Ritesh Verma",100.00
5129,"Harsh Agarwal",100.00
5135,"Harsh Thakur",100.00
5143,"Pooja Kapoor",100.00
5152,"Vivaan Pandey",100.00
5154,"Priya Das",100.00
5158,"Ritika Khanna",100.00
5185,"Om Rao",100.00
5188,"Aditya Ghosh",100.00
5190,"Dev Pandey",100.00
5191,"Neha Patel",100.00
5193,"Siddharth Das",100.00
5203,"Ritika Agarwal",100.00
5222,"Yash Menon",100.00
5234,"Aarav Nair",100.00
5249,"Tanmay Sinha",100.00
5253,"Aditya Rao",100.00
5258,"Krishna Verma",100.00
5264,"Ritesh Gupta",100.00
5268,"Tanmay Sinha",100.00
5270,"Arjun Rao",100.00
5280,"Ritesh Sharma",100.00
5286,"Pooja Mehta",100.00
5291,"Yash Khanna",100.00
5292,"Deepak Gupta",100.00
5302,"Varun Gupta",100.00
5307,"Aman Sinha",100.00
5312,"Tanmay Sinha",100.00
5324,"Priya Menon",100.00
5333,"Kavya Ghosh",100.00
5348,"Sai Kapoor",100.00
5353,"Ritesh Reddy",100.00
5360,"Tanmay Pandey",100.00
5379,"Manav Mehta",100.00
5387,"Ananya Dubey",100.00
5390,"Kavya Patel",100.00
5392,"Arjun Reddy",100.00
5416,"Aman Menon",100.00
5418,"Ritesh Reddy",100.00
5434,"Diya Bansal",100.00
5441,"Yash Verma",100.00
5443,"Harsh Gupta",100.00
5450,"Sneha Ghosh",100.00
5458,"Siddharth Sinha",100.00
5465,"Kunal Agarwal",100.00
5472,"Aarav Iyer",100.00
5479,"Aditya Verma",100.00
5498,"Vivaan Reddy",100.00
5504,"Nikhil Menon",100.00
5507,"Manav Choudhary",100.00
5527,"Diya Agarwal",100.00
5547,"Ananya Patel",100.00
5604,"Aditi Pandey",100.00
5609,"Mohit Ghosh",100.00
5625,"Kunal Sharma",100.00
5626,"Harsh Iyer",100.00
5634,"Mohit Rao",100.00
5660,"Aarav Ghosh",100.00
5676,"Krishna Verma",100.00
5677,"Deepak Thakur",100.00
5683,"Manav Menon",100.00
5684,"Siddharth Ghosh",100.00
5721,"Diya Iyer",100.00
5723,"Neha Reddy",100.00
5755,"Siddharth Kapoor",100.00
5758,"Vivaan Kapoor",100.00
5766,"Arjun Khanna",100.00
5774,"Rahul Reddy",100.00
5820,"Ritika Reddy",100.00
5826,"Sneha Choudhary",100.00
5828,"Diya Patel",100.00
5843,"Priya Kapoor",100.00
5846,"Sneha Gupta",100.00
5857,"Kavya Mehta",100.00
5865,"Rahul Thakur",100.00
5893,"Neha Reddy",100.00
5906,"Manav Dubey",100.00
5925,"Ananya Das",100.00
5926,"Sai Thakur",100.00
5976,"Aditi Thakur",100.00
5989,"Aarav Nair",100.00
5997,"Ritesh Khanna",100.00
6002,"Vivaan Joshi",100.00
6003,"Rohan Verma",100.00
6005,"Varun Jain",100.00
6015,"Aman Sharma",100.00
6017,"Aditya Bansal",100.00
6031,"Om Pandey",100.00
6050,"Ritesh Pandey",100.00
6052,"Aditya Patel",100.00
6053,"Krishna Das",100.00
6059,"Kunal Gupta",100.00
6074,"Rohan Jain",100.00
6079,"Sai Bansal",100.00
6091,"Pooja Menon",100.00
6109,"Yash Mehta",100.00
6123,"Aditya Gupta",100.00
6128,"Arjun Joshi",100.00
6144,"Manav Mehta",100.00
6148,"Kavya Khanna",100.00
6164,"Sneha Thakur",100.00
6165,"Ananya Joshi",100.00
6170,"Siddharth Choudhary",100.00
6173,"Ishaan Mehta",100.00
6178,"Harsh Bansal",100.00
6181,"Ananya Sharma",100.00
6189,"Pooja Menon",100.00
6191,"Krishna Ghosh",100.00
6201,"Pooja Kapoor",100.00
6210,"Varun Joshi",100.00
6237,"Priya Sinha",100.00
6250,"Sneha Mehta",100.00
6257,"Harsh Joshi",100.00
6258,"Aarav Menon",100.00
6263,"Varun Patel",100.00
6266,"Krishna Ghosh",100.00
6267,"Om Nair",100.00
6309,"Sneha Nair",100.00
6312,"Harsh Das",100.00
6317,"Sai Mehta",100.00
6320,"Siddharth Patel",100.00
6324,"Ananya Pandey",100.00
6329,"Deepak Verma",100.00
6335,"Arjun Choudhary",100.00
6346,"Ishaan Thakur",100.00
6348,"Nikhil Menon",100.00
6365,"Aarav Dubey",100.00
6367,"Neha Sinha",100.00
6372,"Kunal Verma",100.00
6401,"Neha Ghosh",100.00
6402,"Aditi Ghosh",100.00
6403,"Nikhil Jain",100.00
6409,"Aman Sharma",100.00
6416,"Meera Thakur",100.00
6419,"Aditi Mehta",100.00
6423,"Nikhil Sharma",100.00
6427,"Priya Sinha",100.00
6428,"Tanmay Reddy",100.00
6429,"Siddharth Rao",100.00
6433,"Siddharth Kapoor",100.00
6436,"Mohit Dubey",100.00
6449,"Ritika Iyer",100.00
6461,"Manav Agarwal",100.00
6510,"Siddharth Bansal",100.00
6513,"Pooja Mehta",100.00
6514,"Siddharth Jain",100.00
6518,"Diya Pandey",100.00
6523,"Kavya Reddy",100.00
6527,"Varun Rao",100.00
6534,"Ananya Choudhary",100.00
6541,"Meera Kapoor",100.00
6542,"Ananya Patel",100.00
6548,"Deepak Verma",100.00
6550,"Aditya Menon",100.00
6553,"Mohit Iyer",100.00
6558,"Vivaan Iyer",100.00
6563,"Pooja Joshi",100.00
6566,"Sneha Choudhary",100.00
6585,"Harsh Rao",100.00
6587,"Aditya Patel",100.00
6599,"Vivaan Joshi",100.00
6600,"Kunal Choudhary",100.00
6606,"Rahul Reddy",100.00
6607,"Kunal Jain",100.00
6623,"Deepak Patel",100.00
6627,"Om Dubey",100.00
6635,"Varun Patel",100.00
6638,"Rahul Dubey",100.00
6650,"Ritesh Agarwal",100.00
6687,"Ananya Sinha",100.00
6688,"Nikhil Verma",100.00
6689,"Aarav Choudhary",100.00
6702,"Pooja Thakur",100.00
6704,"Priya Reddy",100.00
6707,"Aman Choudhary",100.00
6755,"Kunal Choudhary",100.00
6757,"Kunal Dubey",100.00
6765,"Pooja Dubey",100.00
6766,"Varun Kapoor",100.00
6770,"Pooja Verma",100.00
6773,"Harsh Pandey",100.00
6792,"Yash Das",100.00
6804,"Siddharth Choudhary",100.00
6806,"Aditya Sinha",100.00
6813,"Meera Mehta",100.00
6816,"Manav Das",100.00
6823,"Harsh Jain",100.00
6825,"Aditi Khanna",100.00
6851,"Ananya Mehta",100.00
6857,"Ananya Ghosh",100.00
6858,"Aarav Rao",100.00
6859,"Tanmay Agarwal",100.00
6863,"Pooja Bansal",100.00
6864,"Deepak Iyer",100.00
6869,"Dev Gupta",100.00
6870,"Nikhil Joshi",100.00
6890,"Priya Verma",100.00
6901,"Arjun Dubey",100.00
6902,"Neha Menon",100.00
6905,"Siddharth Thakur",100.00
6916,"Dev Iyer",100.00
6950,"Kunal Patel",100.00
6956,"Arjun Dubey",100.00
6958,"Sai Das",100.00
6970,"Dev Bansal",100.00
6972,"Kunal Choudhary",100.00
6982,"Aditya Pandey",100.00
7007,"Sneha Joshi",100.00
7014,"Nikhil Reddy",100.00
7018,"Kunal Jain",100.00
7027,"Sai Thakur",100.00
7049,"Manav Gupta",100.00
7054,"Aman Choudhary",100.00
7057,"Aditi Patel",100.00
7059,"Nikhil Gupta",100.00
7063,"Yash Sharma",100.00
7064,"Ishaan Reddy",100.00
7071,"Aditi Menon",100.00
7073,"Diya Patel",100.00
7093,"Tanmay Dubey",100.00
7110,"Om Sharma",100.00
7128,"Diya Joshi",100.00
7141,"Sai Kapoor",100.00
7153,"Om Verma",100.00
7158,"Vivaan Jain",100.00
7174,"Priya Ghosh",100.00
7176,"Yash Nair",100.00
7194,"Yash Pandey",100.00
7204,"Siddharth Nair",100.00
7209,"Varun Menon",100.00
7211,"Manav Nair",100.00
7213,"Varun Iyer",100.00
7215,"Sneha Rao",100.00
7218,"Pooja Choudhary",100.00
7222,"Kunal Joshi",100.00
7238,"Tanmay Sinha",100.00
7249,"Manav Thakur",100.00
7258,"Deepak Ghosh",100.00
7259,"Kavya Pandey",100.00
7266,"Vivaan Menon",100.00
7270,"Dev Patel",100.00
7277,"Kunal Iyer",100.00
7293,"Deepak Nair",100.00
7294,"Ishaan Bansal",100.00
7297,"Pooja Gupta",100.00
7300,"Ritika Iyer",100.00
7303,"Dev Verma",100.00
7309,"Sai Patel",100.00
7317,"Harsh Choudhary",100.00
7323,"Ritika Jain",100.00
7344,"Aman Sharma",100.00
7346,"Rahul Bansal",100.00
7349,"Rohan Rao",100.00
7354,"Aditi Verma",100.00
7364,"Rahul Gupta",100.00
7375,"Aditi Joshi",100.00
7394,"Ananya Nair",100.00
7401,"Pooja Khanna",100.00
7449,"Ananya Verma",100.00
7453,"Krishna Das",100.00
7454,"Ananya Sharma",100.00
7480,"Rohan Kapoor",100.00
7483,"Aman Mehta",100.00
7494,"Priya Ghosh",100.00
7502,"Aarav Jain",100.00
7513,"Krishna Agarwal",100.00
7536,"Rahul Patel",100.00
7541,"Aarav Iyer",100.00
7546,"Siddharth Mehta",100.00
7553,"Varun Pandey",100.00
7565,"Harsh Sharma",100.00
7567,"Sai Dubey",100.00
7572,"Nikhil Agarwal",100.00
7595,"Rahul Joshi",100.00
7598,"Pooja Thakur",100.00
7599,"Kavya Reddy",100.00
7610,"Ritika Mehta",100.00
7614,"Varun Reddy",100.00
7616,"Pooja Dubey",100.00
7622,"Meera Dubey",100.00
7646,"Priya Reddy",100.00
7649,"Mohit Rao",100.00
7654,"Harsh Iyer",100.00
7669,"Dev Nair",100.00
7680,"Nikhil Kapoor",100.00
7705,"Diya Dubey",100.00
7706,"Yash Dubey",100.00
7712,"Yash Thakur",100.00
7720,"Mohit Agarwal",100.00
7722,"Aditya Menon",100.00
7756,"Neha Thakur",100.00
7757,"Aarav Dubey",100.00
7758,"Aarav Gupta",100.00
7770,"Siddharth Thakur",100.00
7778,"Ritika Bansal",100.00
7790,"Diya Kapoor",100.00
7793,"Priya Rao",100.00
7794,"Deepak Thakur",100.00
7796,"Dev Gupta",100.00
7810,"Ishaan Iyer",100.00
7812,"Kavya Kapoor",100.00
7821,"Rahul Jain",100.00
7841,"Manav Joshi",100.00
7862,"Sneha Joshi",100.00
7864,"Deepak Jain",100.00
7879,"Kunal Thakur",100.00
7882,"Rohan Dubey",100.00
7884,"Aditi Gupta",100.00
7886,"Deepak Choudhary",100.00
7893,"Aman Choudhary",100.00
7897,"Yash Agarwal",100.00
7911,"Rahul Kapoor",100.00
7923,"Pooja Mehta",100.00
7942,"Aarav Jain",100.00
7944,"Dev Patel",100.00
7945,"Siddharth Menon",100.00
7971,"Manav Mehta",100.00
7982,"Aman Sinha",100.00
7984,"Dev Khanna",100.00
8018,"Ishaan Gupta",100.00
8024,"Aditi Joshi",100.00
8028,"Kavya Iyer",100.00
8030,"Aman Khanna",100.00
8038,"Harsh Joshi",100.00
8048,"Diya Patel",100.00
8068,"Sai Verma",100.00
8080,"Arjun Iyer",100.00
8087,"Harsh Dubey",100.00
8095,"Aditya Patel",100.00
8105,"Om Joshi",100.00
8108,"Om Patel",100.00
8118,"Rohan Pandey",100.00
8119,"Ishaan Dubey",100.00
8124,"Mohit Das",100.00
8131,"Varun Dubey",100.00
8132,"Arjun Agarwal",100.00
8146,"Ritika Kapoor",100.00
8188,"Sneha Rao",100.00
8193,"Pooja Jain",100.00
8204,"Krishna Khanna",100.00
8205,"Yash Rao",100.00
8212,"Rohan Mehta",100.00
8234,"Varun Gupta",100.00
8247,"Om Patel",100.00
8261,"Kunal Rao",100.00
8270,"Aditi Ghosh",100.00
8278,"Aman Sharma",100.00
8282,"Krishna Menon",100.00
8289,"Om Pandey",100.00
8293,"Vivaan Ghosh",100.00
8294,"Aarav Jain",100.00
8300,"Meera Reddy",100.00
8336,"Siddharth Iyer",100.00
8337,"Rohan Thakur",100.00
8352,"Manav Pandey",100.00
8370,"Sneha Sinha",100.00
8375,"Dev Das",100.00
8412,"Siddharth Menon",100.00
8413,"Harsh Bansal",100.00
8416,"Siddharth Verma",100.00
8421,"Ananya Joshi",100.00
8426,"Pooja Das",100.00
8427,"Sneha Agarwal",100.00
8449,"Aman Patel",100.00
8456,"Om Mehta",100.00
8463,"Pooja Verma",100.00
8472,"Sai Dubey",100.00
8492,"Sai Verma",100.00
8501,"Arjun Jain",100.00
8505,"Sneha Dubey",100.00
8510,"Krishna Iyer",100.00
8538,"Aman Ghosh",100.00
8542,"Tanmay Bansal",100.00
8551,"Meera Verma",100.00
8556,"Rahul Das",100.00
8573,"Kunal Choudhary",100.00
8576,"Varun Joshi",100.00
8593,"Deepak Jain",100.00
8594,"Varun Rao",100.00
8595,"Vivaan Thakur",100.00
8596,"Arjun Menon",100.00
8600,"Kavya Khanna",100.00
8603,"Tanmay Mehta",100.00
8604,"Sneha Das",100.00
8613,"Kunal Sinha",100.00
8619,"Kunal Sinha",100.00
8639,"Ananya Pandey",100.00
8652,"Aarav Nair",100.00
8664,"Ritika Nair",100.00
8673,"Neha Patel",100.00
8674,"Kavya Agarwal",100.00
8681,"Aditya Gupta",100.00
8694,"Sneha Thakur",100.00
8720,"Ritika Pandey",100.00
8723,"Varun Bansal",100.00
8733,"Ritesh Patel",100.00
8758,"Sneha Nair",100.00
8769,"Kavya Patel",100.00
8783,"Meera Rao",100.00
8786,"Ritesh Bansal",100.00
8812,"Ananya Bansal",100.00
8837,"Sai Verma",100.00
8843,"Om Nair",100.00
8852,"Om Das",100.00
8854,"Deepak Kapoor",100.00
8855,"Ritesh Das",100.00
8857,"Rohan Choudhary",100.00
8859,"Arjun Joshi",100.00
8871,"Aarav Kapoor",100.00
8872,"Pooja Sinha",100.00
8874,"Harsh Sinha",100.00
8876,"Deepak Iyer",100.00
8882,"Aman Mehta",100.00
8898,"Ananya Gupta",100.00
8900,"Ananya Choudhary",100.00
8907,"Arjun Jain",100.00
8914,"Sai Mehta",100.00
8922,"Tanmay Reddy",100.00
8943,"Ritika Pandey",100.00
8951,"Vivaan Bansal",100.00
8958,"Diya Nair",100.00
8963,"Tanmay Dubey",100.00
8970,"Harsh Verma",100.00
8972,"Rahul Nair",100.00
8994,"Vivaan Jain",100.00
8999,"Deepak Sharma",100.00
9005,"Arjun Joshi",100.00
9020,"Kavya Iyer",100.00
9034,"Rohan Ghosh",100.00
9038,"Neha Gupta",100.00
9051,"Ritesh Jain",100.00
9062,"Tanmay Thakur",100.00
9063,"Tanmay Rao",100.00
9066,"Tanmay Agarwal",100.00
9069,"Dev Gupta",100.00
9070,"Krishna Reddy",100.00
9071,"Om Sharma",100.00
9096,"Aditya Jain",100.00
9101,"Aditi Agarwal",100.00
9104,"Neha Joshi",100.00
9113,"Ritesh Gupta",100.00
9123,"Krishna Kapoor",100.00
9140,"Varun Verma",100.00
9143,"Priya Verma",100.00
9173,"Aarav Dubey",100.00
9177,"Dev Agarwal",100.00
9178,"Sneha Gupta",100.00
9180,"Pooja Gupta",100.00
9183,"Siddharth Bansal",100.00
9192,"Pooja Khanna",100.00
9195,"Mohit Nair",100.00
9199,"Yash Ghosh",100.00
9222,"Ishaan Gupta",100.00
9238,"Mohit Pandey",100.00
9246,"Dev Jain",100.00
9251,"Yash Menon",100.00
9256,"Deepak Menon",100.00
9263,"Nikhil Patel",100.00
9264,"Harsh Thakur",100.00
9266,"Ritika Ghosh",100.00
9301,"Priya Patel",100.00
9308,"Ritika Khanna",100.00
9319,"Vivaan Choudhary",100.00
9328,"Priya Rao",100.00
9334,"Ritika Dubey",100.00
9337,"Manav Das",100.00
9368,"Ritika Nair",100.00
9371,"Aman Reddy",100.00
9373,"Mohit Pandey",100.00
9377,"Ishaan Verma",100.00
9383,"Deepak Pandey",100.00
9396,"Mohit Rao",100.00
9398,"Krishna Khanna",100.00
9406,"Rahul Bansal",100.00
9409,"Sneha Rao",100.00
9411,"Manav Gupta",100.00
9412,"Aditi Khanna",100.00
9418,"Siddharth Mehta",100.00
9443,"Kunal Dubey",100.00
9448,"Neha Sinha",100.00
9449,"Ishaan Menon",100.00
9455,"Om Iyer",100.00
9459,"Om Menon",100.00
9462,"Ishaan Verma",100.00
9467,"Deepak Gupta",100.00
9472,"Dev Choudhary",100.00
9481,"Dev Das",100.00
9486,"Nikhil Verma",100.00
9488,"Krishna Jain",100.00
9501,"Rahul Iyer",100.00
9516,"Dev Gupta",100.00
9538,"Ritika Das",100.00
9544,"Manav Iyer",100.00
9552,"Deepak Ghosh",100.00
9556,"Neha Mehta",100.00
9587,"Neha Agarwal",100.00
9592,"Yash Reddy",100.00
9593,"Ishaan Choudhary",100.00
9609,"Tanmay Bansal",100.00
9614,"Dev Patel",100.00
9622,"Neha Iyer",100.00
9624,"Vivaan Joshi",100.00
9625,"Siddharth Jain",100.00
9626,"Dev Pandey",100.00
9646,"Diya Choudhary",100.00
9656,"Siddharth Pandey",100.00
9660,"Rahul Sharma",100.00
9662,"Harsh Khanna",100.00
9673,"Ishaan Nair",100.00
9714,"Deepak Jain",100.00
9736,"Varun Thakur",100.00
9755,"Harsh Nair",100.00
9759,"Meera Sharma",100.00
9760,"Yash Das",100.00
9782,"Mohit Jain",100.00
9789,"Kunal Sinha",100.00
9790,"Harsh Thakur",100.00
9791,"Manav Iyer",100.00
9810,"Varun Menon",100.00
9814,"Manav Bansal",100.00
9827,"Diya Rao",100.00
9837,"Ananya Sinha",100.00
9842,"Manav Gupta",100.00
9852,"Vivaan Pandey",100.00
9859,"Arjun Iyer",100.00
9880,"Arjun Dubey",100.00
9884,"Tanmay Jain",100.00
9885,"Aarav Khanna",100.00
9887,"Sneha Choudhary",100.00
9906,"Pooja Sharma",100.00
9908,"Om Das",100.00
9909,"Aarav Kapoor",100.00
9922,"Mohit Sharma",100.00
9925,"Om Thakur",100.00
9934,"Dev Nair",100.00
9958,"Arjun Bansal",100.00
9968,"Aditya Rao",100.00
9977,"Aman Menon",100.00
9978,"Neha Sharma",100.00
9979,"Krishna Iyer",100.00
9983,"Ishaan Gupta",100.00
9993,"Deepak Jain",100.00
10012,"Yash Gupta",100.00
10035,"Rohan Dubey",100.00
10051,"Varun Dubey",100.00
10058,"Ritesh Agarwal",100.00
10073,"Pooja Bansal",100.00
10084,"Ishaan Pandey",100.00
10101,"Manav Ghosh",100.00
10106,"Ritika Khanna",100.00
10107,"Yash Agarwal",100.00
10134,"Aman Pandey",100.00
10140,"Rahul Jain",100.00
10142,"Vivaan Verma",100.00
10147,"Priya Reddy",100.00
10152,"Dev Jain",100.00
10156,"Dev Pandey",100.00
10163,"Aditya Gupta",100.00
10166,"Meera Nair",100.00
10191,"Pooja Menon",100.00
10201,"Sneha Patel",100.00
10215,"Sneha Agarwal",100.00
10221,"Aman Kapoor",100.00
10234,"Yash Nair",100.00
10240,"Neha Menon",100.00
10245,"Om Joshi",100.00
10253,"Rohan Ghosh",100.00
10262,"Siddharth Verma",100.00
10279,"Sneha Patel",100.00
10287,"Krishna Nair",100.00
10304,"Vivaan Menon",100.00
10305,"Meera Das",100.00
10307,"Rohan Bansal",100.00
10311,"Rahul Sharma",100.00
10314,"Aarav Mehta",100.00
10317,"Mohit Sharma",100.00
10330,"Ishaan Thakur",100.00
10335,"Nikhil Jain",100.00
10336,"Priya Sharma",100.00
10347,"Dev Nair",100.00
10350,"Vivaan Sinha",100.00
10359,"Krishna Reddy",100.00
10360,"Vivaan Pandey",100.00
10369,"Neha Nair",100.00
10371,"Aditya Sinha",100.00
10378,"Harsh Thakur",100.00
10385,"Nikhil Mehta",100.00
10395,"Kunal Menon",100.00
10397,"Neha Pandey",100.00
10426,"Aarav Agarwal",100.00
10432,"Aman Verma",100.00
10438,"Priya Khanna",100.00
10448,"Mohit Nair",100.00
10452,"Pooja Gupta",100.00
10459,"Pooja Gupta",100.00
10474,"Harsh Choudhary",100.00
10496,"Mohit Gupta",100.00
10521,"Mohit Joshi",100.00
10522,"Rohan Sinha",100.00
10531,"Aditya Jain",100.00
10539,"Ananya Rao",100.00
10559,"Vivaan Patel",100.00
10596,"Krishna Verma",100.00
10601,"Priya Choudhary",100.00
10607,"Aditya Kapoor",100.00
10658,"Aditya Sharma",100.00
10672,"Kunal Sharma",100.00
10673,"Aditi Iyer",100.00
10704,"Nikhil Menon",100.00
10707,"Nikhil Iyer",100.00
10716,"Kunal Agarwal",100.00
10734,"Sai Ghosh",100.00
10741,"Siddharth Joshi",100.00
10745,"Yash Jain",100.00
10771,"Deepak Joshi",100.00
10792,"Sneha Patel",100.00
10804,"Deepak Ghosh",100.00
10809,"Sai Sharma",100.00
10812,"Meera Gupta",100.00
10826,"Nikhil Das",100.00
10837,"Diya Sinha",100.00
10858,"Siddharth Sinha",100.00
10859,"Sneha Iyer",100.00
10861,"Dev Bansal",100.00
10866,"Ananya Verma",100.00
10877,"Kavya Choudhary",100.00
10880,"Deepak Rao",100.00
10887,"Varun Gupta",100.00
10899,"Pooja Dubey",100.00
10908,"Deepak Menon",100.00
10910,"Manav Reddy",100.00
10924,"Siddharth Joshi",100.00
10925,"Rahul Sharma",100.00
10931,"Aditi Dubey",100.00
10934,"Priya Kapoor",100.00
10953,"Aarav Reddy",100.00
10957,"Manav Kapoor",100.00
10979,"Harsh Verma",100.00
10983,"Aman Sinha",100.00
10985,"Deepak Ghosh",100.00
10987,"Sai Verma",100.00
10990,"Dev Menon",100.00
11015,"Aman Jain",100.00
11024,"Deepak Nair",100.00
11025,"Sneha Dubey",100.00
11032,"Sai Ghosh",100.00
11036,"Varun Iyer",100.00
11038,"Varun Iyer",100.00
11044,"Sai Mehta",100.00
11047,"Aditya Nair",100.00
11058,"Vivaan Sinha",100.00
11070,"Ritika Kapoor",100.00
11081,"Nikhil Das",100.00
11085,"Dev Dubey",100.00
11092,"Dev Bansal",100.00
11094,"Aman Choudhary",100.00
11111,"Kunal Menon",100.00
11118,"Rohan Rao",100.00
11122,"Manav Thakur",100.00
11129,"Ritika Nair",100.00
11133,"Priya Jain",100.00
11146,"Aarav Menon",100.00
11148,"Ishaan Pandey",100.00
11155,"Manav Pandey",100.00
11183,"Priya Mehta",100.00
11201,"Aditi Dubey",100.00
11214,"Yash Choudhary",100.00
11229,"Pooja Thakur",100.00
11232,"Manav Menon",100.00
11238,"Ritika Reddy",100.00
11263,"Meera Reddy",100.00
11273,"Nikhil Jain",100.00
11282,"Pooja Iyer",100.00
11289,"Arjun Menon",100.00
11291,"Meera Patel",100.00
11292,"Ritesh Dubey",100.00
11299,"Priya Choudhary",100.00
11303,"Rahul Reddy",100.00
11308,"Harsh Joshi",100.00
11314,"Siddharth Sinha",100.00
11324,"Rahul Patel",100.00
11325,"Kunal Mehta",100.00
11329,"Mohit Nair",100.00
11333,"Sneha Nair",100.00
11366,"Manav Patel",100.00
11368,"Kavya Iyer",100.00
11376,"Rohan Menon",100.00
11383,"Dev Pandey",100.00
11392,"Neha Sinha",100.00
11407,"Mohit Agarwal",100.00
11411,"Diya Choudhary",100.00
11422,"Aditya Agarwal",100.00
11423,"Neha Pandey",100.00
11424,"Aarav Thakur",100.00
11474,"Aditi Khanna",100.00
11476,"Aditi Kapoor",100.00
11494,"Ritika Reddy",100.00
11507,"Varun Thakur",100.00
11508,"Aditi Patel",100.00
11511,"Mohit Menon",100.00
11518,"Om Dubey",100.00
11520,"Rahul Pandey",100.00
11525,"Neha Gupta",100.00
11538,"Sai Gupta",100.00
11553,"Yash Pandey",100.00
11563,"Tanmay Kapoor",100.00
11565,"Yash Dubey",100.00
11583,"Ritesh Ghosh",100.00
11590,"Sneha Choudhary",100.00
11596,"Siddharth Nair",100.00
11601,"Neha Das",100.00
11604,"Vivaan Joshi",100.00
11630,"Sneha Iyer",100.00
11631,"Ritesh Reddy",100.00
11636,"Varun Kapoor",100.00
11638,"Aarav Rao",100.00
11654,"Aman Sharma",100.00
11674,"Krishna Agarwal",100.00
11692,"Nikhil Verma",100.00
11693,"Om Menon",100.00
11706,"Siddharth Joshi",100.00
11715,"Ananya Ghosh",100.00
11764,"Om Gupta",100.00
11769,"Siddharth Khanna",100.00
11772,"Pooja Rao",100.00
11788,"Ritesh Choudhary",100.00
11798,"Aditya Das",100.00
11808,"Rohan Thakur",100.00
11814,"Rahul Bansal",100.00
11824,"Vivaan Mehta",100.00
11828,"Deepak Jain",100.00
11843,"Arjun Dubey",100.00
11847,"Varun Kapoor",100.00
11854,"Siddharth Jain",100.00
11857,"Priya Agarwal",100.00
11865,"Meera Sharma",100.00
11870,"Dev Menon",100.00
11874,"Siddharth Choudhary",100.00
11891,"Diya Ghosh",100.00
11893,"Kunal Dubey",100.00
11933,"Harsh Pandey",100.00
11940,"Sai Khanna",100.00
11946,"Yash Joshi",100.00
11959,"Arjun Verma",100.00
11969,"Kunal Dubey",100.00
11974,"Krishna Gupta",100.00
11978,"Neha Reddy",100.00
11979,"Diya Ghosh",100.00
11981,"Dev Verma",100.00
12018,"Rohan Dubey",100.00
12021,"Meera Choudhary",100.00
12028,"Kunal Kapoor",100.00
12057,"Ritika Thakur",100.00
12065,"Dev Menon",100.00
12066,"Neha Menon",100.00
12077,"Pooja Iyer",100.00
12104,"Sai Agarwal",100.00
12138,"Yash Gupta",100.00
12146,"Yash Verma",100.00
12150,"Tanmay Kapoor",100.00
12151,"Pooja Thakur",100.00
12166,"Ritika Choudhary",100.00
12195,"Varun Verma",100.00
12199,"Kunal Mehta",100.00
12213,"Kavya Ghosh",100.00
12218,"Sneha Mehta",100.00
12223,"Sneha Patel",100.00
12226,"Ritika Verma",100.00
12228,"Rahul Dubey",100.00
12239,"Manav Khanna",100.00
12244,"Priya Iyer",100.00
12246,"Om Verma",100.00
12247,"Dev Ghosh",100.00
12263,"Rohan Iyer",100.00
12264,"Meera Verma",100.00
12281,"Yash Khanna",100.00
12285,"Kunal Nair",100.00
12300,"Nikhil Choudhary",100.00
12314,"Harsh Joshi",100.00
12326,"Arjun Gupta",100.00
12328,"Om Khanna",100.00
12330,"Neha Pandey",100.00
12343,"Vivaan Menon",100.00
12352,"Krishna Dubey",100.00
12356,"Priya Verma",100.00
12357,"Sneha Jain",100.00
12378,"Aarav Sharma",100.00
12383,"Pooja Dubey",100.00
12386,"Deepak Iyer",100.00
12391,"Sneha Nair",100.00
12400,"Harsh Patel",100.00
12402,"Rohan Rao",100.00
12412,"Aditya Nair",100.00
12414,"Nikhil Choudhary",100.00
12457,"Arjun Sinha",100.00
12461,"Ritesh Khanna",100.00
12475,"Neha Choudhary",100.00
12476,"Manav Thakur",100.00
12482,"Diya Menon",100.00
12485,"Meera Bansal",100.00
12491,"Aditya Das",100.00
12509,"Ritika Mehta",100.00
12519,"Aditya Ghosh",100.00
12538,"Neha Agarwal",100.00
12551,"Neha Patel",100.00
12552,"Kunal Reddy",100.00
12564,"Ritesh Pandey",100.00
12568,"Sneha Nair",100.00
12580,"Ritika Pandey",100.00
12587,"Om Jain",100.00
12608,"Siddharth Mehta",100.00
12614,"Sai Kapoor",100.00
12628,"Pooja Jain",100.00
12648,"Ananya Patel",100.00
12669,"Krishna Verma",100.00
12671,"Deepak Verma",100.00
12673,"Aarav Verma",100.00
12675,"Om Ghosh",100.00
12719,"Arjun Gupta",100.00
12730,"Kunal Das",100.00
12733,"Aditya Reddy",100.00
12746,"Priya Patel",100.00
12759,"Tanmay Sharma",100.00
12766,"Krishna Verma",100.00
12768,"Arjun Bansal",100.00
12783,"Deepak Jain",100.00
12790,"Krishna Khanna",100.00
12799,"Ishaan Sinha",100.00
12806,"Manav Menon",100.00
12810,"Rahul Reddy",100.00
12815,"Nikhil Iyer",100.00
12831,"Pooja Verma",100.00
12845,"Diya Verma",100.00
12846,"Tanmay Thakur",100.00
12867,"Aditya Verma",100.00
12890,"Sai Khanna",100.00
12894,"Varun Patel",100.00
12910,"Nikhil Kapoor",100.00
12917,"Diya Reddy",100.00
12942,"Aman Nair",100.00
12948,"Diya Thakur",100.00
12981,"Siddharth Pandey",100.00
13000,"Ishaan Das",100.00
13018,"Sai Jain",100.00
13037,"Kunal Iyer",100.00
13046,"Mohit Joshi",100.00
13051,"Ritika Das",100.00
13059,"Diya Das",100.00
13069,"Ishaan Sharma",100.00
13075,"Dev Choudhary",100.00
13083,"Nikhil Reddy",100.00
13091,"Om Verma",100.00
13092,"Aarav Das",100.00
13102,"Aditi Bansal",100.00
13114,"Tanmay Nair",100.00
13118,"Ananya Reddy",100.00
13134,"Dev Kapoor",100.00
13140,"Aarav Choudhary",100.00
13141,"Mohit Jain",100.00
13142,"Meera Gupta",100.00
13146,"Aditya Choudhary",100.00
13149,"Sneha Ghosh",100.00
13239,"Manav Das",100.00
13247,"Yash Agarwal",100.00
13257,"Priya Rao",100.00
13259,"Ritesh Nair",100.00
13264,"Manav Rao",100.00
13270,"Varun Joshi",100.00
13277,"Aditya Nair",100.00
13283,"Ishaan Nair",100.00
13287,"Kunal Choudhary",100.00
13289,"Ritika Sinha",100.00
13291,"Rahul Thakur",100.00
13298,"Aman Reddy",100.00
13302,"Mohit Thakur",100.00
13311,"Meera Mehta",100.00
13312,"Siddharth Khanna",100.00
13317,"Mohit Thakur",100.00
13325,"Manav Pandey",100.00
13339,"Pooja Reddy",100.00
13359,"Varun Dubey",100.00
13366,"Priya Bansal",100.00
13381,"Varun Khanna",100.00
13390,"Meera Agarwal",100.00
13401,"Priya Gupta",100.00
13411,"Priya Kapoor",100.00
13438,"Kunal Choudhary",100.00
13442,"Dev Choudhary",100.00
13461,"Manav Kapoor",100.00
13465,"Aditya Agarwal",100.00
13471,"Vivaan Pandey",100.00
13501,"Ananya Iyer",100.00
13507,"Pooja Sharma",100.00
13509,"Tanmay Verma",100.00
13540,"Neha Gupta",100.00
13549,"Dev Reddy",100.00
13565,"Nikhil Choudhary",100.00
13566,"Tanmay Dubey",100.00
13571,"Nikhil Mehta",100.00
13588,"Aarav Menon",100.00
13589,"Pooja Sharma",100.00
13597,"Aarav Das",100.00
13605,"Sneha Menon",100.00
13617,"Sai Agarwal",100.00
13632,"Sai Patel",100.00
13636,"Manav Sharma",100.00
13648,"Deepak Thakur",100.00
13655,"Harsh Khanna",100.00
13680,"Mohit Gupta",100.00
13681,"Diya Pandey",100.00
13683,"Vivaan Ghosh",100.00
13722,"Aman Iyer",100.00
13724,"Vivaan Nair",100.00
13743,"Arjun Ghosh",100.00
13751,"Aditya Reddy",100.00
13760,"Yash Menon",100.00
13769,"Priya Gupta",100.00
13773,"Deepak Reddy",100.00
13786,"Rahul Patel",100.00
13793,"Manav Mehta",100.00
13800,"Sneha Khanna",100.00
13811,"Meera Sharma",100.00
13816,"Vivaan Choudhary",100.00
13838,"Krishna Kapoor",100.00
13839,"Sneha Joshi",100.00
13860,"Harsh Choudhary",100.00
13873,"Aman Mehta",100.00
13874,"Ananya Nair",100.00
13879,"Pooja Rao",100.00
13884,"Ananya Thakur",100.00
13905,"Aditi Reddy",100.00
13912,"Aman Dubey",100.00
13918,"Ishaan Choudhary",100.00
13926,"Vivaan Rao",100.00
13932,"Krishna Menon",100.00
13933,"Diya Das",100.00
13947,"Ritesh Agarwal",100.00
13974,"Rohan Agarwal",100.00
13975,"Aditi Jain",100.00
13988,"Ritesh Iyer",100.00
13991,"Aditya Reddy",100.00
14003,"Varun Thakur",100.00
14005,"Pooja Bansal",100.00
14014,"Kunal Kapoor",100.00
14031,"Aman Thakur",100.00
14041,"Om Verma",100.00
14043,"Diya Das",100.00
14045,"Pooja Verma",100.00
14056,"Deepak Nair",100.00
14064,"Deepak Patel",100.00
14065,"Ritika Pandey",100.00
14068,"Aman Sinha",100.00
14071,"Aditi Joshi",100.00
14103,"Sai Khanna",100.00
14111,"Ritesh Pandey",100.00
14120,"Ishaan Pandey",100.00
14137,"Deepak Rao",100.00
14142,"Yash Choudhary",100.00
14144,"Kavya Pandey",100.00
14147,"Aman Pandey",100.00
14161,"Arjun Jain",100.00
14169,"Aditya Bansal",100.00
14184,"Kunal Agarwal",100.00
14185,"Ritesh Verma",100.00
14207,"Deepak Thakur",100.00
14216,"Rahul Dubey",100.00
14222,"Diya Agarwal",100.00
14226,"Deepak Menon",100.00
14235,"Kunal Kapoor",100.00
14238,"Om Gupta",100.00
14255,"Diya Kapoor",100.00
14261,"Aarav Agarwal",100.00
14281,"Mohit Thakur",100.00
14284,"Neha Gupta",100.00
14315,"Ananya Reddy",100.00
14330,"Sneha Menon",100.00
14342,"Om Jain",100.00
14347,"Ritika Nair",100.00
14350,"Meera Rao",100.00
14351,"Harsh Nair",100.00
14380,"Ritesh Menon",100.00
14384,"Mohit Agarwal",100.00
14385,"Vivaan Iyer",100.00
14393,"Tanmay Dubey",100.00
14398,"Aarav Sharma",100.00
14399,"Kavya Choudhary",100.00
14400,"Sneha Jain",100.00
14409,"Aditya Nair",100.00
14421,"Varun Sinha",100.00
14433,"Ananya Iyer",100.00
14437,"Sneha Reddy",100.00
14445,"Pooja Agarwal",100.00
14452,"Tanmay Das",100.00
14479,"Neha Ghosh",100.00
14483,"Ishaan Sinha",100.00
14494,"Nikhil Gupta",100.00
14514,"Rohan Verma",100.00
14529,"Priya Verma",100.00
14530,"Ananya Verma",100.00
14546,"Om Das",100.00
14549,"Nikhil Gupta",100.00
14584,"Om Nair",100.00
14601,"Manav Dubey",100.00
14605,"Harsh Gupta",100.00
14621,"Vivaan Choudhary",100.00
14639,"Dev Jain",100.00
14647,"Aman Ghosh",100.00
14657,"Krishna Sharma",100.00
14659,"Ritika Agarwal",100.00
14661,"Aditya Rao",100.00
14678,"Varun Das",100.00
14687,"Siddharth Verma",100.00
14704,"Sneha Nair",100.00
14707,"Aman Gupta",100.00
14714,"Meera Mehta",100.00
14723,"Aman Khanna",100.00
14753,"Om Nair",100.00
14755,"Yash Jain",100.00
14763,"Deepak Rao",100.00
14775,"Pooja Pandey",100.00
14783,"Mohit Nair",100.00
14797,"Yash Bansal",100.00
14809,"Priya Nair",100.00
14845,"Neha Das",100.00
14850,"Tanmay Thakur",100.00
14868,"Deepak Reddy",100.00
14870,"Priya Choudhary",100.00
14894,"Aditi Joshi",100.00
14898,"Yash Reddy",100.00
14901,"Krishna Rao",100.00
14906,"Neha Choudhary",100.00
14910,"Arjun Joshi",100.00
14917,"Tanmay Rao",100.00
14919,"Om Das",100.00
14923,"Kunal Gupta",100.00
14932,"Aman Choudhary",100.00
14933,"Kunal Khanna",100.00
14944,"Meera Nair",100.00
14950,"Dev Khanna",100.00
15005,"Nikhil Mehta",100.00
15007,"Sneha Sinha",100.00
15031,"Sneha Dubey",100.00
15039,"Rohan Kapoor",100.00
15047,"Tanmay Joshi",100.00
15049,"Ananya Menon",100.00
15068,"Neha Agarwal",100.00
15071,"Sai Jain",100.00
15075,"Meera Thakur",100.00
15076,"Ishaan Agarwal",100.00
15078,"Tanmay Das",100.00
15079,"Aditya Nair",100.00
15085,"Rahul Kapoor",100.00
15092,"Ishaan Joshi",100.00
15099,"Tanmay Sharma",100.00
15108,"Om Reddy",100.00
15119,"Aman Verma",100.00
15124,"Manav Patel",100.00
15145,"Nikhil Nair",100.00
15149,"Aditi Patel",100.00
15159,"Arjun Thakur",100.00
15163,"Deepak Khanna",100.00
15165,"Rohan Kapoor",100.00
15168,"Siddharth Joshi",100.00
15173,"Ananya Ghosh",100.00
15197,"Vivaan Thakur",100.00
15203,"Vivaan Sinha",100.00
15207,"Aarav Mehta",100.00
15218,"Priya Pandey",100.00
15228,"Aman Verma",100.00
15241,"Rahul Pandey",100.00
15242,"Kavya Pandey",100.00
15249,"Harsh Verma",100.00
15254,"Manav Reddy",100.00
15256,"Kunal Reddy",100.00
15272,"Kavya Reddy",100.00
15285,"Yash Agarwal",100.00
15287,"Meera Menon",100.00
15295,"Tanmay Rao",100.00
15298,"Rahul Verma",100.00
15300,"Harsh Sharma",100.00
15329,"Ishaan Iyer",100.00
15339,"Neha Verma",100.00
15358,"Neha Gupta",100.00
15359,"Harsh Choudhary",100.00
15371,"Om Nair",100.00
15374,"Arjun Mehta",100.00
15375,"Varun Das",100.00
15412,"Nikhil Iyer",100.00
15418,"Deepak Patel",100.00
15425,"Ritesh Verma",100.00
15439,"Dev Das",100.00
15442,"Nikhil Pandey",100.00
15451,"Sneha Jain",100.00
15467,"Harsh Sinha",100.00
15477,"Manav Agarwal",100.00
15481,"Priya Ghosh",100.00
15490,"Kunal Mehta",100.00
15499,"Harsh Joshi",100.00
15504,"Kunal Jain",100.00
15523,"Ishaan Thakur",100.00
15526,"Kavya Agarwal",100.00
15548,"Nikhil Sharma",100.00
15552,"Harsh Iyer",100.00
15557,"Ananya Reddy",100.00
15561,"Om Thakur",100.00
15564,"Pooja Iyer",100.00
15585,"Rohan Iyer",100.00
15588,"Aditya Rao",100.00
15592,"Pooja Kapoor",100.00
15604,"Arjun Bansal",100.00
15654,"Ananya Thakur",100.00
15662,"Aarav Das",100.00
15669,"Siddharth Khanna",100.00
15672,"Deepak Thakur",100.00
15675,"Sneha Reddy",100.00
15720,"Manav Menon",100.00
15731,"Harsh Reddy",100.00
15736,"Ritesh Sinha",100.00
15740,"Neha Dubey",100.00
15741,"Kavya Rao",100.00
15745,"Manav Ghosh",100.00
15747,"Diya Sharma",100.00
15750,"Diya Menon",100.00
15754,"Ritika Verma",100.00
15757,"Aman Menon",100.00
15759,"Sai Reddy",100.00
15766,"Arjun Nair",100.00
15774,"Aditya Choudhary",100.00
15809,"Ritesh Patel",100.00
15817,"Rohan Bansal",100.00
15846,"Aditya Das",100.00
15861,"Om Jain",100.00
15867,"Ananya Kapoor",100.00
15888,"Kunal Thakur",100.00
15901,"Neha Nair",100.00
15910,"Siddharth Ghosh",100.00
15919,"Krishna Gupta",100.00
15922,"Ritika Kapoor",100.00
15930,"Manav Menon",100.00
15931,"Harsh Das",100.00
15937,"Harsh Menon",100.00
15939,"Krishna Sharma",100.00
15943,"Mohit Choudhary",100.00
15952,"Varun Reddy",100.00
15955,"Om Verma",100.00
15959,"Mohit Nair",100.00
15962,"Vivaan Menon",100.00
15979,"Yash Nair",100.00
15994,"Siddharth Choudhary",100.00
16008,"Sneha Sharma",100.00
16025,"Ananya Iyer",100.00
16036,"Ritika Gupta",100.00
16041,"Ananya Verma",100.00
16042,"Ritesh Dubey",100.00
16043,"Dev Nair",100.00
16070,"Deepak Sinha",100.00
16073,"Neha Reddy",100.00
16101,"Manav Menon",100.00
16104,"Pooja Jain",100.00
16106,"Aditi Khanna",100.00
16114,"Aarav Sinha",100.00
16163,"Meera Menon",100.00
16168,"Aman Reddy",100.00
16184,"Sai Iyer",100.00
16194,"Deepak Patel",100.00
16195,"Aarav Sharma",100.00
16202,"Ishaan Patel",100.00
16209,"Kavya Agarwal",100.00
16210,"Diya Sharma",100.00
16217,"Diya Nair",100.00
16239,"Yash Khanna",100.00
16241,"Arjun Menon",100.00
16242,"Aarav Ghosh",100.00
16246,"Ritesh Thakur",100.00
16272,"Aman Nair",100.00
16282,"Om Ghosh",100.00
16289,"Vivaan Jain",100.00
16311,"Rohan Das",100.00
16317,"Varun Das",100.00
16324,"Manav Dubey",100.00
16329,"Aditya Sharma",100.00
16377,"Harsh Choudhary",100.00
16381,"Manav Reddy",100.00
16384,"Siddharth Reddy",100.00
16387,"Arjun Sharma",100.00
16399,"Tanmay Dubey",100.00
16403,"Aman Jain",100.00
16405,"Nikhil Patel",100.00
16407,"Ritika Jain",100.00
16428,"Kavya Choudhary",100.00
16432,"Pooja Agarwal",100.00
16470,"Kavya Thakur",100.00
16477,"Aditi Das",100.00
16478,"Krishna Pandey",100.00
16490,"Kavya Patel",100.00
16495,"Ishaan Iyer",100.00
16497,"Pooja Sinha",100.00
16505,"Krishna Sharma",100.00
16514,"Dev Reddy",100.00
16515,"Dev Verma",100.00
16525,"Rahul Dubey",100.00
16539,"Om Sinha",100.00
16562,"Ritika Pandey",100.00
16568,"Ritesh Dubey",100.00
16570,"Sneha Thakur",100.00
16585,"Om Joshi",100.00
16586,"Aman Sinha",100.00
16588,"Rohan Pandey",100.00
16590,"Yash Nair",100.00
16625,"Neha Verma",100.00
16648,"Aditi Nair",100.00
16660,"Nikhil Nair",100.00
16673,"Rohan Choudhary",100.00
16675,"Mohit Pandey",100.00
16686,"Kunal Iyer",100.00
16688,"Krishna Agarwal",100.00
16695,"Aarav Gupta",100.00
16697,"Mohit Choudhary",100.00
16704,"Ananya Pandey",100.00
16711,"Manav Rao",100.00
16720,"Ritesh Choudhary",100.00
16726,"Aditi Verma",100.00
16730,"Priya Joshi",100.00
16740,"Diya Gupta",100.00
16750,"Diya Iyer",100.00
16768,"Nikhil Sinha",100.00
16770,"Meera Choudhary",100.00
16778,"Vivaan Sharma",100.00
16792,"Ishaan Patel",100.00
16796,"Aarav Sharma",100.00
16813,"Mohit Gupta",100.00
16818,"Rohan Ghosh",100.00
16820,"Varun Gupta",100.00
16829,"Harsh Ghosh",100.00
16832,"Mohit Kapoor",100.00
16833,"Diya Dubey",100.00
16840,"Tanmay Mehta",100.00
16842,"Aditi Khanna",100.00
16843,"Arjun Mehta",100.00
16866,"Priya Jain",100.00
16869,"Ishaan Iyer",100.00
16923,"Priya Agarwal",100.00
16924,"Aman Ghosh",100.00
16950,"Sneha Pandey",100.00
16955,"Sneha Bansal",100.00
16976,"Siddharth Jain",100.00
16979,"Dev Verma",100.00
16981,"Krishna Reddy",100.00
16983,"Ananya Gupta",100.00
16986,"Siddharth Choudhary",100.00
17007,"Manav Ghosh",100.00
17017,"Kunal Verma",100.00
17035,"Sneha Rao",100.00
17068,"Sneha Pandey",100.00
17075,"Diya Agarwal",100.00
17085,"Om Iyer",100.00
17086,"Dev Reddy",100.00
17100,"Pooja Ghosh",100.00
17101,"Mohit Sinha",100.00
17104,"Vivaan Choudhary",100.00
17118,"Vivaan Thakur",100.00
17120,"Varun Mehta",100.00
17131,"Diya Mehta",100.00
17132,"Aarav Reddy",100.00
17140,"Aman Menon",100.00
17149,"Nikhil Menon",100.00
17153,"Neha Jain",100.00
17176,"Harsh Jain",100.00
17185,"Manav Jain",100.00
17210,"Aditya Sinha",100.00
17215,"Priya Sharma",100.00
17226,"Sai Rao",100.00
17240,"Aarav Rao",100.00
17260,"Rohan Khanna",100.00
17273,"Nikhil Khanna",100.00
17280,"Priya Jain",100.00
17296,"Aditi Bansal",100.00
17297,"Aman Rao",100.00
17302,"Arjun Ghosh",100.00
17308,"Manav Dubey",100.00
17311,"Kunal Dubey",100.00
17343,"Dev Rao",100.00
17344,"Om Kapoor",100.00
17351,"Ananya Nair",100.00
17361,"Krishna Verma",100.00
17369,"Priya Das",100.00
17388,"Kavya Sinha",100.00
17392,"Dev Gupta",100.00
17396,"Aman Das",100.00
17398,"Manav Dubey",100.00
17421,"Meera Agarwal",100.00
17435,"Ritesh Das",100.00
17442,"Rohan Sharma",100.00
17493,"Aditya Reddy",100.00
17520,"Ritesh Bansal",100.00
17556,"Aman Verma",100.00
17586,"Nikhil Dubey",100.00
17595,"Krishna Choudhary",100.00
17599,"Kunal Dubey",100.00
17613,"Krishna Verma",100.00
17615,"Rohan Rao",100.00
17624,"Vivaan Agarwal",100.00
17646,"Om Kapoor",100.00
17653,"Siddharth Nair",100.00
17671,"Rohan Pandey",100.00
17678,"Nikhil Thakur",100.00
17687,"Ritika Thakur",100.00
17695,"Deepak Ghosh",100.00
17737,"Aman Rao",100.00
17746,"Meera Jain",100.00
17768,"Ishaan Choudhary",100.00
17779,"Sneha Patel",100.00
17783,"Rahul Rao",100.00
17802,"Priya Kapoor",100.00
17803,"Arjun Das",100.00
17815,"Nikhil Patel",100.00
17823,"Rahul Thakur",100.00
17847,"Om Nair",100.00
17853,"Deepak Thakur",100.00
17857,"Aarav Reddy",100.00
17860,"Priya Sharma",100.00
17864,"Mohit Dubey",100.00
17871,"Ananya Choudhary",100.00
17884,"Yash Gupta",100.00
17891,"Meera Nair",100.00
17903,"Nikhil Sharma",100.00
17910,"Manav Iyer",100.00
17937,"Deepak Ghosh",100.00
17961,"Aditi Mehta",100.00
17980,"Sai Sinha",100.00
17986,"Deepak Sharma",100.00
17991,"Neha Menon",100.00
17998,"Manav Verma",100.00
18000,"Ishaan Das",100.00
18007,"Aarav Jain",100.00
18037,"Deepak Verma",100.00
18040,"Kunal Verma",100.00
18067,"Krishna Sinha",100.00
18078,"Ritesh Iyer",100.00
18097,"Ritesh Mehta",100.00
18098,"Diya Jain",100.00
18101,"Arjun Ghosh",100.00
18103,"Manav Thakur",100.00
18104,"Deepak Ghosh",100.00
18105,"Ritika Bansal",100.00
18129,"Ritesh Choudhary",100.00
18131,"Ritesh Sinha",100.00
18133,"Om Gupta",100.00
18142,"Neha Iyer",100.00
18144,"Aditya Gupta",100.00
18149,"Priya Khanna",100.00
18152,"Rahul Sinha",100.00
18156,"Ritesh Bansal",100.00
18174,"Om Joshi",100.00
18194,"Vivaan Mehta",100.00
18202,"Sneha Das",100.00
18211,"Rohan Joshi",100.00
18219,"Nikhil Patel",100.00
18237,"Kunal Choudhary",100.00
18244,"Siddharth Iyer",100.00
18250,"Deepak Patel",100.00
18251,"Deepak Iyer",100.00
18253,"Aditya Mehta",100.00
18255,"Mohit Agarwal",100.00
18264,"Aarav Ghosh",100.00
18268,"Aditya Agarwal",100.00
18272,"Dev Khanna",100.00
18273,"Neha Joshi",100.00
18275,"Ananya Patel",100.00
18276,"Arjun Verma",100.00
18278,"Ritika Khanna",100.00
18281,"Aman Agarwal",100.00
18284,"Vivaan Iyer",100.00
18285,"Om Ghosh",100.00
18288,"Arjun Dubey",100.00
18302,"Sneha Rao",100.00
18308,"Pooja Sinha",100.00
18309,"Rahul Menon",100.00
18313,"Tanmay Gupta",100.00
18319,"Ishaan Ghosh",100.00
18320,"Om Iyer",100.00
18332,"Tanmay Patel",100.00
18334,"Kavya Jain",100.00
18335,"Pooja Sharma",100.00
18353,"Vivaan Thakur",100.00
18359,"Diya Rao",100.00
18365,"Ishaan Sinha",100.00
18403,"Priya Kapoor",100.00
18432,"Aarav Ghosh",100.00
18433,"Harsh Patel",100.00
18456,"Dev Joshi",100.00
18469,"Meera Thakur",100.00
18476,"Yash Pandey",100.00
18488,"Rahul Khanna",100.00
18499,"Diya Das",100.00
18509,"Mohit Sharma",100.00
18510,"Aditya Mehta",100.00
18514,"Kavya Sharma",100.00
18518,"Rahul Menon",100.00
18526,"Kunal Menon",100.00
18533,"Priya Thakur",100.00
18554,"Siddharth Mehta",100.00
18557,"Tanmay Pandey",100.00
18565,"Dev Kapoor",100.00
18596,"Harsh Pandey",100.00
18601,"Sai Patel",100.00
18613,"Manav Agarwal",100.00
18636,"Kavya Kapoor",100.00
18647,"Aditya Mehta",100.00
18648,"Kavya Thakur",100.00
18652,"Tanmay Pandey",100.00
18658,"Sai Menon",100.00
18663,"Arjun Patel",100.00
18697,"Tanmay Joshi",100.00
18698,"Varun Kapoor",100.00
18702,"Ritesh Nair",100.00
18705,"Sai Bansal",100.00
18713,"Sneha Choudhary",100.00
18717,"Neha Sinha",100.00
18718,"Deepak Das",100.00
18737,"Priya Sinha",100.00
18738,"Om Joshi",100.00
18750,"Diya Dubey",100.00
18753,"Aarav Khanna",100.00
18757,"Meera Menon",100.00
18759,"Aditi Agarwal",100.00
18770,"Om Nair",100.00
18771,"Tanmay Agarwal",100.00
18774,"Deepak Sharma",100.00
18782,"Diya Patel",100.00
18783,"Neha Sinha",100.00
18792,"Nikhil Agarwal",100.00
18801,"Ananya Khanna",100.00
18802,"Kavya Sinha",100.00
18815,"Nikhil Sinha",100.00
18820,"Arjun Das",100.00
18826,"Sneha Verma",100.00
18829,"Aditya Mehta",100.00
18830,"Tanmay Dubey",100.00
18833,"Yash Jain",100.00
18841,"Neha Bansal",100.00
18855,"Kunal Jain",100.00
18879,"Manav Nair",100.00
18886,"Deepak Pandey",100.00
18887,"Aditi Gupta",100.00
18888,"Pooja Reddy",100.00
18890,"Harsh Bansal",100.00
18907,"Aditi Pandey",100.00
18918,"Nikhil Khanna",100.00
18931,"Diya Menon",100.00
18939,"Kavya Ghosh",100.00
18989,"Manav Iyer",100.00
19001,"Sai Thakur",100.00
19017,"Harsh Choudhary",100.00
19025,"Rahul Verma",100.00
19036,"Aarav Bansal",100.00
19037,"Diya Pandey",100.00
19041,"Yash Khanna",100.00
19042,"Varun Jain",100.00
19049,"Nikhil Agarwal",100.00
19050,"Rohan Dubey",100.00
19053,"Neha Agarwal",100.00
19071,"Neha Patel",100.00
19082,"Yash Iyer",100.00
19088,"Nikhil Agarwal",100.00
19112,"Aditya Kapoor",100.00
19126,"Aditi Gupta",100.00
19134,"Aarav Joshi",100.00
19141,"Diya Patel",100.00
19147,"Aman Sinha",100.00
19154,"Siddharth Rao",100.00
19165,"Aditi Pandey",100.00
19173,"Priya Ghosh",100.00
19184,"Kunal Jain",100.00
19188,"Pooja Pandey",100.00
19201,"Ishaan Thakur",100.00
19203,"Meera Das",100.00
19207,"Kavya Jain",100.00
19224,"Ritesh Mehta",100.00
19247,"Aarav Verma",100.00
19254,"Arjun Nair",100.00
19255,"Om Choudhary",100.00
19257,"Meera Agarwal",100.00
19264,"Manav Agarwal",100.00
19269,"Kunal Sinha",100.00
19274,"Tanmay Verma",100.00
19279,"Arjun Mehta",100.00
19299,"Sneha Ghosh",100.00
19301,"Kavya Pandey",100.00
19308,"Rohan Das",100.00
19310,"Varun Joshi",100.00
19326,"Rohan Patel",100.00
19327,"Aditya Ghosh",100.00
19328,"Aditya Jain",100.00
19335,"Kavya Thakur",100.00
19346,"Sai Gupta",100.00
19384,"Ishaan Dubey",100.00
19385,"Kunal Iyer",100.00
19388,"Aditi Bansal",100.00
19403,"Aditya Jain",100.00
19410,"Varun Das",100.00
19434,"Kunal Joshi",100.00
19438,"Priya Sharma",100.00
19442,"Rahul Khanna",100.00
19448,"Dev Bansal",100.00
19449,"Pooja Agarwal",100.00
19464,"Kavya Sharma",100.00
19465,"Tanmay Ghosh",100.00
19476,"Pooja Pandey",100.00
19483,"Krishna Rao",100.00
19484,"Kavya Menon",100.00
19491,"Rohan Das",100.00
19494,"Kavya Jain",100.00
19495,"Manav Agarwal",100.00
19505,"Pooja Rao",100.00
19506,"Ritika Pandey",100.00
19521,"Harsh Jain",100.00
19544,"Kavya Iyer",100.00
19551,"Arjun Ghosh",100.00
19553,"Ritesh Das",100.00
19560,"Diya Kapoor",100.00
19574,"Aman Mehta",100.00
19579,"Tanmay Ghosh",100.00
19583,"Siddharth Ghosh",100.00
19588,"Diya Thakur",100.00
19590,"Sneha Sharma",100.00
19597,"Deepak Khanna",100.00
19608,"Neha Rao",100.00
19613,"Krishna Joshi",100.00
19641,"Mohit Joshi",100.00
19654,"Meera Jain",100.00
19656,"Deepak Sinha",100.00
19668,"Pooja Dubey",100.00
19671,"Rohan Verma",100.00
19674,"Aarav Kapoor",100.00
19675,"Ritesh Joshi",100.00
19683,"Rohan Nair",100.00
19719,"Meera Menon",100.00
19720,"Meera Jain",100.00
19725,"Nikhil Jain",100.00
19774,"Sai Iyer",100.00
19787,"Neha Bansal",100.00
19791,"Krishna Verma",100.00
19796,"Aditi Rao",100.00
19802,"Deepak Sinha",100.00
19808,"Rahul Patel",100.00
19810,"Aditi Kapoor",100.00
19835,"Arjun Thakur",100.00
19837,"Neha Iyer",100.00
19851,"Dev Gupta",100.00
19867,"Ishaan Sharma",100.00
19869,"Nikhil Ghosh",100.00
19873,"Pooja Joshi",100.00
19874,"Aditya Dubey",100.00
19884,"Harsh Das",100.00
19892,"Aditi Reddy",100.00
19904,"Aditi Iyer",100.00
19906,"Dev Gupta",100.00
19909,"Harsh Mehta",100.00
19912,"Neha Verma",100.00
19920,"Kavya Reddy",100.00
19922,"Rohan Rao",100.00
19928,"Rahul Agarwal",100.00
19931,"Vivaan Patel",100.00
19946,"Rohan Iyer",100.00
19950,"Kavya Choudhary",100.00
19951,"Pooja Joshi",100.00
19961,"Kavya Thakur",100.00
19990,"Vivaan Menon",100.00
20005,"Deepak Ghosh",100.00
20019,"Mohit Reddy",100.00
20029,"Nikhil Gupta",100.00
20030,"Deepak Mehta",100.00
20032,"Dev Sharma",100.00
20033,"Rohan Choudhary",100.00
20035,"Kavya Patel",100.00
20037,"Neha Patel",100.00
20042,"Pooja Reddy",100.00
20059,"Meera Choudhary",100.00
20060,"Meera Kapoor",100.00
20068,"Harsh Joshi",100.00
20070,"Neha Mehta",100.00
20081,"Ritika Bansal",100.00
20085,"Ritika Choudhary",100.00
20092,"Krishna Sinha",100.00
20101,"Yash Reddy",100.00
20103,"Yash Gupta",100.00
20108,"Varun Sharma",100.00
20126,"Kavya Nair",100.00
20130,"Nikhil Reddy",100.00
20138,"Varun Menon",100.00
20149,"Ananya Mehta",100.00
20153,"Varun Joshi",100.00
20159,"Nikhil Sharma",100.00
20171,"Mohit Agarwal",100.00
20172,"Ritesh Khanna",100.00
20189,"Aditi Agarwal",100.00
20190,"Aditya Agarwal",100.00
20193,"Arjun Pandey",100.00
20211,"Kunal Khanna",100.00
20213,"Om Ghosh",100.00
20216,"Diya Bansal",100.00
20229,"Varun Kapoor",100.00
20242,"Om Verma",100.00
20254,"Yash Nair",100.00
20281,"Tanmay Pandey",100.00
20318,"Priya Mehta",100.00
20333,"Ananya Sinha",100.00
20347,"Meera Khanna",100.00
20359,"Pooja Joshi",100.00
20365,"Siddharth Das",100.00
20371,"Arjun Dubey",100.00
20380,"Ritika Agarwal",100.00
20398,"Aditya Kapoor",100.00
20405,"Aarav Kapoor",100.00
20427,"Sai Iyer",100.00
20431,"Arjun Joshi",100.00
20435,"Kavya Joshi",100.00
20448,"Pooja Joshi",100.00
20462,"Kavya Menon",100.00
20468,"Om Sinha",100.00
20483,"Vivaan Sharma",100.00
20486,"Aditya Nair",100.00
20495,"Arjun Mehta",100.00
20496,"Kunal Bansal",100.00
20501,"Ritika Jain",100.00
20502,"Arjun Sinha",100.00
20512,"Ishaan Gupta",100.00
20523,"Aditi Sinha",100.00
20537,"Meera Joshi",100.00
20543,"Diya Iyer",100.00
20545,"Varun Dubey",100.00
20574,"Sai Thakur",100.00
20582,"Arjun Choudhary",100.00
20586,"Ritika Iyer",100.00
20589,"Diya Khanna",100.00
20611,"Pooja Das",100.00
20614,"Aditi Menon",100.00
20625,"Aditya Sharma",100.00
20639,"Ananya Dubey",100.00
20644,"Neha Sharma",100.00
20646,"Ritika Kapoor",100.00
20650,"Harsh Das",100.00
20693,"Ritesh Verma",100.00
20695,"Rahul Verma",100.00
20696,"Om Choudhary",100.00
20699,"Siddharth Menon",100.00
20713,"Krishna Iyer",100.00
20714,"Nikhil Verma",100.00
20717,"Harsh Sinha",100.00
20720,"Sneha Gupta",100.00
20721,"Pooja Agarwal",100.00
20728,"Kavya Bansal",100.00
20742,"Varun Das",100.00
20746,"Sneha Kapoor",100.00
20751,"Kavya Pandey",100.00
20799,"Meera Verma",100.00
20811,"Yash Joshi",100.00
20814,"Kavya Ghosh",100.00
20820,"Varun Gupta",100.00
20827,"Mohit Sharma",100.00
20834,"Priya Pandey",100.00
20840,"Krishna Iyer",100.00
20842,"Yash Menon",100.00
20851,"Mohit Agarwal",100.00
20865,"Sneha Pandey",100.00
20886,"Aarav Agarwal",100.00
20894,"Ritika Dubey",100.00
20904,"Om Kapoor",100.00
20919,"Om Menon",100.00
20943,"Sai Das",100.00
20974,"Diya Bansal",100.00
20978,"Neha Gupta",100.00
20984,"Siddharth Thakur",100.00
20986,"Yash Reddy",100.00
20997,"Krishna Sharma",100.00
21013,"Rahul Iyer",100.00
21038,"Ritesh Verma",100.00
21071,"Neha Verma",100.00
21078,"Kunal Menon",100.00
21101,"Kavya Joshi",100.00
21103,"Om Khanna",100.00
21105,"Priya Kapoor",100.00
21128,"Vivaan Mehta",100.00
21141,"Deepak Joshi",100.00
21156,"Sai Bansal",100.00
21161,"Deepak Nair",100.00
21172,"Arjun Das",100.00
21187,"Varun Patel",100.00
21188,"Aditi Nair",100.00
21190,"Mohit Das",100.00
21197,"Nikhil Rao",100.00
21202,"Kunal Jain",100.00
21212,"Arjun Choudhary",100.00
21213,"Siddharth Patel",100.00
21216,"Rahul Verma",100.00
21225,"Mohit Jain",100.00
21228,"Sai Choudhary",100.00
21242,"Rohan Dubey",100.00
21243,"Vivaan Ghosh",100.00
21275,"Rohan Joshi",100.00
21290,"Ishaan Bansal",100.00
21319,"Aditya Mehta",100.00
21321,"Krishna Ghosh",100.00
21323,"Ishaan Bansal",100.00
21348,"Sneha Jain",100.00
21350,"Nikhil Kapoor",100.00
21351,"Rohan Jain",100.00
21366,"Ishaan Rao",100.00
21371,"Neha Patel",100.00
21385,"Sneha Joshi",100.00
21387,"Meera Khanna",100.00
21390,"Arjun Rao",100.00
21391,"Deepak Patel",100.00
21393,"Aditya Choudhary",100.00
21399,"Kavya Verma",100.00
21408,"Sai Iyer",100.00
21414,"Varun Kapoor",100.00
21426,"Krishna Nair",100.00
21440,"Ishaan Jain",100.00
21445,"Pooja Dubey",100.00
21448,"Harsh Khanna",100.00
21451,"Siddharth Mehta",100.00
21454,"Rahul Patel",100.00
21463,"Aditi Thakur",100.00
21466,"Nikhil Choudhary",100.00
21482,"Nikhil Patel",100.00
21484,"Kavya Kapoor",100.00
21488,"Rohan Rao",100.00
21492,"Meera Nair",100.00
21509,"Kavya Thakur",100.00
21510,"Om Sharma",100.00
21523,"Priya Agarwal",100.00
21529,"Ritika Choudhary",100.00
21535,"Om Iyer",100.00
21543,"Diya Dubey",100.00
21567,"Harsh Joshi",100.00
21569,"Kavya Thakur",100.00
21598,"Varun Patel",100.00
21610,"Priya Thakur",100.00
21613,"Rahul Bansal",100.00
21615,"Pooja Thakur",100.00
21640,"Neha Iyer",100.00
21649,"Om Ghosh",100.00
21658,"Diya Thakur",100.00
21706,"Ananya Das",100.00
21711,"Priya Jain",100.00
21728,"Pooja Khanna",100.00
21730,"Harsh Jain",100.00
21732,"Ananya Kapoor",100.00
21755,"Mohit Agarwal",100.00
21770,"Aarav Khanna",100.00
21781,"Priya Choudhary",100.00
21795,"Neha Sinha",100.00
21800,"Sai Sinha",100.00
21810,"Aman Menon",100.00
21814,"Siddharth Sinha",100.00
21817,"Vivaan Patel",100.00
21821,"Harsh Agarwal",100.00
21835,"Arjun Bansal",100.00
21839,"Aarav Gupta",100.00
21855,"Om Menon",100.00
21858,"Mohit Agarwal",100.00
21859,"Diya Ghosh",100.00
21871,"Ishaan Dubey",100.00
21880,"Rahul Rao",100.00
21882,"Mohit Pandey",100.00
21897,"Mohit Bansal",100.00
21900,"Nikhil Verma",100.00
21918,"Sneha Reddy",100.00
21923,"Kunal Jain",100.00
21929,"Priya Sinha",100.00
21951,"Aditya Reddy",100.00
21954,"Kavya Pandey",100.00
21955,"Rohan Gupta",100.00
21959,"Dev Joshi",100.00
21964,"Sai Ghosh",100.00
21976,"Sneha Bansal",100.00
21980,"Aditi Das",100.00
21987,"Varun Bansal",100.00
21991,"Ananya Thakur",100.00
22001,"Ritesh Agarwal",100.00
22003,"Rahul Khanna",100.00
22014,"Mohit Jain",100.00
22024,"Tanmay Sharma",100.00
22026,"Om Agarwal",100.00
22029,"Ritika Jain",100.00
22030,"Tanmay Joshi",100.00
22035,"Tanmay Gupta",100.00
22047,"Rohan Thakur",100.00
22050,"Aditya Kapoor",100.00
22071,"Aditi Dubey",100.00
22080,"Rahul Dubey",100.00
22087,"Nikhil Sinha",100.00
22093,"Dev Kapoor",100.00
22108,"Aarav Menon",100.00
22118,"Vivaan Mehta",100.00
22121,"Ritesh Patel",100.00
22136,"Dev Thakur",100.00
22144,"Priya Reddy",100.00
22147,"Siddharth Reddy",100.00
22159,"Varun Mehta",100.00
22163,"Arjun Nair",100.00
22166,"Varun Gupta",100.00
22178,"Aarav Dubey",100.00
22182,"Harsh Choudhary",100.00
22184,"Siddharth Das",100.00
22194,"Nikhil Reddy",100.00
22208,"Ritika Gupta",100.00
22222,"Ananya Bansal",100.00
22226,"Dev Thakur",100.00
22228,"Aarav Ghosh",100.00
22230,"Ananya Mehta",100.00
22244,"Yash Sharma",100.00
22258,"Nikhil Verma",100.00
22260,"Mohit Das",100.00
22270,"Krishna Gupta",100.00
22286,"Tanmay Sinha",100.00
22305,"Om Rao",100.00
22329,"Meera Dubey",100.00
22332,"Tanmay Menon",100.00
22337,"Neha Verma",100.00
22355,"Meera Patel",100.00
22356,"Pooja Gupta",100.00
22364,"Deepak Agarwal",100.00
22365,"Ishaan Pandey",100.00
22371,"Siddharth Pandey",100.00
22372,"Mohit Khanna",100.00
22378,"Varun Sharma",100.00
22382,"Sneha Menon",100.00
22385,"Diya Reddy",100.00
22389,"Ishaan Joshi",100.00
22391,"Rahul Ghosh",100.00
22403,"Mohit Nair",100.00
22412,"Ritika Menon",100.00
22432,"Sai Gupta",100.00
22441,"Aditi Sharma",100.00
22448,"Tanmay Gupta",100.00
22464,"Neha Kapoor",100.00
22473,"Varun Reddy",100.00
22476,"Sai Sinha",100.00
22478,"Yash Kapoor",100.00
22484,"Diya Agarwal",100.00
22494,"Vivaan Bansal",100.00
22531,"Aditya Verma",100.00
22541,"Tanmay Kapoor",100.00
22555,"Pooja Agarwal",100.00
22561,"Manav Menon",100.00
22565,"Dev Ghosh",100.00
22582,"Vivaan Bansal",100.00
22589,"Tanmay Choudhary",100.00
22596,"Sai Bansal",100.00
22613,"Kavya Kapoor",100.00
22624,"Sneha Choudhary",100.00
22630,"Krishna Sinha",100.00
22638,"Siddharth Nair",100.00
22643,"Rohan Nair",100.00
22662,"Tanmay Choudhary",100.00
22663,"Rahul Mehta",100.00
22672,"Diya Mehta",100.00
22673,"Neha Nair",100.00
22687,"Om Kapoor",100.00
22699,"Om Gupta",100.00
22713,"Deepak Choudhary",100.00
22723,"Meera Rao",100.00
22725,"Diya Jain",100.00
22727,"Krishna Pandey",100.00
22729,"Diya Nair",100.00
22731,"Pooja Patel",100.00
22753,"Siddharth Dubey",100.00
22783,"Aditya Patel",100.00
22786,"Rahul Choudhary",100.00
22804,"Arjun Nair",100.00
22808,"Rohan Pandey",100.00
22821,"Meera Ghosh",100.00
22830,"Meera Thakur",100.00
22835,"Aditi Dubey",100.00
22844,"Aman Verma",100.00
22853,"Deepak Mehta",100.00
22905,"Ananya Choudhary",100.00
22907,"Ritika Iyer",100.00
22911,"Mohit Jain",100.00
22914,"Manav Jain",100.00
22946,"Deepak Bansal",100.00
22949,"Kavya Sharma",100.00
22950,"Kavya Ghosh",100.00
22963,"Nikhil Iyer",100.00
22974,"Om Ghosh",100.00
22979,"Vivaan Rao",100.00
22996,"Nikhil Ghosh",100.00
23001,"Yash Gupta",100.00
23003,"Dev Kapoor",100.00
23011,"Aditi Dubey",100.00
23012,"Siddharth Joshi",100.00
23022,"Ritika Patel",100.00
23023,"Harsh Bansal",100.00
23054,"Arjun Mehta",100.00
23067,"Om Joshi",100.00
23070,"Aarav Menon",100.00
23072,"Krishna Choudhary",100.00
23078,"Aditi Menon",100.00
23080,"Pooja Menon",100.00
23088,"Nikhil Agarwal",100.00
23110,"Neha Jain",100.00
23112,"Deepak Sharma",100.00
23115,"Yash Reddy",100.00
23124,"Ritesh Sharma",100.00
23125,"Rahul Iyer",100.00
23132,"Mohit Sharma",100.00
23137,"Pooja Rao",100.00
23142,"Neha Dubey",100.00
23147,"Ritesh Verma",100.00
23152,"Siddharth Menon",100.00
23157,"Krishna Pandey",100.00
23161,"Ritika Iyer",100.00
23203,"Diya Patel",100.00
23214,"Aman Jain",100.00
23216,"Kavya Agarwal",100.00
23218,"Tanmay Rao",100.00
23219,"Tanmay Joshi",100.00
23226,"Vivaan Iyer",100.00
23234,"Om Iyer",100.00
23244,"Sai Nair",100.00
23255,"Nikhil Verma",100.00
23257,"Dev Khanna",100.00
23275,"Pooja Sharma",100.00
23282,"Ishaan Agarwal",100.00
23284,"Aarav Iyer",100.00
23289,"Vivaan Choudhary",100.00
23301,"Pooja Das",100.00
23310,"Aditya Dubey",100.00
23326,"Om Kapoor",100.00
23330,"Ritesh Kapoor",100.00
23336,"Sai Agarwal",100.00
23366,"Arjun Das",100.00
23367,"Priya Agarwal",100.00
23390,"Sai Sharma",100.00
23405,"Ritesh Agarwal",100.00
23417,"Ishaan Dubey",100.00
23421,"Priya Patel",100.00
23424,"Aman Mehta",100.00
23426,"Sneha Dubey",100.00
23427,"Meera Das",100.00
23428,"Manav Joshi",100.00
23454,"Meera Jain",100.00
23467,"Siddharth Iyer",100.00
23483,"Krishna Choudhary",100.00
23489,"Ishaan Menon",100.00
23498,"Siddharth Pandey",100.00
23506,"Diya Kapoor",100.00
23513,"Aman Sharma",100.00
23521,"Ritesh Choudhary",100.00
23523,"Harsh Menon",100.00
23524,"Ritesh Rao",100.00
23545,"Vivaan Khanna",100.00
23556,"Arjun Kapoor",100.00
23559,"Meera Jain",100.00
23562,"Ananya Rao",100.00
23581,"Aarav Mehta",100.00
23590,"Ishaan Jain",100.00
23596,"Deepak Menon",100.00
23603,"Tanmay Kapoor",100.00
23605,"Priya Reddy",100.00
23613,"Ritesh Menon",100.00
23620,"Harsh Menon",100.00
23631,"Deepak Reddy",100.00
23637,"Sai Reddy",100.00
23643,"Om Agarwal",100.00
23652,"Varun Bansal",100.00
23655,"Rahul Nair",100.00
23656,"Pooja Khanna",100.00
23678,"Ananya Iyer",100.00
23680,"Rahul Mehta",100.00
23681,"Ritesh Rao",100.00
23708,"Deepak Reddy",100.00
23744,"Tanmay Kapoor",100.00
23745,"Varun Patel",100.00
23750,"Siddharth Ghosh",100.00
23753,"Aditya Sinha",100.00
23784,"Deepak Das",100.00
23801,"Siddharth Nair",100.00
23804,"Varun Menon",100.00
23822,"Pooja Iyer",100.00
23824,"Ishaan Dubey",100.00
23833,"Ananya Bansal",100.00
23860,"Aditi Kapoor",100.00
23868,"Dev Pandey",100.00
23874,"Kunal Jain",100.00
23877,"Vivaan Menon",100.00
23882,"Rohan Pandey",100.00
23889,"Ritika Sharma",100.00
23898,"Kavya Choudhary",100.00
23899,"Om Thakur",100.00
23903,"Tanmay Sinha",100.00
23910,"Vivaan Ghosh",100.00
23917,"Kunal Sinha",100.00
23959,"Manav Thakur",100.00
23963,"Ananya Jain",100.00
23966,"Kunal Menon",100.00
23975,"Rahul Sharma",100.00
23979,"Siddharth Joshi",100.00
23984,"Arjun Iyer",100.00
23994,"Aarav Rao",100.00
23995,"Kavya Das",100.00
24004,"Meera Verma",100.00
24009,"Ishaan Reddy",100.00
24015,"Yash Rao",100.00
24029,"Aman Verma",100.00
24041,"Sai Joshi",100.00
24047,"Meera Mehta",100.00
24053,"Ananya Gupta",100.00
24057,"Mohit Rao",100.00
24075,"Priya Mehta",100.00
24083,"Ishaan Bansal",100.00
24089,"Ritesh Nair",100.00
24109,"Vivaan Mehta",100.00
24137,"Tanmay Bansal",100.00
24140,"Aarav Mehta",100.00
24150,"Rohan Joshi",100.00
24153,"Aman Thakur",100.00
24165,"Ritesh Sharma",100.00
24174,"Om Khanna",100.00
24191,"Mohit Thakur",100.00
24198,"Aman Menon",100.00
24205,"Ishaan Choudhary",100.00
24216,"Krishna Verma",100.00
24218,"Deepak Khanna",100.00
24229,"Kunal Iyer",100.00
24238,"Vivaan Gupta",100.00
24254,"Nikhil Ghosh",100.00
24264,"Ananya Jain",100.00
24268,"Kunal Pandey",100.00
24269,"Meera Patel",100.00
24274,"Siddharth Mehta",100.00
24280,"Sneha Joshi",100.00
24289,"Rohan Thakur",100.00
24306,"Arjun Iyer",100.00
24331,"Tanmay Sharma",100.00
24332,"Om Sharma",100.00
24334,"Sneha Mehta",100.00
24367,"Sneha Pandey",100.00
24383,"Pooja Iyer",100.00
24389,"Rohan Agarwal",100.00
24392,"Meera Kapoor",100.00
24395,"Meera Gupta",100.00
24399,"Harsh Kapoor",100.00
24400,"Deepak Iyer",100.00
24415,"Ananya Mehta",100.00
24425,"Siddharth Patel",100.00
24426,"Om Nair",100.00
24427,"Neha Gupta",100.00
24436,"Deepak Nair",100.00
24438,"Rohan Pandey",100.00
24452,"Manav Nair",100.00
24459,"Priya Kapoor",100.00
24467,"Rahul Menon",100.00
24474,"Aditya Sinha",100.00
24490,"Rohan Patel",100.00
24512,"Nikhil Mehta",100.00
24536,"Sneha Sharma",100.00
24546,"Ritika Agarwal",100.00
24549,"Tanmay Menon",100.00
24553,"Mohit Gupta",100.00
24564,"Aditya Khanna",100.00
24571,"Tanmay Jain",100.00
24577,"Nikhil Iyer",100.00
24587,"Dev Rao",100.00
24590,"Manav Jain",100.00
24597,"Priya Pandey",100.00
24599,"Harsh Nair",100.00
24605,"Arjun Bansal",100.00
24617,"Meera Kapoor",100.00
24635,"Sneha Reddy",100.00
24640,"Rohan Verma",100.00
24663,"Aman Kapoor",100.00
24683,"Rohan Choudhary",100.00
24687,"Om Choudhary",100.00
24690,"Priya Rao",100.00
24694,"Om Nair",100.00
24709,"Sneha Iyer",100.00
24710,"Priya Bansal",100.00
24740,"Aarav Dubey",100.00
24750,"Neha Patel",100.00
24754,"Tanmay Jain",100.00
24827,"Tanmay Nair",100.00
24832,"Siddharth Gupta",100.00
24833,"Neha Patel",100.00
24839,"Priya Ghosh",100.00
24860,"Pooja Kapoor",100.00
24863,"Krishna Das",100.00
24871,"Ishaan Pandey",100.00
24884,"Rohan Ghosh",100.00
24888,"Ishaan Jain",100.00
24892,"Aditya Agarwal",100.00
24899,"Rohan Rao",100.00
24903,"Vivaan Das",100.00
24914,"Manav Gupta",100.00
24920,"Sneha Choudhary",100.00
24923,"Aman Pandey",100.00
24927,"Siddharth Choudhary",100.00
24933,"Dev Das",100.00
24937,"Siddharth Reddy",100.00
24944,"Ananya Gupta",100.00
24956,"Priya Mehta",100.00
24957,"Rahul Gupta",100.00
24967,"Siddharth Thakur",100.00
24968,"Kunal Patel",100.00
24972,"Rahul Khanna",100.00
24979,"Tanmay Sinha",100.00
24999,"Yash Agarwal",100.00
25000,"Kavya Patel",100.00
25005,"Nikhil Patel",100.00
25011,"Tanmay Khanna",100.00
25013,"Meera Rao",100.00
25019,"Diya Iyer",100.00
25026,"Vivaan Reddy",100.00
25034,"Priya Iyer",100.00
25057,"Yash Nair",100.00
25064,"Pooja Mehta",100.00
25069,"Aditya Iyer",100.00
25072,"Aarav Pandey",100.00
25077,"Priya Iyer",100.00
25096,"Rohan Choudhary",100.00
25097,"Arjun Gupta",100.00
25148,"Nikhil Bansal",100.00
25155,"Varun Agarwal",100.00
25158,"Aditi Menon",100.00
25160,"Sneha Kapoor",100.00
25168,"Yash Agarwal",100.00
25171,"Neha Das",100.00
25176,"Aman Khanna",100.00
25183,"Tanmay Nair",100.00
25187,"Vivaan Bansal",100.00
25197,"Aditya Sharma",100.00
25200,"Rahul Khanna",100.00
25215,"Sneha Jain",100.00
25216,"Aman Menon",100.00
25227,"Tanmay Thakur",100.00
25233,"Arjun Jain",100.00
25239,"Aman Pandey",100.00
25248,"Yash Pandey",100.00
25261,"Pooja Choudhary",100.00
25266,"Dev Thakur",100.00
25268,"Kunal Gupta",100.00
25280,"Vivaan Menon",100.00
25304,"Tanmay Agarwal",100.00
25331,"Ishaan Choudhary",100.00
25342,"Rahul Das",100.00
25346,"Vivaan Ghosh",100.00
25360,"Yash Mehta",100.00
25364,"Kavya Kapoor",100.00
25367,"Diya Reddy",100.00
25389,"Ananya Thakur",100.00
25444,"Pooja Verma",100.00
25445,"Vivaan Menon",100.00
25452,"Kunal Joshi",100.00
25453,"Ritesh Iyer",100.00
25466,"Yash Khanna",100.00
25479,"Tanmay Nair",100.00
25487,"Aditi Verma",100.00
25489,"Diya Agarwal",100.00
25491,"Ishaan Agarwal",100.00
25502,"Meera Das",100.00
25533,"Aditya Thakur",100.00
25536,"Kavya Choudhary",100.00
25543,"Vivaan Nair",100.00
25546,"Nikhil Rao",100.00
25553,"Harsh Reddy",100.00
25570,"Yash Thakur",100.00
25595,"Siddharth Mehta",100.00
25602,"Deepak Verma",100.00
25605,"Manav Pandey",100.00
25606,"Sneha Pandey",100.00
25614,"Deepak Sinha",100.00
25620,"Ananya Ghosh",100.00
25621,"Arjun Choudhary",100.00
25637,"Varun Choudhary",100.00
25693,"Ritesh Agarwal",100.00
25695,"Aarav Jain",100.00
25702,"Meera Das",100.00
25703,"Meera Nair",100.00
25706,"Aarav Nair",100.00
25708,"Rohan Agarwal",100.00
25719,"Deepak Iyer",100.00
25747,"Ritika Kapoor",100.00
25749,"Krishna Agarwal",100.00
25760,"Aman Bansal",100.00
25761,"Deepak Sinha",100.00
25763,"Pooja Rao",100.00
25765,"Krishna Bansal",100.00
25771,"Yash Menon",100.00
25773,"Rohan Rao",100.00
25791,"Aditi Reddy",100.00
25821,"Ishaan Menon",100.00
25834,"Kavya Das",100.00
25836,"Varun Kapoor",100.00
25854,"Krishna Menon",100.00
25868,"Neha Jain",100.00
25875,"Sai Dubey",100.00
25878,"Harsh Nair",100.00
25883,"Ritika Reddy",100.00
25909,"Ritika Menon",100.00
25914,"Deepak Menon",100.00
25915,"Sai Agarwal",100.00
25930,"Dev Verma",100.00
25935,"Rohan Dubey",100.00
25937,"Priya Patel",100.00
25939,"Deepak Dubey",100.00
25957,"Nikhil Iyer",100.00
25958,"Rohan Jain",100.00
25996,"Meera Patel",100.00
25999,"Tanmay Thakur",100.00
26003,"Diya Mehta",100.00
26006,"Diya Dubey",100.00
26014,"Manav Khanna",100.00
26015,"Ritika Das",100.00
26025,"Meera Gupta",100.00
26027,"Krishna Gupta",100.00
26042,"Vivaan Joshi",100.00
26047,"Neha Das",100.00
26051,"Ritika Kapoor",100.00
26082,"Om Dubey",100.00
26084,"Mohit Joshi",100.00
26086,"Deepak Dubey",100.00
26103,"Rahul Menon",100.00
26116,"Meera Bansal",100.00
26127,"Priya Iyer",100.00
26145,"Kunal Bansal",100.00
26152,"Yash Pandey",100.00
26167,"Rahul Pandey",100.00
26180,"Meera Verma",100.00
26181,"Ritesh Khanna",100.00
26187,"Aman Gupta",100.00
26196,"Rahul Mehta",100.00
26217,"Aditi Menon",100.00
26235,"Ishaan Rao",100.00
26246,"Priya Choudhary",100.00
26247,"Vivaan Sharma",100.00
26248,"Kavya Agarwal",100.00
26250,"Arjun Rao",100.00
26252,"Yash Dubey",100.00
26266,"Om Bansal",100.00
26283,"Kunal Nair",100.00
26294,"Tanmay Rao",100.00
26297,"Pooja Choudhary",100.00
26301,"Siddharth Gupta",100.00
26304,"Dev Ghosh",100.00
26312,"Neha Sinha",100.00
26315,"Diya Mehta",100.00
26334,"Manav Khanna",100.00
26347,"Rohan Jain",100.00
26358,"Ananya Das",100.00
26367,"Aditya Choudhary",100.00
26372,"Aarav Ghosh",100.00
26375,"Rahul Kapoor",100.00
26377,"Sai Ghosh",100.00
26379,"Neha Das",100.00
26381,"Om Rao",100.00
26388,"Manav Choudhary",100.00
26389,"Yash Patel",100.00
26400,"Aditi Joshi",100.00
26436,"Yash Verma",100.00
26443,"Ritika Patel",100.00
26445,"Aditi Dubey",100.00
26475,"Rahul Bansal",100.00
26486,"Siddharth Agarwal",100.00
26487,"Om Gupta",100.00
26488,"Krishna Rao",100.00
26513,"Nikhil Dubey",100.00
26521,"Neha Sharma",100.00
26527,"Siddharth Joshi",100.00
26544,"Nikhil Khanna",100.00
26546,"Ishaan Khanna",100.00
26572,"Harsh Reddy",100.00
26580,"Priya Das",100.00
26598,"Dev Nair",100.00
26599,"Pooja Pandey",100.00
26605,"Yash Agarwal",100.00
26619,"Kunal Gupta",100.00
26625,"Manav Khanna",100.00
26630,"Sai Iyer",100.00
26640,"Nikhil Kapoor",100.00
26649,"Kunal Khanna",100.00
26669,"Aditya Rao",100.00
26680,"Sai Sinha",100.00
26689,"Ritesh Nair",100.00
26694,"Dev Rao",100.00
26709,"Rahul Agarwal",100.00
26730,"Nikhil Joshi",100.00
26732,"Diya Sharma",100.00
26738,"Kunal Rao",100.00
26754,"Om Sinha",100.00
26762,"Aman Thakur",100.00
26767,"Kavya Ghosh",100.00
26770,"Varun Joshi",100.00
26773,"Om Das",100.00
26786,"Rohan Rao",100.00
26804,"Kavya Choudhary",100.00
26805,"Aarav Khanna",100.00
26807,"Pooja Khanna",100.00
26821,"Aarav Thakur",100.00
26824,"Om Mehta",100.00
26842,"Priya Rao",100.00
26845,"Nikhil Jain",100.00
26853,"Aarav Patel",100.00
26869,"Meera Kapoor",100.00
26872,"Arjun Verma",100.00
26873,"Harsh Khanna",100.00
26877,"Manav Rao",100.00
26881,"Harsh Sinha",100.00
26884,"Ishaan Agarwal",100.00
26887,"Ishaan Mehta",100.00
26897,"Aarav Dubey",100.00
26916,"Sai Reddy",100.00
26926,"Diya Kapoor",100.00
26937,"Ritesh Agarwal",100.00
26942,"Dev Dubey",100.00
26944,"Ritika Verma",100.00
26961,"Varun Khanna",100.00
26963,"Deepak Rao",100.00
26971,"Rohan Nair",100.00
26991,"Deepak Nair",100.00
26992,"Ananya Joshi",100.00
27004,"Aditya Bansal",100.00
27007,"Harsh Khanna",100.00
27013,"Kunal Dubey",100.00
27014,"Sai Bansal",100.00
27019,"Aman Ghosh",100.00
27020,"Kunal Menon",100.00
27021,"Pooja Menon",100.00
27036,"Siddharth Nair",100.00
27040,"Ishaan Pandey",100.00
27055,"Tanmay Thakur",100.00
27057,"Dev Pandey",100.00
27065,"Kunal Jain",100.00
27074,"Vivaan Sinha",100.00
27082,"Kavya Mehta",100.00
27093,"Yash Reddy",100.00
27105,"Sneha Bansal",100.00
27115,"Rohan Menon",100.00
27126,"Neha Sharma",100.00
27136,"Rohan Sinha",100.00
27146,"Aditya Nair",100.00
27151,"Arjun Agarwal",100.00
27153,"Krishna Rao",100.00
27160,"Ritika Gupta",100.00
27177,"Sneha Nair",100.00
27182,"Harsh Mehta",100.00
27185,"Varun Mehta",100.00
27186,"Yash Das",100.00
27192,"Aman Nair",100.00
27205,"Kunal Agarwal",100.00
27209,"Deepak Agarwal",100.00
27217,"Yash Rao",100.00
27218,"Sai Ghosh",100.00
27235,"Kunal Das",100.00
27244,"Rahul Ghosh",100.00
27247,"Diya Gupta",100.00
27271,"Aditya Das",100.00
27276,"Rahul Sinha",100.00
27306,"Arjun Verma",100.00
27314,"Siddharth Sharma",100.00
27325,"Pooja Reddy",100.00
27331,"Kavya Agarwal",100.00
27334,"Ritesh Ghosh",100.00
27342,"Ritika Menon",100.00
27355,"Om Iyer",100.00
27374,"Siddharth Joshi",100.00
27380,"Arjun Kapoor",100.00
27381,"Nikhil Agarwal",100.00
27390,"Ishaan Ghosh",100.00
27393,"Mohit Das",100.00
27396,"Rahul Verma",100.00
27400,"Vivaan Nair",100.00
27415,"Meera Patel",100.00
27437,"Varun Jain",100.00
27439,"Ananya Jain",100.00
27461,"Rahul Reddy",100.00
27480,"Ritesh Rao",100.00
27492,"Rohan Choudhary",100.00
27502,"Mohit Mehta",100.00
27507,"Rohan Das",100.00
27553,"Harsh Joshi",100.00
27556,"Kunal Verma",100.00
27562,"Kunal Agarwal",100.00
27580,"Krishna Choudhary",100.00
27585,"Ananya Bansal",100.00
27597,"Deepak Agarwal",100.00
27607,"Nikhil Mehta",100.00
27617,"Harsh Jain",100.00
27620,"Arjun Dubey",100.00
27625,"Om Sharma",100.00
27629,"Ritika Iyer",100.00
27641,"Meera Sharma",100.00
27643,"Om Pandey",100.00
27674,"Diya Mehta",100.00
27675,"Mohit Mehta",100.00
27679,"Tanmay Pandey",100.00
27682,"Ananya Khanna",100.00
27689,"Ritika Patel",100.00
27695,"Kunal Das",100.00
27709,"Om Dubey",100.00
27746,"Sneha Khanna",100.00
27773,"Aditya Patel",100.00
27781,"Manav Thakur",100.00
27784,"Krishna Gupta",100.00
27794,"Krishna Nair",100.00
27799,"Meera Agarwal",100.00
27804,"Siddharth Nair",100.00
27805,"Ananya Agarwal",100.00
27826,"Om Nair",100.00
27827,"Priya Iyer",100.00
27836,"Meera Das",100.00
27876,"Sneha Gupta",100.00
27888,"Deepak Menon",100.00
27922,"Krishna Verma",100.00
27926,"Tanmay Pandey",100.00
27932,"Ananya Patel",100.00
27934,"Om Thakur",100.00
27948,"Sai Verma",100.00
27961,"Yash Khanna",100.00
27971,"Arjun Gupta",100.00
27975,"Pooja Rao",100.00
27977,"Kunal Joshi",100.00
27990,"Pooja Thakur",100.00
27991,"Deepak Ghosh",100.00
28006,"Mohit Kapoor",100.00
28014,"Siddharth Khanna",100.00
28032,"Sneha Reddy",100.00
28037,"Aditya Agarwal",100.00
28092,"Ritika Bansal",100.00
28124,"Aditi Jain",100.00
28126,"Neha Rao",100.00
28130,"Dev Bansal",100.00
28143,"Vivaan Dubey",100.00
28156,"Ananya Thakur",100.00
28157,"Kavya Das",100.00
28168,"Om Dubey",100.00
28173,"Tanmay Mehta",100.00
28216,"Diya Kapoor",100.00
28260,"Yash Reddy",100.00
28267,"Rohan Patel",100.00
28291,"Dev Gupta",100.00
28309,"Rohan Khanna",100.00
28319,"Harsh Agarwal",100.00
28329,"Ritesh Joshi",100.00
28336,"Meera Bansal",100.00
28341,"Yash Mehta",100.00
28351,"Neha Das",100.00
28352,"Arjun Dubey",100.00
28361,"Manav Ghosh",100.00
28363,"Dev Ghosh",100.00
28394,"Yash Rao",100.00
28415,"Dev Ghosh",100.00
28420,"Nikhil Menon",100.00
28426,"Meera Verma",100.00
28433,"Mohit Iyer",100.00
28438,"Dev Nair",100.00
28439,"Manav Rao",100.00
28440,"Harsh Kapoor",100.00
28442,"Dev Choudhary",100.00
28449,"Aarav Thakur",100.00
28452,"Neha Verma",100.00
28464,"Rahul Reddy",100.00
28478,"Ananya Rao",100.00
28487,"Harsh Khanna",100.00
28507,"Pooja Patel",100.00
28515,"Kunal Kapoor",100.00
28523,"Manav Sharma",100.00
28530,"Kunal Bansal",100.00
28535,"Manav Agarwal",100.00
28566,"Ishaan Verma",100.00
28579,"Dev Thakur",100.00
28582,"Krishna Verma",100.00
28591,"Aman Ghosh",100.00
28607,"Rahul Choudhary",100.00
28615,"Meera Sinha",100.00
28621,"Om Das",100.00
28625,"Diya Joshi",100.00
28654,"Tanmay Verma",100.00
28675,"Krishna Mehta",100.00
28691,"Kunal Bansal",100.00
28723,"Rohan Iyer",100.00
28729,"Ishaan Nair",100.00
28740,"Diya Thakur",100.00
28749,"Priya Dubey",100.00
28757,"Mohit Menon",100.00
28773,"Manav Nair",100.00
28774,"Manav Thakur",100.00
28786,"Nikhil Sharma",100.00
28792,"Sai Iyer",100.00
28809,"Manav Nair",100.00
28842,"Aman Sharma",100.00
28846,"Yash Patel",100.00
28848,"Diya Ghosh",100.00
28852,"Sneha Sinha",100.00
28857,"Varun Ghosh",100.00
28865,"Priya Dubey",100.00
28875,"Aditi Sinha",100.00
28884,"Om Ghosh",100.00
28897,"Nikhil Rao",100.00
28904,"Harsh Kapoor",100.00
28912,"Manav Pandey",100.00
28913,"Manav Kapoor",100.00
28919,"Aditya Kapoor",100.00
28922,"Rohan Reddy",100.00
28952,"Ritesh Kapoor",100.00
28959,"Dev Verma",100.00
28993,"Tanmay Agarwal",100.00
29001,"Arjun Mehta",100.00
29006,"Pooja Gupta",100.00
29010,"Kavya Choudhary",100.00
29017,"Krishna Ghosh",100.00
29019,"Tanmay Dubey",100.00
29021,"Neha Gupta",100.00
29030,"Kunal Reddy",100.00
29090,"Aman Mehta",100.00
29094,"Pooja Nair",100.00
29099,"Aditi Verma",100.00
29106,"Ritesh Jain",100.00
29115,"Sneha Kapoor",100.00
29116,"Mohit Mehta",100.00
29126,"Ananya Dubey",100.00
29132,"Sai Rao",100.00
29133,"Aarav Khanna",100.00
29144,"Rohan Verma",100.00
29151,"Rohan Choudhary",100.00
29160,"Priya Bansal",100.00
29167,"Siddharth Sharma",100.00
29170,"Sneha Rao",100.00
29221,"Kavya Nair",100.00
29235,"Ritika Jain",100.00
29242,"Yash Rao",100.00
844,"Dev Gupta",87.50
2360,"Manav Khanna",83.33
19263,"Tanmay Verma",83.33
30510,"Mohit Rao",83.33
32960,"Vivaan Jain",83.33
39129,"Dev Verma",83.33
41013,"Krishna Joshi",83.33
44458,"Neha Gupta",83.33
31825,"Siddharth Sinha",80.00
32143,"Siddharth Gupta",80.00
33023,"Rahul Pandey",80.00
33279,"Ritesh Joshi",80.00
35739,"Nikhil Mehta",80.00
35804,"Ananya Verma",80.00
37367,"Siddharth Sharma",80.00
40213,"Nikhil Bansal",80.00
48527,"Manav Sharma",80.00
49234,"Siddharth Kapoor",80.00
49421,"Vivaan Ghosh",80.00
49797,"Rohan Choudhary",80.00
49871,"Siddharth Verma",80.00
376,"Priya Das",80.00
1390,"Ritesh Sinha",80.00
1405,"Kunal Das",80.00
2458,"Meera Joshi",80.00
2971,"Pooja Pandey",80.00
3232,"Sneha Choudhary",80.00
3450,"Yash Rao",80.00
5372,"Ananya Bansal",80.00
5772,"Meera Ghosh",80.00
6043,"Om Menon",80.00
7389,"Harsh Nair",80.00
7409,"Tanmay Gupta",80.00
8946,"Priya Thakur",80.00
9273,"Sneha Jain",80.00
10328,"Manav Pandey",80.00
10807,"Sneha Choudhary",80.00
14377,"Yash Joshi",80.00
17718,"Tanmay Jain",80.00
18843,"Rohan Dubey",80.00
20780,"Pooja Choudhary",80.00
21017,"Aditya Choudhary",80.00
21124,"Ritika Verma",80.00
21580,"Tanmay Sinha",80.00
22165,"Tanmay Pandey",80.00
23443,"Krishna Gupta",80.00
23592,"Rohan Khanna",80.00
23788,"Pooja Kapoor",80.00
24099,"Rohan Reddy",80.00
24462,"Dev Thakur",80.00
24794,"Ishaan Verma",80.00
25116,"Om Joshi",80.00
27097,"Neha Verma",80.00
27653,"Meera Thakur",80.00
27743,"Sai Ghosh",80.00
431,"Vivaan Sharma",75.00
775,"Rohan Gupta",75.00
1024,"Aditi Nair",75.00
1218,"Diya Nair",75.00
1490,"Rahul Das",75.00
1720,"Aditi Thakur",75.00
1728,"Diya Choudhary",75.00
2153,"Rahul Reddy",75.00
2390,"Kunal Agarwal",75.00
2787,"Neha Verma",75.00
2789,"Krishna Iyer",75.00
2886,"Ananya Patel",75.00
2963,"Arjun Joshi",75.00
3203,"Priya Dubey",75.00
3239,"Deepak Choudhary",75.00
3340,"Yash Khanna",75.00
3402,"Harsh Khanna",75.00
3420,"Sai Das",75.00
3505,"Kavya Sharma",75.00
3506,"Kunal Nair",75.00
3670,"Vivaan Kapoor",75.00
3777,"Manav Agarwal",75.00
3906,"Tanmay Nair",75.00
4209,"Yash Sharma",75.00
4312,"Arjun Patel",75.00
4466,"Pooja Verma",75.00
4708,"Pooja Gupta",75.00
4781,"Manav Khanna",75.00
5078,"Yash Reddy",75.00
5287,"Aarav Agarwal",75.00
5316,"Dev Reddy",75.00
5351,"Neha Ghosh",75.00
5622,"Vivaan Patel",75.00
5657,"Yash Jain",75.00
5786,"Deepak Mehta",75.00
6248,"Neha Agarwal",75.00
6424,"Arjun Agarwal",75.00
6512,"Rahul Verma",75.00
6842,"Ananya Jain",75.00
6847,"Rohan Ghosh",75.00
6907,"Rahul Nair",75.00
7006,"Aditya Das",75.00
7062,"Mohit Agarwal",75.00
7137,"Rohan Kapoor",75.00
7298,"Ananya Verma",75.00
7299,"Rohan Gupta",75.00
7367,"Nikhil Patel",75.00
7459,"Tanmay Bansal",75.00
7597,"Siddharth Das",75.00
7709,"Om Verma",75.00
7997,"Vivaan Kapoor",75.00
8338,"Siddharth Bansal",75.00
8552,"Rohan Joshi",75.00
9361,"Meera Bansal",75.00
9998,"Kunal Choudhary",75.00
10052,"Manav Nair",75.00
11083,"Aditi Sharma",75.00
11167,"Sai Agarwal",75.00
11434,"Rohan Choudhary",75.00
11464,"Vivaan Pandey",75.00
11502,"Dev Thakur",75.00
11826,"Neha Reddy",75.00
11998,"Aditya Ghosh",75.00
12074,"Sneha Pandey",75.00
12187,"Rohan Dubey",75.00
12444,"Siddharth Sinha",75.00
12668,"Sai Ghosh",75.00
12781,"Meera Iyer",75.00
13053,"Dev Patel",75.00
13244,"Varun Nair",75.00
13979,"Rohan Jain",75.00
14107,"Ritika Choudhary",75.00
14190,"Siddharth Rao",75.00
14348,"Siddharth Mehta",75.00
14829,"Rohan Reddy",75.00
15041,"Yash Nair",75.00
15351,"Aman Gupta",75.00
15783,"Ishaan Nair",75.00
15896,"Ritika Pandey",75.00
15993,"Tanmay Rao",75.00
16162,"Rohan Joshi",75.00
16252,"Krishna Patel",75.00
16280,"Aditya Pandey",75.00
16395,"Meera Mehta",75.00
16551,"Kunal Ghosh",75.00
16631,"Ritika Das",75.00
16710,"Nikhil Sinha",75.00
16823,"Siddharth Pandey",75.00
16901,"Ritika Menon",75.00
17159,"Rohan Patel",75.00
17333,"Pooja Gupta",75.00
17674,"Kunal Thakur",75.00
17828,"Ananya Iyer",75.00
18009,"Varun Patel",75.00
19282,"Aditya Das",75.00
19614,"Dev Nair",75.00
19635,"Pooja Jain",75.00
19714,"Aman Nair",75.00
19891,"Neha Sharma",75.00
20455,"Om Mehta",75.00
20938,"Diya Kapoor",75.00
21255,"Mohit Dubey",75.00
21318,"Om Gupta",75.00
22283,"Manav Patel",75.00
22698,"Nikhil Jain",75.00
23196,"Vivaan Reddy",75.00
23339,"Dev Rao",75.00
23905,"Deepak Das",75.00
24152,"Aditya Gupta",75.00
24207,"Ishaan Khanna",75.00
24335,"Siddharth Bansal",75.00
24391,"Yash Sinha",75.00
24456,"Sai Rao",75.00
24584,"Pooja Jain",75.00
24662,"Deepak Choudhary",75.00
24852,"Dev Verma",75.00
25162,"Vivaan Reddy",75.00
25258,"Kunal Menon",75.00
25447,"Siddharth Reddy",75.00
25537,"Aarav Sinha",75.00
25572,"Ananya Nair",75.00
26254,"Sneha Iyer",75.00
26545,"Dev Choudhary",75.00
26870,"Mohit Sinha",75.00
27263,"Sai Iyer",75.00
27361,"Aditya Reddy",75.00
27988,"Varun Verma",75.00
28079,"Ananya Khanna",75.00
28813,"Rahul Verma",75.00
29710,"Harsh Khanna",75.00
29827,"Mohit Das",75.00
30116,"Nikhil Verma",75.00
30303,"Deepak Ghosh",75.00
30533,"Rohan Sinha",75.00
30622,"Ritika Nair",75.00
30851,"Ritika Khanna",75.00
30863,"Varun Menon",75.00
30946,"Yash Pandey",75.00
31011,"Priya Das",75.00
31414,"Pooja Ghosh",75.00
31421,"Yash Choudhary",75.00
31521,"Mohit Das",75.00
32063,"Sai Choudhary",75.00
32557,"Rohan Reddy",75.00
32591,"Rohan Iyer",75.00
32768,"Ananya Gupta",75.00
32890,"Siddharth Jain",75.00
33045,"Neha Choudhary",75.00
33360,"Om Pandey",75.00
33680,"Priya Agarwal",75.00
33927,"Arjun Nair",75.00
34139,"Kunal Das",75.00
34899,"Aman Nair",75.00
35385,"Siddharth Dubey",75.00
35388,"Vivaan Nair",75.00
35546,"Vivaan Nair",75.00
35722,"Pooja Iyer",75.00
36291,"Neha Gupta",75.00
36410,"Arjun Rao",75.00
36830,"Rohan Reddy",75.00
37828,"Rohan Pandey",75.00
37881,"Harsh Sharma",75.00
38146,"Ananya Choudhary",75.00
38509,"Meera Reddy",75.00
38999,"Ritesh Jain",75.00
39070,"Aman Dubey",75.00
39166,"Harsh Rao",75.00
39373,"Sai Das",75.00
39489,"Meera Patel",75.00
39910,"Ritesh Choudhary",75.00
39927,"Siddharth Iyer",75.00
40233,"Deepak Iyer",75.00
40331,"Deepak Jain",75.00
40384,"Arjun Joshi",75.00
40752,"Ritesh Jain",75.00
41308,"Meera Verma",75.00
41701,"Priya Joshi",75.00
41975,"Neha Kapoor",75.00
42040,"Tanmay Kapoor",75.00
42153,"Aditi Iyer",75.00
42779,"Kavya Patel",75.00
42834,"Neha Jain",75.00
43282,"Kavya Joshi",75.00
43374,"Aditi Mehta",75.00
43610,"Yash Das",75.00
43767,"Pooja Khanna",75.00
44394,"Tanmay Pandey",75.00
44614,"Sai Pandey",75.00
44627,"Harsh Thakur",75.00
44671,"Diya Jain",75.00
44976,"Nikhil Joshi",75.00
45432,"Ananya Ghosh",75.00
45490,"Sneha Gupta",75.00
45691,"Vivaan Khanna",75.00
45851,"Manav Dubey",75.00
45928,"Ritesh Mehta",75.00
46797,"Sneha Mehta",75.00
47149,"Ritika Verma",75.00
47176,"Pooja Jain",75.00
47506,"Yash Choudhary",75.00
47680,"Om Sharma",75.00
47915,"Meera Agarwal",75.00
48774,"Vivaan Ghosh",75.00
49291,"Neha Sharma",75.00
49709,"Kunal Choudhary",75.00
32214,"Sneha Kapoor",71.43
45538,"Varun Choudhary",71.43
21884,"Manav Joshi",71.43
172,"Meera Choudhary",66.67
255,"Kavya Joshi",66.67
298,"Priya Verma",66.67
666,"Yash Pandey",66.67
711,"Rahul Agarwal",66.67
807,"Kavya Bansal",66.67
809,"Arjun Patel",66.67
849,"Ritesh Ghosh",66.67
883,"Siddharth Thakur",66.67
1056,"Pooja Kapoor",66.67
1068,"Varun Sharma",66.67
1191,"Neha Jain",66.67
1205,"Diya Mehta",66.67
1329,"Sneha Reddy",66.67
1442,"Dev Nair",66.67
1469,"Yash Joshi",66.67
1673,"Tanmay Khanna",66.67
1933,"Varun Bansal",66.67
1969,"Pooja Das",66.67
2050,"Nikhil Thakur",66.67
2116,"Yash Menon",66.67
2210,"Om Ghosh",66.67
2522,"Harsh Joshi",66.67
2606,"Ananya Sharma",66.67
2630,"Arjun Bansal",66.67
2837,"Ritesh Sharma",66.67
2864,"Meera Sinha",66.67
2927,"Ritika Dubey",66.67
2932,"Harsh Verma",66.67
3010,"Sai Mehta",66.67
3012,"Neha Agarwal",66.67
3041,"Rahul Ghosh",66.67
3082,"Vivaan Mehta",66.67
3135,"Kavya Bansal",66.67
3251,"Aman Dubey",66.67
3322,"Ananya Jain",66.67
3388,"Vivaan Ghosh",66.67
3456,"Kunal Choudhary",66.67
3587,"Kavya Khanna",66.67
3679,"Deepak Nair",66.67
3712,"Yash Mehta",66.67
4071,"Arjun Verma",66.67
4152,"Deepak Thakur",66.67
4238,"Siddharth Nair",66.67
4361,"Manav Gupta",66.67
4371,"Kunal Rao",66.67
4403,"Siddharth Thakur",66.67
4415,"Ishaan Jain",66.67
4425,"Kavya Agarwal",66.67
4560,"Tanmay Dubey",66.67
4601,"Sai Khanna",66.67
4652,"Kunal Choudhary",66.67
4741,"Krishna Rao",66.67
4885,"Rahul Kapoor",66.67
4959,"Kunal Ghosh",66.67
4978,"Aditya Nair",66.67
4979,"Aman Nair",66.67
4994,"Neha Sinha",66.67
5263,"Varun Nair",66.67
5279,"Rahul Choudhary",66.67
5327,"Varun Das",66.67
5328,"Ritesh Das",66.67
5339,"Mohit Iyer",66.67
5475,"Rohan Choudhary",66.67
5583,"Om Joshi",66.67
5611,"Priya Patel",66.67
5797,"Manav Pandey",66.67
5918,"Rohan Verma",66.67
6047,"Ananya Khanna",66.67
6325,"Kunal Gupta",66.67
6878,"Tanmay Bansal",66.67
6886,"Siddharth Thakur",66.67
6957,"Yash Verma",66.67
6979,"Sneha Dubey",66.67
7066,"Rahul Menon",66.67
7090,"Kunal Patel",66.67
7129,"Aditi Thakur",66.67
7131,"Ritesh Agarwal",66.67
7148,"Yash Nair",66.67
7214,"Aarav Gupta",66.67
7369,"Aman Sharma",66.67
7431,"Deepak Choudhary",66.67
7577,"Aditya Reddy",66.67
7647,"Arjun Bansal",66.67
7648,"Yash Sharma",66.67
7859,"Ananya Patel",66.67
7876,"Arjun Reddy",66.67
8036,"Deepak Menon",66.67
8123,"Om Das",66.67
8138,"Rohan Bansal",66.67
8170,"Rohan Menon",66.67
8237,"Yash Dubey",66.67
8295,"Arjun Patel",66.67
8417,"Pooja Rao",66.67
8464,"Aditi Sinha",66.67
8517,"Arjun Agarwal",66.67
8521,"Ritesh Joshi",66.67
8634,"Aditya Verma",66.67
8833,"Aman Pandey",66.67
8905,"Ananya Das",66.67
8976,"Kavya Verma",66.67
9049,"Aditi Nair",66.67
9117,"Tanmay Pandey",66.67
9146,"Tanmay Choudhary",66.67
9151,"Rahul Agarwal",66.67
9358,"Yash Rao",66.67
9447,"Om Menon",66.67
9862,"Rahul Verma",66.67
9899,"Ritesh Patel",66.67
9928,"Sneha Das",66.67
10021,"Mohit Pandey",66.67
10065,"Kunal Das",66.67
10124,"Ritika Jain",66.67
10208,"Aman Pandey",66.67
10268,"Aarav Pandey",66.67
10339,"Vivaan Kapoor",66.67
10393,"Aarav Sharma",66.67
10435,"Meera Verma",66.67
10563,"Varun Patel",66.67
10577,"Ishaan Thakur",66.67
10653,"Nikhil Bansal",66.67
10663,"Varun Patel",66.67
10794,"Ananya Khanna",66.67
10860,"Mohit Jain",66.67
10900,"Krishna Agarwal",66.67
10986,"Ritika Sharma",66.67
10999,"Om Thakur",66.67
11003,"Neha Bansal",66.67
11043,"Kunal Reddy",66.67
11066,"Aditi Khanna",66.67
11130,"Vivaan Jain",66.67
11334,"Pooja Choudhary",66.67
11342,"Mohit Das",66.67
11522,"Rahul Kapoor",66.67
12054,"Harsh Sinha",66.67
12060,"Kavya Gupta",66.67
12144,"Siddharth Das",66.67
12408,"Neha Bansal",66.67
12674,"Deepak Rao",66.67
12722,"Tanmay Rao",66.67
12791,"Ishaan Sharma",66.67
12919,"Mohit Kapoor",66.67
13039,"Arjun Das",66.67
13079,"Arjun Verma",66.67
13135,"Tanmay Rao",66.67
13159,"Kavya Gupta",66.67
13554,"Sai Verma",66.67
13564,"Siddharth Bansal",66.67
13684,"Dev Gupta",66.67
13819,"Ishaan Kapoor",66.67
13856,"Yash Ghosh",66.67
14155,"Nikhil Sharma",66.67
14231,"Aditya Joshi",66.67
14275,"Harsh Rao",66.67
14296,"Arjun Khanna",66.67
14416,"Sai Kapoor",66.67
14671,"Sai Menon",66.67
14747,"Ritika Mehta",66.67
14774,"Ananya Reddy",66.67
14779,"Ishaan Gupta",66.67
14847,"Sneha Sharma",66.67
14859,"Neha Sinha",66.67
15083,"Rohan Khanna",66.67
15243,"Rahul Bansal",66.67
15528,"Ishaan Khanna",66.67
15639,"Om Gupta",66.67
15732,"Varun Verma",66.67
15791,"Neha Ghosh",66.67
15902,"Aditi Choudhary",66.67
15926,"Aditya Dubey",66.67
15932,"Manav Kapoor",66.67
16067,"Yash Ghosh",66.67
16093,"Arjun Bansal",66.67
16203,"Tanmay Ghosh",66.67
16344,"Mohit Dubey",66.67
16364,"Dev Sharma",66.67
16436,"Rahul Khanna",66.67
16540,"Pooja Menon",66.67
16904,"Ishaan Dubey",66.67
16963,"Om Thakur",66.67
17012,"Ishaan Sharma",66.67
17038,"Yash Verma",66.67
17087,"Priya Kapoor",66.67
17111,"Ritesh Joshi",66.67
17124,"Siddharth Mehta",66.67
17213,"Aditi Patel",66.67
17282,"Ritesh Das",66.67
17315,"Varun Khanna",66.67
17434,"Rohan Kapoor",66.67
17563,"Nikhil Patel",66.67
17571,"Nikhil Pandey",66.67
17822,"Aditi Joshi",66.67
18213,"Krishna Choudhary",66.67
18502,"Arjun Iyer",66.67
18570,"Manav Agarwal",66.67
18790,"Aarav Dubey",66.67
18832,"Om Joshi",66.67
18899,"Pooja Das",66.67
18965,"Kunal Thakur",66.67
19167,"Aditya Mehta",66.67
19183,"Siddharth Mehta",66.67
19270,"Nikhil Ghosh",66.67
19317,"Harsh Bansal",66.67
19389,"Meera Joshi",66.67
19436,"Aditi Thakur",66.67
19455,"Yash Bansal",66.67
19624,"Manav Rao",66.67
19717,"Priya Pandey",66.67
19724,"Harsh Reddy",66.67
19818,"Manav Jain",66.67
19987,"Neha Kapoor",66.67
20038,"Vivaan Rao",66.67
20223,"Kunal Choudhary",66.67
20305,"Meera Menon",66.67
20327,"Manav Gupta",66.67
20515,"Mohit Nair",66.67
20562,"Nikhil Khanna",66.67
20685,"Siddharth Agarwal",66.67
20770,"Aman Thakur",66.67
20823,"Vivaan Sharma",66.67
20898,"Aarav Choudhary",66.67
21030,"Kunal Joshi",66.67
21086,"Vivaan Verma",66.67
21112,"Manav Sharma",66.67
21125,"Sneha Verma",66.67
21226,"Deepak Khanna",66.67
21277,"Manav Thakur",66.67
21503,"Varun Thakur",66.67
21718,"Aman Patel",66.67
21912,"Nikhil Das",66.67
22039,"Ritika Das",66.67
22380,"Aditya Choudhary",66.67
22437,"Yash Gupta",66.67
22650,"Ritesh Iyer",66.67
22688,"Dev Menon",66.67
23066,"Harsh Nair",66.67
23308,"Dev Pandey",66.67
23453,"Dev Gupta",66.67
23560,"Arjun Nair",66.67
23641,"Vivaan Patel",66.67
23659,"Aman Nair",66.67
23735,"Om Sinha",66.67
23961,"Ritesh Dubey",66.67
23971,"Arjun Pandey",66.67
24003,"Vivaan Iyer",66.67
24016,"Nikhil Pandey",66.67
24022,"Sneha Kapoor",66.67
24108,"Kunal Khanna",66.67
24298,"Aman Gupta",66.67
24344,"Pooja Gupta",66.67
24345,"Neha Kapoor",66.67
24346,"Aditya Pandey",66.67
24434,"Arjun Choudhary",66.67
24544,"Rohan Das",66.67
24593,"Pooja Rao",66.67
24667,"Priya Agarwal",66.67
24684,"Nikhil Menon",66.67
24731,"Harsh Choudhary",66.67
24826,"Rohan Sharma",66.67
24830,"Kavya Reddy",66.67
25079,"Nikhil Dubey",66.67
25210,"Sneha Menon",66.67
25278,"Dev Jain",66.67
25383,"Varun Agarwal",66.67
25501,"Pooja Das",66.67
25520,"Dev Rao",66.67
25594,"Aditi Sinha",66.67
25676,"Ritika Dubey",66.67
25744,"Sai Gupta",66.67
25952,"Arjun Nair",66.67
25954,"Rahul Nair",66.67
26151,"Om Khanna",66.67
26158,"Neha Sharma",66.67
26210,"Mohit Joshi",66.67
26234,"Deepak Iyer",66.67
26280,"Tanmay Menon",66.67
26318,"Tanmay Bansal",66.67
26332,"Aditi Sinha",66.67
26383,"Dev Verma",66.67
26493,"Aditi Verma",66.67
26576,"Ananya Iyer",66.67
26819,"Diya Thakur",66.67
26978,"Neha Pandey",66.67
26980,"Aditi Verma",66.67
27288,"Dev Sharma",66.67
27669,"Varun Menon",66.67
28031,"Vivaan Agarwal",66.67
28043,"Krishna Jain",66.67
28057,"Rohan Khanna",66.67
28158,"Manav Dubey",66.67
28557,"Siddharth Bansal",66.67
28805,"Rohan Menon",66.67
28833,"Siddharth Kapoor",66.67
28844,"Varun Iyer",66.67
28889,"Rahul Gupta",66.67
28973,"Diya Khanna",66.67
28995,"Pooja Menon",66.67
29059,"Sai Agarwal",66.67
29068,"Aditi Verma",66.67
29129,"Siddharth Bansal",66.67
29148,"Aditi Pandey",66.67
29247,"Siddharth Patel",66.67
29307,"Deepak Mehta",66.67
29522,"Arjun Sharma",66.67
29625,"Manav Bansal",66.67
30026,"Aditi Patel",66.67
30077,"Nikhil Dubey",66.67
30167,"Aman Mehta",66.67
30180,"Siddharth Gupta",66.67
30341,"Mohit Das",66.67
30559,"Aditya Pandey",66.67
30598,"Ritika Iyer",66.67
30623,"Ishaan Ghosh",66.67
30700,"Harsh Bansal",66.67
30937,"Siddharth Menon",66.67
30961,"Harsh Gupta",66.67
31007,"Pooja Sharma",66.67
31117,"Priya Ghosh",66.67
31153,"Sai Thakur",66.67
31254,"Arjun Dubey",66.67
31260,"Sai Kapoor",66.67
31266,"Aarav Bansal",66.67
31282,"Dev Sharma",66.67
31514,"Neha Kapoor",66.67
31533,"Vivaan Reddy",66.67
31554,"Mohit Thakur",66.67
31592,"Ananya Kapoor",66.67
31597,"Varun Kapoor",66.67
31667,"Manav Menon",66.67
31689,"Sai Choudhary",66.67
31710,"Priya Menon",66.67
31973,"Priya Rao",66.67
31990,"Arjun Gupta",66.67
31997,"Aarav Rao",66.67
32079,"Kunal Agarwal",66.67
32246,"Aarav Kapoor",66.67
32558,"Aditi Mehta",66.67
32637,"Aarav Thakur",66.67
32678,"Manav Iyer",66.67
32752,"Arjun Nair",66.67
33038,"Meera Bansal",66.67
33053,"Nikhil Mehta",66.67
33305,"Ritika Choudhary",66.67
33352,"Dev Mehta",66.67
33395,"Yash Kapoor",66.67
33542,"Dev Reddy",66.67
33579,"Ritika Choudhary",66.67
33981,"Pooja Jain",66.67
34112,"Yash Sharma",66.67
34137,"Sai Ghosh",66.67
34189,"Aman Sinha",66.67
34236,"Vivaan Rao",66.67
34410,"Ananya Ghosh",66.67
34465,"Pooja Joshi",66.67
34535,"Varun Rao",66.67
34537,"Pooja Choudhary",66.67
34596,"Aman Menon",66.67
34694,"Deepak Sharma",66.67
34826,"Harsh Pandey",66.67
34887,"Aditya Choudhary",66.67
34929,"Aman Thakur",66.67
35045,"Rahul Agarwal",66.67
35157,"Rahul Nair",66.67
35158,"Meera Ghosh",66.67
35193,"Meera Pandey",66.67
35320,"Kavya Patel",66.67
35467,"Ananya Rao",66.67
35697,"Vivaan Gupta",66.67
35727,"Krishna Sharma",66.67
36186,"Kunal Reddy",66.67
36245,"Priya Dubey",66.67
36373,"Arjun Choudhary",66.67
36847,"Varun Joshi",66.67
36979,"Rohan Jain",66.67
37014,"Dev Verma",66.67
37206,"Aditi Rao",66.67
37382,"Ritika Iyer",66.67
37450,"Priya Rao",66.67
37457,"Krishna Pandey",66.67
37460,"Yash Iyer",66.67
37471,"Ritika Iyer",66.67
37710,"Mohit Bansal",66.67
37729,"Aarav Patel",66.67
37808,"Nikhil Sinha",66.67
38076,"Kunal Khanna",66.67
38127,"Deepak Dubey",66.67
38653,"Dev Iyer",66.67
38943,"Ritesh Rao",66.67
38970,"Kunal Menon",66.67
38996,"Rohan Rao",66.67
39090,"Krishna Joshi",66.67
39292,"Diya Bansal",66.67
39303,"Kunal Menon",66.67
39315,"Om Thakur",66.67
39320,"Arjun Agarwal",66.67
39381,"Aditya Choudhary",66.67
39960,"Deepak Das",66.67
39998,"Kunal Reddy",66.67
40127,"Harsh Dubey",66.67
40168,"Tanmay Agarwal",66.67
40218,"Pooja Bansal",66.67
40322,"Aarav Agarwal",66.67
40461,"Vivaan Agarwal",66.67
40534,"Mohit Khanna",66.67
40578,"Kavya Khanna",66.67
40606,"Deepak Reddy",66.67
40658,"Sneha Pandey",66.67
40962,"Pooja Rao",66.67
41180,"Aditi Sinha",66.67
41354,"Rohan Jain",66.67
41617,"Neha Sharma",66.67
41656,"Rahul Reddy",66.67
41673,"Aarav Kapoor",66.67
41719,"Rahul Bansal",66.67
41739,"Aman Das",66.67
41766,"Neha Thakur",66.67
41938,"Siddharth Sharma",66.67
41940,"Varun Verma",66.67
42124,"Yash Iyer",66.67
42194,"Sneha Dubey",66.67
42224,"Rohan Agarwal",66.67
42256,"Ritesh Dubey",66.67
42619,"Ritika Patel",66.67
42642,"Varun Menon",66.67
43026,"Manav Jain",66.67
43034,"Arjun Kapoor",66.67
43182,"Aditi Choudhary",66.67
43399,"Ananya Joshi",66.67
43497,"Deepak Sinha",66.67
43536,"Kavya Thakur",66.67
43635,"Rohan Verma",66.67
43716,"Yash Verma",66.67
43760,"Mohit Verma",66.67
44281,"Ritesh Menon",66.67
44401,"Manav Mehta",66.67
44409,"Tanmay Thakur",66.67
44496,"Pooja Das",66.67
44550,"Rahul Ghosh",66.67
44607,"Diya Verma",66.67
44670,"Pooja Pandey",66.67
44885,"Ritesh Menon",66.67
45076,"Varun Pandey",66.67
45218,"Ishaan Dubey",66.67
45619,"Om Verma",66.67
45845,"Kavya Choudhary",66.67
46065,"Meera Reddy",66.67
46181,"Rahul Jain",66.67
46504,"Meera Nair",66.67
46544,"Siddharth Pandey",66.67
46693,"Pooja Reddy",66.67
46724,"Aditi Reddy",66.67
46912,"Ritesh Bansal",66.67
46953,"Harsh Thakur",66.67
47056,"Yash Rao",66.67
47170,"Diya Bansal",66.67
47188,"Pooja Bansal",66.67
47522,"Pooja Agarwal",66.67
47568,"Mohit Dubey",66.67
47717,"Rohan Khanna",66.67
47797,"Ishaan Jain",66.67
48121,"Sai Joshi",66.67
48189,"Dev Joshi",66.67
48234,"Deepak Menon",66.67
48267,"Aditya Choudhary",66.67
48280,"Nikhil Menon",66.67
48283,"Manav Patel",66.67
48329,"Sneha Patel",66.67
48418,"Yash Das",66.67
48536,"Siddharth Patel",66.67
48594,"Ishaan Pandey",66.67
48726,"Sai Agarwal",66.67
48732,"Tanmay Sharma",66.67
48815,"Harsh Nair",66.67
48862,"Varun Agarwal",66.67
48890,"Manav Patel",66.67
48972,"Ritesh Choudhary",66.67
49093,"Tanmay Agarwal",66.67
49295,"Ananya Menon",66.67
49489,"Neha Dubey",66.67
49540,"Rohan Choudhary",66.67
49580,"Aditya Dubey",66.67
49738,"Nikhil Rao",66.67
49755,"Mohit Verma",66.67
49812,"Aditya Thakur",66.67
49824,"Yash Reddy",66.67
49938,"Yash Thakur",66.67
49941,"Pooja Menon",66.67
30388,"Kunal Verma",60.00
30943,"Rahul Jain",60.00
34947,"Rahul Verma",60.00
39002,"Rahul Das",60.00
39640,"Yash Das",60.00
40254,"Ritesh Gupta",60.00
41549,"Vivaan Thakur",60.00
41970,"Varun Menon",60.00
42253,"Ishaan Mehta",60.00
45245,"Rohan Sinha",60.00
46927,"Ritesh Iyer",60.00
49445,"Om Patel",60.00
2421,"Mohit Nair",60.00
2685,"Vivaan Iyer",60.00
5007,"Yash Agarwal",60.00
5831,"Tanmay Thakur",60.00
7650,"Meera Agarwal",60.00
9299,"Krishna Reddy",60.00
10123,"Aarav Jain",60.00
10470,"Tanmay Ghosh",60.00
18623,"Sai Nair",60.00
19390,"Kunal Mehta",60.00
20087,"Mohit Agarwal",60.00
23411,"Aman Gupta",60.00
24318,"Meera Das",60.00
27364,"Sai Ghosh",60.00
27729,"Manav Choudhary",60.00
27899,"Kunal Reddy",60.00
193,"Rohan Reddy",50.00
209,"Vivaan Sinha",50.00
211,"Rohan Agarwal",50.00
311,"Varun Kapoor",50.00
398,"Aditi Choudhary",50.00
409,"Rahul Bansal",50.00
473,"Neha Patel",50.00
622,"Rohan Jain",50.00
664,"Tanmay Reddy",50.00
680,"Aman Ghosh",50.00
757,"Harsh Gupta",50.00
772,"Rahul Ghosh",50.00
892,"Ishaan Iyer",50.00
898,"Arjun Sharma",50.00
958,"Krishna Nair",50.00
962,"Manav Verma",50.00
1145,"Arjun Rao",50.00
1148,"Krishna Rao",50.00
1187,"Sneha Nair",50.00
1220,"Ishaan Rao",50.00
1271,"Kavya Mehta",50.00
1325,"Neha Rao",50.00
1344,"Neha Mehta",50.00
1368,"Meera Joshi",50.00
1445,"Yash Bansal",50.00
1497,"Nikhil Menon",50.00
1515,"Aman Gupta",50.00
1542,"Aarav Khanna",50.00
1698,"Aman Khanna",50.00
1740,"Tanmay Patel",50.00
1753,"Dev Bansal",50.00
1765,"Aditya Khanna",50.00
1794,"Deepak Choudhary",50.00
1801,"Aman Bansal",50.00
1808,"Meera Patel",50.00
1870,"Vivaan Menon",50.00
2032,"Aditi Gupta",50.00
2078,"Aman Thakur",50.00
2096,"Tanmay Ghosh",50.00
2098,"Rohan Agarwal",50.00
2107,"Aarav Sharma",50.00
2139,"Kunal Mehta",50.00
2173,"Ritesh Joshi",50.00
2174,"Pooja Iyer",50.00
2208,"Meera Reddy",50.00
2279,"Ritesh Khanna",50.00
2311,"Sai Jain",50.00
2384,"Vivaan Patel",50.00
2693,"Yash Sharma",50.00
2877,"Siddharth Jain",50.00
2920,"Mohit Iyer",50.00
2934,"Aman Thakur",50.00
2938,"Om Verma",50.00
3046,"Harsh Sinha",50.00
3140,"Kavya Bansal",50.00
3196,"Ritesh Khanna",50.00
3341,"Kavya Thakur",50.00
3348,"Diya Agarwal",50.00
3374,"Manav Sharma",50.00
3415,"Meera Menon",50.00
3495,"Kunal Nair",50.00
3514,"Aditya Bansal",50.00
3517,"Siddharth Nair",50.00
3535,"Meera Kapoor",50.00
3540,"Ritika Verma",50.00
3624,"Sneha Reddy",50.00
3660,"Ishaan Khanna",50.00
3684,"Pooja Sharma",50.00
3743,"Rahul Verma",50.00
3779,"Rohan Thakur",50.00
3786,"Aman Sharma",50.00
3790,"Diya Gupta",50.00
3862,"Aditya Ghosh",50.00
3890,"Nikhil Das",50.00
3904,"Ananya Rao",50.00
3911,"Ritika Reddy",50.00
4060,"Siddharth Patel",50.00
4080,"Aditi Jain",50.00
4102,"Kavya Patel",50.00
4128,"Meera Iyer",50.00
4327,"Ananya Patel",50.00
4357,"Priya Mehta",50.00
4376,"Rahul Gupta",50.00
4414,"Varun Menon",50.00
4526,"Manav Bansal",50.00
4578,"Kavya Joshi",50.00
4647,"Ishaan Iyer",50.00
4762,"Aarav Thakur",50.00
4838,"Aman Sinha",50.00
4995,"Ritesh Rao",50.00
5022,"Varun Kapoor",50.00
5073,"Aarav Agarwal",50.00
5094,"Ishaan Verma",50.00
5108,"Mohit Reddy",50.00
5155,"Ishaan Agarwal",50.00
5436,"Priya Thakur",50.00
5463,"Aman Patel",50.00
5520,"Krishna Das",50.00
5574,"Arjun Kapoor",50.00
5608,"Pooja Joshi",50.00
5662,"Rohan Mehta",50.00
5823,"Aditi Kapoor",50.00
5885,"Pooja Jain",50.00
5915,"Aarav Joshi",50.00
5929,"Ananya Ghosh",50.00
5957,"Vivaan Iyer",50.00
5983,"Tanmay Reddy",50.00
6008,"Dev Ghosh",50.00
6129,"Ananya Rao",50.00
6134,"Aditya Reddy",50.00
6235,"Ishaan Khanna",50.00
6341,"Yash Joshi",50.00
6414,"Aditi Ghosh",50.00
6467,"Mohit Iyer",50.00
6673,"Aarav Iyer",50.00
6764,"Krishna Verma",50.00
6930,"Diya Choudhary",50.00
7038,"Neha Dubey",50.00
7139,"Aditya Patel",50.00
7160,"Pooja Bansal",50.00
7275,"Diya Mehta",50.00
7442,"Harsh Reddy",50.00
7579,"Aarav Khanna",50.00
7702,"Manav Dubey",50.00
7713,"Priya Nair",50.00
7804,"Meera Iyer",50.00
7880,"Kunal Agarwal",50.00
7964,"Pooja Kapoor",50.00
7974,"Deepak Gupta",50.00
8003,"Kavya Gupta",50.00
8034,"Diya Dubey",50.00
8137,"Harsh Bansal",50.00
8358,"Harsh Choudhary",50.00
8543,"Ishaan Sharma",50.00
8554,"Siddharth Kapoor",50.00
8555,"Ritika Patel",50.00
8622,"Meera Jain",50.00
8629,"Diya Pandey",50.00
8636,"Kavya Agarwal",50.00
8738,"Siddharth Rao",50.00
9008,"Priya Reddy",50.00
9012,"Ritika Patel",50.00
9028,"Rohan Ghosh",50.00
9035,"Tanmay Menon",50.00
9057,"Rohan Iyer",50.00
9077,"Arjun Rao",50.00
9215,"Krishna Dubey",50.00
9303,"Priya Iyer",50.00
9374,"Tanmay Mehta",50.00
9463,"Kunal Ghosh",50.00
9468,"Harsh Khanna",50.00
9569,"Varun Gupta",50.00
9572,"Pooja Gupta",50.00
9585,"Rohan Gupta",50.00
9666,"Pooja Iyer",50.00
9728,"Ritesh Das",50.00
9802,"Ritika Menon",50.00
9960,"Meera Kapoor",50.00
10042,"Ishaan Jain",50.00
10049,"Kunal Joshi",50.00
10082,"Krishna Thakur",50.00
10116,"Om Khanna",50.00
10223,"Aarav Sinha",50.00
10227,"Siddharth Pandey",50.00
10357,"Dev Menon",50.00
10358,"Tanmay Nair",50.00
10373,"Diya Bansal",50.00
10398,"Aditi Reddy",50.00
10439,"Ananya Mehta",50.00
10462,"Aman Mehta",50.00
10494,"Aditi Rao",50.00
10502,"Krishna Menon",50.00
10557,"Sai Mehta",50.00
10562,"Aarav Sinha",50.00
10573,"Sai Ghosh",50.00
10622,"Kunal Pandey",50.00
10625,"Aman Khanna",50.00
10652,"Vivaan Das",50.00
10671,"Neha Rao",50.00
10683,"Rohan Mehta",50.00
10768,"Pooja Kapoor",50.00
10822,"Mohit Das",50.00
10849,"Dev Rao",50.00
10878,"Pooja Jain",50.00
10939,"Sai Joshi",50.00
10962,"Nikhil Bansal",50.00
11004,"Krishna Iyer",50.00
11029,"Dev Jain",50.00
11202,"Kunal Dubey",50.00
11242,"Aarav Khanna",50.00
11250,"Arjun Joshi",50.00
11257,"Yash Ghosh",50.00
11276,"Ritesh Dubey",50.00
11311,"Neha Agarwal",50.00
11495,"Sai Nair",50.00
11562,"Mohit Nair",50.00
11566,"Pooja Patel",50.00
11678,"Nikhil Gupta",50.00
11686,"Aditi Agarwal",50.00
11855,"Diya Sharma",50.00
11984,"Sneha Agarwal",50.00
12062,"Aarav Kapoor",50.00
12088,"Aarav Thakur",50.00
12118,"Neha Nair",50.00
12122,"Ritesh Choudhary",50.00
12280,"Yash Jain",50.00
12381,"Nikhil Dubey",50.00
12511,"Diya Sinha",50.00
12697,"Pooja Gupta",50.00
12716,"Tanmay Agarwal",50.00
12754,"Aditya Agarwal",50.00
12800,"Kavya Dubey",50.00
12834,"Aditya Das",50.00
12955,"Priya Ghosh",50.00
12962,"Manav Gupta",50.00
13057,"Mohit Agarwal",50.00
13201,"Meera Ghosh",50.00
13220,"Krishna Gupta",50.00
13354,"Ananya Joshi",50.00
13375,"Dev Mehta",50.00
13399,"Varun Dubey",50.00
13407,"Krishna Jain",50.00
13420,"Ishaan Bansal",50.00
13426,"Sneha Nair",50.00
13434,"Neha Dubey",50.00
13494,"Tanmay Sharma",50.00
13511,"Sai Patel",50.00
13525,"Ritika Iyer",50.00
13530,"Aarav Das",50.00
13548,"Pooja Agarwal",50.00
13570,"Nikhil Sharma",50.00
13580,"Arjun Joshi",50.00
13598,"Tanmay Dubey",50.00
13624,"Neha Pandey",50.00
13644,"Tanmay Nair",50.00
13650,"Manav Bansal",50.00
13770,"Deepak Nair",50.00
13801,"Aditi Bansal",50.00
13803,"Tanmay Pandey",50.00
13807,"Kavya Reddy",50.00
13858,"Kunal Reddy",50.00
13887,"Arjun Patel",50.00
14265,"Kunal Gupta",50.00
14266,"Ananya Iyer",50.00
14292,"Varun Sinha",50.00
14326,"Sneha Ghosh",50.00
14355,"Yash Dubey",50.00
14370,"Aditi Choudhary",50.00
14382,"Meera Dubey",50.00
14389,"Harsh Bansal",50.00
14451,"Priya Rao",50.00
14472,"Deepak Gupta",50.00
14540,"Priya Choudhary",50.00
14586,"Krishna Nair",50.00
14646,"Mohit Das",50.00
14662,"Varun Sharma",50.00
14682,"Ritesh Rao",50.00
14734,"Sai Rao",50.00
14752,"Krishna Iyer",50.00
14791,"Om Joshi",50.00
14874,"Deepak Dubey",50.00
14883,"Neha Iyer",50.00
15029,"Manav Rao",50.00
15089,"Dev Agarwal",50.00
15116,"Rohan Agarwal",50.00
15127,"Kavya Jain",50.00
15226,"Harsh Patel",50.00
15239,"Ananya Thakur",50.00
15245,"Deepak Sinha",50.00
15309,"Tanmay Jain",50.00
15323,"Priya Verma",50.00
15372,"Vivaan Pandey",50.00
15441,"Sai Sinha",50.00
15493,"Varun Gupta",50.00
15516,"Neha Menon",50.00
15529,"Deepak Iyer",50.00
15539,"Deepak Ghosh",50.00
15542,"Om Agarwal",50.00
15623,"Aditi Sharma",50.00
15630,"Siddharth Pandey",50.00
15632,"Vivaan Verma",50.00
15649,"Pooja Dubey",50.00
15771,"Sneha Menon",50.00
15927,"Ishaan Rao",50.00
15945,"Ritesh Joshi",50.00
16119,"Priya Jain",50.00
16146,"Mohit Gupta",50.00
16152,"Diya Gupta",50.00
16160,"Aditi Iyer",50.00
16232,"Aditya Jain",50.00
16328,"Pooja Menon",50.00
16410,"Aman Ghosh",50.00
16535,"Priya Patel",50.00
16622,"Siddharth Iyer",50.00
16646,"Aman Menon",50.00
16668,"Aman Das",50.00
16707,"Deepak Reddy",50.00
16763,"Sneha Sinha",50.00
16863,"Rahul Bansal",50.00
16878,"Dev Bansal",50.00
16881,"Vivaan Gupta",50.00
16916,"Arjun Iyer",50.00
17196,"Rohan Bansal",50.00
17283,"Ishaan Joshi",50.00
17440,"Aditya Thakur",50.00
17485,"Harsh Khanna",50.00
17657,"Diya Reddy",50.00
17935,"Om Das",50.00
18183,"Vivaan Jain",50.00
18225,"Aarav Agarwal",50.00
18283,"Aditi Ghosh",50.00
18364,"Pooja Sinha",50.00
18477,"Aditi Iyer",50.00
18521,"Kunal Mehta",50.00
18573,"Nikhil Sinha",50.00
18611,"Kunal Sinha",50.00
18643,"Ritesh Mehta",50.00
18685,"Diya Pandey",50.00
18756,"Sai Agarwal",50.00
18772,"Nikhil Dubey",50.00
18870,"Dev Verma",50.00
18871,"Krishna Choudhary",50.00
18876,"Nikhil Kapoor",50.00
18981,"Yash Khanna",50.00
19027,"Aditi Patel",50.00
19074,"Pooja Bansal",50.00
19139,"Pooja Patel",50.00
19289,"Sneha Das",50.00
19362,"Pooja Rao",50.00
19703,"Tanmay Gupta",50.00
19708,"Diya Mehta",50.00
19755,"Nikhil Rao",50.00
19778,"Siddharth Bansal",50.00
19780,"Kavya Reddy",50.00
19798,"Rahul Kapoor",50.00
19841,"Krishna Khanna",50.00
19925,"Priya Dubey",50.00
19944,"Nikhil Sharma",50.00
19971,"Tanmay Sinha",50.00
20073,"Mohit Gupta",50.00
20214,"Tanmay Choudhary",50.00
20225,"Rohan Joshi",50.00
20284,"Aman Gupta",50.00
20292,"Ritika Mehta",50.00
20299,"Sneha Joshi",50.00
20410,"Aarav Reddy",50.00
20473,"Ishaan Kapoor",50.00
20491,"Neha Khanna",50.00
20524,"Ananya Sharma",50.00
20550,"Ishaan Nair",50.00
20588,"Ritika Verma",50.00
20624,"Krishna Sinha",50.00
20732,"Aman Dubey",50.00
20756,"Diya Jain",50.00
20779,"Diya Sinha",50.00
20796,"Arjun Das",50.00
20800,"Yash Sinha",50.00
20888,"Aarav Dubey",50.00
21025,"Arjun Khanna",50.00
21044,"Deepak Patel",50.00
21060,"Kavya Menon",50.00
21066,"Aditya Joshi",50.00
21178,"Priya Das",50.00
21256,"Arjun Patel",50.00
21281,"Aman Kapoor",50.00
21288,"Priya Das",50.00
21293,"Aarav Das",50.00
21309,"Varun Rao",50.00
21443,"Ananya Joshi",50.00
21497,"Ritesh Sinha",50.00
21505,"Deepak Iyer",50.00
21511,"Om Verma",50.00
21542,"Pooja Das",50.00
21565,"Aman Mehta",50.00
21589,"Om Dubey",50.00
21612,"Aarav Jain",50.00
21635,"Aman Sharma",50.00
21655,"Diya Rao",50.00
21766,"Meera Patel",50.00
21852,"Kavya Das",50.00
21863,"Manav Rao",50.00
21904,"Diya Pandey",50.00
21972,"Aarav Mehta",50.00
22031,"Pooja Agarwal",50.00
22043,"Meera Gupta",50.00
22070,"Pooja Mehta",50.00
22092,"Arjun Sharma",50.00
22119,"Pooja Agarwal",50.00
22174,"Aarav Joshi",50.00
22186,"Krishna Ghosh",50.00
22262,"Tanmay Agarwal",50.00
22426,"Ananya Pandey",50.00
22482,"Deepak Bansal",50.00
22493,"Ishaan Sinha",50.00
22506,"Neha Agarwal",50.00
22615,"Aditi Gupta",50.00
22617,"Siddharth Ghosh",50.00
22667,"Aarav Choudhary",50.00
22693,"Aarav Dubey",50.00
22771,"Aman Mehta",50.00
22824,"Dev Nair",50.00
22845,"Vivaan Mehta",50.00
22868,"Vivaan Sharma",50.00
22942,"Ananya Sinha",50.00
23097,"Aditi Rao",50.00
23106,"Ritesh Patel",50.00
23109,"Priya Das",50.00
23136,"Dev Nair",50.00
23162,"Ananya Reddy",50.00
23197,"Ishaan Verma",50.00
23325,"Aarav Reddy",50.00
23334,"Meera Agarwal",50.00
23392,"Siddharth Bansal",50.00
23455,"Vivaan Sharma",50.00
23458,"Aarav Mehta",50.00
23550,"Tanmay Jain",50.00
23664,"Priya Rao",50.00
23697,"Ritesh Jain",50.00
23815,"Manav Agarwal",50.00
23836,"Mohit Mehta",50.00
23870,"Varun Gupta",50.00
23895,"Vivaan Nair",50.00
23909,"Meera Nair",50.00
23914,"Diya Agarwal",50.00
23969,"Yash Bansal",50.00
24134,"Harsh Thakur",50.00
24217,"Vivaan Bansal",50.00
24283,"Dev Sinha",50.00
24342,"Siddharth Nair",50.00
24352,"Sai Thakur",50.00
24401,"Aman Gupta",50.00
24418,"Kunal Bansal",50.00
24446,"Vivaan Joshi",50.00
24504,"Aditya Pandey",50.00
24668,"Ishaan Reddy",50.00
24742,"Om Reddy",50.00
24773,"Kunal Nair",50.00
24992,"Harsh Choudhary",50.00
24993,"Om Mehta",50.00
25016,"Varun Sharma",50.00
25028,"Meera Khanna",50.00
25036,"Yash Sharma",50.00
25117,"Rohan Sharma",50.00
25185,"Harsh Patel",50.00
25320,"Kavya Patel",50.00
25372,"Priya Agarwal",50.00
25465,"Aditya Menon",50.00
25538,"Kunal Gupta",50.00
25665,"Varun Bansal",50.00
25797,"Dev Iyer",50.00
25837,"Kunal Mehta",50.00
25841,"Kunal Sharma",50.00
25892,"Yash Joshi",50.00
25907,"Diya Kapoor",50.00
25970,"Kavya Sharma",50.00
26050,"Meera Ghosh",50.00
26059,"Vivaan Das",50.00
26089,"Diya Rao",50.00
26107,"Ritika Patel",50.00
26125,"Dev Sharma",50.00
26128,"Mohit Das",50.00
26131,"Sai Khanna",50.00
26134,"Pooja Sinha",50.00
26178,"Ritika Dubey",50.00
26240,"Pooja Joshi",50.00
26275,"Nikhil Menon",50.00
26290,"Mohit Khanna",50.00
26319,"Kavya Verma",50.00
26323,"Aditya Menon",50.00
26335,"Varun Bansal",50.00
26366,"Vivaan Dubey",50.00
26425,"Diya Gupta",50.00
26441,"Ritika Joshi",50.00
26448,"Arjun Sharma",50.00
26450,"Dev Kapoor",50.00
26520,"Siddharth Jain",50.00
26617,"Arjun Ghosh",50.00
26631,"Pooja Agarwal",50.00
26745,"Manav Thakur",50.00
26791,"Aarav Gupta",50.00
26903,"Yash Dubey",50.00
27022,"Siddharth Dubey",50.00
27045,"Pooja Jain",50.00
27048,"Priya Das",50.00
27094,"Varun Menon",50.00
27285,"Nikhil Mehta",50.00
27304,"Pooja Patel",50.00
27317,"Krishna Patel",50.00
27321,"Dev Menon",50.00
27338,"Meera Joshi",50.00
27382,"Aditya Thakur",50.00
27419,"Aditya Jain",50.00
27432,"Krishna Rao",50.00
27449,"Yash Kapoor",50.00
27519,"Pooja Rao",50.00
27575,"Om Joshi",50.00
27582,"Aarav Khanna",50.00
27624,"Neha Choudhary",50.00
27634,"Manav Reddy",50.00
27665,"Siddharth Jain",50.00
27704,"Deepak Dubey",50.00
27710,"Varun Menon",50.00
27714,"Tanmay Bansal",50.00
27774,"Rohan Gupta",50.00
27877,"Sai Bansal",50.00
27958,"Neha Sinha",50.00
28030,"Aarav Rao",50.00
28070,"Rohan Dubey",50.00
28082,"Mohit Verma",50.00
28118,"Ishaan Verma",50.00
28239,"Sai Jain",50.00
28248,"Om Iyer",50.00
28266,"Priya Bansal",50.00
28342,"Pooja Joshi",50.00
28358,"Ananya Kapoor",50.00
28369,"Neha Joshi",50.00
28391,"Neha Bansal",50.00
28453,"Aditi Jain",50.00
28502,"Aditi Verma",50.00
28509,"Varun Iyer",50.00
28516,"Rohan Das",50.00
28564,"Vivaan Verma",50.00
28650,"Arjun Iyer",50.00
28684,"Meera Jain",50.00
28787,"Dev Menon",50.00
28957,"Ananya Khanna",50.00
29072,"Mohit Rao",50.00
29101,"Aarav Nair",50.00
29156,"Pooja Thakur",50.00
29264,"Rahul Menon",50.00
29322,"Pooja Mehta",50.00
29351,"Aditya Mehta",50.00
29369,"Nikhil Das",50.00
29435,"Ananya Rao",50.00
29495,"Ritesh Khanna",50.00
29554,"Harsh Thakur",50.00
29611,"Kavya Thakur",50.00
29655,"Kunal Menon",50.00
29737,"Aman Khanna",50.00
29963,"Aditi Patel",50.00
30025,"Rahul Verma",50.00
30140,"Manav Ghosh",50.00
30204,"Harsh Choudhary",50.00
30279,"Ritesh Sharma",50.00
30449,"Rohan Pandey",50.00
30452,"Kavya Kapoor",50.00
30548,"Vivaan Kapoor",50.00
30609,"Varun Kapoor",50.00
30870,"Deepak Gupta",50.00
30936,"Kavya Reddy",50.00
31061,"Dev Kapoor",50.00
31106,"Harsh Iyer",50.00
31186,"Rohan Mehta",50.00
31426,"Varun Sharma",50.00
31435,"Aditi Bansal",50.00
31475,"Ritesh Khanna",50.00
31526,"Priya Sharma",50.00
31531,"Ritesh Agarwal",50.00
31543,"Arjun Menon",50.00
31640,"Nikhil Gupta",50.00
31745,"Meera Patel",50.00
31774,"Aarav Dubey",50.00
31901,"Aman Joshi",50.00
31955,"Meera Mehta",50.00
31984,"Ananya Agarwal",50.00
32019,"Harsh Sharma",50.00
32022,"Aditya Bansal",50.00
32056,"Dev Ghosh",50.00
32084,"Aman Ghosh",50.00
32155,"Tanmay Jain",50.00
32266,"Tanmay Menon",50.00
32267,"Rohan Reddy",50.00
32274,"Deepak Pandey",50.00
32293,"Ritesh Kapoor",50.00
32355,"Nikhil Sharma",50.00
32359,"Nikhil Reddy",50.00
32420,"Arjun Mehta",50.00
32433,"Rahul Reddy",50.00
32454,"Neha Das",50.00
32547,"Ishaan Patel",50.00
32553,"Arjun Verma",50.00
32600,"Yash Sinha",50.00
32611,"Ritika Khanna",50.00
32627,"Sneha Patel",50.00
32686,"Manav Joshi",50.00
32830,"Krishna Thakur",50.00
32859,"Kunal Kapoor",50.00
32940,"Varun Menon",50.00
33014,"Manav Rao",50.00
33138,"Aman Jain",50.00
33237,"Deepak Joshi",50.00
33302,"Diya Sharma",50.00
33307,"Manav Verma",50.00
33332,"Deepak Joshi",50.00
33339,"Arjun Bansal",50.00
33443,"Yash Agarwal",50.00
33476,"Siddharth Khanna",50.00
33565,"Neha Khanna",50.00
33577,"Mohit Rao",50.00
33639,"Aman Choudhary",50.00
33660,"Neha Sinha",50.00
33668,"Om Agarwal",50.00
33734,"Sai Menon",50.00
33806,"Siddharth Patel",50.00
33814,"Rahul Khanna",50.00
33949,"Nikhil Thakur",50.00
33996,"Arjun Bansal",50.00
34002,"Mohit Patel",50.00
34006,"Tanmay Bansal",50.00
34055,"Tanmay Sharma",50.00
34153,"Diya Iyer",50.00
34206,"Harsh Jain",50.00
34249,"Kunal Iyer",50.00
34274,"Pooja Jain",50.00
34315,"Ananya Dubey",50.00
34450,"Aman Iyer",50.00
34511,"Harsh Reddy",50.00
34578,"Neha Joshi",50.00
34705,"Vivaan Bansal",50.00
34781,"Ritika Nair",50.00
34975,"Krishna Joshi",50.00
35072,"Sneha Jain",50.00
35108,"Krishna Nair",50.00
35233,"Yash Khanna",50.00
35276,"Aditya Joshi",50.00
35370,"Kavya Bansal",50.00
35396,"Mohit Mehta",50.00
35399,"Krishna Joshi",50.00
35450,"Mohit Ghosh",50.00
35470,"Aditi Patel",50.00
35489,"Neha Reddy",50.00
35566,"Sneha Verma",50.00
35656,"Manav Choudhary",50.00
35659,"Vivaan Patel",50.00
35730,"Om Rao",50.00
35814,"Ritika Bansal",50.00
35830,"Aditi Pandey",50.00
35863,"Nikhil Mehta",50.00
35904,"Kunal Rao",50.00
36037,"Sai Rao",50.00
36222,"Deepak Reddy",50.00
36240,"Manav Nair",50.00
36333,"Nikhil Nair",50.00
36336,"Diya Ghosh",50.00
36379,"Deepak Bansal",50.00
36409,"Om Khanna",50.00
36491,"Arjun Das",50.00
36504,"Aman Agarwal",50.00
36611,"Kavya Sinha",50.00
36748,"Rohan Pandey",50.00
36800,"Dev Ghosh",50.00
36874,"Arjun Joshi",50.00
36951,"Arjun Verma",50.00
36960,"Rahul Pandey",50.00
36974,"Kunal Jain",50.00
37027,"Sai Pandey",50.00
37080,"Sai Verma",50.00
37140,"Kavya Dubey",50.00
37161,"Aarav Rao",50.00
37214,"Siddharth Bansal",50.00
37246,"Varun Sinha",50.00
37251,"Kavya Dubey",50.00
37281,"Yash Agarwal",50.00
37304,"Yash Pandey",50.00
37326,"Manav Das",50.00
37328,"Aditya Patel",50.00
37398,"Rohan Dubey",50.00
37482,"Meera Dubey",50.00
37490,"Sneha Patel",50.00
37598,"Yash Sharma",50.00
37634,"Aditi Rao",50.00
37696,"Ritika Ghosh",50.00
37700,"Meera Das",50.00
37742,"Ritesh Das",50.00
37822,"Krishna Choudhary",50.00
37839,"Siddharth Choudhary",50.00
37908,"Sai Nair",50.00
37999,"Neha Dubey",50.00
38152,"Aditya Das",50.00
38168,"Ishaan Patel",50.00
38268,"Diya Jain",50.00
38292,"Sneha Verma",50.00
38382,"Neha Choudhary",50.00
38468,"Neha Iyer",50.00
38510,"Mohit Nair",50.00
38544,"Aditi Das",50.00
38566,"Harsh Sharma",50.00
38646,"Aarav Nair",50.00
38705,"Kunal Kapoor",50.00
38707,"Sai Gupta",50.00
38765,"Harsh Mehta",50.00
38771,"Priya Kapoor",50.00
38838,"Kunal Thakur",50.00
38944,"Sai Gupta",50.00
38955,"Sneha Gupta",50.00
38998,"Yash Agarwal",50.00
39000,"Vivaan Khanna",50.00
39017,"Pooja Jain",50.00
39112,"Priya Bansal",50.00
39204,"Aarav Mehta",50.00
39237,"Neha Joshi",50.00
39260,"Ritika Gupta",50.00
39407,"Krishna Nair",50.00
39468,"Tanmay Verma",50.00
39488,"Arjun Agarwal",50.00
39532,"Rohan Ghosh",50.00
39559,"Yash Gupta",50.00
39625,"Kunal Rao",50.00
39701,"Krishna Nair",50.00
39817,"Kunal Choudhary",50.00
39821,"Yash Dubey",50.00
39829,"Varun Jain",50.00
39964,"Manav Ghosh",50.00
40121,"Neha Iyer",50.00
40140,"Ishaan Jain",50.00
40260,"Mohit Ghosh",50.00
40359,"Rahul Choudhary",50.00
40399,"Vivaan Thakur",50.00
40427,"Nikhil Nair",50.00
40479,"Manav Joshi",50.00
40504,"Ananya Bansal",50.00
40540,"Ritika Reddy",50.00
40599,"Mohit Sharma",50.00
40649,"Vivaan Sinha",50.00
40761,"Meera Nair",50.00
40772,"Mohit Nair",50.00
40791,"Kunal Thakur",50.00
40808,"Sai Patel",50.00
40821,"Tanmay Rao",50.00
40839,"Yash Mehta",50.00
40840,"Ritesh Choudhary",50.00
40855,"Kunal Ghosh",50.00
40884,"Nikhil Sinha",50.00
40885,"Rohan Rao",50.00
40943,"Ishaan Thakur",50.00
41023,"Neha Reddy",50.00
41052,"Meera Menon",50.00
41056,"Sneha Sharma",50.00
41119,"Aarav Joshi",50.00
41186,"Kavya Agarwal",50.00
41251,"Tanmay Patel",50.00
41283,"Arjun Patel",50.00
41307,"Kunal Pandey",50.00
41412,"Ananya Joshi",50.00
41429,"Ritika Das",50.00
41517,"Meera Ghosh",50.00
41543,"Sneha Das",50.00
41640,"Om Iyer",50.00
41651,"Manav Patel",50.00
41693,"Aman Das",50.00
41742,"Aditi Menon",50.00
41812,"Sai Bansal",50.00
41928,"Kunal Khanna",50.00
42007,"Ishaan Jain",50.00
42023,"Arjun Sinha",50.00
42160,"Kavya Khanna",50.00
42236,"Nikhil Gupta",50.00
42398,"Neha Reddy",50.00
42429,"Neha Agarwal",50.00
42568,"Neha Bansal",50.00
42656,"Ananya Khanna",50.00
42678,"Meera Menon",50.00
42708,"Vivaan Mehta",50.00
42878,"Aman Sharma",50.00
42955,"Manav Menon",50.00
42994,"Kavya Sinha",50.00
43007,"Aditi Khanna",50.00
43054,"Ritika Thakur",50.00
43063,"Vivaan Choudhary",50.00
43081,"Nikhil Iyer",50.00
43100,"Harsh Joshi",50.00
43236,"Vivaan Thakur",50.00
43239,"Krishna Iyer",50.00
43348,"Harsh Iyer",50.00
43373,"Yash Agarwal",50.00
43382,"Sneha Mehta",50.00
43446,"Yash Jain",50.00
43526,"Sneha Das",50.00
43573,"Rohan Ghosh",50.00
43625,"Vivaan Mehta",50.00
43674,"Rohan Sinha",50.00
43682,"Manav Sinha",50.00
43792,"Tanmay Dubey",50.00
43891,"Dev Nair",50.00
44055,"Aarav Khanna",50.00
44092,"Mohit Nair",50.00
44143,"Ritika Sharma",50.00
44158,"Aditi Reddy",50.00
44265,"Dev Sharma",50.00
44298,"Rohan Dubey",50.00
44315,"Krishna Sharma",50.00
44420,"Rahul Patel",50.00
44461,"Aman Nair",50.00
44572,"Aman Joshi",50.00
44577,"Sneha Dubey",50.00
44590,"Om Joshi",50.00
44644,"Kavya Mehta",50.00
44806,"Deepak Reddy",50.00
44809,"Rohan Agarwal",50.00
44820,"Priya Ghosh",50.00
44886,"Ishaan Bansal",50.00
44904,"Kavya Menon",50.00
44932,"Mohit Sharma",50.00
44959,"Meera Kapoor",50.00
45086,"Mohit Agarwal",50.00
45126,"Harsh Mehta",50.00
45182,"Ananya Bansal",50.00
45201,"Aarav Ghosh",50.00
45338,"Priya Pandey",50.00
45419,"Deepak Iyer",50.00
45440,"Aditi Thakur",50.00
45483,"Siddharth Das",50.00
45571,"Krishna Nair",50.00
45572,"Vivaan Thakur",50.00
45602,"Om Dubey",50.00
45677,"Vivaan Choudhary",50.00
45708,"Aditya Gupta",50.00
45814,"Pooja Reddy",50.00
45824,"Aman Joshi",50.00
45863,"Rahul Verma",50.00
45927,"Sai Iyer",50.00
45930,"Krishna Iyer",50.00
45983,"Deepak Kapoor",50.00
46032,"Priya Reddy",50.00
46062,"Tanmay Verma",50.00
46067,"Sai Das",50.00
46126,"Om Mehta",50.00
46150,"Aarav Nair",50.00
46190,"Krishna Bansal",50.00
46250,"Dev Mehta",50.00
46293,"Mohit Joshi",50.00
46311,"Manav Gupta",50.00
46332,"Neha Bansal",50.00
46365,"Nikhil Gupta",50.00
46423,"Ananya Agarwal",50.00
46437,"Om Sinha",50.00
46541,"Yash Bansal",50.00
46589,"Arjun Bansal",50.00
46608,"Arjun Sinha",50.00
46663,"Deepak Choudhary",50.00
46669,"Aditi Dubey",50.00
46686,"Aarav Kapoor",50.00
46737,"Vivaan Iyer",50.00
46745,"Harsh Agarwal",50.00
46760,"Dev Ghosh",50.00
46785,"Siddharth Choudhary",50.00
46798,"Mohit Agarwal",50.00
46834,"Krishna Sharma",50.00
46939,"Deepak Reddy",50.00
47028,"Meera Gupta",50.00
47072,"Rahul Iyer",50.00
47175,"Pooja Menon",50.00
47178,"Vivaan Bansal",50.00
47210,"Manav Nair",50.00
47225,"Pooja Mehta",50.00
47241,"Siddharth Thakur",50.00
47306,"Arjun Choudhary",50.00
47410,"Aarav Gupta",50.00
47416,"Varun Choudhary",50.00
47422,"Aarav Pandey",50.00
47483,"Rahul Ghosh",50.00
47555,"Sneha Khanna",50.00
47565,"Aman Ghosh",50.00
47607,"Aman Joshi",50.00
47653,"Rohan Rao",50.00
47830,"Nikhil Reddy",50.00
48031,"Ishaan Kapoor",50.00
48095,"Om Iyer",50.00
48151,"Meera Rao",50.00
48179,"Nikhil Ghosh",50.00
48182,"Pooja Agarwal",50.00
48246,"Sai Jain",50.00
48290,"Rahul Agarwal",50.00
48336,"Aman Ghosh",50.00
48375,"Nikhil Menon",50.00
48484,"Ritesh Agarwal",50.00
48535,"Ishaan Patel",50.00
48543,"Ananya Jain",50.00
48649,"Tanmay Dubey",50.00
48663,"Priya Iyer",50.00
48678,"Diya Khanna",50.00
48807,"Ritika Bansal",50.00
48824,"Dev Iyer",50.00
48885,"Om Thakur",50.00
48937,"Varun Jain",50.00
48969,"Ananya Kapoor",50.00
49039,"Rohan Iyer",50.00
49096,"Krishna Kapoor",50.00
49128,"Harsh Pandey",50.00
49312,"Ritika Kapoor",50.00
49539,"Om Das",50.00
49602,"Ritesh Bansal",50.00
49625,"Sai Verma",50.00
49649,"Ananya Sharma",50.00
49728,"Varun Sharma",50.00
49731,"Neha Thakur",50.00
49804,"Siddharth Rao",50.00
49899,"Pooja Rao",50.00
49921,"Yash Nair",50.00
49986,"Diya Ghosh",50.00
49998,"Sai Iyer",50.00
39154,"Ritesh Nair",40.00
10641,"Rohan Patel",40.00
13849,"Meera Iyer",40.00
22925,"Sai Menon",40.00
25997,"Rahul Ghosh",40.00
28571,"Aditi Patel",40.00
480,"Ritesh Gupta",33.33
2346,"Sneha Thakur",33.33
2371,"Ishaan Nair",33.33
2525,"Om Nair",33.33
2784,"Aarav Patel",33.33
3944,"Om Nair",33.33
4272,"Tanmay Kapoor",33.33
4769,"Aditi Patel",33.33
4802,"Tanmay Khanna",33.33
5131,"Sai Iyer",33.33
5240,"Om Choudhary",33.33
5284,"Priya Choudhary",33.33
5395,"Rohan Reddy",33.33
5491,"Nikhil Joshi",33.33
6229,"Aditi Bansal",33.33
6815,"Aman Ghosh",33.33
7021,"Priya Thakur",33.33
7182,"Nikhil Nair",33.33
7236,"Siddharth Bansal",33.33
7342,"Aman Menon",33.33
7808,"Yash Patel",33.33
7959,"Kavya Kapoor",33.33
8609,"Harsh Kapoor",33.33
9312,"Kavya Das",33.33
9776,"Diya Gupta",33.33
10197,"Kunal Gupta",33.33
10852,"Yash Joshi",33.33
12046,"Nikhil Mehta",33.33
12115,"Varun Das",33.33
13393,"Yash Nair",33.33
13421,"Rahul Nair",33.33
13938,"Om Rao",33.33
14049,"Neha Bansal",33.33
14420,"Tanmay Choudhary",33.33
14887,"Sai Joshi",33.33
14927,"Rahul Ghosh",33.33
15296,"Siddharth Das",33.33
15597,"Arjun Gupta",33.33
15716,"Ishaan Iyer",33.33
16977,"Deepak Das",33.33
17231,"Pooja Mehta",33.33
17303,"Varun Dubey",33.33
18768,"Sai Pandey",33.33
19319,"Nikhil Agarwal",33.33
20592,"Om Choudhary",33.33
20667,"Om Kapoor",33.33
20859,"Aditi Thakur",33.33
21236,"Kunal Sinha",33.33
21356,"Dev Menon",33.33
21724,"Dev Patel",33.33
21820,"Kavya Mehta",33.33
22069,"Harsh Menon",33.33
22232,"Priya Mehta",33.33
22334,"Neha Patel",33.33
22407,"Sneha Das",33.33
22557,"Ananya Khanna",33.33
23772,"Aditya Verma",33.33
24651,"Rohan Sinha",33.33
24925,"Deepak Dubey",33.33
25218,"Kunal Sinha",33.33
25574,"Rohan Patel",33.33
25692,"Sneha Dubey",33.33
26918,"Nikhil Menon",33.33
26988,"Priya Sharma",33.33
27822,"Deepak Nair",33.33
27981,"Tanmay Sharma",33.33
28649,"Rohan Thakur",33.33
29555,"Rahul Thakur",33.33
29630,"Krishna Iyer",33.33
30186,"Arjun Choudhary",33.33
30338,"Aarav Das",33.33
30839,"Harsh Gupta",33.33
31889,"Pooja Sharma",33.33
32520,"Krishna Ghosh",33.33
32904,"Nikhil Sharma",33.33
33139,"Ishaan Mehta",33.33
33287,"Om Jain",33.33
34459,"Varun Nair",33.33
35079,"Vivaan Patel",33.33
35311,"Tanmay Gupta",33.33
36238,"Rahul Kapoor",33.33
36728,"Ritika Das",33.33
37533,"Aman Dubey",33.33
37872,"Dev Gupta",33.33
38009,"Aditya Choudhary",33.33
38128,"Tanmay Kapoor",33.33
38244,"Yash Thakur",33.33
38396,"Deepak Ghosh",33.33
39061,"Sneha Das",33.33
39286,"Kavya Dubey",33.33
39428,"Sai Agarwal",33.33
40241,"Ananya Rao",33.33
40449,"Ritesh Mehta",33.33
40628,"Rohan Pandey",33.33
41883,"Mohit Menon",33.33
42718,"Mohit Nair",33.33
42863,"Yash Rao",33.33
43654,"Rohan Thakur",33.33
43709,"Ritesh Mehta",33.33
43770,"Ishaan Iyer",33.33
43894,"Priya Sharma",33.33
44104,"Aman Thakur",33.33
44294,"Tanmay Rao",33.33
44491,"Ishaan Choudhary",33.33
44556,"Sneha Kapoor",33.33
44948,"Aarav Reddy",33.33
45109,"Kunal Bansal",33.33
45171,"Arjun Jain",33.33
45443,"Rahul Choudhary",33.33
45597,"Kavya Ghosh",33.33
46116,"Manav Patel",33.33
46154,"Rahul Joshi",33.33
46765,"Rahul Das",33.33
46958,"Ritesh Pandey",33.33
47095,"Om Pandey",33.33
47633,"Aman Rao",33.33
47706,"Krishna Ghosh",33.33
47800,"Neha Ghosh",33.33
48686,"Dev Das",33.33
48904,"Sneha Rao",33.33
49561,"Kavya Iyer",33.33
37532,"Vivaan Sharma",25.00
38229,"Om Verma",25.00
41509,"Manav Joshi",25.00
905,"Ritesh Reddy",25.00
13055,"Arjun Choudhary",25.00
20438,"Harsh Menon",25.00
22910,"Krishna Ghosh",25.00
23251,"Tanmay Mehta",25.00
25067,"Priya Jain",25.00
131,"Yash Verma",0.00
159,"Yash Nair",0.00
174,"Priya Thakur",0.00
247,"Yash Thakur",0.00
252,"Ritika Jain",0.00
271,"Yash Choudhary",0.00
287,"Neha Verma",0.00
348,"Neha Nair",0.00
349,"Arjun Das",0.00
516,"Tanmay Agarwal",0.00
555,"Priya Das",0.00
653,"Om Pandey",0.00
688,"Neha Verma",0.00
777,"Rohan Sinha",0.00
827,"Deepak Dubey",0.00
1104,"Ritika Joshi",0.00
1186,"Vivaan Thakur",0.00
1195,"Tanmay Sharma",0.00
1299,"Neha Nair",0.00
1336,"Kavya Choudhary",0.00
1495,"Varun Ghosh",0.00
1534,"Nikhil Nair",0.00
1548,"Vivaan Thakur",0.00
1632,"Ritesh Sinha",0.00
1663,"Ritika Sharma",0.00
1915,"Harsh Khanna",0.00
1931,"Diya Choudhary",0.00
2189,"Krishna Gupta",0.00
2217,"Harsh Sharma",0.00
2410,"Meera Verma",0.00
2530,"Aman Agarwal",0.00
2539,"Rohan Agarwal",0.00
2566,"Arjun Reddy",0.00
2629,"Ritesh Ghosh",0.00
2730,"Ritesh Agarwal",0.00
2815,"Vivaan Das",0.00
2821,"Aman Pandey",0.00
2873,"Nikhil Reddy",0.00
2880,"Om Mehta",0.00
3113,"Deepak Khanna",0.00
3301,"Deepak Nair",0.00
3318,"Aarav Agarwal",0.00
3326,"Aarav Mehta",0.00
3356,"Harsh Kapoor",0.00
3365,"Dev Nair",0.00
3390,"Krishna Patel",0.00
3469,"Ritika Sharma",0.00
3503,"Pooja Patel",0.00
3666,"Tanmay Gupta",0.00
3762,"Ishaan Menon",0.00
3908,"Ritesh Thakur",0.00
3934,"Mohit Kapoor",0.00
4035,"Meera Mehta",0.00
4148,"Aditi Sinha",0.00
4149,"Sneha Rao",0.00
4159,"Sneha Gupta",0.00
4292,"Ishaan Verma",0.00
4418,"Pooja Verma",0.00
4508,"Diya Patel",0.00
4683,"Arjun Pandey",0.00
4701,"Ritika Agarwal",0.00
4831,"Harsh Rao",0.00
5014,"Sai Ghosh",0.00
5017,"Ritesh Kapoor",0.00
5157,"Harsh Patel",0.00
5178,"Yash Rao",0.00
5187,"Krishna Dubey",0.00
5256,"Krishna Gupta",0.00
5262,"Yash Ghosh",0.00
5347,"Krishna Choudhary",0.00
5429,"Aman Rao",0.00
5438,"Ritesh Verma",0.00
5605,"Dev Verma",0.00
5685,"Diya Mehta",0.00
5716,"Dev Agarwal",0.00
5784,"Aman Das",0.00
5913,"Priya Dubey",0.00
5924,"Om Khanna",0.00
5930,"Aman Rao",0.00
5948,"Vivaan Mehta",0.00
6281,"Siddharth Dubey",0.00
6321,"Aarav Khanna",0.00
6364,"Aditya Agarwal",0.00
6420,"Diya Patel",0.00
6431,"Nikhil Sinha",0.00
6451,"Siddharth Iyer",0.00
6509,"Kavya Agarwal",0.00
6681,"Kavya Bansal",0.00
6737,"Rahul Choudhary",0.00
6840,"Harsh Reddy",0.00
6937,"Meera Mehta",0.00
7013,"Diya Pandey",0.00
7047,"Siddharth Rao",0.00
7077,"Harsh Gupta",0.00
7138,"Rahul Choudhary",0.00
7181,"Mohit Ghosh",0.00
7279,"Sai Das",0.00
7419,"Sai Bansal",0.00
7477,"Vivaan Nair",0.00
7512,"Om Choudhary",0.00
7640,"Priya Bansal",0.00
7811,"Deepak Mehta",0.00
7824,"Ananya Gupta",0.00
7881,"Deepak Reddy",0.00
7956,"Ritika Nair",0.00
7990,"Yash Sinha",0.00
8010,"Rahul Joshi",0.00
8103,"Vivaan Nair",0.00
8149,"Aarav Thakur",0.00
8259,"Rahul Thakur",0.00
8320,"Meera Kapoor",0.00
8327,"Aditi Pandey",0.00
8408,"Diya Agarwal",0.00
8605,"Manav Choudhary",0.00
8626,"Rahul Bansal",0.00
9016,"Sneha Ghosh",0.00
9023,"Sai Nair",0.00
9054,"Rahul Khanna",0.00
9061,"Aman Pandey",0.00
9075,"Ananya Agarwal",0.00
9138,"Rahul Mehta",0.00
9231,"Pooja Verma",0.00
9390,"Ishaan Bansal",0.00
9404,"Rohan Sharma",0.00
9474,"Meera Menon",0.00
9505,"Kunal Kapoor",0.00
9612,"Nikhil Khanna",0.00
9675,"Ritika Verma",0.00
9945,"Varun Khanna",0.00
9953,"Varun Khanna",0.00
9986,"Ritika Sinha",0.00
10024,"Krishna Verma",0.00
10066,"Deepak Menon",0.00
10139,"Aarav Choudhary",0.00
10157,"Tanmay Thakur",0.00
10374,"Aarav Gupta",0.00
10413,"Yash Iyer",0.00
10515,"Aman Sinha",0.00
10536,"Varun Joshi",0.00
10546,"Ritesh Ghosh",0.00
10824,"Aditya Kapoor",0.00
10950,"Priya Agarwal",0.00
11064,"Rohan Gupta",0.00
11139,"Aditya Sinha",0.00
11145,"Pooja Gupta",0.00
11296,"Pooja Rao",0.00
11317,"Sai Sinha",0.00
11448,"Om Thakur",0.00
11486,"Krishna Mehta",0.00
11512,"Deepak Nair",0.00
11577,"Kavya Gupta",0.00
11580,"Varun Sharma",0.00
11628,"Diya Iyer",0.00
11647,"Sneha Joshi",0.00
11648,"Om Ghosh",0.00
11689,"Ritesh Patel",0.00
11795,"Yash Sharma",0.00
11796,"Rohan Ghosh",0.00
11869,"Kavya Dubey",0.00
11875,"Aditi Verma",0.00
11931,"Dev Sharma",0.00
12003,"Diya Bansal",0.00
12090,"Mohit Mehta",0.00
12091,"Rahul Khanna",0.00
12097,"Ishaan Gupta",0.00
12321,"Meera Mehta",0.00
12345,"Rahul Pandey",0.00
12377,"Mohit Reddy",0.00
12398,"Tanmay Sharma",0.00
12431,"Kunal Dubey",0.00
12582,"Aditya Khanna",0.00
12627,"Dev Joshi",0.00
12712,"Arjun Agarwal",0.00
12729,"Manav Joshi",0.00
12829,"Manav Kapoor",0.00
12841,"Rahul Sinha",0.00
12914,"Pooja Ghosh",0.00
12963,"Vivaan Mehta",0.00
13098,"Ritesh Rao",0.00
13249,"Meera Mehta",0.00
13431,"Rohan Mehta",0.00
13562,"Sai Patel",0.00
13596,"Diya Nair",0.00
13733,"Arjun Jain",0.00
13843,"Nikhil Dubey",0.00
13901,"Rahul Verma",0.00
13973,"Nikhil Kapoor",0.00
14000,"Aman Ghosh",0.00
14135,"Priya Dubey",0.00
14192,"Rohan Agarwal",0.00
14267,"Kavya Patel",0.00
14301,"Dev Joshi",0.00
14307,"Ananya Dubey",0.00
14339,"Ritika Pandey",0.00
14415,"Ishaan Mehta",0.00
14423,"Yash Sharma",0.00
14493,"Manav Agarwal",0.00
14532,"Yash Ghosh",0.00
14535,"Diya Jain",0.00
14553,"Yash Rao",0.00
14629,"Nikhil Reddy",0.00
14655,"Aditya Choudhary",0.00
14675,"Arjun Ghosh",0.00
14772,"Aman Agarwal",0.00
14880,"Vivaan Bansal",0.00
14893,"Neha Iyer",0.00
14992,"Mohit Sharma",0.00
15246,"Pooja Kapoor",0.00
15356,"Dev Reddy",0.00
15378,"Nikhil Reddy",0.00
15395,"Aarav Kapoor",0.00
15454,"Kavya Mehta",0.00
15496,"Meera Gupta",0.00
15502,"Tanmay Pandey",0.00
15538,"Krishna Gupta",0.00
15579,"Tanmay Sharma",0.00
15603,"Tanmay Dubey",0.00
15650,"Tanmay Ghosh",0.00
15721,"Rohan Nair",0.00
15722,"Ritesh Jain",0.00
15767,"Kavya Sharma",0.00
15787,"Arjun Choudhary",0.00
15790,"Pooja Khanna",0.00
15864,"Kavya Menon",0.00
15884,"Rahul Khanna",0.00
16064,"Arjun Khanna",0.00
16086,"Aman Iyer",0.00
16105,"Meera Dubey",0.00
16197,"Diya Das",0.00
16276,"Sneha Khanna",0.00
16335,"Aman Patel",0.00
16389,"Dev Menon",0.00
16503,"Yash Agarwal",0.00
16690,"Kavya Mehta",0.00
16719,"Priya Sharma",0.00
16753,"Tanmay Rao",0.00
16804,"Dev Sinha",0.00
16905,"Aditi Thakur",0.00
16945,"Ishaan Ghosh",0.00
17161,"Deepak Jain",0.00
17233,"Manav Sharma",0.00
17263,"Ritika Joshi",0.00
17381,"Vivaan Rao",0.00
17480,"Krishna Jain",0.00
17605,"Tanmay Nair",0.00
17631,"Arjun Khanna",0.00
17638,"Ananya Nair",0.00
17741,"Arjun Thakur",0.00
17781,"Ritika Das",0.00
17782,"Mohit Gupta",0.00
17796,"Manav Reddy",0.00
17957,"Neha Verma",0.00
18057,"Ananya Mehta",0.00
18141,"Neha Patel",0.00
18148,"Meera Pandey",0.00
18165,"Nikhil Agarwal",0.00
18171,"Ritesh Verma",0.00
18297,"Manav Mehta",0.00
18373,"Rahul Ghosh",0.00
18421,"Arjun Dubey",0.00
18448,"Rohan Agarwal",0.00
18528,"Ritesh Iyer",0.00
18538,"Nikhil Rao",0.00
18563,"Rohan Dubey",0.00
18666,"Vivaan Kapoor",0.00
18712,"Harsh Choudhary",0.00
18762,"Priya Verma",0.00
18798,"Sai Sharma",0.00
18839,"Kunal Menon",0.00
18861,"Ritesh Ghosh",0.00
18990,"Rahul Joshi",0.00
19015,"Manav Pandey",0.00
19033,"Aman Das",0.00
19047,"Kunal Khanna",0.00
19072,"Om Bansal",0.00
19075,"Manav Das",0.00
19115,"Ishaan Mehta",0.00
19168,"Harsh Pandey",0.00
19175,"Sneha Thakur",0.00
19392,"Manav Kapoor",0.00
19540,"Sai Pandey",0.00
19591,"Meera Khanna",0.00
19620,"Kavya Menon",0.00
19811,"Ananya Sinha",0.00
19834,"Aditya Thakur",0.00
19945,"Varun Sinha",0.00
20045,"Arjun Khanna",0.00
20049,"Deepak Sharma",0.00
20112,"Rahul Gupta",0.00
20173,"Dev Sharma",0.00
20187,"Vivaan Patel",0.00
20195,"Diya Joshi",0.00
20231,"Harsh Rao",0.00
20583,"Harsh Sinha",0.00
20697,"Tanmay Agarwal",0.00
20712,"Rahul Thakur",0.00
20740,"Ritika Bansal",0.00
20792,"Deepak Gupta",0.00
20808,"Dev Sinha",0.00
20921,"Priya Pandey",0.00
21074,"Ishaan Choudhary",0.00
21154,"Krishna Dubey",0.00
21174,"Sai Choudhary",0.00
21270,"Neha Dubey",0.00
21298,"Ritesh Khanna",0.00
21404,"Kavya Kapoor",0.00
21485,"Ritika Patel",0.00
21621,"Varun Sharma",0.00
21667,"Rahul Gupta",0.00
21676,"Dev Thakur",0.00
21703,"Om Choudhary",0.00
21853,"Rahul Sinha",0.00
21856,"Sneha Ghosh",0.00
22007,"Ishaan Rao",0.00
22192,"Pooja Reddy",0.00
22214,"Ananya Nair",0.00
22221,"Vivaan Gupta",0.00
22224,"Neha Patel",0.00
22282,"Deepak Das",0.00
22293,"Aditi Khanna",0.00
22440,"Tanmay Choudhary",0.00
22548,"Kunal Reddy",0.00
22597,"Varun Rao",0.00
22599,"Neha Choudhary",0.00
22711,"Harsh Sinha",0.00
22834,"Tanmay Jain",0.00
22874,"Vivaan Reddy",0.00
23086,"Kunal Das",0.00
23122,"Sai Reddy",0.00
23134,"Yash Reddy",0.00
23180,"Ritika Joshi",0.00
23187,"Ritesh Bansal",0.00
23297,"Yash Menon",0.00
23491,"Sneha Iyer",0.00
23622,"Sneha Ghosh",0.00
23632,"Deepak Verma",0.00
23805,"Priya Sinha",0.00
23980,"Ishaan Sinha",0.00
24040,"Ananya Khanna",0.00
24058,"Diya Joshi",0.00
24076,"Diya Reddy",0.00
24080,"Ishaan Rao",0.00
24117,"Kunal Ghosh",0.00
24119,"Aarav Pandey",0.00
24292,"Mohit Jain",0.00
24372,"Meera Choudhary",0.00
24532,"Krishna Sharma",0.00
24539,"Aman Agarwal",0.00
24609,"Mohit Bansal",0.00
24753,"Siddharth Bansal",0.00
24790,"Ritika Kapoor",0.00
24918,"Sai Mehta",0.00
24922,"Nikhil Khanna",0.00
25010,"Vivaan Pandey",0.00
25017,"Ritika Dubey",0.00
25062,"Ishaan Menon",0.00
25115,"Nikhil Sharma",0.00
25188,"Aditi Choudhary",0.00
25190,"Tanmay Verma",0.00
25287,"Aarav Dubey",0.00
25292,"Vivaan Nair",0.00
25314,"Ananya Rao",0.00
25358,"Ritika Kapoor",0.00
25363,"Diya Kapoor",0.00
25476,"Aditya Bansal",0.00
25529,"Aman Dubey",0.00
25578,"Priya Joshi",0.00
25581,"Ishaan Pandey",0.00
25728,"Rohan Khanna",0.00
25804,"Sai Patel",0.00
25822,"Dev Bansal",0.00
26316,"Rahul Patel",0.00
26361,"Rahul Reddy",0.00
26396,"Aditi Jain",0.00
26398,"Rohan Agarwal",0.00
26480,"Yash Bansal",0.00
26510,"Nikhil Reddy",0.00
26561,"Nikhil Agarwal",0.00
26579,"Neha Thakur",0.00
26664,"Om Dubey",0.00
26739,"Nikhil Gupta",0.00
26750,"Sneha Sinha",0.00
26830,"Harsh Joshi",0.00
26856,"Rahul Pandey",0.00
26875,"Sneha Agarwal",0.00
26904,"Rohan Khanna",0.00
26941,"Ananya Reddy",0.00
26997,"Ishaan Reddy",0.00
27129,"Priya Khanna",0.00
27147,"Meera Rao",0.00
27178,"Om Gupta",0.00
27275,"Priya Sharma",0.00
27368,"Vivaan Thakur",0.00
27435,"Aarav Nair",0.00
27831,"Harsh Joshi",0.00
27916,"Nikhil Menon",0.00
27976,"Krishna Reddy",0.00
28044,"Dev Jain",0.00
28085,"Kunal Menon",0.00
28099,"Sneha Ghosh",0.00
28164,"Deepak Nair",0.00
28201,"Priya Khanna",0.00
28218,"Dev Das",0.00
28276,"Neha Agarwal",0.00
28362,"Yash Iyer",0.00
28393,"Sneha Iyer",0.00
28403,"Nikhil Nair",0.00
28471,"Siddharth Dubey",0.00
28473,"Krishna Pandey",0.00
28500,"Kunal Nair",0.00
28538,"Om Sinha",0.00
28562,"Om Bansal",0.00
28799,"Nikhil Das",0.00
28972,"Kunal Pandey",0.00
29080,"Priya Kapoor",0.00
29122,"Siddharth Verma",0.00
29149,"Varun Kapoor",0.00
29166,"Arjun Agarwal",0.00
29411,"Sneha Nair",0.00
29454,"Ishaan Agarwal",0.00
29510,"Yash Thakur",0.00
29575,"Neha Rao",0.00
29605,"Priya Patel",0.00
29626,"Kunal Dubey",0.00
29632,"Aman Menon",0.00
29636,"Dev Ghosh",0.00
29645,"Kavya Sinha",0.00
29839,"Aditya Khanna",0.00
29952,"Aman Rao",0.00
30064,"Aditi Nair",0.00
30131,"Dev Menon",0.00
30292,"Krishna Dubey",0.00
30302,"Deepak Patel",0.00
30387,"Pooja Joshi",0.00
30438,"Manav Dubey",0.00
30556,"Ritika Dubey",0.00
30566,"Tanmay Iyer",0.00
30596,"Aman Iyer",0.00
30620,"Manav Pandey",0.00
30827,"Nikhil Dubey",0.00
30865,"Harsh Agarwal",0.00
30976,"Rahul Iyer",0.00
30992,"Arjun Agarwal",0.00
31092,"Dev Sharma",0.00
31123,"Tanmay Sinha",0.00
31138,"Rahul Ghosh",0.00
31146,"Aditi Rao",0.00
31162,"Tanmay Kapoor",0.00
31195,"Manav Ghosh",0.00
31219,"Manav Kapoor",0.00
31386,"Kavya Iyer",0.00
31458,"Pooja Agarwal",0.00
31501,"Ritika Verma",0.00
31550,"Kavya Sinha",0.00
31729,"Rahul Kapoor",0.00
31760,"Deepak Joshi",0.00
31793,"Priya Reddy",0.00
31886,"Ananya Das",0.00
31916,"Sai Verma",0.00
31988,"Vivaan Rao",0.00
32031,"Rahul Choudhary",0.00
32043,"Ananya Nair",0.00
32134,"Priya Khanna",0.00
32300,"Mohit Khanna",0.00
32319,"Diya Ghosh",0.00
32374,"Diya Patel",0.00
32560,"Neha Pandey",0.00
32633,"Tanmay Sinha",0.00
32857,"Aarav Ghosh",0.00
32947,"Harsh Kapoor",0.00
33048,"Ritika Das",0.00
33304,"Diya Menon",0.00
33358,"Ritesh Bansal",0.00
33385,"Kavya Pandey",0.00
33510,"Krishna Gupta",0.00
33555,"Aarav Menon",0.00
33609,"Sai Menon",0.00
33640,"Neha Pandey",0.00
33670,"Arjun Sinha",0.00
33692,"Kunal Choudhary",0.00
33847,"Meera Reddy",0.00
34030,"Ritesh Agarwal",0.00
34038,"Sai Khanna",0.00
34042,"Aman Rao",0.00
34050,"Mohit Agarwal",0.00
34091,"Aarav Patel",0.00
34135,"Tanmay Khanna",0.00
34157,"Manav Ghosh",0.00
34170,"Nikhil Sinha",0.00
34288,"Aditya Menon",0.00
34381,"Kunal Verma",0.00
34405,"Priya Sinha",0.00
34479,"Om Joshi",0.00
34486,"Ananya Iyer",0.00
34583,"Harsh Sinha",0.00
34585,"Aditi Verma",0.00
34638,"Vivaan Nair",0.00
34640,"Ritesh Patel",0.00
34735,"Vivaan Sharma",0.00
34796,"Nikhil Joshi",0.00
34798,"Aman Pandey",0.00
34878,"Aditi Patel",0.00
35073,"Nikhil Sinha",0.00
35189,"Om Patel",0.00
35223,"Pooja Sharma",0.00
35249,"Om Jain",0.00
35282,"Diya Sharma",0.00
35300,"Meera Sinha",0.00
35305,"Neha Pandey",0.00
35424,"Krishna Bansal",0.00
35426,"Dev Reddy",0.00
35463,"Varun Kapoor",0.00
35475,"Priya Bansal",0.00
35478,"Aman Patel",0.00
35519,"Deepak Iyer",0.00
35549,"Priya Das",0.00
35665,"Kunal Joshi",0.00
35670,"Krishna Verma",0.00
35687,"Kavya Rao",0.00
35757,"Rohan Pandey",0.00
35849,"Meera Thakur",0.00
35852,"Pooja Khanna",0.00
35883,"Kunal Gupta",0.00
35988,"Rohan Agarwal",0.00
35993,"Aarav Gupta",0.00
36218,"Aman Jain",0.00
36223,"Vivaan Agarwal",0.00
36226,"Sneha Sharma",0.00
36274,"Vivaan Nair",0.00
36331,"Yash Joshi",0.00
36350,"Sneha Pandey",0.00
36371,"Sneha Agarwal",0.00
36411,"Vivaan Bansal",0.00
36576,"Nikhil Joshi",0.00
36684,"Aditi Bansal",0.00
36731,"Dev Dubey",0.00
36733,"Diya Agarwal",0.00
36774,"Harsh Mehta",0.00
36789,"Ritika Sharma",0.00
36817,"Aditi Ghosh",0.00
36828,"Siddharth Bansal",0.00
36834,"Vivaan Ghosh",0.00
36880,"Aman Choudhary",0.00
36914,"Sneha Khanna",0.00
37139,"Arjun Patel",0.00
37143,"Ishaan Menon",0.00
37212,"Harsh Dubey",0.00
37331,"Aditya Patel",0.00
37372,"Tanmay Dubey",0.00
37388,"Priya Kapoor",0.00
37391,"Aditi Gupta",0.00
37456,"Vivaan Sinha",0.00
37556,"Krishna Kapoor",0.00
37600,"Neha Ghosh",0.00
37613,"Vivaan Choudhary",0.00
37632,"Sai Patel",0.00
37633,"Sneha Ghosh",0.00
37721,"Harsh Verma",0.00
37859,"Nikhil Choudhary",0.00
37898,"Kunal Khanna",0.00
38066,"Diya Das",0.00
38109,"Arjun Reddy",0.00
38151,"Siddharth Choudhary",0.00
38155,"Aditya Reddy",0.00
38251,"Rohan Rao",0.00
38295,"Arjun Sinha",0.00
38334,"Aarav Jain",0.00
38422,"Diya Khanna",0.00
38616,"Yash Thakur",0.00
38651,"Vivaan Menon",0.00
38663,"Kunal Ghosh",0.00
38849,"Aditya Nair",0.00
38861,"Tanmay Reddy",0.00
39026,"Aditi Choudhary",0.00
39181,"Varun Sinha",0.00
39262,"Manav Thakur",0.00
39278,"Tanmay Joshi",0.00
39296,"Diya Verma",0.00
39339,"Arjun Pandey",0.00
39343,"Meera Choudhary",0.00
39370,"Rohan Khanna",0.00
39417,"Diya Khanna",0.00
39445,"Aarav Gupta",0.00
39635,"Siddharth Pandey",0.00
39711,"Aman Khanna",0.00
39735,"Neha Mehta",0.00
39759,"Aman Sinha",0.00
39815,"Vivaan Jain",0.00
40034,"Priya Dubey",0.00
40137,"Diya Joshi",0.00
40160,"Arjun Gupta",0.00
40194,"Ananya Mehta",0.00
40196,"Siddharth Khanna",0.00
40201,"Neha Verma",0.00
40235,"Om Patel",0.00
40253,"Rohan Pandey",0.00
40266,"Sai Rao",0.00
40303,"Vivaan Ghosh",0.00
40552,"Aarav Choudhary",0.00
40553,"Meera Patel",0.00
40593,"Aman Rao",0.00
40631,"Kunal Sharma",0.00
40698,"Manav Sharma",0.00
40750,"Kavya Reddy",0.00
40783,"Ishaan Nair",0.00
40892,"Ritika Mehta",0.00
40904,"Manav Rao",0.00
40932,"Om Sharma",0.00
40945,"Pooja Sharma",0.00
41117,"Ritesh Ghosh",0.00
41157,"Dev Jain",0.00
41237,"Kavya Bansal",0.00
41254,"Arjun Iyer",0.00
41321,"Yash Thakur",0.00
41378,"Sneha Choudhary",0.00
41484,"Ishaan Agarwal",0.00
41727,"Yash Iyer",0.00
41749,"Aditi Das",0.00
41760,"Kavya Thakur",0.00
41808,"Ritika Sharma",0.00
41827,"Harsh Verma",0.00
41944,"Varun Gupta",0.00
41947,"Ritika Mehta",0.00
42064,"Nikhil Patel",0.00
42105,"Aditya Reddy",0.00
42111,"Aditi Agarwal",0.00
42168,"Ritesh Sinha",0.00
42322,"Krishna Khanna",0.00
42327,"Sneha Joshi",0.00
42336,"Rohan Bansal",0.00
42479,"Mohit Menon",0.00
42522,"Harsh Joshi",0.00
42527,"Aarav Das",0.00
42549,"Tanmay Reddy",0.00
42599,"Priya Nair",0.00
42600,"Om Agarwal",0.00
42766,"Pooja Ghosh",0.00
42866,"Mohit Nair",0.00
42989,"Kavya Reddy",0.00
43012,"Tanmay Das",0.00
43043,"Rohan Verma",0.00
43092,"Ritika Choudhary",0.00
43107,"Priya Iyer",0.00
43145,"Ritika Patel",0.00
43159,"Nikhil Agarwal",0.00
43219,"Siddharth Bansal",0.00
43243,"Meera Pandey",0.00
43288,"Ritika Pandey",0.00
43395,"Aarav Agarwal",0.00
43491,"Varun Thakur",0.00
43585,"Rahul Rao",0.00
43676,"Yash Iyer",0.00
43690,"Mohit Khanna",0.00
43744,"Meera Menon",0.00
43775,"Ananya Patel",0.00
43882,"Meera Menon",0.00
44057,"Nikhil Jain",0.00
44060,"Kavya Sharma",0.00
44150,"Mohit Nair",0.00
44239,"Ishaan Choudhary",0.00
44307,"Aditya Verma",0.00
44327,"Tanmay Thakur",0.00
44347,"Rohan Bansal",0.00
44353,"Manav Rao",0.00
44533,"Neha Nair",0.00
44563,"Arjun Ghosh",0.00
44597,"Neha Khanna",0.00
44625,"Krishna Kapoor",0.00
44637,"Ananya Dubey",0.00
44744,"Nikhil Iyer",0.00
44963,"Nikhil Das",0.00
45014,"Ananya Menon",0.00
45097,"Tanmay Dubey",0.00
45200,"Varun Jain",0.00
45213,"Priya Iyer",0.00
45328,"Pooja Bansal",0.00
45368,"Aarav Iyer",0.00
45399,"Manav Rao",0.00
45532,"Priya Gupta",0.00
45702,"Varun Jain",0.00
45730,"Ritesh Choudhary",0.00
45757,"Rahul Sharma",0.00
45816,"Aditya Das",0.00
45838,"Ishaan Reddy",0.00
45882,"Dev Patel",0.00
45948,"Kunal Iyer",0.00
45967,"Neha Dubey",0.00
46093,"Ritika Das",0.00
46127,"Mohit Das",0.00
46219,"Ritesh Patel",0.00
46366,"Pooja Choudhary",0.00
46403,"Vivaan Khanna",0.00
46404,"Harsh Reddy",0.00
46406,"Aman Jain",0.00
46414,"Ritesh Verma",0.00
46569,"Aman Thakur",0.00
46622,"Krishna Thakur",0.00
46629,"Yash Kapoor",0.00
46640,"Aditi Choudhary",0.00
46674,"Aarav Bansal",0.00
46687,"Ishaan Thakur",0.00
46756,"Nikhil Thakur",0.00
46783,"Priya Kapoor",0.00
46803,"Manav Kapoor",0.00
46873,"Pooja Agarwal",0.00
46883,"Diya Iyer",0.00
46996,"Aarav Choudhary",0.00
47038,"Manav Sinha",0.00
47052,"Ritika Verma",0.00
47398,"Priya Rao",0.00
47402,"Dev Joshi",0.00
47503,"Krishna Reddy",0.00
47545,"Pooja Gupta",0.00
47554,"Neha Agarwal",0.00
47632,"Krishna Ghosh",0.00
47764,"Rahul Menon",0.00
47778,"Siddharth Ghosh",0.00
47858,"Sneha Dubey",0.00
48065,"Aman Agarwal",0.00
48241,"Meera Das",0.00
48389,"Sai Kapoor",0.00
48401,"Varun Sharma",0.00
48428,"Sneha Agarwal",0.00
48503,"Meera Bansal",0.00
48511,"Kunal Choudhary",0.00
48588,"Manav Rao",0.00
48636,"Ritika Patel",0.00
48680,"Sneha Das",0.00
48738,"Aditya Pandey",0.00
48772,"Aditya Sharma",0.00
48898,"Aarav Verma",0.00
48921,"Sai Sharma",0.00
48925,"Aarav Pandey",0.00
49045,"Arjun Gupta",0.00
49061,"Siddharth Kapoor",0.00
49085,"Yash Khanna",0.00
49090,"Kunal Gupta",0.00
49098,"Tanmay Nair",0.00
49136,"Aarav Pandey",0.00
49206,"Sneha Verma",0.00
49225,"Priya Sharma",0.00
49288,"Sai Ghosh",0.00
49306,"Aman Thakur",0.00
49316,"Dev Ghosh",0.00
49327,"Harsh Gupta",0.00
49349,"Diya Sharma",0.00
49587,"Rohan Sharma",0.00
49703,"Krishna Das",0.00
49717,"Krishna Kapoor",0.00
49739,"Diya Menon",0.00
49775,"Krishna Mehta",0.00
49847,"Aarav Agarwal",0.00
49863,"Sai Menon",0.00
49884,"Meera Reddy",0.00
49952,"Dev Sinha",0.00
49954,"Arjun Khanna",0.00
49991,"Aarav Gupta",0.00
