student_id,full_name
12648,"Ananya Patel"
42995,"Neha Ghosh"
46889,"Priya Thakur"
12673,"Aarav Verma"
23744,"Tanmay Kapoor"
4857,"Rahul Gupta"
15930,"Manav Menon"
31247,"Diya Mehta"
42078,"Ishaan Sinha"
6429,"Siddharth Rao"
30819,"Deepak Pandey"
32018,"Ritika Reddy"
44362,"Vivaan Menon"
13839,"Sneha Joshi"
44738,"Yash Menon"
21366,"Ishaan Rao"
39365,"Sai Kapoor"
34667,"Nikhil Iyer"
33563,"Kavya Pandey"
49867,"Kunal Khanna"
15124,"Manav Patel"
4893,"Aditya Choudhary"
865,"Diya Sharma"
22337,"Neha Verma"
8293,"Vivaan Ghosh"
16820,"Varun Gupta"
22561,"Manav Menon"
17853,"Deepak Thakur"
6210,"Varun Joshi"
3060,"Pooja Pandey"
26873,"Harsh Khanna"
36201,"Vivaan Thakur"
18281,"Aman Agarwal"
36777,"Krishna Mehta"
41558,"Sai Jain"
38989,"Kavya Iyer"
33730,"Nikhil Nair"
12608,"Siddharth Mehta"
47451,"Ishaan Agarwal"
18770,"Om Nair"
17140,"Aman Menon"
5158,"Ritika Khanna"
26897,"Aarav Dubey"
45644,"Om Choudhary"
14043,"Diya Das"
23801,"Siddharth Nair"
33756,"Arjun Ghosh"
48469,"Aditya Iyer"
8463,"Pooja Verma"
8538,"Aman Ghosh"
26991,"Deepak Nair"
32320,"Meera Sinha"
36680,"Mohit Reddy"
9516,"Dev Gupta"
4104,"Sai Mehta"
27115,"Rohan Menon"
3447,"Arjun Jain"
29552,"Sneha Agarwal"
12552,"Kunal Reddy"
48144,"Meera Thakur"
10559,"Vivaan Patel"
16983,"Ananya Gupta"
1884,"Aman Pandey"
15557,"Ananya Reddy"
47049,"Arjun Dubey"
6563,"Pooja Joshi"
20611,"Pooja Das"
25878,"Harsh Nair"
4448,"Mohit Iyer"
9759,"Meera Sharma"
15662,"Aarav Das"
11788,"Ritesh Choudhary"
40988,"Meera Choudhary"
6650,"Ritesh Agarwal"
12166,"Ritika Choudhary"
43924,"Deepak Agarwal"
30130,"Arjun Joshi"
29694,"Priya Reddy"
40026,"Kunal Choudhary"
17615,"Rohan Rao"
38551,"Nikhil Thakur"
3294,"Harsh Sinha"
11024,"Deepak Nair"
7572,"Nikhil Agarwal"
38402,"Nikhil Agarwal"
16399,"Tanmay Dubey"
20448,"Pooja Joshi"
13786,"Rahul Patel"
7971,"Manav Mehta"
31468,"Kavya Pandey"
1163,"Kunal Das"
43338,"Varun Nair"
16106,"Aditi Khanna"
34359,"Kunal Kapoor"
12195,"Varun Verma"
48094,"Kunal Sharma"
6607,"Kunal Jain"
25026,"Vivaan Reddy"
26649,"Kunal Khanna"
43839,"Varun Joshi"
46442,"Yash Dubey"
12846,"Tanmay Thakur"
26754,"Om Sinha"
18456,"Dev Joshi"
16866,"Priya Jain"
1435,"Nikhil Agarwal"
39235,"Dev Mehta"
23289,"Vivaan Choudhary"
16570,"Sneha Thakur"
42500,"Kunal Patel"
31649,"Om Iyer"
44718,"Aditi Nair"
35593,"Priya Verma"
32432,"Aman Sinha"
42490,"Sneha Bansal"
23001,"Yash Gupta"
9906,"Pooja Sharma"
42199,"Ritesh Reddy"
43711,"Ishaan Reddy"
23868,"Dev Pandey"
10397,"Neha Pandey"
12568,"Sneha Nair"
2520,"Nikhil Ghosh"
7794,"Deepak Thakur"
21228,"Sai Choudhary"
31558,"Om Patel"
8958,"Diya Nair"
40501,"Diya Jain"
22725,"Diya Jain"
1527,"Siddharth Gupta"
45005,"Kunal Mehta"
49368,"Aarav Sinha"
19608,"Neha Rao"
31946,"Aman Agarwal"
29578,"Deepak Ghosh"
37583,"Rohan Sinha"
40085,"Om Iyer"
32562,"Arjun Iyer"
46162,"Siddharth Mehta"
3831,"Mohit Patel"
20851,"Mohit Agarwal"
9885,"Aarav Khanna"
25930,"Dev Verma"
15119,"Aman Verma"
11824,"Vivaan Mehta"
20029,"Nikhil Gupta"
1426,"Aditya Khanna"
42555,"Aman Kapoor"
23157,"Krishna Pandey"
21706,"Ananya Das"
5353,"Ritesh Reddy"
6461,"Manav Agarwal"
40261,"Deepak Mehta"
9459,"Om Menon"
12357,"Sneha Jain"
26127,"Priya Iyer"
2063,"Kavya Das"
33235,"Vivaan Sinha"
21814,"Siddharth Sinha"
4032,"Aditya Joshi"
35130,"Mohit Iyer"
46832,"Aman Reddy"
10983,"Aman Sinha"
19874,"Aditya Dubey"
12768,"Arjun Bansal"
10858,"Siddharth Sinha"
29300,"Ananya Gupta"
2442,"Om Menon"
25602,"Deepak Verma"
48646,"Rahul Gupta"
6890,"Priya Verma"
13884,"Ananya Thakur"
650,"Aarav Patel"
49083,"Mohit Kapoor"
8336,"Siddharth Iyer"
23889,"Ritika Sharma"
25005,"Nikhil Patel"
31799,"Varun Agarwal"
16477,"Aditi Das"
11596,"Siddharth Nair"
44606,"Aditya Mehta"
20483,"Vivaan Sharma"
11118,"Rohan Rao"
33070,"Yash Nair"
9113,"Ritesh Gupta"
3618,"Aditi Iyer"
9859,"Arjun Iyer"
39572,"Aditi Reddy"
12759,"Tanmay Sharma"
11940,"Sai Khanna"
9177,"Dev Agarwal"
13411,"Priya Kapoor"
7810,"Ishaan Iyer"
1912,"Arjun Dubey"
16673,"Rohan Choudhary"
28729,"Ishaan Nair"
44193,"Aman Patel"
18879,"Manav Nair"
22147,"Siddharth Reddy"
49682,"Priya Agarwal"
35280,"Deepak Khanna"
3703,"Om Kapoor"
35669,"Om Gupta"
28530,"Kunal Bansal"
28809,"Manav Nair"
36704,"Priya Pandey"
4889,"Dev Iyer"
23489,"Ishaan Menon"
15228,"Aman Verma"
10191,"Pooja Menon"
21649,"Om Ghosh"
7211,"Manav Nair"
31191,"Ishaan Bansal"
13092,"Aarav Das"
36805,"Aditya Verma"
45698,"Mohit Dubey"
7213,"Varun Iyer"
17737,"Aman Rao"
31287,"Varun Menon"
43591,"Kavya Patel"
4804,"Pooja Sharma"
13947,"Ritesh Agarwal"
13724,"Vivaan Nair"
17344,"Om Kapoor"
19590,"Sneha Sharma"
8573,"Kunal Choudhary"
40774,"Sneha Das"
18237,"Kunal Choudhary"
19484,"Kavya Menon"
40849,"Dev Thakur"
9398,"Krishna Khanna"
10107,"Yash Agarwal"
40366,"Om Rao"
11366,"Manav Patel"
48225,"Dev Joshi"
23132,"Mohit Sharma"
47563,"Aman Jain"
46955,"Ananya Bansal"
42384,"Diya Gupta"
18433,"Harsh Patel"
21071,"Neha Verma"
18098,"Diya Jain"
20834,"Priya Pandey"
10539,"Ananya Rao"
48013,"Ishaan Nair"
42338,"Tanmay Khanna"
9993,"Deepak Jain"
37067,"Harsh Nair"
47902,"Yash Rao"
23336,"Sai Agarwal"
21426,"Krishna Nair"
47517,"Aman Ghosh"
22014,"Mohit Jain"
3912,"Pooja Jain"
23506,"Diya Kapoor"
30844,"Varun Iyer"
36792,"Tanmay Dubey"
14678,"Varun Das"
12519,"Aditya Ghosh"
24740,"Aarav Dubey"
12066,"Neha Menon"
41710,"Meera Khanna"
29021,"Neha Gupta"
11407,"Mohit Agarwal"
15604,"Arjun Bansal"
36869,"Tanmay Joshi"
42001,"Siddharth Dubey"
44364,"Sneha Das"
19884,"Harsh Das"
9782,"Mohit Jain"
24863,"Krishna Das"
32701,"Meera Sinha"
49456,"Nikhil Kapoor"
44755,"Deepak Mehta"
24399,"Harsh Kapoor"
41644,"Manav Ghosh"
18202,"Sneha Das"
31610,"Ritesh Sinha"
18759,"Aditi Agarwal"
11969,"Kunal Dubey"
19141,"Diya Patel"
5387,"Ananya Dubey"
41723,"Aditya Bansal"
46824,"Aarav Rao"
23023,"Harsh Bansal"
14479,"Neha Ghosh"
13461,"Manav Kapoor"
43755,"Priya Mehta"
48057,"Harsh Nair"
6704,"Priya Reddy"
16840,"Tanmay Mehta"
36376,"Ananya Reddy"
38453,"Arjun Nair"
29327,"Arjun Das"
8758,"Sneha Nair"
35122,"Kunal Nair"
1302,"Nikhil Patel"
27585,"Ananya Bansal"
47771,"Aditi Patel"
15943,"Mohit Choudhary"
14398,"Aarav Sharma"
41821,"Sai Dubey"
21463,"Aditi Thakur"
25935,"Rohan Dubey"
44853,"Kunal Sharma"
47732,"Om Das"
3843,"Harsh Thakur"
2370,"Rahul Das"
43339,"Rahul Choudhary"
26689,"Ritesh Nair"
17678,"Nikhil Thakur"
42251,"Manav Rao"
31525,"Aarav Patel"
48929,"Ritesh Iyer"
20986,"Yash Reddy"
589,"Yash Jain"
28143,"Vivaan Dubey"
8576,"Varun Joshi"
31902,"Ishaan Ghosh"
43455,"Aman Jain"
49623,"Aman Verma"
38917,"Aditya Verma"
16217,"Diya Nair"
22364,"Deepak Agarwal"
2628,"Varun Gupta"
40611,"Rohan Pandey"
44518,"Yash Joshi"
8038,"Harsh Joshi"
32062,"Priya Joshi"
16470,"Kavya Thakur"
3806,"Rohan Sinha"
11314,"Siddharth Sinha"
34768,"Ananya Pandey"
13270,"Varun Joshi"
19088,"Nikhil Agarwal"
38314,"Aditya Mehta"
18989,"Manav Iyer"
38436,"Harsh Nair"
45872,"Sai Gupta"
18526,"Kunal Menon"
43614,"Ananya Nair"
7063,"Yash Sharma"
47735,"Aman Thakur"
3000,"Varun Verma"
45099,"Aman Khanna"
40598,"Mohit Agarwal"
19791,"Krishna Verma"
14005,"Pooja Bansal"
45183,"Meera Nair"
41045,"Ishaan Mehta"
9790,"Harsh Thakur"
2351,"Deepak Iyer"
29116,"Mohit Mehta"
23708,"Deepak Reddy"
15979,"Yash Nair"
2526,"Ritesh Iyer"
33216,"Nikhil Bansal"
2178,"Rohan Rao"
31071,"Harsh Nair"
14601,"Manav Dubey"
35066,"Ritesh Dubey"
29126,"Ananya Dubey"
23637,"Sai Reddy"
25000,"Kavya Patel"
21350,"Nikhil Kapoor"
33463,"Yash Sinha"
19796,"Aditi Rao"
12077,"Pooja Iyer"
3830,"Krishna Jain"
2218,"Nikhil Gupta"
12386,"Deepak Iyer"
32832,"Pooja Choudhary"
47923,"Arjun Sharma"
22403,"Mohit Nair"
22949,"Kavya Sharma"
33284,"Arjun Jain"
371,"Om Mehta"
49846,"Priya Jain"
6806,"Aditya Sinha"
40627,"Ritesh Pandey"
34415,"Deepak Mehta"
32704,"Kunal Sinha"
5758,"Vivaan Kapoor"
40773,"Manav Khanna"
18302,"Sneha Rao"
44688,"Ritika Reddy"
18040,"Kunal Verma"
897,"Om Kapoor"
32693,"Om Agarwal"
37996,"Nikhil Bansal"
44530,"Manav Menon"
24427,"Neha Gupta"
19257,"Meera Agarwal"
35796,"Sai Jain"
49503,"Siddharth Nair"
2337,"Krishna Agarwal"
40623,"Sneha Bansal"
15481,"Priya Ghosh"
8900,"Ananya Choudhary"
18275,"Ananya Patel"
3448,"Pooja Verma"
15499,"Harsh Joshi"
11291,"Meera Patel"
29934,"Arjun Nair"
20721,"Pooja Agarwal"
9071,"Om Sharma"
49103,"Diya Sharma"
44285,"Dev Rao"
39300,"Yash Thakur"
11214,"Yash Choudhary"
8132,"Arjun Agarwal"
23498,"Siddharth Pandey"
10215,"Sneha Agarwal"
26709,"Rahul Agarwal"
2894,"Sai Nair"
23424,"Aman Mehta"
33558,"Om Agarwal"
40416,"Priya Das"
10837,"Diya Sinha"
10804,"Deepak Ghosh"
31222,"Sneha Khanna"
32170,"Dev Thakur"
40660,"Aditi Ghosh"
13359,"Varun Dubey"
25176,"Aman Khanna"
8970,"Harsh Verma"
18841,"Neha Bansal"
1869,"Siddharth Kapoor"
16730,"Priya Joshi"
46907,"Meera Mehta"
19001,"Sai Thakur"
10240,"Neha Menon"
11808,"Rohan Thakur"
35298,"Nikhil Nair"
9263,"Nikhil Patel"
29262,"Sai Das"
7599,"Kavya Reddy"
1637,"Meera Ghosh"
13597,"Aarav Das"
47590,"Harsh Verma"
34361,"Ritesh Verma"
25239,"Aman Pandey"
8018,"Ishaan Gupta"
20811,"Yash Joshi"
18007,"Aarav Jain"
30383,"Aditi Iyer"
28507,"Pooja Patel"
7110,"Om Sharma"
14659,"Ritika Agarwal"
15922,"Ritika Kapoor"
49472,"Krishna Verma"
45227,"Priya Kapoor"
41994,"Siddharth Khanna"
21732,"Ananya Kapoor"
39122,"Om Sharma"
36479,"Aditi Gupta"
23137,"Pooja Rao"
10866,"Ananya Verma"
8613,"Kunal Sinha"
49898,"Aditya Bansal"
32016,"Ritika Khanna"
47244,"Sneha Verma"
13140,"Aarav Choudhary"
14184,"Kunal Agarwal"
3132,"Kavya Jain"
23326,"Om Kapoor"
27235,"Kunal Das"
48758,"Ritika Sharma"
25057,"Yash Nair"
42875,"Kavya Gupta"
48342,"Vivaan Iyer"
2612,"Rahul Agarwal"
37330,"Tanmay Iyer"
6263,"Varun Patel"
29541,"Kavya Jain"
14064,"Deepak Patel"
45155,"Rohan Joshi"
29536,"Priya Joshi"
2744,"Harsh Reddy"
31281,"Aditi Khanna"
7841,"Manav Joshi"
26047,"Neha Das"
11706,"Siddharth Joshi"
34992,"Siddharth Bansal"
15272,"Kavya Reddy"
1751,"Aditya Bansal"
44549,"Ritika Pandey"
17768,"Ishaan Choudhary"
4036,"Yash Thakur"
36621,"Om Rao"
48106,"Pooja Mehta"
45209,"Krishna Verma"
8619,"Kunal Sinha"
35327,"Kavya Thakur"
18509,"Mohit Sharma"
21243,"Vivaan Ghosh"
12028,"Kunal Kapoor"
23917,"Kunal Sinha"
36349,"Siddharth Verma"
32508,"Priya Kapoor"
3199,"Ananya Thakur"
37641,"Aditi Das"
8594,"Varun Rao"
38237,"Neha Verma"
44578,"Ananya Reddy"
4846,"Kunal Agarwal"
35065,"Ananya Kapoor"
44124,"Deepak Ghosh"
34299,"Siddharth Thakur"
34036,"Tanmay Kapoor"
5926,"Sai Thakur"
37188,"Nikhil Joshi"
26786,"Rohan Rao"
38048,"Rohan Sinha"
29788,"Arjun Mehta"
1757,"Aditi Ghosh"
34525,"Ishaan Patel"
30179,"Sneha Sinha"
7494,"Priya Ghosh"
26180,"Meera Verma"
39334,"Manav Reddy"
7595,"Rahul Joshi"
43974,"Dev Reddy"
26436,"Yash Verma"
36159,"Tanmay Pandey"
38685,"Aditya Agarwal"
29596,"Vivaan Sharma"
34855,"Diya Iyer"
33738,"Aditya Khanna"
5029,"Mohit Pandey"
37295,"Dev Sinha"
21923,"Kunal Jain"
33733,"Nikhil Agarwal"
26730,"Nikhil Joshi"
46537,"Om Choudhary"
17308,"Manav Dubey"
919,"Aditya Choudhary"
17388,"Kavya Sinha"
19928,"Rahul Agarwal"
44750,"Diya Kapoor"
8472,"Sai Dubey"
16246,"Ritesh Thakur"
10859,"Sneha Iyer"
2708,"Vivaan Sinha"
23753,"Aditya Sinha"
19438,"Priya Sharma"
45762,"Siddharth Verma"
2302,"Arjun Menon"
46829,"Arjun Kapoor"
29414,"Meera Gupta"
6858,"Aarav Rao"
26527,"Siddharth Joshi"
38269,"Kunal Rao"
39617,"Manav Jain"
49334,"Pooja Pandey"
7303,"Dev Verma"
44296,"Diya Mehta"
11843,"Arjun Dubey"
22911,"Mohit Jain"
36456,"Mohit Agarwal"
38529,"Sai Reddy"
18365,"Ishaan Sinha"
21795,"Neha Sinha"
40225,"Deepak Reddy"
48081,"Rohan Reddy"
36293,"Rohan Sharma"
46956,"Mohit Menon"
3723,"Aman Mehta"
44769,"Deepak Gupta"
37909,"Priya Rao"
47496,"Ishaan Iyer"
31563,"Ishaan Patel"
13816,"Vivaan Choudhary"
42914,"Aditya Sharma"
2650,"Nikhil Sharma"
29394,"Rohan Joshi"
19203,"Meera Das"
45770,"Ritesh Menon"
2444,"Kavya Jain"
2369,"Krishna Dubey"
43088,"Pooja Pandey"
982,"Harsh Gupta"
22071,"Aditi Dubey"
13838,"Krishna Kapoor"
24041,"Sai Joshi"
24165,"Ritesh Sharma"
643,"Arjun Jain"
8416,"Siddharth Verma"
33624,"Aditi Nair"
19654,"Meera Jain"
4756,"Varun Pandey"
31837,"Kavya Rao"
44397,"Aditi Das"
18514,"Kavya Sharma"
45620,"Aarav Menon"
4468,"Neha Gupta"
3751,"Ritesh Jain"
22184,"Siddharth Das"
35174,"Kavya Patel"
41773,"Om Thakur"
20904,"Om Kapoor"
49937,"Ritika Iyer"
32892,"Nikhil Pandey"
19254,"Arjun Nair"
541,"Varun Nair"
49384,"Sai Gupta"
4953,"Kunal Reddy"
9192,"Pooja Khanna"
38373,"Krishna Reddy"
27186,"Yash Das"
25702,"Meera Das"
13239,"Manav Das"
24577,"Nikhil Iyer"
9251,"Yash Menon"
7598,"Pooja Thakur"
22531,"Aditya Verma"
33474,"Ishaan Rao"
1886,"Harsh Sharma"
11422,"Aditya Agarwal"
23994,"Aarav Rao"
16588,"Rohan Pandey"
7014,"Nikhil Reddy"
28032,"Sneha Reddy"
48922,"Priya Patel"
38397,"Varun Pandey"
48270,"Om Ghosh"
42125,"Ishaan Jain"
48926,"Harsh Sinha"
9626,"Dev Pandey"
41964,"Krishna Reddy"
36671,"Diya Dubey"
28852,"Sneha Sinha"
8028,"Kavya Iyer"
2145,"Rahul Mehta"
2321,"Om Agarwal"
14421,"Varun Sinha"
34485,"Kavya Reddy"
30806,"Aditya Gupta"
48957,"Tanmay Jain"
21399,"Kavya Verma"
47021,"Sai Pandey"
9556,"Neha Mehta"
40516,"Pooja Joshi"
21615,"Pooja Thakur"
32053,"Yash Joshi"
22087,"Nikhil Sinha"
46502,"Aman Gupta"
28675,"Krishna Mehta"
21711,"Priya Jain"
23142,"Neha Dubey"
32927,"Deepak Choudhary"
43913,"Varun Mehta"
31342,"Aditi Khanna"
46424,"Manav Choudhary"
17815,"Nikhil Patel"
28621,"Om Das"
24331,"Tanmay Sharma"
12247,"Dev Ghosh"
20886,"Aarav Agarwal"
5504,"Nikhil Menon"
18268,"Aditya Agarwal"
16311,"Rohan Das"
45407,"Tanmay Jain"
37674,"Dev Das"
44235,"Aditya Dubey"
39718,"Deepak Iyer"
19720,"Meera Jain"
13442,"Dev Choudhary"
47867,"Sai Iyer"
11854,"Siddharth Jain"
40870,"Siddharth Sharma"
35968,"Kunal Reddy"
17857,"Aarav Reddy"
21492,"Meera Nair"
34650,"Aman Iyer"
20242,"Om Verma"
39755,"Mohit Rao"
1624,"Ananya Rao"
3357,"Manav Menon"
13141,"Mohit Jain"
7565,"Harsh Sharma"
1249,"Meera Kapoor"
26377,"Sai Ghosh"
43442,"Meera Mehta"
9544,"Manav Iyer"
15165,"Rohan Kapoor"
24389,"Rohan Agarwal"
48537,"Aditya Choudhary"
13317,"Mohit Thakur"
29006,"Pooja Gupta"
20190,"Aditya Agarwal"
35914,"Aarav Dubey"
41253,"Aditya Choudhary"
12730,"Kunal Das"
10452,"Pooja Gupta"
5249,"Tanmay Sinha"
28625,"Diya Joshi"
45723,"Ritika Sinha"
644,"Aditya Khanna"
29312,"Priya Gupta"
8270,"Aditi Ghosh"
43611,"Vivaan Sharma"
33933,"Ananya Rao"
18663,"Arjun Patel"
30125,"Mohit Iyer"
5107,"Ritesh Verma"
37707,"Deepak Reddy"
27244,"Rahul Ghosh"
14169,"Aditya Bansal"
27057,"Dev Pandey"
5997,"Ritesh Khanna"
16695,"Aarav Gupta"
4013,"Neha Bansal"
6165,"Ananya Joshi"
12981,"Siddharth Pandey"
2863,"Dev Kapoor"
34567,"Rahul Sinha"
25605,"Manav Pandey"
16289,"Vivaan Jain"
29896,"Arjun Gupta"
27961,"Yash Khanna"
1694,"Aditya Kapoor"
3992,"Arjun Menon"
11865,"Meera Sharma"
44241,"Pooja Pandey"
25183,"Tanmay Nair"
47109,"Ananya Khanna"
11974,"Krishna Gupta"
30447,"Rahul Agarwal"
25595,"Siddharth Mehta"
48165,"Aditya Choudhary"
436,"Ritika Khanna"
23161,"Ritika Iyer"
22830,"Meera Thakur"
32288,"Varun Thakur"
19656,"Deepak Sinha"
4125,"Ritesh Agarwal"
27836,"Meera Das"
38364,"Siddharth Bansal"
35436,"Tanmay Nair"
31382,"Aditya Jain"
27926,"Tanmay Pandey"
31400,"Priya Verma"
45360,"Nikhil Patel"
42589,"Priya Joshi"
20108,"Varun Sharma"
6266,"Krishna Ghosh"
2225,"Pooja Rao"
19495,"Manav Agarwal"
43661,"Rahul Patel"
1332,"Aditya Ghosh"
14755,"Yash Jain"
37032,"Dev Kapoor"
6436,"Mohit Dubey"
6689,"Aarav Choudhary"
45871,"Meera Pandey"
18000,"Ishaan Das"
45847,"Ananya Pandey"
8600,"Kavya Khanna"
872,"Pooja Reddy"
8876,"Deepak Iyer"
24892,"Aditya Agarwal"
25909,"Ritika Menon"
46100,"Om Menon"
46773,"Vivaan Sinha"
47534,"Deepak Menon"
37408,"Sneha Joshi"
46459,"Ritesh Agarwal"
7300,"Ritika Iyer"
41511,"Ritesh Jain"
44422,"Vivaan Joshi"
1677,"Sneha Iyer"
18890,"Harsh Bansal"
38569,"Ananya Joshi"
5392,"Arjun Reddy"
32945,"Om Verma"
28919,"Aditya Kapoor"
662,"Dev Patel"
31391,"Pooja Patel"
44751,"Aditi Gupta"
37103,"Sai Gupta"
23203,"Diya Patel"
35748,"Kunal Joshi"
46591,"Vivaan Agarwal"
29336,"Meera Ghosh"
10035,"Rohan Dubey"
30652,"Krishna Jain"
5190,"Dev Pandey"
23750,"Siddharth Ghosh"
33268,"Diya Menon"
31504,"Arjun Ghosh"
2000,"Rahul Mehta"
2206,"Siddharth Gupta"
38142,"Vivaan Das"
9538,"Ritika Das"
37993,"Ananya Thakur"
37385,"Yash Reddy"
46617,"Aman Joshi"
41583,"Om Verma"
41404,"Siddharth Joshi"
22026,"Om Agarwal"
19071,"Neha Patel"
29492,"Harsh Kapoor"
16688,"Krishna Agarwal"
41874,"Meera Mehta"
12402,"Rohan Rao"
11238,"Ritika Reddy"
16505,"Krishna Sharma"
43764,"Krishna Choudhary"
36683,"Sai Thakur"
6237,"Priya Sinha"
31144,"Siddharth Agarwal"
42895,"Varun Menon"
33105,"Siddharth Sinha"
21900,"Nikhil Verma"
5042,"Yash Sinha"
5348,"Sai Kapoor"
33488,"Dev Verma"
24137,"Tanmay Bansal"
24832,"Siddharth Gupta"
15005,"Nikhil Mehta"
34919,"Manav Verma"
8943,"Ritika Pandey"
11308,"Harsh Joshi"
42493,"Sneha Kapoor"
5280,"Ritesh Sharma"
44868,"Meera Das"
40648,"Neha Kapoor"
2814,"Om Bansal"
12218,"Sneha Mehta"
15329,"Ishaan Iyer"
43294,"Ishaan Agarwal"
16818,"Rohan Ghosh"
30899,"Tanmay Rao"
36562,"Ishaan Choudhary"
24860,"Pooja Kapoor"
33720,"Ishaan Ghosh"
24512,"Nikhil Mehta"
46886,"Kavya Patel"
42638,"Siddharth Pandey"
3533,"Rohan Khanna"
47459,"Mohit Iyer"
9455,"Om Iyer"
33445,"Aarav Iyer"
32789,"Aarav Menon"
10826,"Nikhil Das"
27074,"Vivaan Sinha"
10924,"Siddharth Joshi"
29581,"Siddharth Das"
2152,"Aarav Kapoor"
41400,"Pooja Reddy"
38006,"Ananya Das"
33840,"Tanmay Rao"
31589,"Varun Patel"
44977,"Deepak Iyer"
15867,"Ananya Kapoor"
27247,"Diya Gupta"
8501,"Arjun Jain"
20005,"Deepak Ghosh"
16976,"Siddharth Jain"
19025,"Rahul Verma"
45568,"Kavya Verma"
16428,"Kavya Choudhary"
38184,"Aarav Mehta"
9038,"Neha Gupta"
42231,"Meera Das"
21387,"Meera Khanna"
24884,"Rohan Ghosh"
39421,"Manav Kapoor"
8188,"Sneha Rao"
43790,"Arjun Sinha"
28897,"Nikhil Rao"
6416,"Meera Thakur"
1057,"Rahul Pandey"
48219,"Deepak Bansal"
8426,"Pooja Das"
20751,"Kavya Pandey"
14409,"Aditya Nair"
28515,"Kunal Kapoor"
39784,"Krishna Rao"
47755,"Om Dubey"
38660,"Aman Das"
25171,"Neha Das"
41364,"Rohan Kapoor"
22329,"Meera Dubey"
20068,"Harsh Joshi"
21598,"Varun Patel"
9852,"Vivaan Pandey"
22260,"Mohit Das"
18782,"Diya Patel"
34723,"Rohan Das"
42786,"Rohan Kapoor"
6870,"Nikhil Joshi"
10908,"Deepak Menon"
18308,"Pooja Sinha"
48211,"Diya Sinha"
23284,"Aarav Iyer"
18554,"Siddharth Mehta"
43850,"Sneha Rao"
2992,"Sneha Nair"
11959,"Arjun Verma"
11111,"Kunal Menon"
49311,"Neha Choudhary"
49442,"Dev Nair"
17132,"Aarav Reddy"
2761,"Ritika Das"
24956,"Priya Mehta"
34482,"Aditya Jain"
40804,"Diya Agarwal"
9411,"Manav Gupta"
10771,"Deepak Joshi"
19448,"Dev Bansal"
30699,"Aarav Gupta"
31269,"Manav Khanna"
26767,"Kavya Ghosh"
11299,"Priya Choudhary"
18285,"Om Ghosh"
18251,"Deepak Iyer"
16586,"Aman Sinha"
37488,"Siddharth Thakur"
7705,"Diya Dubey"
10152,"Dev Jain"
42259,"Aditya Thakur"
38521,"Vivaan Patel"
48284,"Rahul Joshi"
44264,"Diya Choudhary"
42991,"Harsh Sinha"
31442,"Sneha Pandey"
44484,"Ritika Mehta"
17671,"Rohan Pandey"
22808,"Rohan Pandey"
34431,"Priya Kapoor"
16070,"Deepak Sinha"
45936,"Kavya Rao"
4483,"Varun Agarwal"
28126,"Neha Rao"
24009,"Ishaan Reddy"
35638,"Dev Joshi"
26358,"Ananya Das"
5188,"Aditya Ghosh"
44468,"Aditi Patel"
47184,"Siddharth Pandey"
36645,"Kunal Sinha"
2583,"Ritesh Sinha"
33335,"Aman Pandey"
47285,"Arjun Reddy"
34577,"Kavya Rao"
28309,"Rohan Khanna"
37783,"Aditi Rao"
20159,"Nikhil Sharma"
49724,"Aman Sinha"
37037,"Ishaan Verma"
41439,"Ananya Choudhary"
43266,"Priya Mehta"
16168,"Aman Reddy"
8278,"Aman Sharma"
26304,"Dev Ghosh"
39493,"Yash Patel"
1502,"Arjun Thakur"
36457,"Meera Bansal"
12330,"Neha Pandey"
32414,"Siddharth Nair"
12942,"Aman Nair"
28124,"Aditi Jain"
46456,"Sai Menon"
35090,"Sneha Das"
26400,"Aditi Joshi"
36496,"Harsh Menon"
10166,"Meera Nair"
18334,"Kavya Jain"
34528,"Ishaan Thakur"
41373,"Priya Sinha"
14222,"Diya Agarwal"
36899,"Diya Ghosh"
29642,"Aditya Iyer"
10496,"Mohit Gupta"
20827,"Mohit Sharma"
21529,"Ritika Choudhary"
1879,"Kavya Verma"
13681,"Diya Pandey"
5683,"Manav Menon"
6423,"Nikhil Sharma"
17100,"Pooja Ghosh"
21640,"Neha Iyer"
29017,"Krishna Ghosh"
4643,"Aman Sharma"
24452,"Manav Nair"
6523,"Kavya Reddy"
22753,"Siddharth Dubey"
6173,"Ishaan Mehta"
49453,"Rahul Mehta"
10234,"Yash Nair"
6128,"Arjun Joshi"
3732,"Arjun Khanna"
25695,"Aarav Jain"
29859,"Krishna Joshi"
36529,"Deepak Reddy"
12476,"Manav Thakur"
28757,"Mohit Menon"
34594,"Vivaan Nair"
1217,"Pooja Joshi"
18636,"Kavya Kapoor"
17595,"Krishna Choudhary"
7654,"Harsh Iyer"
24827,"Tanmay Nair"
35302,"Siddharth Kapoor"
35653,"Aman Das"
38852,"Harsh Sharma"
41276,"Kunal Reddy"
20545,"Varun Dubey"
49023,"Om Mehta"
43473,"Aditi Dubey"
4992,"Siddharth Dubey"
45283,"Varun Pandey"
42402,"Aditya Dubey"
2926,"Priya Mehta"
16568,"Ritesh Dubey"
13655,"Harsh Khanna"
38886,"Pooja Bansal"
31014,"Varun Pandey"
1289,"Priya Sinha"
16950,"Sneha Pandey"
37069,"Ritesh Sharma"
46084,"Yash Dubey"
8596,"Arjun Menon"
30424,"Varun Kapoor"
15031,"Sneha Dubey"
38932,"Rohan Jain"
19279,"Arjun Mehta"
6770,"Pooja Verma"
23244,"Sai Nair"
22638,"Siddharth Nair"
35615,"Deepak Reddy"
22662,"Tanmay Choudhary"
32509,"Pooja Gupta"
7778,"Ritika Bansal"
1340,"Varun Menon"
1873,"Siddharth Menon"
25914,"Deepak Menon"
18792,"Nikhil Agarwal"
9383,"Deepak Pandey"
47237,"Kunal Gupta"
6372,"Kunal Verma"
9814,"Manav Bansal"
18288,"Arjun Dubey"
22391,"Rahul Ghosh"
6002,"Vivaan Joshi"
40661,"Rohan Agarwal"
47537,"Yash Joshi"
22473,"Varun Reddy"
26805,"Aarav Khanna"
14530,"Ananya Verma"
46915,"Tanmay Dubey"
30511,"Manav Rao"
2457,"Manav Bansal"
12150,"Tanmay Kapoor"
48164,"Deepak Reddy"
32952,"Deepak Choudhary"
24750,"Neha Patel"
6109,"Yash Mehta"
30041,"Priya Verma"
4619,"Kunal Patel"
20693,"Ritesh Verma"
16660,"Nikhil Nair"
24474,"Aditya Sinha"
10426,"Aarav Agarwal"
1876,"Kunal Verma"
31949,"Nikhil Sharma"
27136,"Rohan Sinha"
7073,"Diya Patel"
11092,"Dev Bansal"
23003,"Dev Kapoor"
8024,"Aditi Joshi"
29597,"Om Rao"
17864,"Mohit Dubey"
23822,"Pooja Iyer"
39305,"Aditi Nair"
11129,"Ritika Nair"
23874,"Kunal Jain"
46206,"Aditya Kapoor"
32038,"Priya Bansal"
48863,"Aditya Joshi"
36486,"Aditya Agarwal"
46463,"Deepak Khanna"
13501,"Ananya Iyer"
48948,"Priya Iyer"
13605,"Sneha Menon"
13134,"Dev Kapoor"
42445,"Yash Verma"
13800,"Sneha Khanna"
41368,"Varun Sharma"
47666,"Diya Thakur"
9842,"Manav Gupta"
30627,"Sneha Ghosh"
44034,"Ritika Choudhary"
2857,"Harsh Reddy"
47722,"Siddharth Bansal"
9449,"Ishaan Menon"
46952,"Ishaan Reddy"
38517,"Ananya Mehta"
33244,"Tanmay Thakur"
15672,"Deepak Thakur"
10601,"Priya Choudhary"
44946,"Nikhil Iyer"
47870,"Pooja Sharma"
44122,"Rohan Menon"
26599,"Pooja Pandey"
44199,"Sai Das"
47951,"Arjun Choudhary"
36283,"Meera Rao"
21216,"Rahul Verma"
21730,"Harsh Jain"
26379,"Neha Das"
5268,"Tanmay Sinha"
32032,"Siddharth Verma"
19036,"Aarav Bansal"
40131,"Ananya Agarwal"
46038,"Deepak Iyer"
13046,"Mohit Joshi"
32174,"Priya Dubey"
26145,"Kunal Bansal"
6864,"Deepak Iyer"
18353,"Vivaan Thakur"
24871,"Ishaan Pandey"
3206,"Harsh Verma"
2008,"Varun Mehta"
44115,"Yash Agarwal"
42071,"Diya Mehta"
21390,"Arjun Rao"
20380,"Ritika Agarwal"
23218,"Tanmay Rao"
21101,"Kavya Joshi"
23524,"Ritesh Rao"
2917,"Kunal Bansal"
10934,"Priya Kapoor"
19491,"Rohan Das"
20543,"Diya Iyer"
1396,"Aditi Gupta"
998,"Mohit Bansal"
49111,"Om Rao"
1966,"Deepak Das"
11772,"Pooja Rao"
30081,"Deepak Pandey"
23012,"Siddharth Joshi"
31846,"Aditi Sharma"
10305,"Meera Das"
14056,"Deepak Nair"
12146,"Yash Verma"
12564,"Ritesh Pandey"
42126,"Aditya Menon"
49005,"Pooja Mehta"
23454,"Meera Jain"
41389,"Siddharth Nair"
20502,"Arjun Sinha"
8131,"Varun Dubey"
3731,"Arjun Reddy"
40057,"Aditya Ghosh"
25160,"Sneha Kapoor"
47739,"Sneha Mehta"
44837,"Aman Khanna"
41669,"Varun Khanna"
5527,"Diya Agarwal"
6757,"Kunal Dubey"
23067,"Om Joshi"
26266,"Om Bansal"
35050,"Neha Das"
6346,"Ishaan Thakur"
7536,"Rahul Patel"
45701,"Varun Jain"
14068,"Aman Sinha"
28912,"Manav Pandey"
4615,"Aman Iyer"
4813,"Ishaan Menon"
40713,"Ishaan Rao"
37386,"Rahul Gupta"
41791,"Krishna Joshi"
49488,"Pooja Iyer"
13565,"Nikhil Choudhary"
46805,"Sneha Dubey"
30367,"Aditi Dubey"
20211,"Kunal Khanna"
35088,"Sai Menon"
21954,"Kavya Pandey"
13146,"Aditya Choudhary"
37361,"Deepak Kapoor"
9377,"Ishaan Verma"
8999,"Deepak Sharma"
27439,"Ananya Jain"
35081,"Deepak Khanna"
9978,"Neha Sharma"
46848,"Sai Menon"
49870,"Nikhil Agarwal"
8723,"Varun Bansal"
15901,"Neha Nair"
7882,"Rohan Dubey"
41889,"Tanmay Iyer"
22382,"Sneha Menon"
41772,"Deepak Joshi"
27093,"Yash Reddy"
48405,"Tanmay Gupta"
45139,"Manav Pandey"
14137,"Deepak Rao"
926,"Aditya Patel"
13588,"Aarav Menon"
8639,"Ananya Pandey"
47840,"Kavya Agarwal"
42620,"Sai Thakur"
33794,"Yash Pandey"
4849,"Priya Pandey"
2272,"Ishaan Patel"
36421,"Sai Khanna"
25215,"Sneha Jain"
19725,"Nikhil Jain"
11392,"Neha Sinha"
28740,"Diya Thakur"
18133,"Om Gupta"
19583,"Siddharth Ghosh"
22305,"Om Rao"
14216,"Rahul Dubey"
18276,"Arjun Verma"
37887,"Varun Thakur"
17149,"Nikhil Menon"
24839,"Priya Ghosh"
4967,"Arjun Gupta"
40771,"Krishna Das"
15741,"Kavya Rao"
6178,"Harsh Bansal"
18601,"Sai Patel"
12580,"Ritika Pandey"
44191,"Pooja Sharma"
28157,"Kavya Das"
47542,"Kavya Khanna"
7209,"Varun Menon"
49177,"Aditya Gupta"
14400,"Sneha Jain"
45222,"Diya Jain"
16539,"Om Sinha"
14549,"Nikhil Gupta"
16329,"Aditya Sharma"
17280,"Priya Jain"
18278,"Ritika Khanna"
5258,"Krishna Verma"
37407,"Yash Pandey"
36920,"Priya Iyer"
9368,"Ritika Nair"
30074,"Aditi Sharma"
16770,"Meera Choudhary"
31319,"Rohan Kapoor"
23115,"Yash Reddy"
30419,"Aman Iyer"
2941,"Manav Pandey"
26051,"Ritika Kapoor"
46349,"Nikhil Ghosh"
8087,"Harsh Dubey"
48005,"Dev Bansal"
18907,"Aditi Pandey"
13680,"Mohit Gupta"
31492,"Om Thakur"
25248,"Yash Pandey"
20254,"Yash Nair"
35686,"Dev Agarwal"
38833,"Vivaan Thakur"
11036,"Varun Iyer"
339,"Rohan Sinha"
38769,"Arjun Nair"
15846,"Aditya Das"
37611,"Dev Gupta"
16043,"Dev Nair"
37528,"Rohan Sharma"
21880,"Rahul Rao"
48713,"Ritika Sharma"
40999,"Tanmay Patel"
20347,"Meera Khanna"
10880,"Deepak Rao"
32542,"Krishna Sharma"
10245,"Om Joshi"
1342,"Diya Ghosh"
26853,"Aarav Patel"
28363,"Dev Ghosh"
33224,"Sneha Menon"
33267,"Dev Patel"
39671,"Aditya Patel"
41190,"Neha Sinha"
45035,"Kavya Rao"
32228,"Harsh Pandey"
25096,"Rohan Choudhary"
10253,"Rohan Ghosh"
32086,"Neha Kapoor"
49426,"Ritesh Khanna"
2618,"Vivaan Choudhary"
7449,"Ananya Verma"
34756,"Priya Reddy"
20742,"Varun Das"
47287,"Meera Agarwal"
12065,"Dev Menon"
46585,"Harsh Ghosh"
32299,"Mohit Menon"
38046,"Kavya Kapoor"
30416,"Om Jain"
33553,"Ritika Patel"
25937,"Priya Patel"
7649,"Mohit Rao"
15592,"Pooja Kapoor"
14657,"Krishna Sharma"
38895,"Ananya Sinha"
40929,"Priya Nair"
38083,"Ishaan Mehta"
9143,"Priya Verma"
9810,"Varun Menon"
21613,"Rahul Bansal"
6702,"Pooja Thakur"
5154,"Priya Das"
9301,"Priya Patel"
38704,"Arjun Bansal"
19434,"Kunal Joshi"
25072,"Aarav Pandey"
43211,"Mohit Das"
49113,"Kavya Khanna"
13722,"Aman Iyer"
5846,"Sneha Gupta"
16272,"Aman Nair"
21414,"Varun Kapoor"
25875,"Sai Dubey"
13069,"Ishaan Sharma"
25479,"Tanmay Nair"
22963,"Nikhil Iyer"
27040,"Ishaan Pandey"
1656,"Om Thakur"
16711,"Manav Rao"
8212,"Rohan Mehta"
17260,"Rohan Khanna"
6164,"Sneha Thakur"
18273,"Neha Joshi"
37789,"Vivaan Dubey"
5472,"Aarav Iyer"
13648,"Deepak Thakur"
15071,"Sai Jain"
15300,"Harsh Sharma"
46381,"Dev Choudhary"
8492,"Sai Verma"
8857,"Rohan Choudhary"
20101,"Yash Reddy"
24274,"Siddharth Mehta"
49086,"Siddharth Sharma"
37063,"Mohit Sinha"
34073,"Priya Dubey"
2637,"Aditi Patel"
2691,"Harsh Mehta"
44660,"Harsh Dubey"
19154,"Siddharth Rao"
27990,"Pooja Thakur"
41291,"Rahul Choudhary"
29864,"Kunal Khanna"
8030,"Aman Khanna"
11133,"Priya Jain"
35232,"Pooja Thakur"
18103,"Manav Thakur"
6409,"Aman Sharma"
20085,"Ritika Choudhary"
5774,"Rahul Reddy"
32061,"Diya Joshi"
31385,"Nikhil Das"
11070,"Ritika Kapoor"
48757,"Ritesh Kapoor"
25489,"Diya Agarwal"
37453,"Ritesh Verma"
15588,"Aditya Rao"
31716,"Dev Sharma"
19683,"Rohan Nair"
9736,"Varun Thakur"
12356,"Priya Verma"
40263,"Ishaan Sinha"
21172,"Arjun Das"
49958,"Priya Reddy"
49133,"Kunal Kapoor"
25999,"Tanmay Thakur"
22624,"Sneha Choudhary"
29132,"Sai Rao"
3869,"Deepak Sharma"
44927,"Ishaan Bansal"
10335,"Nikhil Jain"
12104,"Sai Agarwal"
26732,"Diya Sharma"
21187,"Varun Patel"
27674,"Diya Mehta"
9101,"Aditi Agarwal"
34873,"Vivaan Mehta"
42747,"Ananya Das"
47148,"Kavya Agarwal"
6534,"Ananya Choudhary"
25747,"Ritika Kapoor"
38806,"Kunal Verma"
11674,"Krishna Agarwal"
25771,"Yash Menon"
41843,"Ishaan Nair"
24933,"Dev Das"
6191,"Krishna Ghosh"
142,"Mohit Reddy"
42002,"Krishna Bansal"
34174,"Sneha Iyer"
48546,"Sai Nair"
28875,"Aditi Sinha"
785,"Priya Menon"
16377,"Harsh Choudhary"
19675,"Ritesh Joshi"
10142,"Vivaan Verma"
19037,"Diya Pandey"
37226,"Om Jain"
44359,"Krishna Gupta"
43423,"Yash Iyer"
42990,"Nikhil Nair"
12614,"Sai Kapoor"
31695,"Harsh Rao"
31167,"Kunal Joshi"
25077,"Priya Iyer"
13291,"Rahul Thakur"
24280,"Sneha Joshi"
6189,"Pooja Menon"
6317,"Sai Mehta"
10987,"Sai Verma"
48385,"Pooja Dubey"
24590,"Manav Jain"
24218,"Deepak Khanna"
32037,"Tanmay Ghosh"
3600,"Krishna Choudhary"
20523,"Aditi Sinha"
19327,"Aditya Ghosh"
45991,"Harsh Iyer"
3530,"Yash Sharma"
40797,"Aditi Thakur"
33694,"Ritika Sharma"
15149,"Aditi Patel"
41138,"Nikhil Sinha"
26807,"Pooja Khanna"
46379,"Vivaan Sharma"
42227,"Arjun Joshi"
38555,"Ritesh Das"
31581,"Ishaan Joshi"
10925,"Rahul Sharma"
42144,"Yash Sharma"
49236,"Deepak Gupta"
39551,"Vivaan Agarwal"
26027,"Krishna Gupta"
46081,"Ritesh Verma"
41447,"Sai Sinha"
35749,"Varun Nair"
4832,"Varun Jain"
22222,"Ananya Bansal"
19165,"Aditi Pandey"
36444,"Mohit Reddy"
48254,"Neha Kapoor"
7176,"Yash Nair"
28607,"Rahul Choudhary"
6059,"Kunal Gupta"
21543,"Diya Dubey"
19961,"Kavya Thakur"
33248,"Kunal Sharma"
43581,"Ananya Das"
32828,"Ritika Jain"
21488,"Rohan Rao"
42746,"Pooja Khanna"
36942,"Ritika Gupta"
22731,"Pooja Patel"
26252,"Yash Dubey"
25836,"Varun Kapoor"
21510,"Om Sharma"
32734,"Aditi Mehta"
14723,"Aman Khanna"
22182,"Harsh Choudhary"
43175,"Deepak Pandey"
32973,"Krishna Dubey"
24083,"Ishaan Bansal"
2005,"Ananya Reddy"
11476,"Aditi Kapoor"
48248,"Diya Ghosh"
44743,"Nikhil Sinha"
27625,"Om Sharma"
24546,"Ritika Agarwal"
43208,"Deepak Verma"
18313,"Tanmay Gupta"
28792,"Sai Iyer"
15298,"Rahul Verma"
27400,"Vivaan Nair"
28848,"Diya Ghosh"
27643,"Om Pandey"
13277,"Aditya Nair"
6201,"Pooja Kapoor"
31974,"Krishna Pandey"
21964,"Sai Ghosh"
34736,"Neha Joshi"
30938,"Om Mehta"
31977,"Vivaan Patel"
46000,"Yash Jain"
32439,"Harsh Das"
15745,"Manav Ghosh"
14142,"Yash Choudhary"
9195,"Mohit Nair"
33657,"Siddharth Kapoor"
32754,"Aman Agarwal"
6074,"Rohan Jain"
15720,"Manav Menon"
12457,"Arjun Sinha"
6627,"Om Dubey"
19184,"Kunal Jain"
42005,"Mohit Mehta"
20281,"Tanmay Pandey"
47094,"Arjun Choudhary"
22029,"Ritika Jain"
2762,"Ritesh Nair"
46618,"Diya Gupta"
43199,"Kavya Pandey"
22050,"Aditya Kapoor"
12491,"Aditya Das"
37537,"Pooja Agarwal"
15564,"Pooja Iyer"
9714,"Deepak Jain"
14584,"Om Nair"
2274,"Om Thakur"
41260,"Tanmay Khanna"
25364,"Kavya Kapoor"
7502,"Aarav Jain"
31854,"Siddharth Kapoor"
38230,"Nikhil Menon"
8652,"Aarav Nair"
24075,"Priya Mehta"
11978,"Neha Reddy"
14380,"Ritesh Menon"
3678,"Kavya Reddy"
27374,"Siddharth Joshi"
37259,"Sneha Kapoor"
49003,"Yash Thakur"
46077,"Rahul Nair"
15375,"Varun Das"
8874,"Harsh Sinha"
9412,"Aditi Khanna"
47702,"Nikhil Thakur"
6320,"Siddharth Patel"
1141,"Meera Verma"
26916,"Sai Reddy"
38484,"Varun Reddy"
14144,"Kavya Pandey"
23680,"Rahul Mehta"
24490,"Rohan Patel"
18253,"Aditya Mehta"
37562,"Nikhil Ghosh"
28130,"Dev Bansal"
36653,"Aditi Das"
48426,"Om Sinha"
10360,"Vivaan Pandey"
352,"Aarav Joshi"
36958,"Deepak Gupta"
30465,"Kunal Khanna"
9481,"Dev Das"
34080,"Yash Iyer"
2710,"Rahul Reddy"
21156,"Sai Bansal"
40617,"Harsh Reddy"
47511,"Mohit Joshi"
24205,"Ishaan Choudhary"
38921,"Pooja Pandey"
23330,"Ritesh Kapoor"
46621,"Ishaan Patel"
49272,"Ritika Ghosh"
42247,"Meera Reddy"
34941,"Sai Jain"
38311,"Kunal Thakur"
32570,"Varun Thakur"
25883,"Ritika Reddy"
7258,"Deepak Ghosh"
10201,"Sneha Patel"
27160,"Ritika Gupta"
23428,"Manav Joshi"
33716,"Yash Khanna"
38372,"Aarav Rao"
27746,"Sneha Khanna"
29235,"Ritika Jain"
22144,"Priya Reddy"
14284,"Neha Gupta"
43296,"Dev Reddy"
21188,"Aditi Nair"
46543,"Varun Menon"
6181,"Ananya Sharma"
22080,"Rahul Dubey"
35936,"Ritesh Iyer"
19835,"Arjun Thakur"
41512,"Aditya Ghosh"
46991,"Sneha Gupta"
29106,"Ritesh Jain"
21569,"Kavya Thakur"
44957,"Tanmay Pandey"
11155,"Manav Pandey"
13465,"Aditya Agarwal"
9760,"Yash Das"
31483,"Meera Mehta"
21408,"Sai Iyer"
14906,"Neha Choudhary"
16675,"Mohit Pandey"
27876,"Sneha Gupta"
19574,"Aman Mehta"
5129,"Harsh Agarwal"
24690,"Priya Rao"
46023,"Rahul Sharma"
27021,"Pooja Menon"
1006,"Tanmay Jain"
25346,"Vivaan Ghosh"
4340,"Rohan Patel"
19641,"Mohit Joshi"
27271,"Aditya Das"
26872,"Arjun Verma"
46339,"Rahul Jain"
6123,"Aditya Gupta"
3555,"Meera Nair"
48365,"Meera Bansal"
2305,"Rahul Das"
26042,"Vivaan Joshi"
46704,"Manav Agarwal"
1818,"Dev Bansal"
18359,"Diya Rao"
39170,"Sai Jain"
31395,"Aman Reddy"
16726,"Aditi Verma"
47941,"Meera Jain"
5143,"Pooja Kapoor"
28352,"Arjun Dubey"
26445,"Aditi Dubey"
43672,"Meera Agarwal"
19950,"Kavya Choudhary"
27480,"Ritesh Rao"
29553,"Aman Reddy"
4422,"Aditi Thakur"
37227,"Ananya Joshi"
48286,"Kavya Dubey"
13289,"Ritika Sinha"
38455,"Yash Bansal"
12669,"Krishna Verma"
45488,"Yash Bansal"
40814,"Yash Ghosh"
30561,"Aman Mehta"
10953,"Aarav Reddy"
27177,"Sneha Nair"
17746,"Meera Jain"
49390,"Pooja Bansal"
1935,"Arjun Thakur"
24089,"Ritesh Nair"
5865,"Rahul Thakur"
11085,"Dev Dubey"
4106,"Sai Khanna"
14910,"Arjun Joshi"
17101,"Mohit Sinha"
16720,"Ritesh Choudhary"
1601,"Priya Mehta"
31927,"Aman Dubey"
13142,"Meera Gupta"
14393,"Tanmay Dubey"
39836,"Siddharth Agarwal"
30966,"Neha Bansal"
32648,"Vivaan Verma"
47447,"Ananya Nair"
39466,"Ananya Menon"
2352,"Deepak Bansal"
27153,"Krishna Rao"
17075,"Diya Agarwal"
17599,"Kunal Dubey"
16869,"Ishaan Iyer"
43651,"Mohit Das"
18097,"Ritesh Mehta"
46872,"Dev Das"
41036,"Kunal Verma"
1707,"Om Choudhary"
26580,"Priya Das"
591,"Aditya Dubey"
9880,"Arjun Dubey"
13773,"Deepak Reddy"
23301,"Pooja Das"
15092,"Ishaan Joshi"
2501,"Kunal Rao"
12281,"Yash Khanna"
12414,"Nikhil Choudhary"
31865,"Sai Agarwal"
10101,"Manav Ghosh"
36690,"Om Choudhary"
41048,"Sai Jain"
5253,"Aditya Rao"
11764,"Om Gupta"
31491,"Tanmay Khanna"
8852,"Om Das"
41419,"Sneha Sharma"
26375,"Rahul Kapoor"
33787,"Sai Iyer"
36227,"Rohan Iyer"
1582,"Aditya Mehta"
6825,"Aditi Khanna"
38294,"Krishna Patel"
3418,"Manav Sinha"
15759,"Sai Reddy"
29001,"Arjun Mehta"
28723,"Rohan Iyer"
41298,"Mohit Reddy"
6510,"Siddharth Bansal"
19551,"Arjun Ghosh"
488,"Yash Ghosh"
4216,"Krishna Kapoor"
30917,"Om Patel"
44760,"Vivaan Agarwal"
3527,"Pooja Sharma"
39616,"Aditi Reddy"
12890,"Sai Khanna"
37604,"Pooja Verma"
17017,"Kunal Verma"
16407,"Ritika Jain"
18309,"Rahul Menon"
1819,"Dev Reddy"
45367,"Priya Sharma"
4193,"Harsh Pandey"
14041,"Om Verma"
21991,"Ananya Thakur"
15285,"Yash Agarwal"
24395,"Meera Gupta"
7158,"Vivaan Jain"
7862,"Sneha Joshi"
3724,"Deepak Rao"
49843,"Aditya Iyer"
37739,"Nikhil Khanna"
19808,"Rahul Patel"
5307,"Aman Sinha"
13540,"Neha Gupta"
45446,"Sneha Dubey"
18174,"Om Joshi"
32417,"Pooja Thakur"
32365,"Dev Sharma"
4916,"Arjun Bansal"
24332,"Om Sharma"
2812,"Ananya Das"
4084,"Meera Menon"
46438,"Siddharth Choudhary"
9977,"Aman Menon"
31474,"Nikhil Reddy"
47806,"Nikhil Sinha"
35942,"Deepak Joshi"
49959,"Sneha Reddy"
1539,"Priya Ghosh"
5264,"Ritesh Gupta"
18194,"Vivaan Mehta"
43726,"Siddharth Kapoor"
1509,"Harsh Sharma"
20431,"Arjun Joshi"
44887,"Dev Ghosh"
3996,"Tanmay Choudhary"
41621,"Aman Kapoor"
28440,"Harsh Kapoor"
25763,"Pooja Rao"
16648,"Aditi Nair"
7546,"Siddharth Mehta"
39685,"Neha Nair"
5062,"Yash Dubey"
35483,"Yash Khanna"
33226,"Aman Nair"
40151,"Aman Reddy"
4635,"Manav Thakur"
20974,"Diya Bansal"
11638,"Aarav Rao"
37165,"Aarav Sharma"
37967,"Kavya Mehta"
32692,"Diya Choudhary"
3898,"Meera Ghosh"
10395,"Kunal Menon"
23483,"Krishna Choudhary"
45203,"Dev Ghosh"
34442,"Yash Rao"
29594,"Aarav Joshi"
31693,"Manav Sharma"
46567,"Aditya Jain"
21871,"Ishaan Dubey"
47804,"Tanmay Patel"
23521,"Ritesh Choudhary"
39676,"Aditya Rao"
37121,"Rohan Iyer"
27014,"Sai Bansal"
36432,"Rahul Das"
14347,"Ritika Nair"
18613,"Manav Agarwal"
28420,"Nikhil Menon"
610,"Dev Dubey"
979,"Ritesh Thakur"
20189,"Aditi Agarwal"
46363,"Yash Gupta"
33490,"Rohan Reddy"
7790,"Diya Kapoor"
25280,"Vivaan Menon"
44475,"Ananya Pandey"
48767,"Ananya Jain"
25703,"Meera Nair"
13401,"Priya Gupta"
8205,"Yash Rao"
5479,"Aditya Verma"
49686,"Mohit Reddy"
20865,"Sneha Pandey"
4390,"Rahul Kapoor"
38729,"Manav Patel"
25148,"Nikhil Bansal"
49162,"Vivaan Gupta"
10359,"Krishna Reddy"
39632,"Om Iyer"
44831,"Diya Rao"
15007,"Sneha Sinha"
34630,"Varun Sinha"
26625,"Manav Khanna"
30515,"Sneha Rao"
15451,"Sneha Jain"
7879,"Kunal Thakur"
28267,"Rohan Patel"
11263,"Meera Reddy"
19671,"Rohan Verma"
25268,"Kunal Gupta"
23605,"Priya Reddy"
21855,"Om Menon"
33630,"Yash Joshi"
24229,"Kunal Iyer"
29789,"Nikhil Rao"
12226,"Ritika Verma"
21781,"Priya Choudhary"
43955,"Manav Bansal"
12400,"Harsh Patel"
12485,"Meera Bansal"
27342,"Ritika Menon"
15467,"Harsh Sinha"
1212,"Nikhil Iyer"
16979,"Dev Verma"
44050,"Deepak Thakur"
3561,"Siddharth Mehta"
41256,"Sai Thakur"
17176,"Harsh Jain"
7770,"Siddharth Thakur"
29133,"Aarav Khanna"
11979,"Diya Ghosh"
40868,"Meera Rao"
12314,"Harsh Joshi"
601,"Mohit Iyer"
28904,"Harsh Kapoor"
9958,"Arjun Bansal"
23124,"Ritesh Sharma"
25064,"Pooja Mehta"
29418,"Rohan Gupta"
5843,"Priya Kapoor"
1998,"Tanmay Gupta"
37316,"Ritika Rao"
701,"Yash Ghosh"
43289,"Mohit Pandey"
8375,"Dev Das"
29610,"Om Das"
12300,"Nikhil Choudhary"
281,"Aditi Das"
6916,"Dev Iyer"
1922,"Kunal Pandey"
32191,"Tanmay Patel"
15955,"Om Verma"
21128,"Vivaan Mehta"
7141,"Sai Kapoor"
27306,"Arjun Verma"
46655,"Om Gupta"
27629,"Ritika Iyer"
48347,"Sneha Joshi"
10221,"Aman Kapoor"
8769,"Kavya Patel"
13991,"Aditya Reddy"
29030,"Kunal Reddy"
43805,"Yash Rao"
19269,"Kunal Sinha"
15203,"Vivaan Sinha"
26217,"Aditi Menon"
25834,"Kavya Das"
18131,"Ritesh Sinha"
27055,"Tanmay Thakur"
5507,"Manav Choudhary"
5766,"Arjun Khanna"
952,"Ritesh Patel"
5360,"Tanmay Pandey"
6542,"Ananya Patel"
39905,"Rahul Das"
9051,"Ritesh Jain"
4706,"Sai Agarwal"
23214,"Aman Jain"
6309,"Sneha Nair"
23147,"Ritesh Verma"
32240,"Manav Patel"
14071,"Aditi Joshi"
32953,"Rahul Nair"
2746,"Sai Joshi"
18753,"Aarav Khanna"
8907,"Arjun Jain"
21290,"Ishaan Bansal"
33654,"Sneha Sharma"
38027,"Nikhil Choudhary"
17646,"Om Kapoor"
31058,"Harsh Mehta"
13037,"Kunal Iyer"
20427,"Sai Iyer"
34185,"Rohan Ghosh"
13636,"Manav Sharma"
1557,"Deepak Khanna"
12475,"Neha Choudhary"
31273,"Aarav Bansal"
6635,"Varun Patel"
31417,"Aditi Patel"
40073,"Kunal Jain"
8337,"Rohan Thakur"
46198,"Ritesh Sharma"
18432,"Aarav Ghosh"
31630,"Varun Das"
49175,"Ananya Iyer"
1908,"Aarav Rao"
34064,"Pooja Das"
29151,"Rohan Choudhary"
46411,"Deepak Nair"
2893,"Nikhil Mehta"
18499,"Diya Das"
47430,"Manav Ghosh"
42453,"Aditi Gupta"
26367,"Aditya Choudhary"
9614,"Dev Patel"
21755,"Mohit Agarwal"
45280,"Manav Khanna"
24438,"Rohan Pandey"
25011,"Tanmay Khanna"
39986,"Dev Das"
8673,"Neha Patel"
37125,"Dev Pandey"
35438,"Sneha Mehta"
41118,"Aditya Sharma"
44842,"Tanmay Das"
16025,"Ananya Iyer"
46329,"Kunal Nair"
35366,"Mohit Jain"
6548,"Deepak Verma"
47073,"Neha Dubey"
34916,"Rahul Verma"
48043,"Kunal Kapoor"
16101,"Manav Menon"
28439,"Manav Rao"
30877,"Ritesh Das"
36610,"Ritika Mehta"
36981,"Ritika Patel"
22844,"Aman Verma"
1556,"Neha Sinha"
34904,"Pooja Kapoor"
45471,"Sneha Patel"
17153,"Neha Jain"
8282,"Krishna Menon"
47661,"Kavya Mehta"
40068,"Sneha Bansal"
13874,"Ananya Nair"
28351,"Neha Das"
25749,"Krishna Agarwal"
20814,"Kavya Ghosh"
24927,"Siddharth Choudhary"
26842,"Priya Rao"
36875,"Diya Choudhary"
41983,"Mohit Kapoor"
2095,"Ritesh Menon"
40790,"Neha Menon"
24888,"Ishaan Jain"
48927,"Mohit Mehta"
14014,"Kunal Kapoor"
10607,"Aditya Kapoor"
11511,"Mohit Menon"
33024,"Varun Gupta"
1692,"Manav Sinha"
28173,"Tanmay Mehta"
42458,"Deepak Bansal"
32879,"Aditi Ghosh"
16282,"Om Ghosh"
14437,"Sneha Reddy"
11715,"Ananya Ghosh"
48496,"Aditi Mehta"
11769,"Siddharth Khanna"
49705,"Neha Sinha"
39813,"Rahul Ghosh"
46548,"Krishna Khanna"
10336,"Priya Sharma"
43189,"Nikhil Nair"
18272,"Dev Khanna"
26315,"Diya Mehta"
27380,"Arjun Kapoor"
41446,"Rohan Pandey"
49339,"Om Verma"
19668,"Pooja Dubey"
21038,"Ritesh Verma"
4725,"Deepak Dubey"
24268,"Kunal Pandey"
31930,"Kunal Kapoor"
35816,"Meera Verma"
4536,"Rohan Sharma"
27461,"Rahul Reddy"
22979,"Vivaan Rao"
44449,"Diya Agarwal"
39356,"Dev Thakur"
13507,"Pooja Sharma"
47194,"Pooja Kapoor"
36593,"Ananya Iyer"
31643,"Rahul Reddy"
34358,"Rohan Nair"
49485,"Varun Sinha"
35412,"Rohan Gupta"
9791,"Manav Iyer"
1550,"Sai Rao"
48170,"Kunal Nair"
48714,"Neha Sharma"
7911,"Rahul Kapoor"
656,"Kavya Dubey"
17104,"Vivaan Choudhary"
4677,"Mohit Rao"
37673,"Rohan Bansal"
22003,"Rahul Khanna"
15254,"Manav Reddy"
9979,"Krishna Iyer"
18826,"Sneha Verma"
21451,"Siddharth Mehta"
10887,"Varun Gupta"
49525,"Diya Gupta"
39480,"Neha Gupta"
13059,"Diya Das"
5418,"Ritesh Reddy"
48789,"Ananya Reddy"
17653,"Siddharth Nair"
2540,"Diya Menon"
8048,"Diya Patel"
41946,"Varun Kapoor"
31651,"Ananya Kapoor"
34815,"Ananya Sinha"
47242,"Diya Jain"
29265,"Krishna Rao"
9925,"Om Thakur"
15523,"Ishaan Thakur"
9443,"Kunal Dubey"
11857,"Priya Agarwal"
35882,"Priya Menon"
47124,"Deepak Sharma"
16008,"Sneha Sharma"
1032,"Varun Sharma"
47476,"Pooja Joshi"
40003,"Kunal Agarwal"
6402,"Aditi Ghosh"
18284,"Vivaan Iyer"
29979,"Rahul Gupta"
16525,"Rahul Dubey"
33674,"Sai Ghosh"
39871,"Krishna Kapoor"
10741,"Siddharth Joshi"
14111,"Ritesh Pandey"
33876,"Ishaan Sinha"
39929,"Vivaan Choudhary"
42686,"Kunal Sinha"
39234,"Neha Gupta"
46069,"Ishaan Jain"
47918,"Ritika Nair"
24264,"Ananya Jain"
18918,"Nikhil Khanna"
6765,"Pooja Dubey"
6324,"Ananya Pandey"
14330,"Sneha Menon"
38003,"Tanmay Thakur"
10910,"Manav Reddy"
20333,"Ananya Sinha"
28092,"Ritika Bansal"
26248,"Kavya Agarwal"
42278,"Kunal Bansal"
29090,"Aman Mehta"
532,"Arjun Sharma"
10931,"Aditi Dubey"
11601,"Neha Das"
31238,"Varun Mehta"
37982,"Aditya Joshi"
8786,"Ritesh Bansal"
19042,"Varun Jain"
16210,"Diya Sharma"
32580,"Rohan Jain"
4833,"Ritika Kapoor"
10279,"Sneha Patel"
48801,"Yash Choudhary"
32694,"Diya Jain"
23421,"Priya Patel"
1143,"Sai Khanna"
42540,"Om Iyer"
11324,"Rahul Patel"
7344,"Aman Sharma"
21371,"Neha Patel"
8898,"Ananya Gupta"
29160,"Priya Bansal"
20699,"Siddharth Menon"
30659,"Aditi Gupta"
25155,"Varun Agarwal"
22974,"Om Ghosh"
3706,"Mohit Reddy"
2713,"Krishna Verma"
45259,"Krishna Nair"
41420,"Siddharth Mehta"
16194,"Deepak Patel"
42107,"Mohit Choudhary"
24899,"Rohan Rao"
47000,"Deepak Gupta"
37458,"Aarav Rao"
38288,"Ritika Bansal"
1223,"Arjun Choudhary"
14894,"Aditi Joshi"
36038,"Sneha Jain"
38377,"Priya Pandey"
38209,"Om Pandey"
46503,"Aditi Sharma"
18702,"Ritesh Nair"
35369,"Harsh Rao"
13988,"Ritesh Iyer"
26992,"Ananya Joshi"
9062,"Tanmay Thakur"
15809,"Ritesh Patel"
39787,"Sai Thakur"
20625,"Aditya Sharma"
29631,"Ritesh Ghosh"
19264,"Manav Agarwal"
19906,"Dev Gupta"
10809,"Sai Sharma"
39355,"Tanmay Sharma"
49653,"Mohit Dubey"
30516,"Deepak Agarwal"
6687,"Ananya Sinha"
25360,"Yash Mehta"
25304,"Tanmay Agarwal"
48002,"Siddharth Nair"
2933,"Manav Patel"
6518,"Diya Pandey"
44480,"Rohan Verma"
27799,"Meera Agarwal"
6428,"Tanmay Reddy"
23979,"Siddharth Joshi"
38703,"Pooja Jain"
49968,"Priya Choudhary"
49789,"Sai Menon"
11273,"Nikhil Jain"
35319,"Tanmay Jain"
27218,"Sai Ghosh"
33387,"Sai Reddy"
29377,"Neha Pandey"
18067,"Krishna Sinha"
40712,"Krishna Das"
27013,"Kunal Dubey"
11520,"Rahul Pandey"
33994,"Aman Ghosh"
1094,"Aarav Choudhary"
32902,"Ishaan Mehta"
41450,"Aarav Choudhary"
7614,"Varun Reddy"
4273,"Ishaan Rao"
32834,"Kavya Reddy"
49011,"Krishna Gupta"
11525,"Neha Gupta"
32722,"Rahul Rao"
35655,"Harsh Kapoor"
49751,"Tanmay Choudhary"
11025,"Sneha Dubey"
48941,"Arjun Khanna"
2838,"Ishaan Menon"
15774,"Aditya Choudhary"
44077,"Aarav Kapoor"
45964,"Meera Gupta"
47337,"Rohan Choudhary"
14775,"Pooja Pandey"
13051,"Ritika Das"
47699,"Ishaan Khanna"
20213,"Om Ghosh"
2094,"Yash Verma"
49683,"Sai Joshi"
22914,"Manav Jain"
4819,"Ananya Choudhary"
43168,"Ishaan Sharma"
45075,"Siddharth Nair"
21321,"Krishna Ghosh"
39499,"Rohan Pandey"
6003,"Rohan Verma"
28691,"Kunal Bansal"
8080,"Arjun Iyer"
29567,"Varun Gupta"
9396,"Mohit Rao"
46271,"Meera Agarwal"
47464,"Vivaan Joshi"
19134,"Aarav Joshi"
30557,"Ishaan Nair"
49932,"Siddharth Khanna"
31394,"Aditya Sinha"
32425,"Dev Joshi"
7054,"Aman Choudhary"
23467,"Siddharth Iyer"
19308,"Rohan Das"
13926,"Vivaan Rao"
12352,"Krishna Dubey"
43490,"Aarav Sharma"
32197,"Aditi Kapoor"
34187,"Varun Patel"
27805,"Ananya Agarwal"
42319,"Aman Choudhary"
44222,"Harsh Bansal"
35590,"Kunal Pandey"
7722,"Aditya Menon"
13471,"Vivaan Pandey"
33898,"Deepak Thakur"
5441,"Yash Verma"
18713,"Sneha Choudhary"
30010,"Nikhil Menon"
4586,"Manav Ghosh"
18783,"Neha Sinha"
24914,"Manav Gupta"
46341,"Diya Rao"
33663,"Diya Verma"
27205,"Kunal Agarwal"
34921,"Aman Jain"
31748,"Aarav Rao"
39374,"Rahul Nair"
20695,"Rahul Verma"
26869,"Meera Kapoor"
18320,"Om Iyer"
33351,"Om Ghosh"
49577,"Harsh Agarwal"
42884,"Meera Patel"
22478,"Yash Kapoor"
20060,"Meera Kapoor"
48112,"Om Mehta"
30725,"Ananya Thakur"
19851,"Dev Gupta"
40645,"Aditi Gupta"
18939,"Kavya Ghosh"
8595,"Vivaan Thakur"
45825,"Meera Choudhary"
20614,"Aditi Menon"
15418,"Deepak Patel"
44304,"Vivaan Iyer"
15358,"Neha Gupta"
17442,"Rohan Sharma"
19505,"Pooja Rao"
17311,"Kunal Dubey"
15242,"Kavya Pandey"
38224,"Pooja Mehta"
7984,"Dev Khanna"
8119,"Ishaan Dubey"
45119,"Harsh Sinha"
18652,"Tanmay Pandey"
5312,"Tanmay Sinha"
43344,"Yash Kapoor"
5925,"Ananya Das"
44757,"Kavya Nair"
27020,"Kunal Menon"
30674,"Harsh Jain"
38376,"Yash Jain"
8681,"Aditya Gupta"
20216,"Diya Bansal"
30727,"Priya Khanna"
46839,"Aarav Jain"
28464,"Rahul Reddy"
49319,"Rahul Patel"
29010,"Kavya Choudhary"
24903,"Vivaan Das"
22687,"Om Kapoor"
27794,"Krishna Nair"
45729,"Meera Rao"
7007,"Sneha Joshi"
47718,"Aman Patel"
31690,"Mohit Mehta"
17210,"Aditya Sinha"
36667,"Manav Patel"
8542,"Tanmay Bansal"
41731,"Rahul Joshi"
40211,"Kunal Dubey"
25821,"Ishaan Menon"
44588,"Om Choudhary"
6606,"Rahul Reddy"
19909,"Harsh Mehta"
34472,"Vivaan Pandey"
35277,"Varun Iyer"
49869,"Pooja Nair"
28415,"Dev Ghosh"
42529,"Tanmay Reddy"
29786,"Manav Nair"
8421,"Ananya Joshi"
40025,"Manav Agarwal"
21523,"Priya Agarwal"
24957,"Rahul Gupta"
47967,"Ananya Khanna"
1583,"Om Sinha"
36849,"Nikhil Kapoor"
32663,"Kavya Menon"
48790,"Rahul Choudhary"
5723,"Neha Reddy"
32721,"Meera Reddy"
49062,"Ritesh Sinha"
37449,"Sai Bansal"
21202,"Kunal Jain"
43206,"Priya Mehta"
6050,"Ritesh Pandey"
45535,"Dev Dubey"
13091,"Om Verma"
2663,"Dev Mehta"
12326,"Arjun Gupta"
26488,"Krishna Rao"
40287,"Siddharth Rao"
26942,"Dev Dubey"
45846,"Aditi Thakur"
36215,"Krishna Verma"
4985,"Ritesh Das"
45737,"Diya Choudhary"
14529,"Priya Verma"
23125,"Rahul Iyer"
44166,"Pooja Gupta"
42296,"Manav Mehta"
34956,"Om Joshi"
17961,"Aditi Mehta"
47288,"Nikhil Reddy"
42523,"Vivaan Kapoor"
10140,"Rahul Jain"
49420,"Neha Patel"
14342,"Om Jain"
39209,"Mohit Khanna"
37715,"Siddharth Rao"
9983,"Ishaan Gupta"
43601,"Neha Mehta"
24191,"Mohit Thakur"
10448,"Mohit Nair"
43120,"Ritesh Gupta"
16924,"Aman Ghosh"
27105,"Sneha Bansal"
4198,"Krishna Das"
18829,"Aditya Mehta"
22226,"Dev Thakur"
4133,"Kunal Jain"
6816,"Manav Das"
47216,"Diya Nair"
21980,"Aditi Das"
27065,"Kunal Jain"
35021,"Ananya Rao"
1746,"Rohan Patel"
30572,"Neha Sharma"
35823,"Pooja Menon"
13312,"Siddharth Khanna"
32070,"Meera Menon"
18886,"Deepak Pandey"
1264,"Ananya Thakur"
47972,"Varun Dubey"
30967,"Ishaan Verma"
28846,"Yash Patel"
4806,"Tanmay Reddy"
14763,"Deepak Rao"
19521,"Harsh Jain"
6773,"Harsh Pandey"
23903,"Tanmay Sinha"
31711,"Manav Iyer"
18750,"Diya Dubey"
40539,"Sneha Agarwal"
37548,"Meera Agarwal"
9373,"Mohit Pandey"
819,"Aman Sinha"
31951,"Meera Pandey"
40934,"Rahul Nair"
1248,"Priya Das"
33826,"Diya Mehta"
6312,"Harsh Das"
32011,"Manav Dubey"
30448,"Nikhil Gupta"
37824,"Tanmay Khanna"
15504,"Kunal Jain"
31576,"Aman Rao"
38194,"Deepak Gupta"
38084,"Ishaan Sinha"
42514,"Deepak Pandey"
39168,"Harsh Menon"
38165,"Ritesh Pandey"
15959,"Mohit Nair"
23581,"Aarav Mehta"
28438,"Dev Nair"
26669,"Aditya Rao"
1457,"Diya Agarwal"
25773,"Rohan Rao"
49611,"Krishna Verma"
26014,"Manav Khanna"
13873,"Aman Mehta"
44273,"Aditi Agarwal"
43968,"Rahul Rao"
40887,"Aditya Gupta"
45039,"Aarav Pandey"
450,"Varun Jain"
39691,"Ishaan Jain"
4469,"Aditya Rao"
37831,"Dev Pandey"
12538,"Neha Agarwal"
7669,"Dev Nair"
15931,"Harsh Das"
45979,"Rohan Patel"
34346,"Neha Gupta"
13325,"Manav Pandey"
22159,"Varun Mehta"
8664,"Ritika Nair"
40893,"Aman Ghosh"
17802,"Priya Kapoor"
11032,"Sai Ghosh"
35360,"Siddharth Reddy"
12746,"Priya Patel"
35053,"Siddharth Kapoor"
26181,"Ritesh Khanna"
43754,"Om Pandey"
26694,"Dev Rao"
41569,"Priya Khanna"
25197,"Aditya Sharma"
47799,"Neha Choudhary"
11094,"Aman Choudhary"
3550,"Rohan Patel"
6950,"Kunal Patel"
14621,"Vivaan Choudhary"
11654,"Aman Sharma"
27679,"Tanmay Pandey"
40424,"Ishaan Agarwal"
16514,"Dev Reddy"
42556,"Deepak Dubey"
39663,"Ishaan Iyer"
11303,"Rahul Reddy"
11325,"Kunal Mehta"
4676,"Kunal Ghosh"
19873,"Pooja Joshi"
26443,"Ritika Patel"
746,"Krishna Dubey"
36088,"Meera Rao"
31896,"Rahul Jain"
40112,"Sai Verma"
5191,"Neha Patel"
3509,"Pooja Gupta"
37334,"Krishna Bansal"
48396,"Harsh Iyer"
20650,"Harsh Das"
37210,"Ritika Patel"
40864,"Aditya Choudhary"
33101,"Manav Iyer"
15076,"Ishaan Agarwal"
17823,"Rahul Thakur"
44344,"Ananya Sharma"
38624,"Aarav Mehta"
7059,"Nikhil Gupta"
6433,"Siddharth Kapoor"
14399,"Kavya Choudhary"
25553,"Harsh Reddy"
20435,"Kavya Joshi"
45921,"Rahul Mehta"
20149,"Ananya Mehta"
25233,"Arjun Jain"
41080,"Aarav Mehta"
34119,"Rohan Dubey"
43407,"Kunal Iyer"
20639,"Ananya Dubey"
49427,"Sneha Bansal"
21391,"Deepak Patel"
49819,"Meera Das"
46837,"Krishna Iyer"
2541,"Tanmay Iyer"
34049,"Deepak Choudhary"
47177,"Meera Rao"
18403,"Priya Kapoor"
36812,"Tanmay Khanna"
18518,"Rahul Menon"
19579,"Tanmay Ghosh"
16405,"Nikhil Patel"
32221,"Aditi Jain"
20512,"Ishaan Gupta"
1636,"Meera Thakur"
42324,"Siddharth Joshi"
7513,"Krishna Agarwal"
10673,"Aditi Iyer"
34471,"Tanmay Nair"
40262,"Pooja Sinha"
24415,"Ananya Mehta"
19892,"Aditi Reddy"
46258,"Kunal Jain"
30322,"Varun Reddy"
2297,"Manav Jain"
43813,"Pooja Dubey"
39495,"Sneha Choudhary"
38745,"Sneha Patel"
19476,"Pooja Pandey"
42616,"Priya Joshi"
38777,"Ritika Bansal"
33681,"Rohan Rao"
26640,"Nikhil Kapoor"
8105,"Om Joshi"
32096,"Dev Patel"
16955,"Sneha Bansal"
21567,"Harsh Joshi"
39182,"Nikhil Sharma"
28291,"Dev Gupta"
28449,"Aarav Thakur"
37660,"Mohit Gupta"
49887,"Sai Verma"
13257,"Priya Rao"
13617,"Sai Agarwal"
25168,"Yash Agarwal"
31333,"Aditya Khanna"
1959,"Om Reddy"
24709,"Sneha Iyer"
22723,"Meera Rao"
11333,"Sneha Nair"
24383,"Pooja Iyer"
12228,"Rahul Dubey"
2692,"Vivaan Das"
6527,"Varun Rao"
9593,"Ishaan Choudhary"
47232,"Sai Sinha"
39140,"Ananya Verma"
22332,"Tanmay Menon"
33372,"Tanmay Thakur"
33888,"Meera Kapoor"
29115,"Sneha Kapoor"
1128,"Ritesh Sharma"
14809,"Priya Nair"
14870,"Priya Choudhary"
20728,"Kavya Bansal"
43693,"Kunal Verma"
21882,"Mohit Pandey"
23655,"Rahul Nair"
27675,"Mohit Mehta"
40522,"Tanmay Rao"
20037,"Neha Patel"
20081,"Ritika Bansal"
2112,"Nikhil Menon"
6792,"Yash Das"
47966,"Rohan Bansal"
43855,"Deepak Mehta"
30662,"Harsh Sharma"
14385,"Vivaan Iyer"
41472,"Yash Choudhary"
2686,"Arjun Dubey"
30456,"Aarav Khanna"
19201,"Ishaan Thakur"
28260,"Yash Reddy"
1309,"Nikhil Dubey"
44961,"Kunal Reddy"
34399,"Yash Patel"
27773,"Aditya Patel"
2482,"Ritesh Patel"
45662,"Aditi Pandey"
12412,"Aditya Nair"
43747,"Krishna Patel"
7204,"Siddharth Nair"
10378,"Harsh Thakur"
31453,"Rahul Sinha"
32891,"Rohan Mehta"
30464,"Sai Sinha"
3836,"Krishna Dubey"
34327,"Tanmay Reddy"
46233,"Kunal Kapoor"
23959,"Manav Thakur"
2887,"Priya Ghosh"
39661,"Siddharth Rao"
43433,"Deepak Sinha"
43335,"Pooja Das"
43398,"Krishna Joshi"
5333,"Kavya Ghosh"
17421,"Meera Agarwal"
9673,"Ishaan Nair"
5604,"Aditi Pandey"
43856,"Tanmay Ghosh"
15757,"Aman Menon"
18476,"Yash Pandey"
8108,"Om Patel"
9308,"Ritika Khanna"
10438,"Priya Khanna"
35710,"Meera Khanna"
40295,"Pooja Ghosh"
44300,"Pooja Pandey"
23910,"Vivaan Ghosh"
6585,"Harsh Rao"
6755,"Kunal Choudhary"
29221,"Kavya Nair"
22286,"Tanmay Sinha"
26312,"Neha Sinha"
30466,"Sneha Ghosh"
5450,"Sneha Ghosh"
47372,"Nikhil Joshi"
40506,"Kavya Dubey"
33080,"Sneha Gupta"
46298,"Deepak Reddy"
42558,"Vivaan Joshi"
9238,"Mohit Pandey"
21141,"Deepak Joshi"
19188,"Pooja Pandey"
21535,"Om Iyer"
31699,"Tanmay Iyer"
10716,"Kunal Agarwal"
421,"Harsh Gupta"
33621,"Kunal Choudhary"
41245,"Sneha Kapoor"
49230,"Pooja Gupta"
40854,"Mohit Rao"
11146,"Aarav Menon"
30753,"Ishaan Bansal"
1314,"Ananya Iyer"
23282,"Ishaan Agarwal"
17891,"Meera Nair"
22244,"Yash Sharma"
8289,"Om Pandey"
10311,"Rahul Sharma"
5324,"Priya Menon"
46044,"Pooja Agarwal"
18802,"Kavya Sinha"
26738,"Kunal Rao"
3243,"Vivaan Pandey"
2852,"Arjun Das"
38711,"Ritesh Joshi"
14783,"Mohit Nair"
16495,"Ishaan Iyer"
20486,"Aditya Nair"
28654,"Tanmay Verma"
31214,"Diya Agarwal"
42474,"Priya Choudhary"
31105,"Nikhil Rao"
6599,"Vivaan Joshi"
9755,"Harsh Nair"
23112,"Deepak Sharma"
27390,"Ishaan Ghosh"
34017,"Manav Choudhary"
25719,"Deepak Iyer"
10369,"Neha Nair"
15817,"Rohan Bansal"
30198,"Aditya Khanna"
39214,"Yash Gupta"
18149,"Priya Khanna"
13793,"Manav Mehta"
48585,"Sneha Agarwal"
26246,"Priya Choudhary"
43006,"Arjun Thakur"
17991,"Neha Menon"
14923,"Kunal Gupta"
47791,"Aarav Joshi"
17871,"Ananya Choudhary"
17226,"Sai Rao"
37552,"Diya Verma"
27492,"Rohan Choudhary"
29899,"Aman Sharma"
24944,"Ananya Gupta"
29868,"Pooja Verma"
27036,"Siddharth Nair"
3233,"Nikhil Sinha"
37570,"Aarav Jain"
47019,"Kavya Nair"
48041,"Aditya Patel"
14797,"Yash Bansal"
42441,"Manav Choudhary"
19931,"Vivaan Patel"
33102,"Arjun Sinha"
3018,"Ananya Gupta"
5755,"Siddharth Kapoor"
13000,"Ishaan Das"
11538,"Sai Gupta"
25761,"Deepak Sinha"
45638,"Rohan Mehta"
44252,"Sai Nair"
4192,"Yash Pandey"
43811,"Krishna Joshi"
47620,"Kunal Bansal"
20126,"Kavya Nair"
316,"Siddharth Gupta"
17007,"Manav Ghosh"
19719,"Meera Menon"
29301,"Arjun Agarwal"
40672,"Sneha Gupta"
23860,"Aditi Kapoor"
45413,"Rahul Sharma"
5465,"Kunal Agarwal"
22589,"Tanmay Choudhary"
19464,"Kavya Sharma"
15256,"Kunal Reddy"
10304,"Vivaan Menon"
15939,"Krishna Sharma"
46224,"Aditi Dubey"
41335,"Aarav Agarwal"
39376,"Ritesh Menon"
23556,"Arjun Kapoor"
21445,"Pooja Dubey"
47090,"Ananya Verma"
23613,"Ritesh Menon"
6258,"Aarav Menon"
32596,"Krishna Menon"
14185,"Ritesh Verma"
9319,"Vivaan Choudhary"
31411,"Manav Nair"
31217,"Rahul Joshi"
13339,"Pooja Reddy"
48903,"Ishaan Thakur"
24972,"Rahul Khanna"
33001,"Priya Nair"
36959,"Mohit Bansal"
44683,"Mohit Pandey"
44180,"Mohit Joshi"
29897,"Sneha Nair"
23984,"Arjun Iyer"
46578,"Deepak Choudhary"
20130,"Nikhil Reddy"
7293,"Deepak Nair"
47155,"Ishaan Bansal"
29846,"Mohit Menon"
46539,"Meera Nair"
30476,"Kavya Ghosh"
24549,"Tanmay Menon"
25200,"Rahul Khanna"
39269,"Ananya Bansal"
30237,"Deepak Rao"
47646,"Diya Thakur"
35077,"Om Bansal"
41743,"Neha Jain"
47538,"Aditi Choudhary"
39901,"Varun Ghosh"
2105,"Rohan Patel"
3128,"Yash Das"
733,"Sneha Jain"
27620,"Arjun Dubey"
11368,"Kavya Iyer"
37576,"Sneha Gupta"
39705,"Pooja Agarwal"
9887,"Sneha Choudhary"
30885,"Om Choudhary"
32048,"Siddharth Mehta"
15371,"Om Nair"
22555,"Pooja Agarwal"
36595,"Manav Nair"
36078,"Deepak Das"
47169,"Mohit Khanna"
23899,"Om Thakur"
15439,"Dev Das"
15085,"Rahul Kapoor"
43936,"Priya Iyer"
26937,"Ritesh Agarwal"
4323,"Siddharth Jain"
11423,"Neha Pandey"
21610,"Priya Thakur"
2753,"Aditi Patel"
2120,"Vivaan Choudhary"
302,"Ritesh Joshi"
38783,"Ritika Sharma"
45405,"Aditi Verma"
30334,"Aarav Joshi"
3594,"Tanmay Nair"
47621,"Ritesh Khanna"
42057,"Neha Reddy"
18931,"Diya Menon"
40982,"Aarav Ghosh"
31486,"Kavya Sinha"
43105,"Ananya Kapoor"
25331,"Ishaan Choudhary"
13083,"Nikhil Reddy"
19922,"Rohan Rao"
16104,"Pooja Jain"
10734,"Sai Ghosh"
43232,"Krishna Jain"
5820,"Ritika Reddy"
30328,"Dev Sharma"
2075,"Ananya Thakur"
15750,"Diya Menon"
32106,"Ritika Dubey"
42546,"Varun Patel"
14901,"Krishna Rao"
32630,"Kavya Jain"
1780,"Tanmay Pandey"
21482,"Nikhil Patel"
10287,"Krishna Nair"
18718,"Deepak Das"
45520,"Sneha Mehta"
25570,"Yash Thakur"
23596,"Deepak Menon"
11590,"Sneha Choudhary"
25019,"Diya Iyer"
40083,"Ananya Mehta"
49947,"Nikhil Menon"
16317,"Varun Das"
42414,"Priya Thakur"
7923,"Pooja Mehta"
26884,"Ishaan Agarwal"
814,"Manav Khanna"
22476,"Sai Sinha"
9328,"Priya Rao"
30612,"Yash Joshi"
10658,"Aditya Sharma"
33384,"Aditi Sharma"
46673,"Aarav Verma"
9266,"Ritika Ghosh"
43980,"Deepak Reddy"
25445,"Vivaan Menon"
35642,"Ritika Menon"
46012,"Aman Das"
48224,"Krishna Mehta"
28959,"Dev Verma"
4150,"Kunal Pandey"
45003,"Aarav Bansal"
4757,"Diya Verma"
2590,"Yash Reddy"
21161,"Deepak Nair"
24367,"Sneha Pandey"
8095,"Aditya Patel"
35678,"Dev Thakur"
32937,"Ritika Dubey"
1816,"Harsh Nair"
39091,"Yash Thakur"
5135,"Harsh Thakur"
29520,"Varun Sinha"
26963,"Deepak Rao"
22121,"Ritesh Patel"
44048,"Rahul Pandey"
41973,"Aditi Dubey"
26680,"Sai Sinha"
10347,"Dev Nair"
30641,"Varun Choudhary"
25957,"Nikhil Iyer"
31920,"Vivaan Iyer"
25543,"Vivaan Nair"
1235,"Ritika Gupta"
47642,"Kunal Sharma"
24216,"Krishna Verma"
11847,"Varun Kapoor"
426,"Kunal Iyer"
6257,"Harsh Joshi"
49553,"Ritesh Agarwal"
47033,"Meera Bansal"
37883,"Ishaan Patel"
5660,"Aarav Ghosh"
19867,"Ishaan Sharma"
34933,"Manav Das"
23255,"Nikhil Verma"
4761,"Aditi Gupta"
33219,"Sai Menon"
34867,"Aman Bansal"
17035,"Sneha Rao"
13118,"Ananya Reddy"
32968,"Neha Rao"
33081,"Mohit Jain"
24029,"Aman Verma"
41087,"Nikhil Pandey"
26082,"Om Dubey"
43151,"Sai Reddy"
22208,"Ritika Gupta"
8843,"Om Nair"
7944,"Dev Patel"
37309,"Arjun Das"
10522,"Rohan Sinha"
34342,"Nikhil Dubey"
32898,"Ritika Pandey"
42279,"Deepak Sharma"
32713,"Arjun Sharma"
33902,"Sai Thakur"
10330,"Ishaan Thakur"
20582,"Arjun Choudhary"
37507,"Nikhil Dubey"
44596,"Priya Thakur"
3950,"Deepak Kapoor"
12199,"Kunal Mehta"
24392,"Meera Kapoor"
3136,"Aman Verma"
20193,"Arjun Pandey"
29448,"Manav Iyer"
40786,"Sneha Khanna"
10012,"Yash Gupta"
18658,"Sai Menon"
36351,"Ritesh Reddy"
28361,"Manav Ghosh"
22356,"Pooja Gupta"
43260,"Manav Kapoor"
22613,"Kavya Kapoor"
35531,"Om Iyer"
18129,"Ritesh Choudhary"
8370,"Sneha Sinha"
45281,"Aarav Kapoor"
26103,"Rahul Menon"
15078,"Tanmay Das"
939,"Siddharth Patel"
11289,"Arjun Menon"
1170,"Nikhil Jain"
42702,"Deepak Verma"
28884,"Om Ghosh"
27146,"Aditya Nair"
17847,"Om Nair"
9334,"Ritika Dubey"
35395,"Krishna Reddy"
30955,"Neha Nair"
35431,"Kunal Iyer"
20943,"Sai Das"
15442,"Nikhil Pandey"
15207,"Aarav Mehta"
46135,"Manav Thakur"
31128,"Sneha Mehta"
7297,"Pooja Gupta"
8859,"Arjun Joshi"
43736,"Dev Menon"
44817,"Sneha Nair"
18596,"Harsh Pandey"
8352,"Manav Pandey"
15754,"Ritika Verma"
3589,"Diya Das"
18469,"Meera Thakur"
43763,"Om Thakur"
9908,"Om Das"
18737,"Priya Sinha"
32394,"Ananya Das"
30794,"Rahul Reddy"
3137,"Ritesh Menon"
25342,"Rahul Das"
23022,"Ritika Patel"
19050,"Rohan Dubey"
1547,"Meera Bansal"
37389,"Kunal Joshi"
45724,"Aman Nair"
45862,"Aarav Verma"
36864,"Tanmay Jain"
47239,"Aditi Sinha"
5634,"Mohit Rao"
2441,"Ishaan Thakur"
28591,"Aman Ghosh"
31313,"Ishaan Choudhary"
24640,"Rohan Verma"
23366,"Arjun Das"
30959,"Siddharth Agarwal"
11874,"Siddharth Choudhary"
16832,"Mohit Kapoor"
48617,"Dev Ghosh"
6513,"Pooja Mehta"
20229,"Varun Kapoor"
27977,"Kunal Joshi"
2085,"Pooja Khanna"
39816,"Krishna Dubey"
23643,"Om Agarwal"
19553,"Ritesh Das"
23559,"Meera Jain"
32457,"Siddharth Menon"
18820,"Arjun Das"
28566,"Ishaan Verma"
27126,"Neha Sharma"
1608,"Sneha Mehta"
37011,"Sai Choudhary"
46074,"Manav Das"
16842,"Aditi Khanna"
42069,"Kunal Jain"
6851,"Ananya Mehta"
34267,"Ritika Reddy"
46226,"Nikhil Sharma"
8204,"Krishna Khanna"
46427,"Aman Sinha"
34923,"Kunal Reddy"
49723,"Ananya Iyer"
33172,"Aman Dubey"
48753,"Varun Bansal"
34998,"Aman Patel"
49036,"Ritika Das"
27334,"Ritesh Ghosh"
2465,"Yash Pandey"
26486,"Siddharth Agarwal"
10672,"Kunal Sharma"
10899,"Pooja Dubey"
17910,"Manav Iyer"
11081,"Nikhil Das"
19774,"Sai Iyer"
4935,"Siddharth Choudhary"
45020,"Rohan Nair"
16387,"Arjun Sharma"
41833,"Aditya Thakur"
297,"Priya Choudhary"
38893,"Aditya Kapoor"
18697,"Tanmay Joshi"
47443,"Pooja Rao"
25939,"Deepak Dubey"
16195,"Aarav Sharma"
2267,"Aman Kapoor"
46770,"Tanmay Rao"
7394,"Ananya Nair"
38104,"Rohan Joshi"
21839,"Aarav Gupta"
44863,"Ishaan Kapoor"
23216,"Kavya Agarwal"
21728,"Pooja Khanna"
33753,"Sneha Pandey"
31668,"Vivaan Bansal"
2798,"Deepak Das"
47375,"Krishna Sinha"
2603,"Neha Agarwal"
37657,"Meera Iyer"
9123,"Krishna Kapoor"
25187,"Vivaan Bansal"
40520,"Siddharth Verma"
12815,"Nikhil Iyer"
34618,"Rohan Bansal"
41750,"Aman Verma"
16833,"Diya Dubey"
18565,"Dev Kapoor"
12509,"Ritika Mehta"
25637,"Varun Choudhary"
9884,"Tanmay Jain"
49403,"Pooja Kapoor"
40321,"Meera Reddy"
7756,"Neha Thakur"
39433,"Sai Thakur"
46290,"Ishaan Joshi"
15766,"Arjun Nair"
31965,"Ritesh Pandey"
14639,"Dev Jain"
1683,"Vivaan Dubey"
7616,"Pooja Dubey"
483,"Aarav Bansal"
34875,"Rahul Gupta"
3401,"Varun Jain"
46035,"Yash Rao"
35684,"Aman Das"
43377,"Aarav Agarwal"
33854,"Nikhil Mehta"
45027,"Ishaan Agarwal"
22035,"Tanmay Gupta"
629,"Yash Bansal"
26821,"Aarav Thakur"
16381,"Manav Reddy"
42170,"Kunal Thakur"
16686,"Kunal Iyer"
34262,"Aditya Rao"
26971,"Rohan Nair"
11282,"Pooja Iyer"
49890,"Ishaan Gupta"
30619,"Neha Choudhary"
37871,"Kunal Thakur"
49346,"Rohan Das"
32533,"Aditi Reddy"
19951,"Pooja Joshi"
43093,"Vivaan Agarwal"
1665,"Om Verma"
48195,"Siddharth Ghosh"
2546,"Pooja Joshi"
37594,"Aditya Mehta"
42276,"Dev Gupta"
16478,"Krishna Pandey"
15197,"Vivaan Thakur"
4637,"Neha Mehta"
15669,"Siddharth Khanna"
29559,"Deepak Reddy"
19017,"Harsh Choudhary"
34184,"Varun Patel"
41740,"Aman Thakur"
789,"Aditi Jain"
6005,"Varun Jain"
21484,"Kavya Kapoor"
19247,"Aarav Verma"
25261,"Pooja Choudhary"
4735,"Dev Agarwal"
6348,"Nikhil Menon"
17687,"Ritika Thakur"
14120,"Ishaan Pandey"
27182,"Harsh Mehta"
26334,"Manav Khanna"
31432,"Siddharth Gupta"
1536,"Aarav Jain"
41903,"Kavya Choudhary"
38677,"Vivaan Iyer"
575,"Neha Khanna"
43634,"Aarav Khanna"
27007,"Harsh Khanna"
3671,"Ritika Gupta"
47394,"Rohan Rao"
13259,"Ritesh Nair"
14483,"Ishaan Sinha"
45745,"Yash Patel"
35135,"Sneha Nair"
9467,"Deepak Gupta"
42835,"Varun Verma"
39507,"Vivaan Rao"
37208,"Neha Mehta"
5292,"Deepak Gupta"
23080,"Pooja Menon"
735,"Deepak Dubey"
26770,"Varun Joshi"
25034,"Priya Iyer"
47502,"Harsh Khanna"
44992,"Ananya Nair"
17240,"Aarav Rao"
35769,"Diya Joshi"
49963,"Aarav Bansal"
8551,"Meera Verma"
14255,"Diya Kapoor"
43964,"Arjun Thakur"
36412,"Sneha Gupta"
2017,"Priya Iyer"
41043,"Manav Agarwal"
19049,"Nikhil Agarwal"
25791,"Aditi Reddy"
12671,"Deepak Verma"
15075,"Meera Thakur"
16184,"Sai Iyer"
21275,"Rohan Joshi"
39974,"Kunal Ghosh"
8456,"Om Mehta"
6558,"Vivaan Iyer"
22663,"Rahul Mehta"
38440,"Krishna Patel"
43603,"Nikhil Kapoor"
5286,"Pooja Mehta"
23975,"Rahul Sharma"
32993,"Nikhil Iyer"
22783,"Aditya Patel"
4575,"Ritika Menon"
6863,"Pooja Bansal"
3899,"Siddharth Jain"
41932,"Yash Verma"
22821,"Meera Ghosh"
36070,"Diya Mehta"
45692,"Kavya Kapoor"
35468,"Diya Sinha"
38617,"Aditi Sharma"
38216,"Ishaan Iyer"
13760,"Yash Menon"
18757,"Meera Menon"
17783,"Rahul Rao"
35731,"Ishaan Mehta"
47121,"Diya Sharma"
42504,"Yash Das"
45381,"Ritesh Kapoor"
41371,"Dev Verma"
37487,"Krishna Bansal"
24306,"Arjun Iyer"
8261,"Kunal Rao"
33802,"Pooja Bansal"
28579,"Dev Thakur"
34244,"Aman Nair"
39205,"Ananya Rao"
45293,"Tanmay Menon"
45860,"Neha Iyer"
38392,"Varun Agarwal"
28014,"Siddharth Khanna"
7480,"Rohan Kapoor"
19112,"Aditya Kapoor"
13975,"Aditi Jain"
31373,"Dev Menon"
24683,"Rohan Choudhary"
14933,"Kunal Khanna"
42136,"Meera Ghosh"
16403,"Aman Jain"
16242,"Aarav Ghosh"
30775,"Priya Gupta"
20462,"Kavya Menon"
39098,"Nikhil Joshi"
7793,"Priya Rao"
10058,"Ritesh Agarwal"
40344,"Sai Choudhary"
16923,"Priya Agarwal"
1639,"Siddharth Mehta"
42513,"Rahul Menon"
19674,"Aarav Kapoor"
42631,"Diya Jain"
24564,"Aditya Khanna"
40816,"Kavya Thakur"
28993,"Tanmay Agarwal"
20496,"Kunal Bansal"
42471,"Nikhil Mehta"
35721,"Pooja Mehta"
23656,"Pooja Khanna"
34674,"Aditya Menon"
34300,"Aditi Menon"
28394,"Yash Rao"
731,"Sai Kapoor"
40592,"Meera Reddy"
30039,"Deepak Khanna"
2437,"Kavya Thakur"
27682,"Ananya Khanna"
8124,"Mohit Das"
49015,"Diya Gupta"
23562,"Ananya Rao"
7680,"Nikhil Kapoor"
22030,"Tanmay Joshi"
36465,"Pooja Menon"
7401,"Pooja Khanna"
11474,"Aditi Khanna"
23390,"Sai Sharma"
46229,"Om Das"
8922,"Tanmay Reddy"
25621,"Arjun Choudhary"
23405,"Ritesh Agarwal"
881,"Siddharth Rao"
34493,"Ritika Jain"
42459,"Tanmay Agarwal"
16562,"Ritika Pandey"
24015,"Yash Rao"
24605,"Arjun Bansal"
47089,"Kunal Ghosh"
37130,"Aditya Kapoor"
25996,"Meera Patel"
2466,"Aditya Reddy"
7884,"Aditi Gupta"
3270,"Aditya Rao"
49198,"Vivaan Sinha"
20495,"Arjun Mehta"
48115,"Yash Agarwal"
12482,"Diya Menon"
46214,"Priya Patel"
47895,"Manav Nair"
48266,"Om Reddy"
11058,"Vivaan Sinha"
48914,"Meera Verma"
41888,"Mohit Khanna"
2424,"Sai Gupta"
44759,"Aman Agarwal"
39893,"Priya Iyer"
12733,"Aditya Reddy"
6148,"Kavya Khanna"
6079,"Sai Bansal"
6514,"Siddharth Jain"
6857,"Ananya Ghosh"
47047,"Arjun Choudhary"
3785,"Arjun Jain"
17613,"Krishna Verma"
20586,"Ritika Iyer"
13018,"Sai Jain"
30234,"Rahul Joshi"
412,"Dev Thakur"
6329,"Deepak Verma"
3763,"Varun Patel"
3524,"Meera Dubey"
22596,"Sai Bansal"
35892,"Dev Mehta"
31239,"Krishna Menon"
31627,"Rohan Dubey"
49416,"Aman Choudhary"
30397,"Neha Kapoor"
9070,"Krishna Reddy"
14687,"Siddharth Verma"
42060,"Aarav Patel"
26388,"Manav Choudhary"
31064,"Deepak Kapoor"
7346,"Rahul Bansal"
24140,"Aarav Mehta"
14704,"Sneha Nair"
1349,"Priya Rao"
17903,"Nikhil Sharma"
22230,"Ananya Mehta"
27502,"Mohit Mehta"
12244,"Priya Iyer"
12264,"Meera Verma"
23070,"Aarav Menon"
8914,"Sai Mehta"
5609,"Mohit Ghosh"
29992,"Dev Jain"
49673,"Om Pandey"
20717,"Harsh Sinha"
9448,"Neha Sinha"
32472,"Yash Thakur"
13912,"Aman Dubey"
25854,"Krishna Menon"
11329,"Mohit Nair"
35986,"Siddharth Dubey"
41218,"Aarav Kapoor"
15168,"Siddharth Joshi"
11893,"Kunal Dubey"
23011,"Aditi Dubey"
48332,"Siddharth Ghosh"
22371,"Siddharth Pandey"
9246,"Dev Jain"
33442,"Deepak Mehta"
25708,"Rohan Agarwal"
46143,"Varun Rao"
4460,"Sneha Nair"
7622,"Meera Dubey"
12018,"Rohan Dubey"
10812,"Meera Gupta"
43039,"Manav Sinha"
41728,"Rahul Choudhary"
17068,"Sneha Pandey"
19465,"Tanmay Ghosh"
11229,"Pooja Thakur"
47143,"Rohan Dubey"
42020,"Ritesh Thakur"
20714,"Nikhil Verma"
5234,"Aarav Nair"
46710,"Krishna Verma"
20138,"Varun Menon"
25491,"Ishaan Agarwal"
6902,"Neha Menon"
35635,"Ritesh Nair"
11507,"Varun Thakur"
7218,"Pooja Choudhary"
29412,"Varun Kapoor"
34061,"Harsh Das"
43821,"Ritika Menon"
27948,"Sai Verma"
14235,"Kunal Kapoor"
20894,"Ritika Dubey"
47318,"Kunal Patel"
39658,"Priya Pandey"
38683,"Meera Sharma"
22950,"Kavya Ghosh"
16697,"Mohit Choudhary"
39183,"Vivaan Khanna"
27562,"Kunal Agarwal"
5458,"Siddharth Sinha"
48783,"Siddharth Verma"
2169,"Siddharth Das"
38747,"Krishna Dubey"
27971,"Arjun Gupta"
23088,"Nikhil Agarwal"
34646,"Pooja Pandey"
11015,"Aman Jain"
30989,"Ananya Verma"
30377,"Vivaan Mehta"
14350,"Meera Rao"
32942,"Ritika Thakur"
48383,"Sai Iyer"
14226,"Deepak Menon"
33152,"Om Bansal"
39938,"Mohit Dubey"
37542,"Ritika Iyer"
41950,"Kavya Nair"
31121,"Om Thakur"
22804,"Arjun Nair"
31445,"Ritesh Dubey"
39496,"Kavya Rao"
36330,"Aditi Menon"
35847,"Krishna Patel"
1162,"Diya Bansal"
45091,"Kunal Iyer"
45821,"Arjun Agarwal"
2512,"Tanmay Gupta"
7194,"Yash Pandey"
35513,"Sai Ghosh"
27826,"Om Nair"
34374,"Meera Verma"
7323,"Ritika Jain"
17556,"Aman Verma"
35315,"Ishaan Rao"
27932,"Ananya Patel"
10707,"Nikhil Iyer"
16042,"Ritesh Dubey"
20501,"Ritika Jain"
44310,"Om Bansal"
41120,"Sai Joshi"
32479,"Dev Khanna"
46633,"Aditi Rao"
9488,"Krishna Jain"
39479,"Arjun Iyer"
9222,"Ishaan Gupta"
14147,"Aman Pandey"
11563,"Tanmay Kapoor"
1121,"Rahul Gupta"
6144,"Manav Mehta"
45146,"Harsh Choudhary"
37681,"Tanmay Menon"
44440,"Tanmay Joshi"
15561,"Om Thakur"
43644,"Arjun Verma"
21213,"Siddharth Patel"
25706,"Aarav Nair"
16209,"Kavya Agarwal"
30363,"Rohan Nair"
27209,"Deepak Agarwal"
49000,"Rahul Gupta"
22365,"Ishaan Pandey"
46003,"Arjun Bansal"
30051,"Manav Gupta"
11383,"Dev Pandey"
21351,"Rohan Jain"
40678,"Aditya Menon"
10371,"Aditya Sinha"
8603,"Tanmay Mehta"
27192,"Aman Nair"
19483,"Krishna Rao"
19255,"Om Choudhary"
49199,"Arjun Mehta"
26887,"Ishaan Mehta"
22905,"Ananya Choudhary"
5625,"Kunal Sharma"
22228,"Aarav Ghosh"
20092,"Krishna Sinha"
27507,"Rohan Das"
15747,"Diya Sharma"
7567,"Sai Dubey"
31826,"Krishna Sharma"
46088,"Harsh Iyer"
45541,"Deepak Das"
46227,"Tanmay Nair"
42343,"Arjun Das"
36100,"Yash Choudhary"
28168,"Om Dubey"
18557,"Tanmay Pandey"
4951,"Nikhil Das"
49664,"Rohan Agarwal"
12948,"Diya Thakur"
19274,"Tanmay Verma"
4077,"Aarav Dubey"
36954,"Nikhil Reddy"
11631,"Ritesh Reddy"
23257,"Dev Khanna"
2741,"Varun Verma"
49180,"Aman Das"
9096,"Aditya Jain"
18533,"Priya Thakur"
11814,"Rahul Bansal"
46899,"Kunal Sharma"
48889,"Diya Joshi"
25216,"Aman Menon"
40767,"Aarav Rao"
37946,"Kavya Nair"
37544,"Ananya Iyer"
13974,"Rohan Agarwal"
24289,"Rohan Thakur"
36483,"Ishaan Pandey"
22907,"Ritika Iyer"
20032,"Dev Sharma"
42238,"Aarav Sinha"
26372,"Aarav Ghosh"
15919,"Krishna Gupta"
7174,"Priya Ghosh"
23427,"Meera Das"
15731,"Harsh Reddy"
1095,"Aditya Khanna"
45107,"Arjun Agarwal"
36189,"Aditi Verma"
31513,"Sneha Pandey"
9183,"Siddharth Bansal"
26015,"Ritika Das"
49545,"Ritika Sharma"
35125,"Nikhil Khanna"
8783,"Meera Rao"
46192,"Arjun Rao"
17695,"Deepak Ghosh"
2791,"Nikhil Patel"
22582,"Vivaan Bansal"
48706,"Om Agarwal"
24833,"Neha Patel"
6365,"Aarav Dubey"
49264,"Kunal Reddy"
21509,"Kavya Thakur"
2781,"Siddharth Rao"
34387,"Ritesh Choudhary"
1099,"Meera Agarwal"
2868,"Aarav Gupta"
16829,"Harsh Ghosh"
36966,"Aditi Sharma"
14103,"Sai Khanna"
13905,"Aditi Reddy"
6403,"Nikhil Jain"
44681,"Neha Joshi"
19310,"Varun Joshi"
42410,"Sneha Jain"
13287,"Kunal Choudhary"
9609,"Tanmay Bansal"
35117,"Krishna Das"
21770,"Aarav Khanna"
16324,"Manav Dubey"
22699,"Om Gupta"
6869,"Dev Gupta"
37902,"Dev Iyer"
2572,"Sneha Verma"
40309,"Aman Mehta"
37692,"Ishaan Mehta"
32269,"Yash Iyer"
40304,"Rohan Agarwal"
13683,"Vivaan Ghosh"
31208,"Mohit Kapoor"
36711,"Krishna Verma"
47397,"Sai Thakur"
14647,"Aman Ghosh"
41896,"Aarav Bansal"
43192,"Vivaan Rao"
14238,"Om Gupta"
29551,"Deepak Rao"
36180,"Sai Jain"
26521,"Neha Sharma"
34304,"Aman Das"
427,"Sai Thakur"
39308,"Diya Agarwal"
7309,"Sai Patel"
24150,"Rohan Joshi"
29948,"Nikhil Pandey"
22835,"Aditi Dubey"
5826,"Sneha Choudhary"
45697,"Varun Pandey"
33403,"Sneha Nair"
15241,"Rahul Pandey"
32978,"Deepak Iyer"
9622,"Neha Iyer"
8694,"Sneha Thakur"
24599,"Harsh Nair"
36921,"Mohit Sinha"
38850,"Ananya Thakur"
5203,"Ritika Agarwal"
4078,"Dev Khanna"
16750,"Diya Iyer"
19588,"Diya Thakur"
46596,"Krishna Dubey"
12831,"Pooja Verma"
18244,"Siddharth Iyer"
43210,"Manav Bansal"
16625,"Neha Verma"
34444,"Kavya Rao"
40646,"Mohit Agarwal"
15937,"Harsh Menon"
46182,"Kunal Mehta"
22946,"Deepak Bansal"
14944,"Meera Nair"
49969,"Yash Sharma"
4217,"Neha Rao"
12383,"Pooja Dubey"
16202,"Ishaan Patel"
19403,"Aditya Jain"
22494,"Vivaan Bansal"
11122,"Manav Thakur"
3663,"Ananya Menon"
20646,"Ritika Kapoor"
19301,"Kavya Pandey"
41231,"Rahul Agarwal"
23426,"Sneha Dubey"
229,"Harsh Nair"
18152,"Rahul Sinha"
42515,"Pooja Sharma"
43705,"Meera Dubey"
33475,"Kavya Dubey"
8412,"Siddharth Menon"
22484,"Diya Agarwal"
40167,"Siddharth Thakur"
37939,"Aarav Mehta"
6823,"Harsh Jain"
14753,"Om Nair"
16740,"Diya Gupta"
165,"Ananya Rao"
36560,"Kavya Dubey"
40983,"Pooja Khanna"
37329,"Sneha Choudhary"
34740,"Krishna Sharma"
33957,"Tanmay Reddy"
24968,"Kunal Patel"
38952,"Aditi Agarwal"
44804,"Nikhil Gupta"
15099,"Tanmay Sharma"
35770,"Vivaan Mehta"
46668,"Ritika Dubey"
35778,"Diya Sharma"
20398,"Aditya Kapoor"
40973,"Siddharth Dubey"
26025,"Meera Gupta"
34076,"Harsh Gupta"
42860,"Sneha Menon"
30984,"Diya Thakur"
11798,"Aditya Das"
10163,"Aditya Gupta"
48697,"Siddharth Rao"
32682,"Kavya Pandey"
41221,"Ananya Gupta"
38388,"Sai Mehta"
38362,"Ishaan Sharma"
1619,"Ritesh Pandey"
4700,"Ishaan Joshi"
23877,"Vivaan Menon"
42700,"Ritika Reddy"
36441,"Mohit Nair"
17884,"Yash Gupta"
38333,"Dev Nair"
12628,"Pooja Jain"
10861,"Dev Bansal"
45118,"Tanmay Joshi"
42844,"Aman Patel"
15412,"Nikhil Iyer"
6688,"Nikhil Verma"
24920,"Sneha Choudhary"
43712,"Mohit Kapoor"
29288,"Neha Sharma"
38735,"Pooja Menon"
40317,"Ananya Gupta"
22024,"Tanmay Sharma"
20318,"Priya Mehta"
36685,"Rahul Dubey"
25013,"Meera Rao"
20172,"Ritesh Khanna"
7812,"Kavya Kapoor"
31077,"Kavya Patel"
34179,"Rahul Agarwal"
17351,"Ananya Nair"
3351,"Varun Joshi"
18771,"Tanmay Agarwal"
8593,"Deepak Jain"
24571,"Tanmay Jain"
24254,"Nikhil Ghosh"
100,"Aarav Verma"
4511,"Manav Verma"
9625,"Siddharth Jain"
1486,"Sneha Iyer"
31631,"Mohit Choudhary"
23681,"Ritesh Rao"
26084,"Mohit Joshi"
48125,"Krishna Menon"
35220,"Tanmay Gupta"
33434,"Harsh Verma"
47616,"Nikhil Das"
23590,"Ishaan Jain"
40844,"Yash Thakur"
49560,"Ritika Khanna"
47163,"Varun Reddy"
40670,"Varun Gupta"
13264,"Manav Rao"
5222,"Yash Menon"
36628,"Kavya Reddy"
6566,"Sneha Choudhary"
27396,"Rahul Verma"
36056,"Rahul Pandey"
6804,"Siddharth Choudhary"
35843,"Varun Agarwal"
29470,"Pooja Pandey"
4517,"Arjun Thakur"
15287,"Meera Menon"
13571,"Nikhil Mehta"
36846,"Ritika Sharma"
17860,"Priya Sharma"
24198,"Aman Menon"
47950,"Rahul Pandey"
27827,"Priya Iyer"
5893,"Neha Reddy"
11933,"Harsh Pandey"
25487,"Aditi Verma"
15548,"Nikhil Sharma"
2840,"Sneha Choudhary"
6956,"Arjun Dubey"
45391,"Aditi Khanna"
32969,"Sneha Verma"
13860,"Harsh Choudhary"
9587,"Neha Agarwal"
32021,"Kavya Jain"
29490,"Deepak Jain"
27975,"Pooja Rao"
35845,"Nikhil Ghosh"
32563,"Om Bansal"
9005,"Arjun Joshi"
12766,"Krishna Verma"
21242,"Rohan Dubey"
5684,"Siddharth Ghosh"
48590,"Om Thakur"
48104,"Ritika Thakur"
3664,"Ishaan Sharma"
36477,"Rahul Thakur"
21013,"Rahul Iyer"
11583,"Ritesh Ghosh"
40980,"Sai Bansal"
40356,"Diya Dubey"
22093,"Dev Kapoor"
17118,"Vivaan Thakur"
9140,"Varun Verma"
46315,"Priya Khanna"
47091,"Ritesh Iyer"
35784,"Kunal Bansal"
9180,"Pooja Gupta"
16796,"Aarav Sharma"
21929,"Priya Sinha"
25266,"Dev Thakur"
44326,"Dev Iyer"
43191,"Sneha Jain"
34565,"Aditya Iyer"
25868,"Neha Jain"
40037,"Rohan Pandey"
41208,"Dev Rao"
24334,"Sneha Mehta"
6015,"Aman Sharma"
25606,"Sneha Pandey"
31864,"Varun Jain"
11292,"Ritesh Dubey"
48287,"Rohan Rao"
44414,"Ritesh Khanna"
48911,"Ananya Dubey"
44473,"Rahul Das"
32410,"Ritika Choudhary"
2965,"Vivaan Gupta"
20365,"Siddharth Das"
12151,"Pooja Thakur"
13589,"Pooja Sharma"
8146,"Ritika Kapoor"
10084,"Ishaan Pandey"
10957,"Manav Kapoor"
11411,"Diya Choudhary"
10156,"Dev Pandey"
47740,"Nikhil Pandey"
33669,"Neha Iyer"
3895,"Nikhil Mehta"
17302,"Arjun Ghosh"
47600,"Om Agarwal"
35612,"Dev Iyer"
41545,"Priya Kapoor"
859,"Siddharth Reddy"
25620,"Ananya Ghosh"
13075,"Dev Choudhary"
18156,"Ritesh Bansal"
36270,"Ishaan Mehta"
5152,"Vivaan Pandey"
11376,"Rohan Menon"
38520,"Aditi Agarwal"
22378,"Varun Sharma"
14433,"Ananya Iyer"
21800,"Sai Sinha"
7886,"Deepak Choudhary"
37672,"Aman Agarwal"
25533,"Aditya Thakur"
9173,"Aarav Dubey"
16778,"Vivaan Sharma"
4120,"Aditya Khanna"
20359,"Pooja Joshi"
6031,"Om Pandey"
27437,"Varun Jain"
41477,"Manav Nair"
42551,"Aditi Jain"
18104,"Deepak Ghosh"
44911,"Siddharth Jain"
45061,"Rohan Bansal"
21393,"Aditya Choudhary"
11636,"Varun Kapoor"
11981,"Dev Verma"
20820,"Varun Gupta"
39442,"Deepak Sharma"
29242,"Yash Rao"
39193,"Mohit Menon"
34000,"Manav Mehta"
7757,"Aarav Dubey"
29094,"Pooja Nair"
15962,"Vivaan Menon"
4359,"Rohan Patel"
28615,"Meera Sinha"
38818,"Kavya Bansal"
5035,"Aditi Pandey"
28523,"Manav Sharma"
17586,"Nikhil Dubey"
25915,"Sai Agarwal"
26881,"Harsh Sinha"
19388,"Aditi Bansal"
23078,"Aditi Menon"
9264,"Harsh Thakur"
34979,"Rahul Sinha"
46913,"Rahul Patel"
5185,"Om Rao"
36094,"Varun Iyer"
44323,"Aditi Verma"
35170,"Yash Gupta"
49408,"Arjun Dubey"
13566,"Tanmay Dubey"
20033,"Rohan Choudhary"
22166,"Varun Gupta"
33534,"Nikhil Bansal"
4315,"Om Ghosh"
47817,"Kunal Choudhary"
21987,"Varun Bansal"
9592,"Yash Reddy"
43170,"Aman Agarwal"
4051,"Sai Bansal"
32749,"Varun Khanna"
34592,"Ananya Reddy"
754,"Sai Mehta"
15108,"Om Reddy"
42771,"Arjun Sinha"
20059,"Meera Choudhary"
42788,"Aditya Kapoor"
38991,"Siddharth Agarwal"
34498,"Mohit Pandey"
20103,"Yash Gupta"
22786,"Rahul Choudhary"
40746,"Ritika Mehta"
19613,"Krishna Joshi"
6905,"Siddharth Thakur"
38286,"Deepak Verma"
38465,"Sneha Gupta"
10990,"Dev Menon"
13298,"Aman Reddy"
885,"Krishna Reddy"
6017,"Aditya Bansal"
19494,"Kavya Jain"
43787,"Pooja Agarwal"
726,"Aditya Joshi"
49167,"Sneha Jain"
47026,"Dev Ghosh"
25693,"Ritesh Agarwal"
40014,"Krishna Dubey"
36345,"Aarav Khanna"
24459,"Priya Kapoor"
14707,"Aman Gupta"
47512,"Mohit Reddy"
46908,"Ritika Dubey"
9934,"Dev Nair"
35143,"Sneha Das"
23234,"Om Iyer"
42596,"Aditi Gupta"
1155,"Ritika Verma"
8855,"Ritesh Das"
38186,"Pooja Bansal"
22630,"Krishna Sinha"
20589,"Diya Khanna"
39075,"Ishaan Choudhary"
49520,"Yash Khanna"
24687,"Om Choudhary"
44403,"Varun Jain"
22996,"Nikhil Ghosh"
35989,"Harsh Kapoor"
26196,"Rahul Mehta"
37235,"Varun Kapoor"
32913,"Krishna Joshi"
5721,"Diya Iyer"
47269,"Ananya Reddy"
11508,"Aditi Patel"
2416,"Siddharth Sinha"
13918,"Ishaan Choudhary"
12790,"Krishna Khanna"
39647,"Ishaan Mehta"
24436,"Deepak Nair"
40726,"Manav Pandey"
5270,"Arjun Rao"
7057,"Aditi Patel"
4950,"Varun Dubey"
46124,"Mohit Choudhary"
43922,"Varun Pandey"
37676,"Aarav Sinha"
32281,"Ananya Jain"
4043,"Kunal Dubey"
15490,"Kunal Mehta"
49517,"Tanmay Pandey"
3033,"Neha Sinha"
32297,"Ananya Joshi"
39078,"Nikhil Sinha"
12343,"Vivaan Menon"
6267,"Om Nair"
46887,"Kavya Dubey"
36598,"Priya Joshi"
28773,"Manav Nair"
29629,"Meera Patel"
35889,"Aman Das"
46731,"Sneha Patel"
38367,"Aarav Gupta"
43104,"Neha Das"
16073,"Neha Reddy"
13933,"Diya Das"
28842,"Aman Sharma"
48314,"Varun Jain"
36964,"Dev Dubey"
47333,"Rohan Pandey"
17185,"Manav Jain"
13811,"Meera Sharma"
40799,"Meera Nair"
44803,"Pooja Nair"
49628,"Diya Ghosh"
47753,"Siddharth Das"
32997,"Deepak Nair"
45361,"Deepak Pandey"
21858,"Mohit Agarwal"
8733,"Ritesh Patel"
37534,"Deepak Bansal"
46990,"Manav Joshi"
34501,"Vivaan Joshi"
13932,"Krishna Menon"
13438,"Kunal Choudhary"
6250,"Sneha Mehta"
11891,"Diya Ghosh"
7893,"Aman Choudhary"
15359,"Harsh Choudhary"
34841,"Harsh Agarwal"
35401,"Aditi Iyer"
10134,"Aman Pandey"
19506,"Ritika Pandey"
23152,"Siddharth Menon"
13366,"Priya Bansal"
43247,"Neha Pandey"
9020,"Kavya Iyer"
27641,"Meera Sharma"
30241,"Aditi Agarwal"
29698,"Pooja Jain"
34560,"Diya Ghosh"
26116,"Meera Bansal"
48568,"Krishna Nair"
1511,"Rohan Agarwal"
29745,"Siddharth Thakur"
7945,"Siddharth Menon"
42891,"Aman Patel"
9069,"Dev Gupta"
16515,"Dev Verma"
18801,"Ananya Khanna"
27393,"Mohit Das"
12021,"Meera Choudhary"
5416,"Aman Menon"
34601,"Kavya Choudhary"
20997,"Krishna Sharma"
27276,"Rahul Sinha"
5857,"Kavya Mehta"
49089,"Nikhil Reddy"
38918,"Yash Choudhary"
30211,"Meera Pandey"
30809,"Arjun Menon"
22643,"Rohan Nair"
35743,"Yash Sharma"
23995,"Kavya Das"
26544,"Nikhil Khanna"
9337,"Manav Das"
361,"Neha Nair"
3976,"Mohit Thakur"
46985,"Arjun Das"
18078,"Ritesh Iyer"
44674,"Ananya Kapoor"
40567,"Ritesh Thakur"
4954,"Vivaan Sinha"
3300,"Ritika Thakur"
28857,"Varun Ghosh"
35299,"Aditi Pandey"
38356,"Neha Thakur"
49805,"Diya Verma"
39683,"Nikhil Khanna"
27355,"Om Iyer"
43204,"Rahul Choudhary"
36267,"Manav Rao"
27804,"Siddharth Nair"
34010,"Meera Verma"
40045,"Harsh Jain"
40347,"Aditya Sharma"
32793,"Yash Reddy"
22729,"Diya Nair"
3411,"Neha Jain"
48795,"Aditi Gupta"
41111,"Mohit Das"
32761,"Diya Verma"
23620,"Harsh Menon"
45359,"Diya Joshi"
30002,"Kunal Joshi"
33438,"Ishaan Bansal"
31870,"Diya Menon"
12806,"Manav Menon"
36044,"Rohan Bansal"
19787,"Neha Bansal"
26598,"Dev Nair"
40157,"Yash Choudhary"
4025,"Ishaan Iyer"
44944,"Pooja Ghosh"
25452,"Kunal Joshi"
4112,"Diya Reddy"
32631,"Om Jain"
14161,"Arjun Jain"
694,"Varun Khanna"
29436,"Krishna Gupta"
14452,"Tanmay Das"
47877,"Ishaan Jain"
35317,"Krishna Patel"
37509,"Kavya Verma"
45795,"Manav Gupta"
36938,"Vivaan Das"
47871,"Harsh Choudhary"
44638,"Aman Mehta"
29604,"Ritesh Khanna"
27004,"Aditya Bansal"
46634,"Varun Jain"
42159,"Dev Dubey"
31942,"Meera Nair"
29444,"Vivaan Verma"
46001,"Ritesh Ghosh"
27695,"Kunal Das"
5828,"Diya Patel"
43203,"Diya Bansal"
45313,"Rohan Choudhary"
7375,"Aditi Joshi"
3138,"Varun Thakur"
31125,"Mohit Verma"
22136,"Dev Thakur"
43963,"Dev Menon"
24153,"Aman Thakur"
41510,"Pooja Rao"
4772,"Tanmay Agarwal"
10106,"Ritika Khanna"
25453,"Ritesh Iyer"
9968,"Aditya Rao"
41428,"Pooja Sharma"
38938,"Ritesh Nair"
9486,"Nikhil Verma"
42803,"Om Sharma"
13149,"Sneha Ghosh"
20030,"Deepak Mehta"
14207,"Deepak Thakur"
6401,"Neha Ghosh"
45131,"Mohit Mehta"
32641,"Nikhil Dubey"
5379,"Manav Mehta"
44342,"Aditya Reddy"
28319,"Harsh Agarwal"
4251,"Aditya Iyer"
10307,"Rohan Bansal"
29887,"Sneha Joshi"
14281,"Mohit Thakur"
43477,"Sai Verma"
6052,"Aditya Patel"
2019,"Nikhil Sharma"
19946,"Rohan Iyer"
13283,"Ishaan Nair"
8193,"Pooja Jain"
46924,"Vivaan Agarwal"
1926,"Meera Agarwal"
40735,"Om Gupta"
19837,"Neha Iyer"
5677,"Deepak Thakur"
28749,"Priya Dubey"
7796,"Dev Gupta"
40176,"Rohan Rao"
32071,"Priya Menon"
45999,"Kunal Das"
47610,"Siddharth Reddy"
17520,"Ritesh Bansal"
22441,"Aditi Sharma"
14065,"Ritika Pandey"
26235,"Ishaan Rao"
11828,"Deepak Jain"
10704,"Nikhil Menon"
14932,"Aman Choudhary"
12057,"Ritika Thakur"
38868,"Harsh Verma"
19326,"Rohan Patel"
31722,"Tanmay Iyer"
47578,"Aditya Sinha"
8871,"Aarav Kapoor"
49642,"Meera Menon"
46053,"Varun Bansal"
18855,"Kunal Jain"
11692,"Nikhil Verma"
43966,"Krishna Gupta"
37811,"Neha Nair"
2982,"Rohan Jain"
5906,"Manav Dubey"
30181,"Aditya Iyer"
6958,"Sai Das"
37764,"Aman Sinha"
313,"Rohan Reddy"
37875,"Krishna Choudhary"
37856,"Diya Choudhary"
25466,"Yash Khanna"
40468,"Yash Choudhary"
23310,"Aditya Dubey"
3184,"Aditi Kapoor"
32820,"Rohan Das"
18319,"Ishaan Ghosh"
9660,"Rahul Sharma"
21658,"Diya Thakur"
49618,"Kunal Mehta"
19173,"Priya Ghosh"
16384,"Siddharth Reddy"
48709,"Om Sinha"
24109,"Vivaan Mehta"
34426,"Ananya Bansal"
8234,"Varun Gupta"
32864,"Diya Reddy"
36657,"Aditi Mehta"
3371,"Ritika Rao"
26250,"Arjun Rao"
34466,"Krishna Reddy"
31300,"Dev Jain"
6623,"Deepak Patel"
48432,"Dev Bansal"
21817,"Vivaan Patel"
18144,"Aditya Gupta"
22389,"Ishaan Joshi"
39651,"Neha Nair"
24004,"Meera Verma"
43582,"Priya Reddy"
48878,"Ishaan Menon"
20842,"Yash Menon"
17086,"Dev Reddy"
36338,"Om Reddy"
14045,"Pooja Verma"
47204,"Vivaan Dubey"
30043,"Siddharth Choudhary"
21897,"Mohit Bansal"
29099,"Aditi Verma"
28006,"Mohit Kapoor"
24710,"Priya Bansal"
20171,"Mohit Agarwal"
39860,"Dev Menon"
33894,"Ritika Ghosh"
27556,"Kunal Verma"
22853,"Deepak Mehta"
26086,"Deepak Dubey"
2150,"Aman Iyer"
43147,"Mohit Dubey"
46820,"Sneha Jain"
16432,"Pooja Agarwal"
38957,"Meera Agarwal"
19912,"Neha Verma"
26347,"Rohan Jain"
35973,"Manav Sinha"
28452,"Neha Verma"
36366,"Nikhil Patel"
18219,"Nikhil Patel"
46393,"Kavya Bansal"
22412,"Ritika Menon"
15049,"Ananya Menon"
35060,"Sneha Mehta"
13509,"Tanmay Verma"
29953,"Arjun Thakur"
4126,"Manav Bansal"
6982,"Aditya Pandey"
34389,"Ritesh Ghosh"
28433,"Mohit Iyer"
30812,"Vivaan Bansal"
31702,"Aditya Joshi"
14850,"Tanmay Thakur"
12391,"Sneha Nair"
20019,"Mohit Reddy"
10531,"Aditya Jain"
3791,"Aditya Agarwal"
239,"Kavya Agarwal"
24694,"Om Nair"
8872,"Pooja Sinha"
49324,"Kunal Mehta"
39345,"Sneha Dubey"
44585,"Harsh Sharma"
24425,"Siddharth Patel"
16239,"Yash Khanna"
20035,"Kavya Patel"
14898,"Yash Reddy"
15249,"Harsh Verma"
9837,"Ananya Sinha"
25760,"Aman Bansal"
26961,"Varun Khanna"
46050,"Manav Gupta"
29783,"Aman Khanna"
45581,"Siddharth Nair"
6170,"Siddharth Choudhary"
8247,"Om Patel"
46446,"Aarav Reddy"
18488,"Rahul Khanna"
7317,"Harsh Choudhary"
28341,"Yash Mehta"
15526,"Kavya Agarwal"
35613,"Ritesh Verma"
32900,"Yash Joshi"
2117,"Aditya Verma"
15585,"Rohan Iyer"
2564,"Aman Mehta"
5547,"Ananya Patel"
44686,"Sai Reddy"
3636,"Arjun Jain"
47775,"Aman Das"
8294,"Aarav Jain"
41344,"Arjun Thakur"
45314,"Varun Menon"
5193,"Siddharth Das"
17998,"Manav Verma"
45170,"Om Agarwal"
45433,"Yash Sharma"
5051,"Ritika Reddy"
670,"Ritesh Rao"
17296,"Aditi Bansal"
14845,"Neha Das"
25158,"Aditi Menon"
44243,"Kunal Menon"
12246,"Om Verma"
38207,"Mohit Reddy"
39120,"Deepak Dubey"
43867,"Arjun Nair"
18105,"Ritika Bansal"
39537,"Ritika Pandey"
37240,"Neha Das"
20405,"Aarav Kapoor"
9656,"Siddharth Pandey"
44788,"Vivaan Rao"
37798,"Siddharth Kapoor"
27597,"Deepak Agarwal"
19810,"Aditi Kapoor"
44283,"Rahul Sharma"
3609,"Arjun Sinha"
37654,"Sneha Sinha"
38715,"Sai Iyer"
23603,"Tanmay Kapoor"
33170,"Dev Nair"
28922,"Rohan Reddy"
49606,"Dev Agarwal"
7610,"Ritika Mehta"
43669,"Sneha Choudhary"
29167,"Siddharth Sharma"
49566,"Aman Thakur"
4171,"Deepak Menon"
10521,"Mohit Joshi"
14950,"Dev Khanna"
45334,"Nikhil Das"
9827,"Diya Rao"
27217,"Yash Rao"
44621,"Vivaan Reddy"
7864,"Deepak Jain"
7064,"Ishaan Reddy"
30752,"Om Joshi"
31739,"Tanmay Rao"
42248,"Dev Nair"
40972,"Priya Gupta"
40740,"Ishaan Patel"
2970,"Manav Sharma"
33336,"Deepak Verma"
38316,"Neha Joshi"
6367,"Neha Sinha"
49398,"Sneha Verma"
28442,"Dev Choudhary"
28487,"Harsh Khanna"
44724,"Sai Kapoor"
7294,"Ishaan Bansal"
13769,"Priya Gupta"
21955,"Rohan Gupta"
33414,"Ishaan Choudhary"
22163,"Arjun Nair"
48341,"Manav Reddy"
3891,"Meera Bansal"
39211,"Ananya Choudhary"
6970,"Dev Bansal"
30798,"Kunal Rao"
25227,"Tanmay Thakur"
32869,"Tanmay Reddy"
23367,"Priya Agarwal"
44251,"Om Ghosh"
9624,"Vivaan Joshi"
6550,"Aditya Menon"
40913,"Aarav Gupta"
32800,"Varun Choudhary"
18335,"Pooja Sharma"
8674,"Kavya Agarwal"
36155,"Aman Reddy"
6449,"Ritika Iyer"
2126,"Arjun Agarwal"
24663,"Aman Kapoor"
21821,"Harsh Agarwal"
22464,"Neha Kapoor"
36615,"Yash Reddy"
7215,"Sneha Rao"
22385,"Diya Reddy"
28329,"Ritesh Joshi"
14261,"Aarav Agarwal"
32035,"Siddharth Khanna"
40779,"Meera Bansal"
28582,"Krishna Verma"
26546,"Ishaan Khanna"
29404,"Manav Verma"
11232,"Manav Menon"
11693,"Om Menon"
26247,"Vivaan Sharma"
4771,"Arjun Dubey"
30009,"Priya Patel"
19335,"Kavya Thakur"
49108,"Deepak Mehta"
44187,"Vivaan Menon"
46516,"Mohit Nair"
41708,"Diya Menon"
41009,"Om Sharma"
7349,"Rohan Rao"
414,"Tanmay Jain"
30852,"Pooja Thakur"
35839,"Rahul Gupta"
33496,"Sneha Iyer"
22001,"Ritesh Agarwal"
1440,"Sneha Patel"
30821,"Manav Joshi"
31346,"Rohan Verma"
6766,"Varun Kapoor"
18332,"Tanmay Patel"
12378,"Aarav Sharma"
45312,"Kavya Thakur"
23963,"Ananya Jain"
21959,"Dev Joshi"
40383,"Arjun Kapoor"
27415,"Meera Patel"
23833,"Ananya Bansal"
32780,"Aditi Verma"
2124,"Siddharth Dubey"
16768,"Nikhil Sinha"
3185,"Vivaan Sinha"
6638,"Rahul Dubey"
31561,"Aditya Dubey"
14868,"Deepak Reddy"
49527,"Ritesh Khanna"
3228,"Aarav Gupta"
42081,"Neha Sharma"
39751,"Priya Iyer"
17361,"Krishna Verma"
29711,"Sai Nair"
29170,"Sneha Rao"
19544,"Kavya Iyer"
11565,"Yash Dubey"
9104,"Neha Joshi"
19385,"Kunal Iyer"
16585,"Om Joshi"
18510,"Aditya Mehta"
25536,"Kavya Choudhary"
24967,"Siddharth Thakur"
21918,"Sneha Reddy"
19346,"Sai Gupta"
7453,"Krishna Das"
1408,"Neha Thakur"
17624,"Vivaan Agarwal"
33602,"Pooja Verma"
45523,"Yash Choudhary"
23110,"Neha Jain"
295,"Varun Rao"
23072,"Krishna Choudhary"
6859,"Tanmay Agarwal"
36319,"Neha Das"
34172,"Rahul Choudhary"
19224,"Ritesh Mehta"
6813,"Meera Mehta"
2164,"Ananya Agarwal"
5626,"Harsh Iyer"
33838,"Krishna Joshi"
28913,"Manav Kapoor"
20919,"Om Menon"
11148,"Ishaan Pandey"
22194,"Nikhil Reddy"
21385,"Sneha Joshi"
19384,"Ishaan Dubey"
20984,"Siddharth Thakur"
4187,"Ritika Pandey"
30492,"Pooja Gupta"
5676,"Krishna Verma"
20070,"Neha Mehta"
21859,"Diya Ghosh"
25367,"Diya Reddy"
1965,"Sai Rao"
8068,"Sai Verma"
18250,"Deepak Patel"
8972,"Rahul Nair"
10792,"Sneha Patel"
18037,"Deepak Verma"
39226,"Harsh Reddy"
39505,"Aditi Thakur"
27784,"Krishna Gupta"
37912,"Aditya Nair"
22565,"Dev Ghosh"
44705,"Ananya Bansal"
16163,"Meera Menon"
8951,"Vivaan Bansal"
30478,"Kavya Menon"
23882,"Rohan Pandey"
7553,"Varun Pandey"
16704,"Ananya Pandey"
32092,"Meera Verma"
20978,"Neha Gupta"
47474,"Ritesh Kapoor"
34131,"Arjun Bansal"
14445,"Pooja Agarwal"
27934,"Om Thakur"
4385,"Siddharth Menon"
18211,"Rohan Joshi"
2478,"Mohit Bansal"
38851,"Aditya Mehta"
26944,"Ritika Verma"
13302,"Mohit Thakur"
21951,"Aditya Reddy"
10985,"Deepak Ghosh"
442,"Deepak Rao"
19802,"Deepak Sinha"
40431,"Ananya Menon"
42663,"Mohit Reddy"
4588,"Aman Menon"
38567,"Siddharth Gupta"
4094,"Neha Dubey"
18698,"Varun Kapoor"
34849,"Sneha Pandey"
34742,"Ishaan Thakur"
18255,"Mohit Agarwal"
2412,"Kavya Sinha"
15477,"Manav Agarwal"
43279,"Ritesh Joshi"
42070,"Om Patel"
27580,"Krishna Choudhary"
30847,"Aarav Thakur"
1203,"Manav Nair"
8118,"Rohan Pandey"
28216,"Diya Kapoor"
435,"Harsh Verma"
2363,"Priya Menon"
31172,"Harsh Jain"
42543,"Varun Dubey"
12810,"Rahul Reddy"
47434,"Diya Kapoor"
17980,"Sai Sinha"
48555,"Ritika Ghosh"
24937,"Siddharth Reddy"
49975,"Priya Dubey"
49350,"Arjun Sharma"
36841,"Priya Agarwal"
9178,"Sneha Gupta"
7942,"Aarav Jain"
16813,"Mohit Gupta"
34576,"Ishaan Reddy"
23417,"Ishaan Dubey"
17273,"Nikhil Khanna"
44905,"Meera Agarwal"
39656,"Varun Rao"
462,"Siddharth Mehta"
26773,"Om Das"
20799,"Meera Verma"
46571,"Aditi Pandey"
43253,"Kavya Patel"
47685,"Ananya Iyer"
36602,"Rahul Pandey"
44790,"Siddharth Rao"
9922,"Mohit Sharma"
44511,"Ishaan Rao"
19328,"Aditya Jain"
29593,"Priya Ghosh"
19442,"Rahul Khanna"
43059,"Mohit Joshi"
2320,"Aman Jain"
39519,"Meera Dubey"
12917,"Diya Reddy"
32137,"Mohit Gupta"
48223,"Tanmay Reddy"
17937,"Deepak Ghosh"
45044,"Priya Iyer"
36575,"Kunal Pandey"
3464,"Sai Thakur"
22118,"Vivaan Mehta"
26187,"Aman Gupta"
7712,"Yash Thakur"
19597,"Deepak Khanna"
2013,"Sneha Rao"
27553,"Harsh Joshi"
20840,"Krishna Iyer"
31835,"Aditi Thakur"
17986,"Deepak Sharma"
36476,"Pooja Menon"
39989,"Manav Reddy"
10459,"Pooja Gupta"
3984,"Diya Reddy"
20371,"Arjun Dubey"
29886,"Om Gupta"
8413,"Harsh Bansal"
33423,"Aditya Ghosh"
46758,"Aarav Khanna"
46607,"Ananya Patel"
21103,"Om Khanna"
37021,"Arjun Reddy"
31440,"Ishaan Verma"
12328,"Om Khanna"
39728,"Priya Agarwal"
38859,"Priya Sinha"
33688,"Sneha Menon"
18705,"Sai Bansal"
16792,"Ishaan Patel"
32142,"Diya Sinha"
29661,"Harsh Sharma"
6053,"Krishna Das"
27381,"Nikhil Agarwal"
46468,"Harsh Bansal"
33236,"Aditya Iyer"
31164,"Neha Joshi"
9462,"Ishaan Verma"
22432,"Sai Gupta"
39393,"Mohit Ghosh"
37305,"Aditi Patel"
41974,"Dev Joshi"
45485,"Ananya Reddy"
24174,"Om Khanna"
35086,"Yash Sinha"
21348,"Sneha Jain"
15068,"Neha Agarwal"
26389,"Yash Patel"
18717,"Neha Sinha"
12799,"Ishaan Sinha"
28952,"Ritesh Kapoor"
21190,"Mohit Das"
21454,"Rahul Patel"
31509,"Arjun Choudhary"
40333,"Vivaan Gupta"
4559,"Deepak Reddy"
3375,"Harsh Thakur"
19053,"Neha Agarwal"
22258,"Nikhil Verma"
48069,"Kavya Das"
19299,"Sneha Ghosh"
13743,"Arjun Ghosh"
17215,"Priya Sharma"
37020,"Kavya Sharma"
32697,"Ananya Thakur"
23898,"Kavya Choudhary"
21319,"Aditya Mehta"
30255,"Aditya Agarwal"
6335,"Arjun Choudhary"
15159,"Arjun Thakur"
15039,"Rohan Kapoor"
45255,"Krishna Mehta"
40874,"Rohan Khanna"
18815,"Nikhil Sinha"
15295,"Tanmay Rao"
42633,"Meera Gupta"
43956,"Sai Iyer"
26301,"Siddharth Gupta"
21225,"Mohit Jain"
45342,"Aman Dubey"
36309,"Manav Sinha"
32549,"Kavya Thakur"
19560,"Diya Kapoor"
48856,"Aman Jain"
16036,"Ritika Gupta"
37269,"Siddharth Das"
42661,"Diya Kapoor"
30305,"Priya Das"
17392,"Dev Gupta"
39538,"Kunal Das"
39446,"Tanmay Das"
18833,"Yash Jain"
18101,"Arjun Ghosh"
43318,"Aman Pandey"
17396,"Aman Das"
3200,"Aman Nair"
37436,"Harsh Pandey"
2030,"Kavya Reddy"
24597,"Priya Pandey"
12587,"Om Jain"
7238,"Tanmay Sinha"
4488,"Krishna Thakur"
2547,"Pooja Patel"
4384,"Sai Agarwal"
15861,"Om Jain"
24587,"Dev Rao"
28426,"Meera Verma"
37952,"Aditya Verma"
30490,"Rahul Mehta"
41178,"Tanmay Choudhary"
15079,"Aditya Nair"
12138,"Yash Gupta"
31617,"Ishaan Mehta"
11047,"Aditya Nair"
34053,"Nikhil Joshi"
15994,"Siddharth Choudhary"
7270,"Dev Patel"
34302,"Krishna Mehta"
16843,"Arjun Mehta"
30665,"Siddharth Dubey"
6600,"Kunal Choudhary"
45870,"Siddharth Dubey"
16590,"Yash Nair"
22372,"Mohit Khanna"
16981,"Krishna Reddy"
1300,"Aditya Nair"
20042,"Pooja Reddy"
26475,"Rahul Bansal"
41831,"Ritesh Iyer"
35406,"Deepak Joshi"
40717,"Aditya Thakur"
40862,"Kunal Patel"
49799,"Vivaan Mehta"
37137,"Ritika Thakur"
22713,"Deepak Choudhary"
7128,"Diya Joshi"
12910,"Nikhil Kapoor"
7249,"Manav Thakur"
13381,"Varun Khanna"
1472,"Krishna Agarwal"
18264,"Aarav Ghosh"
9406,"Rahul Bansal"
7153,"Om Verma"
10474,"Harsh Choudhary"
16497,"Pooja Sinha"
32440,"Siddharth Iyer"
42499,"Rohan Das"
9501,"Rahul Iyer"
32380,"Rohan Pandey"
7758,"Aarav Gupta"
46245,"Diya Reddy"
46212,"Sai Sharma"
48205,"Aditya Choudhary"
33206,"Rohan Das"
15047,"Tanmay Joshi"
21105,"Priya Kapoor"
32617,"Ritesh Iyer"
8963,"Tanmay Dubey"
33489,"Tanmay Gupta"
46288,"Deepak Das"
29502,"Diya Rao"
21976,"Sneha Bansal"
18648,"Kavya Thakur"
43062,"Yash Patel"
43862,"Deepak Choudhary"
38107,"Nikhil Ghosh"
36257,"Deepak Reddy"
11630,"Sneha Iyer"
16041,"Ananya Verma"
36673,"Diya Das"
5302,"Varun Gupta"
28865,"Priya Dubey"
32652,"Tanmay Bansal"
15552,"Harsh Iyer"
6972,"Kunal Choudhary"
43829,"Meera Reddy"
32736,"Priya Pandey"
35900,"Diya Mehta"
12894,"Varun Patel"
30724,"Neha Sinha"
25097,"Arjun Gupta"
3085,"Yash Pandey"
3047,"Kunal Ghosh"
35742,"Harsh Rao"
11038,"Varun Iyer"
2571,"Ritika Jain"
40291,"Nikhil Dubey"
14917,"Tanmay Rao"
10745,"Yash Jain"
49920,"Om Joshi"
8854,"Deepak Kapoor"
4712,"Ananya Dubey"
949,"Aarav Menon"
35679,"Priya Nair"
2143,"Harsh Verma"
17493,"Aditya Reddy"
10385,"Nikhil Mehta"
44604,"Priya Agarwal"
46964,"Kavya Gupta"
32706,"Krishna Reddy"
20713,"Krishna Iyer"
28535,"Manav Agarwal"
40769,"Ritesh Jain"
31952,"Harsh Agarwal"
14494,"Nikhil Gupta"
2551,"Ritesh Iyer"
24536,"Sneha Sharma"
14546,"Om Das"
30080,"Yash Mehta"
44595,"Ishaan Kapoor"
38922,"Aditi Kapoor"
3954,"Pooja Iyer"
19082,"Yash Iyer"
37565,"Sai Das"
41887,"Arjun Sharma"
33419,"Mohit Reddy"
4865,"Arjun Rao"
15218,"Priya Pandey"
7259,"Kavya Pandey"
7049,"Manav Gupta"
26824,"Om Mehta"
17803,"Arjun Das"
3293,"Sneha Kapoor"
44940,"Aditya Jain"
42280,"Om Dubey"
27689,"Ritika Patel"
41142,"Aditi Mehta"
2159,"Ananya Reddy"
9066,"Tanmay Agarwal"
11201,"Aditi Dubey"
46665,"Sneha Jain"
24426,"Om Nair"
45627,"Ritesh Nair"
26294,"Tanmay Rao"
40580,"Mohit Patel"
32602,"Mohit Reddy"
27607,"Nikhil Mehta"
49409,"Aman Thakur"
21440,"Ishaan Jain"
46287,"Yash Sharma"
6707,"Aman Choudhary"
10317,"Mohit Sharma"
10147,"Priya Reddy"
20696,"Om Choudhary"
16986,"Siddharth Choudhary"
36948,"Manav Dubey"
1458,"Tanmay Ghosh"
12783,"Deepak Jain"
8449,"Aman Patel"
26167,"Rahul Pandey"
31906,"Vivaan Joshi"
48062,"Harsh Sharma"
37322,"Siddharth Bansal"
15888,"Kunal Thakur"
29704,"Dev Choudhary"
14919,"Om Das"
34114,"Krishna Rao"
40141,"Kavya Patel"
13247,"Yash Agarwal"
23219,"Tanmay Joshi"
35985,"Krishna Menon"
10596,"Krishna Verma"
2060,"Kunal Patel"
15163,"Deepak Khanna"
30359,"Rohan Nair"
31517,"Dev Joshi"
7027,"Sai Thakur"
7071,"Aditi Menon"
24053,"Ananya Gupta"
44216,"Diya Mehta"
27888,"Deepak Menon"
30483,"Sai Bansal"
3569,"Aditi Kapoor"
25765,"Krishna Bansal"
45244,"Tanmay Jain"
26283,"Kunal Nair"
37234,"Priya Gupta"
7093,"Tanmay Dubey"
31683,"Aditi Nair"
39855,"Neha Sinha"
9909,"Aarav Kapoor"
7720,"Mohit Agarwal"
19904,"Aditi Iyer"
23054,"Arjun Mehta"
15952,"Varun Reddy"
779,"Sneha Agarwal"
29914,"Priya Das"
9646,"Diya Choudhary"
22047,"Rohan Thakur"
46750,"Neha Kapoor"
15675,"Sneha Reddy"
27314,"Siddharth Sharma"
42757,"Ritesh Gupta"
36263,"Meera Ghosh"
33350,"Ritesh Thakur"
47471,"Rohan Joshi"
8300,"Meera Reddy"
30782,"Meera Verma"
13114,"Tanmay Nair"
28478,"Ananya Rao"
31097,"Harsh Dubey"
1204,"Neha Khanna"
9063,"Tanmay Rao"
3273,"Priya Jain"
38936,"Aarav Rao"
34637,"Diya Verma"
33013,"Nikhil Bansal"
33585,"Ananya Jain"
19410,"Varun Das"
46286,"Nikhil Sharma"
36518,"Vivaan Kapoor"
47627,"Kunal Rao"
45640,"Varun Reddy"
21212,"Arjun Choudhary"
801,"Kunal Khanna"
47886,"Krishna Mehta"
27331,"Kavya Agarwal"
3610,"Deepak Pandey"
7646,"Priya Reddy"
43493,"Dev Choudhary"
7982,"Aman Sinha"
42666,"Harsh Khanna"
36697,"Aditya Kapoor"
30065,"Arjun Ghosh"
45812,"Krishna Menon"
5049,"Meera Khanna"
45884,"Nikhil Khanna"
39490,"Dev Ghosh"
35473,"Priya Reddy"
38458,"Diya Bansal"
31958,"Ritesh Bansal"
40997,"Aman Rao"
49631,"Varun Bansal"
41976,"Diya Verma"
49114,"Ishaan Gupta"
37960,"Om Jain"
11494,"Ritika Reddy"
4481,"Kavya Reddy"
4567,"Manav Sinha"
23678,"Ananya Iyer"
3547,"Diya Reddy"
17297,"Aman Rao"
12867,"Aditya Verma"
32943,"Neha Kapoor"
21078,"Kunal Menon"
8812,"Ananya Bansal"
24999,"Yash Agarwal"
23804,"Varun Menon"
30751,"Arjun Verma"
39994,"Aditya Kapoor"
3074,"Arjun Mehta"
23966,"Kunal Menon"
25069,"Aditya Iyer"
36945,"Aditi Jain"
35824,"Aditi Ghosh"
8837,"Sai Verma"
24047,"Meera Mehta"
5390,"Kavya Patel"
12719,"Arjun Gupta"
15173,"Ananya Ghosh"
5291,"Yash Khanna"
9256,"Deepak Menon"
40362,"Tanmay Dubey"
11604,"Vivaan Joshi"
11870,"Dev Menon"
35295,"Nikhil Verma"
22270,"Krishna Gupta"
7821,"Rahul Jain"
36737,"Mohit Sinha"
35805,"Mohit Nair"
32684,"Arjun Bansal"
19041,"Yash Khanna"
38690,"Sai Patel"
21810,"Aman Menon"
41159,"Ritesh Choudhary"
44914,"Sneha Gupta"
44276,"Deepak Sinha"
33638,"Tanmay Choudhary"
24269,"Meera Patel"
35074,"Krishna Patel"
347,"Kavya Mehta"
19207,"Kavya Jain"
30726,"Neha Gupta"
9034,"Rohan Ghosh"
29813,"Harsh Iyer"
47782,"Mohit Ghosh"
33047,"Om Bansal"
35792,"Ananya Sinha"
43044,"Aditya Sinha"
22727,"Krishna Pandey"
32373,"Pooja Rao"
7454,"Ananya Sharma"
23523,"Harsh Menon"
6427,"Priya Sinha"
34554,"Kunal Patel"
18888,"Pooja Reddy"
14384,"Mohit Agarwal"
25389,"Ananya Thakur"
43688,"Aditi Agarwal"
3410,"Arjun Pandey"
14514,"Rohan Verma"
23545,"Vivaan Khanna"
37022,"Kunal Kapoor"
8556,"Rahul Das"
10979,"Harsh Verma"
28037,"Aditya Agarwal"
47147,"Krishna Bansal"
47861,"Yash Mehta"
38031,"Ananya Dubey"
10877,"Kavya Choudhary"
29474,"Krishna Mehta"
37002,"Vivaan Das"
41053,"Siddharth Sinha"
24238,"Vivaan Gupta"
6541,"Meera Kapoor"
30783,"Ritika Thakur"
3020,"Ishaan Verma"
44328,"Ritika Sharma"
1154,"Varun Jain"
41618,"Krishna Sharma"
46616,"Aditi Ghosh"
4571,"Aman Sharma"
34054,"Ritesh Iyer"
33875,"Varun Kapoor"
13311,"Meera Mehta"
5989,"Aarav Nair"
43939,"Dev Pandey"
26006,"Diya Dubey"
35148,"Rahul Thakur"
42100,"Manav Choudhary"
23824,"Ishaan Dubey"
16241,"Arjun Menon"
46046,"Tanmay Joshi"
2062,"Arjun Pandey"
44691,"Kunal Dubey"
8427,"Sneha Agarwal"
4451,"Manav Thakur"
7277,"Kunal Iyer"
14714,"Meera Mehta"
41993,"Aarav Verma"
24979,"Tanmay Sinha"
41246,"Om Thakur"
34195,"Ritika Verma"
2243,"Aman Das"
11424,"Aarav Thakur"
28774,"Manav Thakur"
24400,"Deepak Iyer"
30484,"Vivaan Pandey"
19990,"Vivaan Menon"
39979,"Vivaan Khanna"
45669,"Kavya Nair"
32825,"Kavya Joshi"
37374,"Kavya Rao"
45459,"Meera Patel"
44938,"Deepak Agarwal"
14003,"Varun Thakur"
48202,"Neha Thakur"
4942,"Harsh Ghosh"
39886,"Dev Pandey"
48476,"Krishna Kapoor"
48828,"Ishaan Pandey"
10073,"Pooja Bansal"
2657,"Aditya Bansal"
20574,"Sai Thakur"
39516,"Sai Kapoor"
28786,"Nikhil Sharma"
26003,"Diya Mehta"
35414,"Ishaan Sinha"
9199,"Yash Ghosh"
6419,"Aditi Mehta"
35529,"Mohit Sharma"
27325,"Pooja Reddy"
39318,"Sneha Thakur"
49087,"Kunal Pandey"
29400,"Tanmay Bansal"
32742,"Tanmay Menon"
43928,"Sneha Patel"
27617,"Harsh Jain"
1073,"Dev Das"
1832,"Ananya Ghosh"
39448,"Rohan Jain"
34023,"Ananya Rao"
23784,"Deepak Das"
1355,"Ananya Joshi"
10314,"Aarav Mehta"
3071,"Pooja Khanna"
22178,"Aarav Dubey"
18647,"Aditya Mehta"
30326,"Harsh Choudhary"
2149,"Dev Choudhary"
9789,"Kunal Sinha"
47738,"Aditi Khanna"
18142,"Neha Iyer"
24553,"Mohit Gupta"
29686,"Varun Kapoor"
36772,"Aditya Mehta"
14315,"Ananya Reddy"
19126,"Aditi Gupta"
23275,"Pooja Sharma"
35123,"Nikhil Pandey"
30371,"Kavya Bansal"
25958,"Rohan Jain"
26381,"Om Rao"
41634,"Siddharth Pandey"
24635,"Sneha Reddy"
9409,"Sneha Rao"
14661,"Aditya Rao"
1175,"Dev Sharma"
11553,"Yash Pandey"
27151,"Arjun Agarwal"
47917,"Yash Agarwal"
49436,"Dev Nair"
33940,"Tanmay Nair"
21466,"Nikhil Choudhary"
18738,"Om Joshi"
2651,"Arjun Thakur"
46529,"Ritesh Pandey"
4974,"Diya Menon"
17435,"Ritesh Das"
41572,"Varun Jain"
3234,"Manav Rao"
34897,"Ritika Kapoor"
4830,"Varun Pandey"
34833,"Ananya Agarwal"
41339,"Harsh Pandey"
1565,"Harsh Iyer"
42821,"Deepak Bansal"
34247,"Mohit Gupta"
39724,"Ritesh Pandey"
44725,"Ishaan Verma"
40749,"Yash Thakur"
18887,"Aditi Gupta"
3573,"Aman Sharma"
991,"Kavya Mehta"
44584,"Arjun Jain"
17369,"Priya Das"
20720,"Sneha Gupta"
15740,"Neha Dubey"
26487,"Om Gupta"
38571,"Ritesh Gupta"
15736,"Ritesh Sinha"
25502,"Meera Das"
49431,"Ananya Kapoor"
49165,"Tanmay Bansal"
13751,"Aditya Reddy"
10051,"Varun Dubey"
38068,"Aman Thakur"
48346,"Sai Choudhary"
41658,"Ritika Thakur"
36573,"Aarav Khanna"
36975,"Mohit Pandey"
319,"Aditya Agarwal"
12223,"Sneha Patel"
23745,"Varun Patel"
38352,"Sneha Jain"
48177,"Kunal Ghosh"
12551,"Neha Patel"
21323,"Ishaan Bansal"
21197,"Nikhil Rao"
45472,"Diya Reddy"
17779,"Sneha Patel"
32516,"Aditi Reddy"
22448,"Tanmay Gupta"
1955,"Aditi Mehta"
37968,"Kunal Thakur"
13549,"Dev Reddy"
28156,"Ananya Thakur"
48919,"Manav Mehta"
39010,"Om Kapoor"
44141,"Rohan Reddy"
8510,"Krishna Iyer"
49237,"Sai Reddy"
7897,"Yash Agarwal"
18774,"Deepak Sharma"
14031,"Aman Thakur"
765,"Ishaan Kapoor"
49072,"Rohan Bansal"
43075,"Pooja Choudhary"
11044,"Sai Mehta"
42293,"Rohan Reddy"
43013,"Neha Khanna"
47896,"Aditi Kapoor"
36856,"Deepak Bansal"
26630,"Sai Iyer"
16114,"Aarav Sinha"
30810,"Ritika Bansal"
40280,"Rahul Menon"
41065,"Krishna Pandey"
44424,"Priya Kapoor"
15654,"Ananya Thakur"
12845,"Diya Verma"
44378,"Ishaan Mehta"
10350,"Vivaan Sinha"
26926,"Diya Kapoor"
8720,"Ritika Pandey"
47156,"Kavya Menon"
1020,"Ananya Sinha"
41393,"Nikhil Kapoor"
48894,"Dev Iyer"
35772,"Arjun Reddy"
12263,"Rohan Iyer"
23513,"Aman Sharma"
3242,"Krishna Sharma"
34993,"Harsh Sinha"
35288,"Pooja Bansal"
12285,"Kunal Nair"
19920,"Kavya Reddy"
44629,"Aditya Sinha"
7706,"Yash Dubey"
15145,"Nikhil Nair"
34662,"Manav Nair"
7266,"Vivaan Menon"
7541,"Aarav Iyer"
3758,"Sneha Jain"
42193,"Neha Kapoor"
4423,"Arjun Thakur"
42127,"Krishna Agarwal"
46643,"Ritika Ghosh"
17343,"Dev Rao"
37685,"Vivaan Agarwal"
25444,"Pooja Verma"
26762,"Aman Thakur"
43096,"Rohan Jain"
7222,"Kunal Joshi"
45826,"Varun Sharma"
44082,"Aman Joshi"
4848,"Krishna Iyer"
5976,"Aditi Thakur"
29935,"Rahul Rao"
34514,"Siddharth Sinha"
27781,"Manav Thakur"
36481,"Rohan Sharma"
35445,"Priya Sharma"
25614,"Deepak Sinha"
36972,"Ritika Kapoor"
20468,"Om Sinha"
1897,"Priya Gupta"
23652,"Varun Bansal"
22355,"Meera Patel"
24467,"Rahul Menon"
20153,"Varun Joshi"
8994,"Vivaan Jain"
45773,"Aditya Agarwal"
9662,"Harsh Khanna"
3034,"Diya Jain"
3204,"Kavya Mehta"
7483,"Aman Mehta"
45624,"Kunal Nair"
4688,"Rahul Choudhary"
48154,"Pooja Menon"
11946,"Yash Joshi"
37722,"Priya Jain"
48337,"Rahul Joshi"
40002,"Rahul Dubey"
26297,"Pooja Choudhary"
15910,"Siddharth Ghosh"
2586,"Kunal Bansal"
42649,"Tanmay Menon"
45351,"Diya Agarwal"
5434,"Diya Bansal"
48429,"Manav Sharma"
32490,"Varun Das"
46259,"Ritika Choudhary"
38645,"Tanmay Kapoor"
17131,"Diya Mehta"
15374,"Arjun Mehta"
39646,"Dev Choudhary"
19147,"Aman Sinha"
28336,"Meera Bansal"
39019,"Krishna Khanna"
17120,"Varun Mehta"
48386,"Sai Pandey"
12213,"Kavya Ghosh"
34612,"Pooja Rao"
39639,"Aditya Das"
21448,"Harsh Khanna"
22541,"Tanmay Kapoor"
17398,"Manav Dubey"
3584,"Aditya Thakur"
6091,"Pooja Menon"
29019,"Tanmay Dubey"
20644,"Neha Sharma"
21835,"Arjun Bansal"
48310,"Krishna Ghosh"
46176,"Meera Kapoor"
2341,"Manav Khanna"
34625,"Vivaan Nair"
19449,"Pooja Agarwal"
15425,"Ritesh Verma"
39439,"Rahul Menon"
40979,"Krishna Choudhary"
2580,"Kunal Sharma"
31026,"Krishna Nair"
27991,"Deepak Ghosh"
3231,"Kunal Gupta"
36557,"Aarav Patel"
4010,"Rahul Khanna"
15339,"Neha Verma"
7364,"Rahul Gupta"
39648,"Aman Menon"
44406,"Meera Dubey"
27019,"Aman Ghosh"
13102,"Aditi Bansal"
45982,"Krishna Choudhary"
27922,"Krishna Verma"
42440,"Diya Dubey"
3379,"Krishna Dubey"
20537,"Meera Joshi"
23226,"Vivaan Iyer"
33227,"Arjun Menon"
27082,"Kavya Mehta"
45499,"Pooja Thakur"
46270,"Varun Joshi"
18830,"Tanmay Dubey"
16490,"Kavya Patel"
34524,"Diya Khanna"
22108,"Aarav Menon"
49393,"Ishaan Gupta"
40625,"Rahul Dubey"
43695,"Ananya Reddy"
3345,"Tanmay Sinha"
24057,"Mohit Rao"
13390,"Meera Agarwal"
39771,"Arjun Joshi"
4797,"Neha Sinha"
11183,"Priya Mehta"
47792,"Ritesh Rao"
27709,"Om Dubey"
20746,"Sneha Kapoor"
44208,"Vivaan Pandey"
37192,"Aman Reddy"
8604,"Sneha Das"
12239,"Manav Khanna"
26605,"Yash Agarwal"
26804,"Kavya Choudhary"
32675,"Manav Reddy"
47716,"Deepak Mehta"
44739,"Deepak Joshi"
30395,"Aditi Rao"
26152,"Yash Pandey"
46330,"Sneha Agarwal"
26619,"Kunal Gupta"
45425,"Aman Dubey"
10262,"Siddharth Verma"
24754,"Tanmay Jain"
4736,"Diya Das"
34842,"Mohit Mehta"
44505,"Meera Menon"
43248,"Varun Nair"
24617,"Meera Kapoor"
1719,"Manav Sharma"
6553,"Mohit Iyer"
33012,"Ritesh Khanna"
1078,"Dev Choudhary"
36012,"Ritesh Joshi"
26877,"Manav Rao"
37933,"Manav Jain"
44922,"Rohan Verma"
38994,"Krishna Jain"
9552,"Deepak Ghosh"
22672,"Diya Mehta"
8505,"Sneha Dubey"
3809,"Deepak Reddy"
36639,"Kavya Thakur"
13632,"Sai Patel"
42581,"Sai Sinha"
5498,"Vivaan Reddy"
1434,"Ritesh Kapoor"
42274,"Vivaan Choudhary"
6901,"Arjun Dubey"
10432,"Aman Verma"
31698,"Aditi Khanna"
31681,"Kavya Menon"
41061,"Aman Pandey"
9418,"Siddharth Mehta"
14351,"Harsh Nair"
49713,"Aman Sharma"
25546,"Nikhil Rao"
2534,"Rahul Thakur"
39904,"Mohit Agarwal"
23631,"Deepak Reddy"
3323,"Rahul Khanna"
5443,"Harsh Gupta"
40825,"Kavya Nair"
24923,"Aman Pandey"
33890,"Manav Dubey"
7018,"Kunal Jain"
40696,"Sai Mehta"
44605,"Tanmay Bansal"
34800,"Om Sinha"
13879,"Pooja Rao"
27185,"Varun Mehta"
43701,"Yash Jain"
1749,"Diya Joshi"
19869,"Nikhil Ghosh"
2167,"Harsh Jain"
11518,"Om Dubey"
8882,"Aman Mehta"
38306,"Yash Pandey"
31935,"Pooja Rao"
37934,"Aman Pandey"
14605,"Harsh Gupta"
38655,"Sai Das"
7354,"Aditi Verma"
12675,"Om Ghosh"
2737,"Rahul Bansal"
26845,"Nikhil Jain"
2535,"Aditya Nair"
9371,"Aman Reddy"
26572,"Harsh Reddy"
17085,"Om Iyer"
38966,"Ritesh Choudhary"
34136,"Rohan Iyer"
26513,"Nikhil Dubey"
862,"Tanmay Khanna"
42262,"Nikhil Jain"
12461,"Ritesh Khanna"
38474,"Mohit Thakur"
31299,"Neha Pandey"
29144,"Rohan Verma"
9472,"Dev Choudhary"
6587,"Aditya Patel"
46717,"Manav Joshi"
22673,"Neha Nair"
